date,vix_close,dgs10,t10y2y,cpi_yoy
2010-01-04,20.040000915527344,,,
2010-01-05,19.350000381469727,3.85,2.76,
2010-01-06,19.15999984741211,3.77,2.76,
2010-01-07,19.059999465942383,3.85,2.84,
2010-01-08,18.1299991607666,3.85,2.82,
2010-01-11,17.549999237060547,3.83,2.87,
2010-01-12,18.25,3.85,2.9,
2010-01-13,17.850000381469727,3.74,2.82,
2010-01-14,17.6299991607666,3.8,2.83,
2010-01-15,17.90999984741211,3.76,2.82,
2010-01-19,17.579999923706055,3.7,2.81,
2010-01-20,18.68000030517578,3.73,2.8,
2010-01-21,22.270000457763672,3.68,2.76,
2010-01-22,27.309999465942383,3.62,2.75,
2010-01-25,25.40999984741211,3.62,2.78,
2010-01-26,24.549999237060547,3.66,2.8,
2010-01-27,23.13999938964844,3.65,2.78,
2010-01-28,23.729999542236328,3.66,2.76,
2010-01-29,24.6200008392334,3.68,2.81,
2010-02-01,22.59000015258789,3.63,2.81,
2010-02-02,21.479999542236328,3.68,2.82,
2010-02-03,21.600000381469727,3.67,2.81,
2010-02-04,26.07999992370605,3.73,2.85,
2010-02-05,26.11000061035156,3.62,2.82,
2010-02-08,26.51000022888184,3.59,2.82,
2010-02-09,26.0,3.62,2.83,
2010-02-10,25.399999618530277,3.67,2.83,
2010-02-11,23.959999084472656,3.72,2.81,
2010-02-12,22.729999542236328,3.73,2.82,
2010-02-16,22.25,3.69,2.85,
2010-02-17,21.71999931335449,3.66,2.84,
2010-02-18,20.6299991607666,3.74,2.87,
2010-02-19,20.020000457763672,3.79,2.89,
2010-02-22,19.940000534057617,3.78,2.83,
2010-02-23,21.3700008392334,3.8,2.89,
2010-02-24,20.270000457763672,3.69,2.82,
2010-02-25,20.100000381469727,3.7,2.83,
2010-02-26,19.5,3.64,2.82,
2010-03-01,19.26000022888184,3.61,2.8,
2010-03-02,19.059999465942383,3.61,2.81,
2010-03-03,18.82999992370605,3.62,2.82,
2010-03-04,18.71999931335449,3.63,2.81,
2010-03-05,17.420000076293945,3.61,2.75,
2010-03-08,17.790000915527344,3.69,2.78,
2010-03-09,17.920000076293945,3.72,2.82,
2010-03-10,18.56999969482422,3.71,2.82,
2010-03-11,18.059999465942383,3.73,2.81,
2010-03-12,17.579999923706055,3.73,2.76,
2010-03-15,18.0,3.71,2.74,
2010-03-16,17.690000534057617,3.71,2.75,
2010-03-17,16.90999984741211,3.66,2.73,
2010-03-18,16.6200008392334,3.65,2.7,
2010-03-19,16.969999313354492,3.68,2.7,
2010-03-22,16.8700008392334,3.7,2.68,
2010-03-23,16.350000381469727,3.67,2.66,
2010-03-24,17.549999237060547,3.69,2.67,
2010-03-25,18.399999618530277,3.84,2.76,
2010-03-26,17.770000457763672,3.91,2.81,
2010-03-29,17.59000015258789,3.86,2.82,
2010-03-30,17.1299991607666,3.88,2.84,
2010-03-31,17.59000015258789,3.88,2.82,
2010-04-01,17.469999313354492,3.84,2.82,
2010-04-05,17.020000457763672,3.89,2.84,
2010-04-06,16.229999542236328,4.01,2.83,
2010-04-07,16.6200008392334,3.98,2.84,
2010-04-08,16.479999542236328,3.89,2.83,
2010-04-09,16.139999389648438,3.91,2.82,
2010-04-12,15.579999923706056,3.9,2.82,
2010-04-13,16.200000762939453,3.87,2.8,
2010-04-14,15.59000015258789,3.84,2.77,
2010-04-15,15.890000343322754,3.88,2.81,
2010-04-16,18.36000061035156,3.86,2.82,
2010-04-19,17.34000015258789,3.79,2.81,
2010-04-20,15.729999542236328,3.83,2.82,
2010-04-21,16.31999969482422,3.82,2.77,
2010-04-22,16.469999313354492,3.77,2.74,
2010-04-23,16.6200008392334,3.8,2.73,
2010-04-26,17.469999313354492,3.84,2.74,
2010-04-27,22.809999465942383,3.83,2.74,
2010-04-28,21.07999992370605,3.71,2.68,
2010-04-29,18.440000534057617,3.8,2.77,
2010-04-30,22.049999237060547,3.76,2.75,
2010-05-03,20.190000534057617,3.69,2.72,
2010-05-04,23.84000015258789,3.72,2.72,
2010-05-05,24.90999984741211,3.63,2.67,
2010-05-06,32.79999923706055,3.58,2.7,
2010-05-07,40.95000076293945,3.41,2.66,
2010-05-10,28.84000015258789,3.45,2.62,
2010-05-11,28.31999969482422,3.57,2.7,
2010-05-12,25.520000457763672,3.56,2.71,
2010-05-13,26.68000030517578,3.56,2.67,
2010-05-14,31.239999771118164,3.55,2.68,
2010-05-17,30.84000015258789,3.44,2.65,
2010-05-18,33.54999923706055,3.47,2.66,
2010-05-19,35.31999969482422,3.38,2.62,
2010-05-20,45.790000915527344,3.36,2.56,
2010-05-21,40.09999847412109,3.25,2.49,
2010-05-24,38.31999969482422,3.2,2.44,
2010-05-25,34.61000061035156,3.23,2.46,
2010-05-26,35.02000045776367,3.18,2.37,
2010-05-27,29.68000030517578,3.21,2.39,
2010-05-28,32.06999969482422,3.34,2.47,
2010-06-01,35.540000915527344,3.31,2.55,
2010-06-02,30.170000076293945,3.29,2.51,
2010-06-03,29.459999084472656,3.35,2.53,
2010-06-04,35.47999954223633,3.39,2.57,
2010-06-07,36.56999969482422,3.2,2.48,
2010-06-08,33.70000076293945,3.17,2.43,
2010-06-09,33.72999954223633,3.18,2.44,
2010-06-10,30.56999969482422,3.2,2.46,
2010-06-11,28.790000915527344,3.33,2.54,
2010-06-14,28.57999992370605,3.24,2.49,
2010-06-15,25.8700008392334,3.28,2.51,
2010-06-16,25.920000076293945,3.32,2.53,
2010-06-17,25.049999237060547,3.27,2.52,
2010-06-18,23.950000762939453,3.21,2.49,
2010-06-21,24.8799991607666,3.24,2.5,
2010-06-22,27.049999237060547,3.26,2.52,
2010-06-23,26.90999984741211,3.18,2.47,
2010-06-24,29.739999771118164,3.13,2.47,
2010-06-25,28.530000686645508,3.14,2.47,
2010-06-28,29.0,3.12,2.47,
2010-06-29,34.130001068115234,3.05,2.43,
2010-06-30,34.540000915527344,2.97,2.36,
2010-07-01,32.86000061035156,2.97,2.36,
2010-07-02,30.1200008392334,2.96,2.33,
2010-07-06,29.649999618530277,3.0,2.37,
2010-07-07,26.84000015258789,2.95,2.33,
2010-07-08,25.709999084472656,3.0,2.37,
2010-07-09,24.979999542236328,3.04,2.41,
2010-07-12,24.43000030517578,3.07,2.44,
2010-07-13,24.559999465942383,3.08,2.43,
2010-07-14,24.88999938964844,3.15,2.48,
2010-07-15,25.13999938964844,3.07,2.45,
2010-07-16,26.25,3.0,2.39,
2010-07-19,25.96999931335449,2.96,2.35,
2010-07-20,23.93000030517578,2.99,2.38,
2010-07-21,25.63999938964844,2.98,2.37,
2010-07-22,24.6299991607666,2.9,2.32,
2010-07-23,23.46999931335449,2.96,2.36,
2010-07-26,22.729999542236328,3.02,2.42,
2010-07-27,23.190000534057617,3.03,2.41,
2010-07-28,24.25,3.08,2.43,
2010-07-29,24.1299991607666,3.03,2.42,
2010-07-30,23.5,3.03,2.44,
2010-08-02,22.01000022888184,2.94,2.39,
2010-08-03,22.6299991607666,2.99,2.43,
2010-08-04,22.209999084472656,2.94,2.41,
2010-08-05,22.100000381469727,2.98,2.42,
2010-08-06,21.739999771118164,2.94,2.41,
2010-08-09,22.13999938964844,2.86,2.36,
2010-08-10,22.3700008392334,2.86,2.32,
2010-08-11,25.38999938964844,2.79,2.27,
2010-08-12,25.729999542236328,2.72,2.18,
2010-08-13,26.239999771118164,2.74,2.19,
2010-08-16,26.100000381469727,2.68,2.14,
2010-08-17,24.32999992370605,2.58,2.07,
2010-08-18,24.59000015258789,2.64,2.12,
2010-08-19,26.440000534057617,2.64,2.13,
2010-08-20,25.489999771118164,2.58,2.09,
2010-08-23,25.65999984741211,2.62,2.13,
2010-08-24,27.459999084472656,2.6,2.11,
2010-08-25,26.700000762939453,2.5,2.0,
2010-08-26,27.3700008392334,2.54,2.01,
2010-08-27,24.450000762939453,2.5,1.99,
2010-08-30,27.209999084472656,2.66,2.1,
2010-08-31,26.049999237060547,2.54,2.04,
2010-09-01,23.88999938964844,2.47,2.0,
2010-09-02,23.190000534057617,2.58,2.08,
2010-09-03,21.309999465942383,2.63,2.13,
2010-09-07,23.799999237060547,2.72,2.2,
2010-09-08,23.25,2.61,2.12,
2010-09-09,22.809999465942383,2.66,2.14,
2010-09-10,21.989999771118164,2.77,2.2,
2010-09-13,21.209999084472656,2.81,2.23,
2010-09-14,21.559999465942383,2.74,2.21,
2010-09-15,22.100000381469727,2.68,2.18,
2010-09-16,21.71999931335449,2.74,2.24,
2010-09-17,22.01000022888184,2.77,2.29,
2010-09-20,21.5,2.75,2.27,
2010-09-21,22.350000381469727,2.72,2.25,
2010-09-22,22.51000022888184,2.61,2.18,
2010-09-23,23.8700008392334,2.56,2.12,
2010-09-24,21.709999084472656,2.56,2.11,
2010-09-27,22.540000915527344,2.62,2.17,
2010-09-28,22.600000381469727,2.54,2.1,
2010-09-29,23.25,2.48,2.11,
2010-09-30,23.700000762939453,2.52,2.08,
2010-10-01,22.5,2.53,2.11,
2010-10-04,23.530000686645508,2.54,2.12,
2010-10-05,21.76000022888184,2.5,2.09,
2010-10-06,21.489999771118164,2.5,2.09,
2010-10-07,21.559999465942383,2.41,2.03,
2010-10-08,20.709999084472656,2.41,2.05,
2010-10-11,18.959999084472656,2.41,2.06,
2010-10-12,18.93000030517578,2.41,2.06,
2010-10-13,19.06999969482422,2.44,2.07,
2010-10-14,19.8799991607666,2.46,2.09,
2010-10-15,19.030000686645508,2.52,2.14,
2010-10-18,19.09000015258789,2.59,2.22,
2010-10-19,20.6299991607666,2.52,2.14,
2010-10-20,19.790000915527344,2.5,2.13,
2010-10-21,19.270000457763672,2.51,2.16,
2010-10-22,18.780000686645508,2.57,2.2,
2010-10-25,19.850000381469727,2.59,2.24,
2010-10-26,20.21999931335449,2.59,2.22,
2010-10-27,20.709999084472656,2.67,2.27,
2010-10-28,20.8799991607666,2.75,2.35,
2010-10-29,21.200000762939453,2.69,2.32,
2010-11-01,21.82999992370605,2.63,2.29,
2010-11-02,21.56999969482422,2.66,2.32,
2010-11-03,19.559999465942383,2.63,2.29,
2010-11-04,18.520000457763672,2.67,2.33,
2010-11-05,18.26000022888184,2.53,2.2,
2010-11-08,18.290000915527344,2.58,2.2,
2010-11-09,19.07999992370605,2.6,2.19,
2010-11-10,18.46999931335449,2.72,2.26,
2010-11-11,18.63999938964844,2.65,2.21,
2010-11-12,20.61000061035156,2.65,2.21,
2010-11-15,20.200000762939453,2.76,2.25,
2010-11-16,22.57999992370605,2.92,2.39,
2010-11-17,21.76000022888184,2.85,2.34,
2010-11-18,18.75,2.89,2.39,
2010-11-19,18.040000915527344,2.9,2.38,
2010-11-22,18.3700008392334,2.88,2.36,
2010-11-23,20.6299991607666,2.8,2.31,
2010-11-24,19.559999465942383,2.77,2.32,
2010-11-26,22.21999931335449,2.93,2.4,
2010-11-29,21.530000686645508,2.87,2.36,
2010-11-30,23.540000915527344,2.84,2.32,
2010-12-01,21.36000061035156,2.81,2.36,
2010-12-02,19.38999938964844,2.97,2.44,
2010-12-03,18.010000228881836,3.01,2.46,
2010-12-06,18.020000457763672,3.03,2.54,
2010-12-07,17.989999771118164,2.95,2.53,
2010-12-08,17.739999771118164,3.15,2.61,
2010-12-09,17.25,3.26,2.63,
2010-12-10,17.610000610351562,3.23,2.59,
2010-12-13,17.549999237060547,3.32,2.68,
2010-12-14,17.610000610351562,3.29,2.68,
2010-12-15,17.940000534057617,3.49,2.83,
2010-12-16,17.389999389648438,3.53,2.85,
2010-12-17,16.110000610351562,3.47,2.81,
2010-12-20,16.40999984741211,3.33,2.72,
2010-12-21,16.489999771118164,3.36,2.74,
2010-12-22,15.449999809265137,3.35,2.72,
2010-12-23,16.469999313354492,3.36,2.71,
2010-12-27,17.670000076293945,3.41,2.74,
2010-12-28,17.520000457763672,3.36,2.65,
2010-12-29,17.280000686645508,3.5,2.75,
2010-12-30,17.520000457763672,3.35,2.71,
2010-12-31,17.75,3.38,2.72,
2011-01-03,17.610000610351562,3.3,2.69,
2011-01-04,17.3799991607666,3.36,2.75,
2011-01-05,17.020000457763672,3.36,2.73,
2011-01-06,17.399999618530273,3.5,2.79,
2011-01-07,17.139999389648438,3.44,2.76,
2011-01-10,17.540000915527344,3.34,2.74,
2011-01-11,16.889999389648438,3.32,2.73,
2011-01-12,16.239999771118164,3.37,2.77,
2011-01-13,16.389999389648438,3.4,2.79,
2011-01-14,15.460000038146973,3.34,2.75,
2011-01-18,15.869999885559082,3.35,2.76,
2011-01-19,17.309999465942383,3.39,2.79,
2011-01-20,17.989999771118164,3.37,2.77,
2011-01-21,18.46999931335449,3.47,2.82,
2011-01-24,17.649999618530273,3.44,2.81,
2011-01-25,17.59000015258789,3.43,2.78,
2011-01-26,16.639999389648438,3.35,2.73,
2011-01-27,16.149999618530273,3.45,2.83,
2011-01-28,20.040000915527344,3.42,2.83,
2011-01-31,19.530000686645508,3.36,2.82,
2011-02-01,17.6299991607666,3.42,2.84,
2011-02-02,17.299999237060547,3.48,2.87,
2011-02-03,16.690000534057617,3.52,2.85,
2011-02-04,15.93000030517578,3.58,2.87,
2011-02-07,16.280000686645508,3.68,2.91,
2011-02-08,15.8100004196167,3.68,2.9,
2011-02-09,15.869999885559082,3.75,2.89,
2011-02-10,16.09000015258789,3.65,2.84,
2011-02-11,15.6899995803833,3.7,2.85,
2011-02-14,15.949999809265137,3.64,2.79,
2011-02-15,16.3700008392334,3.62,2.75,
2011-02-16,16.719999313354492,3.61,2.77,1.7007834915029774
2011-02-17,16.59000015258789,3.62,2.76,1.7007834915029774
2011-02-18,16.43000030517578,3.58,2.78,1.7007834915029774
2011-02-22,20.799999237060547,3.59,2.81,1.7007834915029774
2011-02-23,22.1299991607666,3.46,2.72,1.7007834915029774
2011-02-24,21.31999969482422,3.49,2.75,1.7007834915029774
2011-02-25,19.21999931335449,3.46,2.73,1.7007834915029774
2011-02-28,18.350000381469727,3.42,2.7,1.7007834915029774
2011-03-01,21.01000022888184,3.42,2.73,1.7007834915029774
2011-03-02,20.700000762939453,3.41,2.75,1.7007834915029774
2011-03-03,18.600000381469727,3.46,2.77,1.7007834915029774
2011-03-04,19.059999465942383,3.58,2.79,1.7007834915029774
2011-03-07,20.65999984741211,3.49,2.81,1.7007834915029774
2011-03-08,19.81999969482422,3.51,2.81,1.7007834915029774
2011-03-09,20.21999931335449,3.56,2.83,1.7007834915029774
2011-03-10,21.8799991607666,3.48,2.78,1.7007834915029774
2011-03-11,20.07999992370605,3.37,2.72,1.7007834915029774
2011-03-14,21.1299991607666,3.4,2.76,1.7007834915029774
2011-03-15,24.31999969482422,3.36,2.75,1.7007834915029774
2011-03-16,29.399999618530277,3.33,2.7,2.124898173333145
2011-03-17,26.3700008392334,3.22,2.64,2.124898173333145
2011-03-18,24.440000534057617,3.25,2.65,2.124898173333145
2011-03-21,20.61000061035156,3.28,2.67,2.124898173333145
2011-03-22,20.209999084472656,3.34,2.67,2.124898173333145
2011-03-23,19.170000076293945,3.34,2.66,2.124898173333145
2011-03-24,18.0,3.36,2.67,2.124898173333145
2011-03-25,17.90999984741211,3.42,2.7,2.124898173333145
2011-03-28,19.440000534057617,3.46,2.67,2.124898173333145
2011-03-29,18.15999984741211,3.47,2.66,2.124898173333145
2011-03-30,17.709999084472656,3.5,2.69,2.124898173333145
2011-03-31,17.739999771118164,3.47,2.67,2.124898173333145
2011-04-01,17.399999618530273,3.47,2.67,2.124898173333145
2011-04-04,17.5,3.46,2.66,2.124898173333145
2011-04-05,17.25,3.45,2.68,2.124898173333145
2011-04-06,16.899999618530273,3.5,2.66,2.124898173333145
2011-04-07,17.110000610351562,3.56,2.71,2.124898173333145
2011-04-08,17.8700008392334,3.58,2.77,2.124898173333145
2011-04-11,16.59000015258789,3.59,2.76,2.124898173333145
2011-04-12,17.09000015258789,3.59,2.74,2.124898173333145
2011-04-13,16.920000076293945,3.52,2.75,2.124898173333145
2011-04-14,16.270000457763672,3.49,2.74,2.124898173333145
2011-04-15,15.31999969482422,3.51,2.74,2.124898173333145
2011-04-18,16.959999084472656,3.43,2.72,2.619241510354109
2011-04-19,15.829999923706056,3.4,2.71,2.619241510354109
2011-04-20,15.06999969482422,3.39,2.71,2.619241510354109
2011-04-21,14.6899995803833,3.43,2.74,2.619241510354109
2011-04-25,15.770000457763672,3.42,2.74,2.619241510354109
2011-04-26,15.619999885559082,3.39,2.72,2.619241510354109
2011-04-27,15.350000381469728,3.34,2.69,2.619241510354109
2011-04-28,14.619999885559082,3.39,2.74,2.619241510354109
2011-04-29,14.75,3.34,2.72,2.619241510354109
2011-05-02,15.989999771118164,3.32,2.71,2.619241510354109
2011-05-03,16.700000762939453,3.31,2.7,2.619241510354109
2011-05-04,17.079999923706055,3.28,2.67,2.619241510354109
2011-05-05,18.200000762939453,3.25,2.65,2.619241510354109
2011-05-06,18.399999618530277,3.18,2.6,2.619241510354109
2011-05-09,17.15999984741211,3.19,2.62,2.619241510354109
2011-05-10,15.90999984741211,3.17,2.6,2.619241510354109
2011-05-11,16.950000762939453,3.23,2.64,2.619241510354109
2011-05-12,16.030000686645508,3.19,2.63,2.619241510354109
2011-05-13,17.06999969482422,3.22,2.65,2.619241510354109
2011-05-16,18.239999771118164,3.18,2.61,3.0772344447868694
2011-05-17,17.549999237060547,3.15,2.61,3.0772344447868694
2011-05-18,16.229999542236328,3.12,2.57,3.0772344447868694
2011-05-19,15.520000457763672,3.18,2.6,3.0772344447868694
2011-05-20,17.43000030517578,3.17,2.62,3.0772344447868694
2011-05-23,18.270000457763672,3.15,2.6,3.0772344447868694
2011-05-24,17.81999969482422,3.13,2.58,3.0772344447868694
2011-05-25,17.06999969482422,3.12,2.56,3.0772344447868694
2011-05-26,16.09000015258789,3.13,2.59,3.0772344447868694
2011-05-27,15.979999542236328,3.07,2.59,3.0772344447868694
2011-05-31,15.449999809265137,3.07,2.59,3.0772344447868694
2011-06-01,18.299999237060547,3.05,2.6,3.0772344447868694
2011-06-02,18.09000015258789,2.96,2.52,3.0772344447868694
2011-06-03,17.950000762939453,3.04,2.59,3.0772344447868694
2011-06-06,18.489999771118164,2.99,2.57,3.0772344447868694
2011-06-07,18.06999969482422,3.01,2.58,3.0772344447868694
2011-06-08,18.790000915527344,3.01,2.62,3.0772344447868694
2011-06-09,17.770000457763672,2.98,2.59,3.0772344447868694
2011-06-10,18.86000061035156,3.01,2.58,3.0772344447868694
2011-06-13,19.61000061035156,2.99,2.58,3.0772344447868694
2011-06-14,18.26000022888184,3.0,2.6,3.0772344447868694
2011-06-15,21.31999969482422,3.11,2.66,3.0772344447868694
2011-06-16,22.729999542236328,2.98,2.6,3.4589718808964998
2011-06-17,21.850000381469727,2.93,2.55,3.4589718808964998
2011-06-20,19.989999771118164,2.94,2.56,3.4589718808964998
2011-06-21,18.86000061035156,2.97,2.59,3.4589718808964998
2011-06-22,18.520000457763672,2.99,2.59,3.4589718808964998
2011-06-23,19.290000915527344,3.01,2.62,3.4589718808964998
2011-06-24,21.100000381469727,2.93,2.58,3.4589718808964998
2011-06-27,20.559999465942383,2.88,2.53,3.4589718808964998
2011-06-28,19.170000076293945,2.95,2.54,3.4589718808964998
2011-06-29,17.270000457763672,3.05,2.57,3.4589718808964998
2011-06-30,16.520000457763672,3.14,2.67,3.4589718808964998
2011-07-01,15.869999885559082,3.18,2.73,3.4589718808964998
2011-07-05,16.059999465942383,3.22,2.72,3.4589718808964998
2011-07-06,16.34000015258789,3.16,2.72,3.4589718808964998
2011-07-07,15.949999809265137,3.12,2.69,3.4589718808964998
2011-07-08,15.949999809265137,3.17,2.68,3.4589718808964998
2011-07-11,18.38999938964844,3.03,2.63,3.4589718808964998
2011-07-12,19.8700008392334,2.94,2.57,3.4589718808964998
2011-07-13,19.90999984741211,2.92,2.55,3.4589718808964998
2011-07-14,20.799999237060547,2.92,2.55,3.4589718808964998
2011-07-15,19.530000686645508,2.98,2.6,3.4589718808964998
2011-07-18,20.950000762939453,2.94,2.57,3.5023181506360412
2011-07-19,19.209999084472656,2.94,2.57,3.5023181506360412
2011-07-20,19.09000015258789,2.91,2.52,3.5023181506360412
2011-07-21,17.559999465942383,2.96,2.56,3.5023181506360412
2011-07-22,17.520000457763672,3.03,2.63,3.5023181506360412
2011-07-25,19.350000381469727,2.99,2.59,3.5023181506360412
2011-07-26,20.229999542236328,3.03,2.61,3.5023181506360412
2011-07-27,22.979999542236328,2.99,2.58,3.5023181506360412
2011-07-28,23.739999771118164,3.01,2.57,3.5023181506360412
2011-07-29,25.25,2.98,2.56,3.5023181506360412
2011-08-01,23.65999984741211,2.82,2.46,3.5023181506360412
2011-08-02,24.790000915527344,2.77,2.39,3.5023181506360412
2011-08-03,23.3799991607666,2.66,2.33,3.5023181506360412
2011-08-04,31.65999984741211,2.64,2.31,3.5023181506360412
2011-08-05,32.0,2.47,2.2,3.5023181506360412
2011-08-08,48.0,2.58,2.3,3.5023181506360412
2011-08-09,35.060001373291016,2.4,2.13,3.5023181506360412
2011-08-10,42.9900016784668,2.2,2.01,3.5023181506360412
2011-08-11,39.0,2.17,1.98,3.5023181506360412
2011-08-12,36.36000061035156,2.34,2.15,3.5023181506360412
2011-08-15,31.8700008392334,2.24,2.04,3.5023181506360412
2011-08-16,32.849998474121094,2.29,2.1,3.5798809769996165
2011-08-17,31.57999992370605,2.23,2.03,3.5798809769996165
2011-08-18,42.66999816894531,2.17,1.98,3.5798809769996165
2011-08-19,43.04999923706055,2.08,1.88,3.5798809769996165
2011-08-22,42.43999862670898,2.07,1.87,3.5798809769996165
2011-08-23,36.27000045776367,2.1,1.88,3.5798809769996165
2011-08-24,35.900001525878906,2.15,1.93,3.5798809769996165
2011-08-25,39.7599983215332,2.29,2.06,3.5798809769996165
2011-08-26,35.59000015258789,2.23,2.01,3.5798809769996165
2011-08-29,32.279998779296875,2.19,1.99,3.5798809769996165
2011-08-30,32.88999938964844,2.28,2.08,3.5798809769996165
2011-08-31,31.6200008392334,2.19,1.99,3.5798809769996165
2011-09-01,31.81999969482422,2.23,2.03,3.5798809769996165
2011-09-02,33.91999816894531,2.15,1.96,3.5798809769996165
2011-09-06,37.0,2.02,1.82,3.5798809769996165
2011-09-07,33.380001068115234,1.98,1.77,3.5798809769996165
2011-09-08,34.31999969482422,2.05,1.84,3.5798809769996165
2011-09-09,38.52000045776367,2.0,1.81,3.5798809769996165
2011-09-12,38.59000015258789,1.93,1.76,3.5798809769996165
2011-09-13,36.90999984741211,1.94,1.73,3.5798809769996165
2011-09-14,34.599998474121094,2.0,1.79,3.5798809769996165
2011-09-15,31.96999931335449,2.03,1.84,3.5798809769996165
2011-09-16,30.979999542236328,2.09,1.88,3.75499603070808
2011-09-19,32.72999954223633,2.08,1.9,3.75499603070808
2011-09-20,32.86000061035156,1.97,1.81,3.75499603070808
2011-09-21,37.31999969482422,1.95,1.77,3.75499603070808
2011-09-22,41.34999847412109,1.88,1.67,3.75499603070808
2011-09-23,41.25,1.72,1.52,3.75499603070808
2011-09-26,39.02000045776367,1.84,1.61,3.75499603070808
2011-09-27,37.709999084472656,1.91,1.66,3.75499603070808
2011-09-28,41.08000183105469,2.0,1.75,3.75499603070808
2011-09-29,38.84000015258789,2.03,1.76,3.75499603070808
2011-09-30,42.959999084472656,1.99,1.72,3.75499603070808
2011-10-03,45.45000076293945,1.92,1.67,3.75499603070808
2011-10-04,40.81999969482422,1.8,1.56,3.75499603070808
2011-10-05,37.810001373291016,1.81,1.56,3.75499603070808
2011-10-06,36.27000045776367,1.92,1.67,3.75499603070808
2011-10-07,36.20000076293945,2.01,1.72,3.75499603070808
2011-10-10,33.02000045776367,2.1,1.8,3.75499603070808
2011-10-11,32.86000061035156,2.1,1.8,3.75499603070808
2011-10-12,31.26000022888184,2.18,1.86,3.75499603070808
2011-10-13,30.700000762939453,2.24,1.95,3.75499603070808
2011-10-14,28.239999771118164,2.19,1.9,3.75499603070808
2011-10-17,33.38999938964844,2.26,1.98,3.812621692818685
2011-10-18,31.559999465942383,2.18,1.9,3.812621692818685
2011-10-19,34.439998626708984,2.19,1.91,3.812621692818685
2011-10-20,34.779998779296875,2.18,1.9,3.812621692818685
2011-10-21,31.31999969482422,2.2,1.92,3.812621692818685
2011-10-24,29.26000022888184,2.23,1.93,3.812621692818685
2011-10-25,32.220001220703125,2.25,1.95,3.812621692818685
2011-10-26,29.86000061035156,2.14,1.88,3.812621692818685
2011-10-27,25.459999084472656,2.23,1.95,3.812621692818685
2011-10-28,24.530000686645508,2.42,2.11,3.812621692818685
2011-10-31,29.959999084472656,2.34,2.06,3.812621692818685
2011-11-01,34.77000045776367,2.17,1.92,3.812621692818685
2011-11-02,32.7400016784668,2.01,1.78,3.812621692818685
2011-11-03,30.5,2.03,1.8,3.812621692818685
2011-11-04,30.15999984741211,2.09,1.85,3.812621692818685
2011-11-07,29.850000381469727,2.06,1.84,3.812621692818685
2011-11-08,27.479999542236328,2.04,1.79,3.812621692818685
2011-11-09,36.15999984741211,2.1,1.85,3.812621692818685
2011-11-10,32.810001373291016,2.0,1.76,3.812621692818685
2011-11-11,30.040000915527344,2.04,1.8,3.812621692818685
2011-11-14,31.1299991607666,2.04,1.8,3.812621692818685
2011-11-15,31.21999931335449,2.04,1.8,3.812621692818685
2011-11-16,33.5099983215332,2.06,1.8,3.5222681306640524
2011-11-17,34.5099983215332,2.01,1.75,3.5222681306640524
2011-11-18,32.0,1.96,1.69,3.5222681306640524
2011-11-21,32.90999984741211,2.01,1.72,3.5222681306640524
2011-11-22,31.96999931335449,1.97,1.7,3.5222681306640524
2011-11-23,33.97999954223633,1.94,1.68,3.5222681306640524
2011-11-25,34.470001220703125,1.89,1.63,3.5222681306640524
2011-11-28,32.130001068115234,1.97,1.69,3.5222681306640524
2011-11-29,30.63999938964844,1.97,1.71,3.5222681306640524
2011-11-30,27.799999237060547,2.0,1.73,3.5222681306640524
2011-12-01,27.40999984741211,2.08,1.83,3.5222681306640524
2011-12-02,27.520000457763672,2.11,1.84,3.5222681306640524
2011-12-05,27.84000015258789,2.05,1.8,3.5222681306640524
2011-12-06,28.1299991607666,2.04,1.77,3.5222681306640524
2011-12-07,28.670000076293945,2.08,1.83,3.5222681306640524
2011-12-08,30.59000015258789,2.02,1.78,3.5222681306640524
2011-12-09,26.3799991607666,1.99,1.77,3.5222681306640524
2011-12-12,25.670000076293945,2.07,1.85,3.5222681306640524
2011-12-13,25.40999984741211,2.03,1.79,3.5222681306640524
2011-12-14,26.040000915527344,1.96,1.72,3.5222681306640524
2011-12-15,25.11000061035156,1.92,1.67,3.5222681306640524
2011-12-16,24.290000915527344,1.92,1.66,3.451432214581729
2011-12-19,24.920000076293945,1.86,1.62,3.451432214581729
2011-12-20,23.21999931335449,1.82,1.58,3.451432214581729
2011-12-21,21.43000030517578,1.94,1.68,3.451432214581729
2011-12-22,21.15999984741211,1.98,1.7,3.451432214581729
2011-12-23,20.729999542236328,1.97,1.69,3.451432214581729
2011-12-27,21.90999984741211,2.03,1.75,3.451432214581729
2011-12-28,23.520000457763672,2.02,1.72,3.451432214581729
2011-12-29,22.649999618530277,1.93,1.65,3.451432214581729
2011-12-30,23.399999618530277,1.91,1.63,3.451432214581729
2012-01-03,22.96999931335449,1.89,1.64,3.451432214581729
2012-01-04,22.21999931335449,1.97,1.7,3.451432214581729
2012-01-05,21.479999542236328,2.0,1.75,3.451432214581729
2012-01-06,20.6299991607666,2.02,1.75,3.451432214581729
2012-01-09,21.06999969482422,1.98,1.73,3.451432214581729
2012-01-10,20.690000534057617,1.98,1.72,3.451432214581729
2012-01-11,21.049999237060547,2.0,1.76,3.451432214581729
2012-01-12,20.46999931335449,1.93,1.69,3.451432214581729
2012-01-13,20.90999984741211,1.94,1.72,3.451432214581729
2012-01-17,22.200000762939453,1.89,1.65,3.062066838419386
2012-01-18,20.88999938964844,1.87,1.66,3.062066838419386
2012-01-19,19.8700008392334,1.92,1.68,3.062066838419386
2012-01-20,18.280000686645508,2.01,1.75,3.062066838419386
2012-01-23,18.670000076293945,2.05,1.79,3.062066838419386
2012-01-24,18.90999984741211,2.09,1.83,3.062066838419386
2012-01-25,18.309999465942383,2.08,1.84,3.062066838419386
2012-01-26,18.56999969482422,2.01,1.79,3.062066838419386
2012-01-27,18.530000686645508,1.96,1.74,3.062066838419386
2012-01-30,19.399999618530277,1.93,1.71,3.062066838419386
2012-01-31,19.440000534057617,1.87,1.65,3.062066838419386
2012-02-01,18.549999237060547,1.83,1.61,3.062066838419386
2012-02-02,17.979999542236328,1.87,1.64,3.062066838419386
2012-02-03,17.100000381469727,1.86,1.63,3.062066838419386
2012-02-06,17.760000228881836,1.97,1.74,3.062066838419386
2012-02-07,17.649999618530273,1.93,1.69,3.062066838419386
2012-02-08,18.15999984741211,2.0,1.75,3.062066838419386
2012-02-09,18.6299991607666,2.01,1.74,3.062066838419386
2012-02-10,20.790000915527344,2.04,1.77,3.062066838419386
2012-02-13,19.040000915527344,1.96,1.69,3.062066838419386
2012-02-14,19.540000915527344,1.99,1.7,3.062066838419386
2012-02-15,21.13999938964844,1.92,1.63,3.062066838419386
2012-02-16,19.21999931335449,1.93,1.64,3.0087663379855023
2012-02-17,17.780000686645508,1.99,1.7,3.0087663379855023
2012-02-21,18.190000534057617,2.01,1.72,3.0087663379855023
2012-02-22,18.190000534057617,2.05,1.74,3.0087663379855023
2012-02-23,16.799999237060547,2.01,1.72,3.0087663379855023
2012-02-24,17.309999465942383,1.99,1.68,3.0087663379855023
2012-02-27,18.190000534057617,1.98,1.67,3.0087663379855023
2012-02-28,17.959999084472656,1.92,1.62,3.0087663379855023
2012-02-29,18.43000030517578,1.94,1.64,3.0087663379855023
2012-03-01,17.260000228881836,1.98,1.68,3.0087663379855023
2012-03-02,17.290000915527344,2.03,1.73,3.0087663379855023
2012-03-05,18.049999237060547,1.99,1.71,3.0087663379855023
2012-03-06,20.8700008392334,2.0,1.69,3.0087663379855023
2012-03-07,19.06999969482422,1.96,1.66,3.0087663379855023
2012-03-08,17.950000762939453,1.98,1.68,3.0087663379855023
2012-03-09,17.110000610351562,2.03,1.71,3.0087663379855023
2012-03-12,15.640000343322754,2.04,1.71,3.0087663379855023
2012-03-13,14.800000190734863,2.04,1.71,3.0087663379855023
2012-03-14,15.3100004196167,2.14,1.79,3.0087663379855023
2012-03-15,15.420000076293944,2.29,1.89,3.0087663379855023
2012-03-16,14.470000267028809,2.29,1.92,2.8981784423473878
2012-03-19,15.039999961853027,2.31,1.94,2.8981784423473878
2012-03-20,15.579999923706056,2.39,2.0,2.8981784423473878
2012-03-21,15.130000114440918,2.38,1.97,2.8981784423473878
2012-03-22,15.56999969482422,2.31,1.92,2.8981784423473878
2012-03-23,14.81999969482422,2.29,1.92,2.8981784423473878
2012-03-26,14.260000228881836,2.25,1.88,2.8981784423473878
2012-03-27,15.59000015258789,2.26,1.9,2.8981784423473878
2012-03-28,15.470000267028809,2.2,1.87,2.8981784423473878
2012-03-29,15.479999542236328,2.21,1.87,2.8981784423473878
2012-03-30,15.5,2.18,1.85,2.8981784423473878
2012-04-02,15.640000343322754,2.23,1.9,2.8981784423473878
2012-04-03,15.65999984741211,2.22,1.89,2.8981784423473878
2012-04-04,16.440000534057617,2.3,1.94,2.8981784423473878
2012-04-05,16.700000762939453,2.25,1.9,2.8981784423473878
2012-04-09,18.809999465942383,2.19,1.84,2.8981784423473878
2012-04-10,20.38999938964844,2.06,1.74,2.8981784423473878
2012-04-11,20.020000457763672,2.01,1.73,2.8981784423473878
2012-04-12,17.200000762939453,2.05,1.75,2.8981784423473878
2012-04-13,19.549999237060547,2.08,1.79,2.8981784423473878
2012-04-16,19.549999237060547,2.02,1.75,2.5828752813320977
2012-04-17,18.459999084472656,2.0,1.73,2.5828752813320977
2012-04-18,18.63999938964844,2.03,1.76,2.5828752813320977
2012-04-19,18.36000061035156,2.0,1.73,2.5828752813320977
2012-04-20,17.440000534057617,1.98,1.71,2.5828752813320977
2012-04-23,18.96999931335449,1.99,1.7,2.5828752813320977
2012-04-24,18.100000381469727,1.96,1.69,2.5828752813320977
2012-04-25,16.81999969482422,2.0,1.73,2.5828752813320977
2012-04-26,16.239999771118164,2.01,1.75,2.5828752813320977
2012-04-27,16.31999969482422,1.98,1.72,2.5828752813320977
2012-04-30,17.149999618530273,1.96,1.7,2.5828752813320977
2012-05-01,16.600000381469727,1.95,1.68,2.5828752813320977
2012-05-02,16.8799991607666,1.98,1.71,2.5828752813320977
2012-05-03,17.559999465942383,1.96,1.69,2.5828752813320977
2012-05-04,19.15999984741211,1.96,1.68,2.5828752813320977
2012-05-07,18.940000534057617,1.91,1.64,2.5828752813320977
2012-05-08,19.049999237060547,1.92,1.65,2.5828752813320977
2012-05-09,20.07999992370605,1.88,1.61,2.5828752813320977
2012-05-10,18.82999992370605,1.87,1.6,2.5828752813320977
2012-05-11,19.88999938964844,1.89,1.62,2.5828752813320977
2012-05-14,21.8700008392334,1.84,1.57,2.5828752813320977
2012-05-15,21.96999931335449,1.78,1.49,2.5828752813320977
2012-05-16,22.270000457763672,1.76,1.47,2.2731633741348567
2012-05-17,24.489999771118164,1.76,1.46,2.2731633741348567
2012-05-18,25.100000381469727,1.7,1.38,2.2731633741348567
2012-05-21,22.01000022888184,1.71,1.39,2.2731633741348567
2012-05-22,22.479999542236328,1.75,1.45,2.2731633741348567
2012-05-23,22.32999992370605,1.79,1.49,2.2731633741348567
2012-05-24,21.540000915527344,1.73,1.45,2.2731633741348567
2012-05-25,21.76000022888184,1.77,1.48,2.2731633741348567
2012-05-29,21.030000686645508,1.75,1.45,2.2731633741348567
2012-05-30,24.13999938964844,1.74,1.44,2.2731633741348567
2012-05-31,24.059999465942383,1.63,1.36,2.2731633741348567
2012-06-01,26.65999984741211,1.59,1.32,2.2731633741348567
2012-06-04,26.1200008392334,1.47,1.22,2.2731633741348567
2012-06-05,24.68000030517578,1.53,1.28,2.2731633741348567
2012-06-06,22.15999984741211,1.57,1.32,2.2731633741348567
2012-06-07,21.71999931335449,1.66,1.4,2.2731633741348567
2012-06-08,21.229999542236328,1.66,1.39,2.2731633741348567
2012-06-11,23.559999465942383,1.65,1.37,2.2731633741348567
2012-06-12,22.09000015258789,1.6,1.33,2.2731633741348567
2012-06-13,24.270000457763672,1.67,1.37,2.2731633741348567
2012-06-14,21.68000030517578,1.61,1.31,2.2731633741348567
2012-06-15,21.11000061035156,1.64,1.34,2.2731633741348567
2012-06-18,18.31999969482422,1.6,1.31,1.7379429374660749
2012-06-19,18.3799991607666,1.59,1.3,1.7379429374660749
2012-06-20,17.239999771118164,1.64,1.34,1.7379429374660749
2012-06-21,20.07999992370605,1.65,1.33,1.7379429374660749
2012-06-22,18.11000061035156,1.63,1.31,1.7379429374660749
2012-06-25,20.3799991607666,1.69,1.38,1.7379429374660749
2012-06-26,19.71999931335449,1.63,1.32,1.7379429374660749
2012-06-27,19.450000762939453,1.66,1.35,1.7379429374660749
2012-06-28,19.709999084472656,1.65,1.34,1.7379429374660749
2012-06-29,17.079999923706055,1.6,1.29,1.7379429374660749
2012-07-02,16.799999237060547,1.67,1.34,1.7379429374660749
2012-07-03,16.65999984741211,1.61,1.31,1.7379429374660749
2012-07-05,17.5,1.65,1.35,1.7379429374660749
2012-07-06,17.100000381469727,1.62,1.34,1.7379429374660749
2012-07-09,17.979999542236328,1.57,1.3,1.7379429374660749
2012-07-10,18.71999931335449,1.53,1.26,1.7379429374660749
2012-07-11,17.950000762939453,1.53,1.26,1.7379429374660749
2012-07-12,18.32999992370605,1.54,1.27,1.7379429374660749
2012-07-13,16.739999771118164,1.5,1.25,1.7379429374660749
2012-07-16,17.110000610351562,1.52,1.27,1.653870448297634
2012-07-17,16.479999542236328,1.5,1.26,1.653870448297634
2012-07-18,16.15999984741211,1.53,1.28,1.653870448297634
2012-07-19,15.449999809265137,1.52,1.3,1.653870448297634
2012-07-20,16.270000457763672,1.54,1.32,1.653870448297634
2012-07-23,18.6200008392334,1.49,1.27,1.653870448297634
2012-07-24,20.46999931335449,1.47,1.25,1.653870448297634
2012-07-25,19.34000015258789,1.44,1.22,1.653870448297634
2012-07-26,17.530000686645508,1.43,1.21,1.653870448297634
2012-07-27,16.700000762939453,1.45,1.22,1.653870448297634
2012-07-30,18.030000686645508,1.58,1.33,1.653870448297634
2012-07-31,18.93000030517578,1.53,1.3,1.653870448297634
2012-08-01,18.959999084472656,1.51,1.28,1.653870448297634
2012-08-02,17.56999969482422,1.56,1.32,1.653870448297634
2012-08-03,15.640000343322754,1.51,1.27,1.653870448297634
2012-08-06,15.949999809265137,1.6,1.36,1.653870448297634
2012-08-07,15.989999771118164,1.59,1.35,1.653870448297634
2012-08-08,15.31999969482422,1.66,1.39,1.653870448297634
2012-08-09,15.279999732971191,1.68,1.39,1.653870448297634
2012-08-10,14.739999771118164,1.69,1.4,1.653870448297634
2012-08-13,13.699999809265137,1.65,1.38,1.653870448297634
2012-08-14,14.850000381469728,1.65,1.38,1.653870448297634
2012-08-15,14.630000114440918,1.73,1.46,1.653870448297634
2012-08-16,14.289999961853027,1.8,1.53,1.4175114798464783
2012-08-17,13.449999809265137,1.83,1.54,1.4175114798464783
2012-08-20,14.020000457763672,1.81,1.52,1.4175114798464783
2012-08-21,15.020000457763672,1.82,1.53,1.4175114798464783
2012-08-22,15.109999656677246,1.8,1.49,1.4175114798464783
2012-08-23,15.960000038146973,1.71,1.45,1.4175114798464783
2012-08-24,15.18000030517578,1.68,1.42,1.4175114798464783
2012-08-27,16.350000381469727,1.68,1.4,1.4175114798464783
2012-08-28,16.489999771118164,1.65,1.37,1.4175114798464783
2012-08-29,17.059999465942383,1.64,1.37,1.4175114798464783
2012-08-30,17.829999923706055,1.66,1.39,1.4175114798464783
2012-08-31,17.469999313354492,1.63,1.36,1.4175114798464783
2012-09-04,17.979999542236328,1.57,1.35,1.4175114798464783
2012-09-05,17.739999771118164,1.59,1.36,1.4175114798464783
2012-09-06,15.600000381469728,1.6,1.35,1.4175114798464783
2012-09-07,14.380000114440918,1.68,1.41,1.4175114798464783
2012-09-10,16.280000686645508,1.67,1.42,1.4175114798464783
2012-09-11,16.40999984741211,1.68,1.43,1.4175114798464783
2012-09-12,15.800000190734863,1.7,1.45,1.4175114798464783
2012-09-13,14.050000190734863,1.77,1.52,1.4175114798464783
2012-09-14,14.510000228881836,1.75,1.51,1.4175114798464783
2012-09-17,14.59000015258789,1.88,1.61,1.6859349154821235
2012-09-18,14.18000030517578,1.85,1.6,1.6859349154821235
2012-09-19,13.880000114440918,1.82,1.57,1.6859349154821235
2012-09-20,14.06999969482422,1.79,1.52,1.6859349154821235
2012-09-21,13.979999542236328,1.8,1.53,1.6859349154821235
2012-09-24,14.149999618530272,1.77,1.5,1.6859349154821235
2012-09-25,15.43000030517578,1.74,1.47,1.6859349154821235
2012-09-26,16.809999465942383,1.7,1.43,1.6859349154821235
2012-09-27,14.84000015258789,1.64,1.38,1.6859349154821235
2012-09-28,15.729999542236328,1.66,1.41,1.6859349154821235
2012-10-01,16.31999969482422,1.65,1.42,1.6859349154821235
2012-10-02,15.710000038146973,1.64,1.39,1.6859349154821235
2012-10-03,15.43000030517578,1.64,1.41,1.6859349154821235
2012-10-04,14.550000190734863,1.64,1.41,1.6859349154821235
2012-10-05,14.329999923706056,1.7,1.47,1.6859349154821235
2012-10-08,15.109999656677246,1.75,1.48,1.6859349154821235
2012-10-09,16.3700008392334,1.75,1.48,1.6859349154821235
2012-10-10,16.290000915527344,1.74,1.49,1.6859349154821235
2012-10-11,15.59000015258789,1.72,1.45,1.6859349154821235
2012-10-12,16.139999389648438,1.7,1.42,1.6859349154821235
2012-10-15,15.270000457763672,1.69,1.42,1.6859349154821235
2012-10-16,15.220000267028809,1.7,1.43,1.9497168982819613
2012-10-17,15.06999969482422,1.75,1.48,1.9497168982819613
2012-10-18,15.029999732971191,1.83,1.53,1.9497168982819613
2012-10-19,17.059999465942383,1.86,1.57,1.9497168982819613
2012-10-22,16.6200008392334,1.79,1.49,1.9497168982819613
2012-10-23,18.82999992370605,1.83,1.51,1.9497168982819613
2012-10-24,18.32999992370605,1.79,1.5,1.9497168982819613
2012-10-25,18.1200008392334,1.8,1.51,1.9497168982819613
2012-10-26,17.809999465942383,1.86,1.55,1.9497168982819613
2012-10-31,18.600000381469727,1.78,1.48,1.9497168982819613
2012-11-01,16.690000534057617,1.72,1.42,1.9497168982819613
2012-11-02,17.59000015258789,1.75,1.45,1.9497168982819613
2012-11-05,18.420000076293945,1.75,1.47,1.9497168982819613
2012-11-06,17.579999923706055,1.72,1.44,1.9497168982819613
2012-11-07,19.07999992370605,1.78,1.48,1.9497168982819613
2012-11-08,18.489999771118164,1.68,1.41,1.9497168982819613
2012-11-09,18.61000061035156,1.62,1.35,1.9497168982819613
2012-11-12,16.68000030517578,1.61,1.34,1.9497168982819613
2012-11-13,16.649999618530273,1.61,1.34,1.9497168982819613
2012-11-14,17.920000076293945,1.59,1.32,1.9497168982819613
2012-11-15,17.989999771118164,1.59,1.34,1.9497168982819613
2012-11-16,16.40999984741211,1.58,1.34,2.1556780595369363
2012-11-19,15.239999771118164,1.58,1.34,2.1556780595369363
2012-11-20,15.079999923706056,1.61,1.36,2.1556780595369363
2012-11-21,15.3100004196167,1.66,1.39,2.1556780595369363
2012-11-23,15.140000343322754,1.69,1.42,2.1556780595369363
2012-11-26,15.5,1.7,1.41,2.1556780595369363
2012-11-27,15.920000076293944,1.66,1.39,2.1556780595369363
2012-11-28,15.510000228881836,1.64,1.37,2.1556780595369363
2012-11-29,15.0600004196167,1.63,1.36,2.1556780595369363
2012-11-30,15.869999885559082,1.62,1.37,2.1556780595369363
2012-12-03,16.639999389648438,1.62,1.37,2.1556780595369363
2012-12-04,17.1200008392334,1.63,1.38,2.1556780595369363
2012-12-05,16.459999084472656,1.62,1.37,2.1556780595369363
2012-12-06,16.579999923706055,1.6,1.35,2.1556780595369363
2012-12-07,15.899999618530272,1.59,1.34,2.1556780595369363
2012-12-10,16.049999237060547,1.64,1.39,2.1556780595369363
2012-12-11,15.56999969482422,1.63,1.39,2.1556780595369363
2012-12-12,15.949999809265137,1.66,1.42,2.1556780595369363
2012-12-13,16.559999465942383,1.72,1.47,2.1556780595369363
2012-12-14,17.0,1.74,1.47,2.1556780595369363
2012-12-17,16.34000015258789,1.72,1.48,1.7960197033926262
2012-12-18,15.56999969482422,1.78,1.53,1.7960197033926262
2012-12-19,17.360000610351562,1.84,1.56,1.7960197033926262
2012-12-20,17.670000076293945,1.82,1.54,1.7960197033926262
2012-12-21,17.84000015258789,1.81,1.53,1.7960197033926262
2012-12-24,17.84000015258789,1.77,1.51,1.7960197033926262
2012-12-26,19.479999542236328,1.79,1.53,1.7960197033926262
2012-12-27,19.46999931335449,1.77,1.51,1.7960197033926262
2012-12-28,22.71999931335449,1.74,1.48,1.7960197033926262
2012-12-31,18.020000457763672,1.73,1.46,1.7960197033926262
2013-01-02,14.68000030517578,1.78,1.53,1.7960197033926262
2013-01-03,14.5600004196167,1.86,1.59,1.7960197033926262
2013-01-04,13.829999923706056,1.92,1.65,1.7960197033926262
2013-01-07,13.789999961853027,1.93,1.66,1.7960197033926262
2013-01-08,13.619999885559082,1.92,1.65,1.7960197033926262
2013-01-09,13.8100004196167,1.89,1.64,1.7960197033926262
2013-01-10,13.489999771118164,1.88,1.64,1.7960197033926262
2013-01-11,13.359999656677246,1.91,1.65,1.7960197033926262
2013-01-14,13.520000457763672,1.89,1.63,1.7960197033926262
2013-01-15,13.550000190734863,1.89,1.63,1.7960197033926262
2013-01-16,13.420000076293944,1.86,1.6,1.7595049796895523
2013-01-17,13.56999969482422,1.84,1.58,1.7595049796895523
2013-01-18,12.460000038146973,1.89,1.61,1.7595049796895523
2013-01-22,12.43000030517578,1.87,1.61,1.7595049796895523
2013-01-23,12.460000038146973,1.86,1.6,1.7595049796895523
2013-01-24,12.6899995803833,1.86,1.6,1.7595049796895523
2013-01-25,12.890000343322754,1.88,1.65,1.7595049796895523
2013-01-28,13.56999969482422,1.98,1.7,1.7595049796895523
2013-01-29,13.3100004196167,2.0,1.71,1.7595049796895523
2013-01-30,14.31999969482422,2.03,1.73,1.7595049796895523
2013-01-31,14.279999732971191,2.03,1.76,1.7595049796895523
2013-02-01,12.899999618530272,2.02,1.75,1.7595049796895523
2013-02-04,14.670000076293944,2.04,1.77,1.7595049796895523
2013-02-05,13.720000267028809,2.0,1.75,1.7595049796895523
2013-02-06,13.40999984741211,2.04,1.77,1.7595049796895523
2013-02-07,13.5,2.0,1.73,1.7595049796895523
2013-02-08,13.020000457763672,1.99,1.74,1.7595049796895523
2013-02-11,12.9399995803833,1.99,1.74,1.7595049796895523
2013-02-12,12.640000343322754,1.99,1.72,1.7595049796895523
2013-02-13,12.979999542236328,2.02,1.73,1.7595049796895523
2013-02-14,12.65999984741211,2.05,1.76,1.7595049796895523
2013-02-15,12.460000038146973,2.0,1.73,1.7595049796895523
2013-02-19,12.3100004196167,2.01,1.72,1.684061762098299
2013-02-20,14.68000030517578,2.03,1.74,1.684061762098299
2013-02-21,15.220000267028809,2.02,1.75,1.684061762098299
2013-02-22,14.170000076293944,1.99,1.73,1.684061762098299
2013-02-25,18.989999771118164,1.97,1.7,1.684061762098299
2013-02-26,16.8700008392334,1.88,1.63,1.684061762098299
2013-02-27,14.729999542236328,1.88,1.63,1.684061762098299
2013-02-28,15.510000228881836,1.91,1.64,1.684061762098299
2013-03-01,15.359999656677246,1.89,1.64,1.684061762098299
2013-03-04,14.010000228881836,1.86,1.61,1.684061762098299
2013-03-05,13.479999542236328,1.88,1.64,1.684061762098299
2013-03-06,13.529999732971191,1.9,1.65,1.684061762098299
2013-03-07,13.0600004196167,1.95,1.7,1.684061762098299
2013-03-08,12.59000015258789,2.0,1.75,1.684061762098299
2013-03-11,11.5600004196167,2.06,1.79,1.684061762098299
2013-03-12,12.270000457763672,2.07,1.8,1.684061762098299
2013-03-13,11.829999923706056,2.03,1.76,1.684061762098299
2013-03-14,11.300000190734863,2.04,1.77,1.684061762098299
2013-03-15,11.300000190734863,2.04,1.77,1.684061762098299
2013-03-18,13.359999656677246,2.01,1.76,2.0181404902574807
2013-03-19,14.390000343322754,1.96,1.7,2.0181404902574807
2013-03-20,12.670000076293944,1.92,1.68,2.0181404902574807
2013-03-21,13.989999771118164,1.96,1.7,2.0181404902574807
2013-03-22,13.56999969482422,1.95,1.68,2.0181404902574807
2013-03-25,13.739999771118164,1.93,1.67,2.0181404902574807
2013-03-26,12.770000457763672,1.93,1.69,2.0181404902574807
2013-03-27,13.149999618530272,1.92,1.67,2.0181404902574807
2013-03-28,12.699999809265137,1.87,1.62,2.0181404902574807
2013-04-01,13.579999923706056,1.87,1.62,2.0181404902574807
2013-04-02,12.779999732971191,1.86,1.63,2.0181404902574807
2013-04-03,14.210000038146973,1.88,1.63,2.0181404902574807
2013-04-04,13.890000343322754,1.83,1.59,2.0181404902574807
2013-04-05,13.920000076293944,1.78,1.56,2.0181404902574807
2013-04-08,13.1899995803833,1.72,1.48,2.0181404902574807
2013-04-09,12.84000015258789,1.76,1.52,2.0181404902574807
2013-04-10,12.359999656677246,1.78,1.54,2.0181404902574807
2013-04-11,12.239999771118164,1.84,1.6,2.0181404902574807
2013-04-12,12.0600004196167,1.82,1.58,2.0181404902574807
2013-04-15,17.270000457763672,1.75,1.53,2.0181404902574807
2013-04-16,13.960000038146973,1.72,1.5,1.5187472411246183
2013-04-17,16.510000228881836,1.75,1.51,1.5187472411246183
2013-04-18,17.559999465942383,1.73,1.49,1.5187472411246183
2013-04-19,14.970000267028809,1.72,1.48,1.5187472411246183
2013-04-22,14.390000343322754,1.73,1.49,1.5187472411246183
2013-04-23,13.479999542236328,1.72,1.48,1.5187472411246183
2013-04-24,13.609999656677246,1.74,1.51,1.5187472411246183
2013-04-25,13.619999885559082,1.73,1.5,1.5187472411246183
2013-04-26,13.609999656677246,1.74,1.51,1.5187472411246183
2013-04-29,13.710000038146973,1.7,1.48,1.5187472411246183
2013-04-30,13.520000457763672,1.7,1.5,1.5187472411246183
2013-05-01,14.489999771118164,1.7,1.48,1.5187472411246183
2013-05-02,13.59000015258789,1.66,1.46,1.5187472411246183
2013-05-03,12.850000381469728,1.66,1.46,1.5187472411246183
2013-05-06,12.65999984741211,1.78,1.56,1.5187472411246183
2013-05-07,12.829999923706056,1.8,1.58,1.5187472411246183
2013-05-08,12.65999984741211,1.82,1.6,1.5187472411246183
2013-05-09,13.130000114440918,1.81,1.59,1.5187472411246183
2013-05-10,12.59000015258789,1.81,1.59,1.5187472411246183
2013-05-13,12.550000190734863,1.9,1.64,1.5187472411246183
2013-05-14,12.770000457763672,1.92,1.68,1.5187472411246183
2013-05-15,12.8100004196167,1.96,1.7,1.5187472411246183
2013-05-16,13.06999969482422,1.94,1.68,1.138808047576867
2013-05-17,12.449999809265137,1.87,1.64,1.138808047576867
2013-05-20,13.020000457763672,1.95,1.69,1.138808047576867
2013-05-21,13.369999885559082,1.97,1.71,1.138808047576867
2013-05-22,13.81999969482422,1.94,1.68,1.138808047576867
2013-05-23,14.06999969482422,2.03,1.77,1.138808047576867
2013-05-24,13.989999771118164,2.02,1.76,1.138808047576867
2013-05-28,14.479999542236328,2.01,1.75,1.138808047576867
2013-05-29,14.829999923706056,2.15,1.86,1.138808047576867
2013-05-30,14.529999732971191,2.13,1.83,1.138808047576867
2013-05-31,16.299999237060547,2.13,1.82,1.138808047576867
2013-06-03,16.280000686645508,2.16,1.86,1.138808047576867
2013-06-04,16.270000457763672,2.13,1.83,1.138808047576867
2013-06-05,17.5,2.14,1.82,1.138808047576867
2013-06-06,16.6299991607666,2.1,1.8,1.138808047576867
2013-06-07,15.140000343322754,2.08,1.78,1.138808047576867
2013-06-10,15.4399995803833,2.17,1.85,1.138808047576867
2013-06-11,17.06999969482422,2.22,1.9,1.138808047576867
2013-06-12,18.59000015258789,2.2,1.86,1.138808047576867
2013-06-13,16.40999984741211,2.25,1.91,1.138808047576867
2013-06-14,17.149999618530273,2.19,1.87,1.138808047576867
2013-06-17,16.799999237060547,2.14,1.85,1.3903888279197085
2013-06-18,16.610000610351562,2.19,1.92,1.3903888279197085
2013-06-19,16.639999389648438,2.2,1.93,1.3903888279197085
2013-06-20,20.489999771118164,2.33,2.02,1.3903888279197085
2013-06-21,18.899999618530277,2.41,2.08,1.3903888279197085
2013-06-24,20.11000061035156,2.52,2.14,1.3903888279197085
2013-06-25,18.46999931335449,2.57,2.15,1.3903888279197085
2013-06-26,17.209999084472656,2.6,2.17,1.3903888279197085
2013-06-27,16.860000610351562,2.55,2.16,1.3903888279197085
2013-06-28,16.860000610351562,2.49,2.13,1.3903888279197085
2013-07-01,16.3700008392334,2.52,2.16,1.3903888279197085
2013-07-02,16.440000534057617,2.5,2.16,1.3903888279197085
2013-07-03,16.200000762939453,2.48,2.14,1.3903888279197085
2013-07-05,14.890000343322754,2.52,2.16,1.3903888279197085
2013-07-08,14.779999732971191,2.73,2.33,1.3903888279197085
2013-07-09,14.350000381469728,2.65,2.28,1.3903888279197085
2013-07-10,14.210000038146973,2.65,2.28,1.3903888279197085
2013-07-11,14.010000228881836,2.7,2.32,1.3903888279197085
2013-07-12,13.84000015258789,2.6,2.26,1.3903888279197085
2013-07-15,13.789999961853027,2.61,2.24,1.3903888279197085
2013-07-16,14.420000076293944,2.57,2.23,1.7157935271568725
2013-07-17,13.779999732971191,2.55,2.21,1.7157935271568725
2013-07-18,13.770000457763672,2.52,2.2,1.7157935271568725
2013-07-19,12.539999961853027,2.56,2.24,1.7157935271568725
2013-07-22,12.289999961853027,2.5,2.18,1.7157935271568725
2013-07-23,12.65999984741211,2.5,2.18,1.7157935271568725
2013-07-24,13.18000030517578,2.53,2.2,1.7157935271568725
2013-07-25,12.970000267028809,2.61,2.27,1.7157935271568725
2013-07-26,12.720000267028809,2.61,2.29,1.7157935271568725
2013-07-29,13.390000343322754,2.58,2.27,1.7157935271568725
2013-07-30,13.390000343322754,2.61,2.28,1.7157935271568725
2013-07-31,13.449999809265137,2.63,2.3,1.7157935271568725
2013-08-01,12.9399995803833,2.6,2.29,1.7157935271568725
2013-08-02,11.979999542236328,2.74,2.39,1.7157935271568725
2013-08-05,11.84000015258789,2.63,2.33,1.7157935271568725
2013-08-06,12.720000267028809,2.67,2.35,1.7157935271568725
2013-08-07,12.979999542236328,2.67,2.35,1.7157935271568725
2013-08-08,12.729999542236328,2.61,2.29,1.7157935271568725
2013-08-09,13.40999984741211,2.58,2.28,1.7157935271568725
2013-08-12,12.8100004196167,2.57,2.25,1.7157935271568725
2013-08-13,12.3100004196167,2.61,2.29,1.7157935271568725
2013-08-14,13.039999961853027,2.71,2.37,1.7157935271568725
2013-08-15,14.729999542236328,2.71,2.37,1.7157935271568725
2013-08-16,14.369999885559082,2.77,2.41,1.885471805415806
2013-08-19,15.100000381469728,2.84,2.48,1.885471805415806
2013-08-20,14.90999984741211,2.88,2.52,1.885471805415806
2013-08-21,15.9399995803833,2.82,2.46,1.885471805415806
2013-08-22,14.760000228881836,2.87,2.49,1.885471805415806
2013-08-23,13.979999542236328,2.9,2.48,1.885471805415806
2013-08-26,14.989999771118164,2.82,2.42,1.885471805415806
2013-08-27,16.770000457763672,2.79,2.38,1.885471805415806
2013-08-28,16.489999771118164,2.72,2.34,1.885471805415806
2013-08-29,16.809999465942383,2.78,2.38,1.885471805415806
2013-08-30,17.010000228881836,2.75,2.36,1.885471805415806
2013-09-03,16.610000610351562,2.78,2.39,1.885471805415806
2013-09-04,15.880000114440918,2.86,2.43,1.885471805415806
2013-09-05,15.770000457763672,2.9,2.44,1.885471805415806
2013-09-06,15.850000381469728,2.98,2.46,1.885471805415806
2013-09-09,15.630000114440918,2.94,2.48,1.885471805415806
2013-09-10,14.529999732971191,2.9,2.45,1.885471805415806
2013-09-11,13.81999969482422,2.96,2.46,1.885471805415806
2013-09-12,14.289999961853027,2.93,2.46,1.885471805415806
2013-09-13,14.15999984741211,2.92,2.47,1.885471805415806
2013-09-16,14.380000114440918,2.9,2.45,1.538809488600279
2013-09-17,14.529999732971191,2.88,2.47,1.538809488600279
2013-09-18,13.59000015258789,2.86,2.47,1.538809488600279
2013-09-19,13.15999984741211,2.69,2.35,1.538809488600279
2013-09-20,13.119999885559082,2.76,2.42,1.538809488600279
2013-09-23,14.3100004196167,2.75,2.41,1.538809488600279
2013-09-24,14.079999923706056,2.72,2.37,1.538809488600279
2013-09-25,14.010000228881836,2.67,2.32,1.538809488600279
2013-09-26,14.0600004196167,2.63,2.27,1.538809488600279
2013-09-27,15.460000038146973,2.66,2.32,1.538809488600279
2013-09-30,16.600000381469727,2.64,2.3,1.538809488600279
2013-10-01,15.539999961853027,2.64,2.31,1.538809488600279
2013-10-02,16.600000381469727,2.66,2.33,1.538809488600279
2013-10-03,17.670000076293945,2.63,2.32,1.538809488600279
2013-10-04,16.739999771118164,2.62,2.29,1.538809488600279
2013-10-07,19.40999984741211,2.66,2.33,1.538809488600279
2013-10-08,20.34000015258789,2.65,2.28,1.538809488600279
2013-10-09,19.600000381469727,2.66,2.26,1.538809488600279
2013-10-10,16.479999542236328,2.68,2.31,1.538809488600279
2013-10-11,15.720000267028809,2.71,2.36,1.538809488600279
2013-10-14,16.06999969482422,2.7,2.35,1.538809488600279
2013-10-15,18.65999984741211,2.7,2.35,1.538809488600279
2013-10-16,14.710000038146973,2.75,2.38,1.0947341081747997
2013-10-17,13.479999542236328,2.69,2.35,1.0947341081747997
2013-10-18,13.039999961853027,2.61,2.28,1.0947341081747997
2013-10-21,13.15999984741211,2.6,2.27,1.0947341081747997
2013-10-22,13.329999923706056,2.63,2.3,1.0947341081747997
2013-10-23,13.420000076293944,2.54,2.23,1.0947341081747997
2013-10-24,13.199999809265137,2.51,2.2,1.0947341081747997
2013-10-25,13.09000015258789,2.53,2.2,1.0947341081747997
2013-10-28,13.3100004196167,2.53,2.21,1.0947341081747997
2013-10-29,13.40999984741211,2.54,2.22,1.0947341081747997
2013-10-30,13.649999618530272,2.53,2.22,1.0947341081747997
2013-10-31,13.75,2.55,2.22,1.0947341081747997
2013-11-01,13.279999732971191,2.57,2.26,1.0947341081747997
2013-11-04,12.93000030517578,2.65,2.32,1.0947341081747997
2013-11-05,13.270000457763672,2.63,2.31,1.0947341081747997
2013-11-06,12.670000076293944,2.69,2.37,1.0947341081747997
2013-11-07,13.90999984741211,2.67,2.37,1.0947341081747997
2013-11-08,12.899999618530272,2.63,2.34,1.0947341081747997
2013-11-11,12.529999732971191,2.77,2.45,1.0947341081747997
2013-11-12,12.81999969482422,2.77,2.45,1.0947341081747997
2013-11-13,12.520000457763672,2.8,2.46,1.0947341081747997
2013-11-14,12.369999885559082,2.75,2.43,1.0947341081747997
2013-11-15,12.1899995803833,2.69,2.4,1.0947341081747997
2013-11-18,13.100000381469728,2.71,2.4,0.8767991434911471
2013-11-19,13.390000343322754,2.67,2.36,0.8767991434911471
2013-11-20,13.399999618530272,2.71,2.42,0.8767991434911471
2013-11-21,12.65999984741211,2.8,2.52,0.8767991434911471
2013-11-22,12.260000228881836,2.79,2.5,0.8767991434911471
2013-11-25,12.789999961853027,2.75,2.44,0.8767991434911471
2013-11-26,12.8100004196167,2.74,2.44,0.8767991434911471
2013-11-27,12.979999542236328,2.71,2.42,0.8767991434911471
2013-11-29,13.699999809265137,2.74,2.46,0.8767991434911471
2013-12-02,14.229999542236328,2.75,2.47,0.8767991434911471
2013-12-03,14.550000190734863,2.81,2.51,0.8767991434911471
2013-12-04,14.699999809265137,2.79,2.51,0.8767991434911471
2013-12-05,15.079999923706056,2.84,2.54,0.8767991434911471
2013-12-06,13.789999961853027,2.88,2.58,0.8767991434911471
2013-12-09,13.489999771118164,2.88,2.58,0.8767991434911471
2013-12-10,13.90999984741211,2.86,2.56,0.8767991434911471
2013-12-11,15.420000076293944,2.81,2.51,0.8767991434911471
2013-12-12,15.539999961853027,2.86,2.55,0.8767991434911471
2013-12-13,15.760000228881836,2.89,2.55,0.8767991434911471
2013-12-16,16.030000686645508,2.88,2.54,1.2328701961954458
2013-12-17,16.209999084472656,2.89,2.55,1.2328701961954458
2013-12-18,13.800000190734863,2.85,2.51,1.2328701961954458
2013-12-19,14.149999618530272,2.89,2.57,1.2328701961954458
2013-12-20,13.789999961853027,2.94,2.59,1.2328701961954458
2013-12-23,13.039999961853027,2.89,2.52,1.2328701961954458
2013-12-24,12.479999542236328,2.94,2.56,1.2328701961954458
2013-12-26,12.329999923706056,2.99,2.61,1.2328701961954458
2013-12-27,12.460000038146973,3.0,2.58,1.2328701961954458
2013-12-30,13.5600004196167,3.02,2.62,1.2328701961954458
2013-12-31,13.720000267028809,2.99,2.6,1.2328701961954458
2014-01-02,14.229999542236328,3.04,2.66,1.2328701961954458
2014-01-03,13.760000228881836,3.0,2.61,1.2328701961954458
2014-01-06,13.550000190734863,3.01,2.6,1.2328701961954458
2014-01-07,12.920000076293944,2.98,2.58,1.2328701961954458
2014-01-08,12.869999885559082,2.96,2.56,1.2328701961954458
2014-01-09,12.890000343322754,3.01,2.58,1.2328701961954458
2014-01-10,12.140000343322754,2.97,2.53,1.2328701961954458
2014-01-13,13.279999732971191,2.88,2.49,1.2328701961954458
2014-01-14,12.279999732971191,2.84,2.45,1.2328701961954458
2014-01-15,12.279999732971191,2.88,2.49,1.2328701961954458
2014-01-16,12.529999732971191,2.9,2.49,1.5128383667573297
2014-01-17,12.4399995803833,2.86,2.45,1.5128383667573297
2014-01-21,12.869999885559082,2.84,2.44,1.5128383667573297
2014-01-22,12.84000015258789,2.85,2.45,1.5128383667573297
2014-01-23,13.770000457763672,2.87,2.43,1.5128383667573297
2014-01-24,18.13999938964844,2.79,2.4,1.5128383667573297
2014-01-27,17.420000076293945,2.75,2.38,1.5128383667573297
2014-01-28,15.800000190734863,2.78,2.41,1.5128383667573297
2014-01-29,17.350000381469727,2.77,2.39,1.5128383667573297
2014-01-30,17.290000915527344,2.69,2.33,1.5128383667573297
2014-01-31,18.40999984741211,2.72,2.36,1.5128383667573297
2014-02-03,21.440000534057617,2.67,2.33,1.5128383667573297
2014-02-04,19.11000061035156,2.61,2.31,1.5128383667573297
2014-02-05,19.950000762939453,2.64,2.33,1.5128383667573297
2014-02-06,17.229999542236328,2.7,2.38,1.5128383667573297
2014-02-07,15.289999961853027,2.73,2.4,1.5128383667573297
2014-02-10,15.260000228881836,2.71,2.41,1.5128383667573297
2014-02-11,14.510000228881836,2.7,2.38,1.5128383667573297
2014-02-12,14.300000190734863,2.75,2.4,1.5128383667573297
2014-02-13,14.140000343322754,2.8,2.45,1.5128383667573297
2014-02-14,13.56999969482422,2.73,2.41,1.5128383667573297
2014-02-18,13.869999885559082,2.75,2.43,1.557758795574915
2014-02-19,15.5,2.71,2.4,1.557758795574915
2014-02-20,14.789999961853027,2.73,2.4,1.557758795574915
2014-02-21,14.68000030517578,2.76,2.42,1.557758795574915
2014-02-24,14.229999542236328,2.73,2.4,1.557758795574915
2014-02-25,13.670000076293944,2.75,2.4,1.557758795574915
2014-02-26,14.350000381469728,2.7,2.36,1.557758795574915
2014-02-27,14.039999961853027,2.67,2.34,1.557758795574915
2014-02-28,14.0,2.65,2.32,1.557758795574915
2014-03-03,16.0,2.66,2.33,1.557758795574915
2014-03-04,14.100000381469728,2.6,2.28,1.557758795574915
2014-03-05,13.890000343322754,2.7,2.37,1.557758795574915
2014-03-06,14.210000038146973,2.7,2.37,1.557758795574915
2014-03-07,14.109999656677246,2.74,2.37,1.557758795574915
2014-03-10,14.199999809265137,2.8,2.42,1.557758795574915
2014-03-11,14.800000190734863,2.79,2.42,1.557758795574915
2014-03-12,14.470000267028809,2.77,2.4,1.557758795574915
2014-03-13,16.219999313354492,2.73,2.36,1.557758795574915
2014-03-14,17.81999969482422,2.66,2.32,1.557758795574915
2014-03-17,15.640000343322754,2.65,2.29,1.1204746347724948
2014-03-18,14.520000457763672,2.7,2.32,1.1204746347724948
2014-03-19,15.119999885559082,2.68,2.32,1.1204746347724948
2014-03-20,14.520000457763672,2.78,2.31,1.1204746347724948
2014-03-21,15.0,2.79,2.34,1.1204746347724948
2014-03-24,15.09000015258789,2.75,2.3,1.1204746347724948
2014-03-25,14.020000457763672,2.74,2.27,1.1204746347724948
2014-03-26,14.93000030517578,2.75,2.28,1.1204746347724948
2014-03-27,14.619999885559082,2.71,2.26,1.1204746347724948
2014-03-28,14.40999984741211,2.69,2.24,1.1204746347724948
2014-03-31,13.880000114440918,2.73,2.28,1.1204746347724948
2014-04-01,13.100000381469728,2.73,2.29,1.1204746347724948
2014-04-02,13.09000015258789,2.77,2.33,1.1204746347724948
2014-04-03,13.369999885559082,2.82,2.35,1.1204746347724948
2014-04-04,13.960000038146973,2.8,2.34,1.1204746347724948
2014-04-07,15.56999969482422,2.74,2.31,1.1204746347724948
2014-04-08,14.890000343322754,2.71,2.3,1.1204746347724948
2014-04-09,13.81999969482422,2.69,2.29,1.1204746347724948
2014-04-10,15.890000343322754,2.71,2.34,1.1204746347724948
2014-04-11,17.030000686645508,2.65,2.28,1.1204746347724948
2014-04-14,16.110000610351562,2.63,2.26,1.1204746347724948
2014-04-15,15.609999656677246,2.65,2.28,1.1204746347724948
2014-04-16,14.18000030517578,2.64,2.25,1.6126949139408042
2014-04-17,13.359999656677246,2.65,2.26,1.6126949139408042
2014-04-21,13.25,2.73,2.3,1.6126949139408042
2014-04-22,13.1899995803833,2.73,2.31,1.6126949139408042
2014-04-23,13.270000457763672,2.73,2.28,1.6126949139408042
2014-04-24,13.31999969482422,2.7,2.27,1.6126949139408042
2014-04-25,14.0600004196167,2.7,2.27,1.6126949139408042
2014-04-28,13.970000267028809,2.68,2.25,1.6126949139408042
2014-04-29,13.710000038146973,2.7,2.26,1.6126949139408042
2014-04-30,13.40999984741211,2.71,2.27,1.6126949139408042
2014-05-01,13.25,2.67,2.25,1.6126949139408042
2014-05-02,12.90999984741211,2.63,2.22,1.6126949139408042
2014-05-05,13.289999961853027,2.6,2.18,1.6126949139408042
2014-05-06,13.800000190734863,2.63,2.2,1.6126949139408042
2014-05-07,13.399999618530272,2.61,2.18,1.6126949139408042
2014-05-08,13.43000030517578,2.62,2.21,1.6126949139408042
2014-05-09,12.920000076293944,2.61,2.21,1.6126949139408042
2014-05-12,12.229999542236328,2.62,2.22,1.6126949139408042
2014-05-13,12.130000114440918,2.66,2.25,1.6126949139408042
2014-05-14,12.170000076293944,2.61,2.22,1.6126949139408042
2014-05-15,13.170000076293944,2.54,2.15,1.6126949139408042
2014-05-16,12.4399995803833,2.5,2.12,2.015125303606169
2014-05-19,12.420000076293944,2.52,2.14,2.015125303606169
2014-05-20,12.960000038146973,2.54,2.18,2.015125303606169
2014-05-21,11.90999984741211,2.52,2.17,2.015125303606169
2014-05-22,12.029999732971191,2.54,2.17,2.015125303606169
2014-05-23,11.359999656677246,2.56,2.19,2.015125303606169
2014-05-27,11.510000228881836,2.54,2.17,2.015125303606169
2014-05-28,11.68000030517578,2.52,2.13,2.015125303606169
2014-05-29,11.56999969482422,2.44,2.07,2.015125303606169
2014-05-30,11.399999618530272,2.45,2.08,2.015125303606169
2014-06-02,11.579999923706056,2.48,2.11,2.015125303606169
2014-06-03,11.869999885559082,2.54,2.15,2.015125303606169
2014-06-04,12.079999923706056,2.6,2.19,2.015125303606169
2014-06-05,11.68000030517578,2.61,2.2,2.015125303606169
2014-06-06,10.729999542236328,2.59,2.19,2.015125303606169
2014-06-09,11.149999618530272,2.6,2.19,2.015125303606169
2014-06-10,10.989999771118164,2.62,2.19,2.015125303606169
2014-06-11,11.600000381469728,2.64,2.19,2.015125303606169
2014-06-12,12.5600004196167,2.65,2.21,2.015125303606169
2014-06-13,12.18000030517578,2.58,2.16,2.015125303606169
2014-06-16,12.649999618530272,2.6,2.15,2.166947687079812
2014-06-17,12.0600004196167,2.61,2.12,2.166947687079812
2014-06-18,10.609999656677246,2.66,2.15,2.166947687079812
2014-06-19,10.619999885559082,2.61,2.13,2.166947687079812
2014-06-20,10.850000381469728,2.64,2.16,2.166947687079812
2014-06-23,10.979999542236328,2.63,2.13,2.166947687079812
2014-06-24,12.130000114440918,2.63,2.15,2.166947687079812
2014-06-25,11.59000015258789,2.59,2.1,2.166947687079812
2014-06-26,11.630000114440918,2.57,2.09,2.166947687079812
2014-06-27,11.260000228881836,2.53,2.07,2.166947687079812
2014-06-30,11.56999969482422,2.54,2.09,2.166947687079812
2014-07-01,11.149999618530272,2.53,2.06,2.166947687079812
2014-07-02,10.81999969482422,2.58,2.11,2.166947687079812
2014-07-03,10.31999969482422,2.64,2.15,2.166947687079812
2014-07-07,11.329999923706056,2.65,2.13,2.166947687079812
2014-07-08,11.979999542236328,2.63,2.11,2.166947687079812
2014-07-09,11.649999618530272,2.58,2.07,2.166947687079812
2014-07-10,12.59000015258789,2.57,2.06,2.166947687079812
2014-07-11,12.079999923706056,2.55,2.09,2.166947687079812
2014-07-14,11.81999969482422,2.53,2.05,2.166947687079812
2014-07-15,11.960000038146973,2.55,2.07,2.166947687079812
2014-07-16,11.0,2.56,2.07,2.0589816945944195
2014-07-17,14.539999961853027,2.55,2.05,2.0589816945944195
2014-07-18,12.0600004196167,2.47,2.0,2.0589816945944195
2014-07-21,12.8100004196167,2.5,1.99,2.0589816945944195
2014-07-22,12.239999771118164,2.49,1.98,2.0589816945944195
2014-07-23,11.520000457763672,2.48,1.99,2.0589816945944195
2014-07-24,11.84000015258789,2.48,1.98,2.0589816945944195
2014-07-25,12.6899995803833,2.52,1.99,2.0589816945944195
2014-07-28,12.5600004196167,2.48,1.95,2.0589816945944195
2014-07-29,13.279999732971191,2.5,1.96,2.0589816945944195
2014-07-30,13.329999923706056,2.47,1.93,2.0589816945944195
2014-07-31,16.950000762939453,2.57,2.01,2.0589816945944195
2014-08-01,17.030000686645508,2.58,2.05,2.0589816945944195
2014-08-04,15.119999885559082,2.52,2.05,2.0589816945944195
2014-08-05,16.8700008392334,2.51,2.04,2.0589816945944195
2014-08-06,16.3700008392334,2.49,2.02,2.0589816945944195
2014-08-07,16.65999984741211,2.49,2.01,2.0589816945944195
2014-08-08,15.770000457763672,2.43,1.99,2.0589816945944195
2014-08-11,14.229999542236328,2.44,1.99,2.0589816945944195
2014-08-12,14.130000114440918,2.44,1.97,2.0589816945944195
2014-08-13,12.899999618530272,2.46,2.01,2.0589816945944195
2014-08-14,12.420000076293944,2.43,2.0,2.0589816945944195
2014-08-15,13.149999618530272,2.4,1.98,2.0589816945944195
2014-08-18,12.31999969482422,2.34,1.92,1.9742378703305974
2014-08-19,12.210000038146973,2.39,1.95,1.9742378703305974
2014-08-20,11.779999732971191,2.4,1.94,1.9742378703305974
2014-08-21,11.760000228881836,2.43,1.94,1.9742378703305974
2014-08-22,11.470000267028809,2.41,1.92,1.9742378703305974
2014-08-25,11.699999809265137,2.4,1.87,1.9742378703305974
2014-08-26,11.630000114440918,2.39,1.86,1.9742378703305974
2014-08-27,11.779999732971191,2.39,1.87,1.9742378703305974
2014-08-28,12.050000190734863,2.37,1.86,1.9742378703305974
2014-08-29,12.09000015258789,2.34,1.84,1.9742378703305974
2014-09-02,12.25,2.35,1.87,1.9742378703305974
2014-09-03,12.359999656677246,2.42,1.89,1.9742378703305974
2014-09-04,12.640000343322754,2.41,1.89,1.9742378703305974
2014-09-05,12.09000015258789,2.45,1.91,1.9742378703305974
2014-09-08,12.65999984741211,2.46,1.94,1.9742378703305974
2014-09-09,13.5,2.48,1.94,1.9742378703305974
2014-09-10,12.880000114440918,2.5,1.94,1.9742378703305974
2014-09-11,12.800000190734863,2.54,1.96,1.9742378703305974
2014-09-12,13.3100004196167,2.54,1.96,1.9742378703305974
2014-09-15,14.119999885559082,2.62,2.04,1.9742378703305974
2014-09-16,12.729999542236328,2.6,2.02,1.7150983482969062
2014-09-17,12.649999618530272,2.6,2.05,1.7150983482969062
2014-09-18,12.029999732971191,2.62,2.03,1.7150983482969062
2014-09-19,12.109999656677246,2.63,2.04,1.7150983482969062
2014-09-22,13.6899995803833,2.59,2.0,1.7150983482969062
2014-09-23,14.93000030517578,2.57,1.99,1.7150983482969062
2014-09-24,13.270000457763672,2.54,1.97,1.7150983482969062
2014-09-25,15.640000343322754,2.57,1.98,1.7150983482969062
2014-09-26,14.850000381469728,2.52,1.96,1.7150983482969062
2014-09-29,15.979999542236328,2.54,1.95,1.7150983482969062
2014-09-30,16.309999465942383,2.5,1.92,1.7150983482969062
2014-10-01,16.709999084472656,2.52,1.94,1.7150983482969062
2014-10-02,16.15999984741211,2.42,1.89,1.7150983482969062
2014-10-03,14.550000190734863,2.44,1.91,1.7150983482969062
2014-10-06,15.460000038146973,2.45,1.88,1.7150983482969062
2014-10-07,17.200000762939453,2.43,1.89,1.7150983482969062
2014-10-08,15.109999656677246,2.36,1.84,1.7150983482969062
2014-10-09,18.76000022888184,2.35,1.89,1.7150983482969062
2014-10-10,21.239999771118164,2.34,1.88,1.7150983482969062
2014-10-13,24.63999938964844,2.31,1.86,1.7150983482969062
2014-10-14,22.790000915527344,2.31,1.86,1.7150983482969062
2014-10-15,25.270000457763672,2.21,1.82,1.7150983482969062
2014-10-16,25.200000762939453,2.15,1.81,1.6840509711232077
2014-10-17,21.989999771118164,2.17,1.82,1.6840509711232077
2014-10-20,18.56999969482422,2.22,1.83,1.6840509711232077
2014-10-21,16.079999923706055,2.2,1.83,1.6840509711232077
2014-10-22,17.8700008392334,2.23,1.85,1.6840509711232077
2014-10-23,16.530000686645508,2.25,1.84,1.6840509711232077
2014-10-24,16.110000610351562,2.29,1.88,1.6840509711232077
2014-10-27,16.040000915527344,2.29,1.88,1.6840509711232077
2014-10-28,14.390000343322754,2.27,1.86,1.6840509711232077
2014-10-29,15.149999618530272,2.3,1.88,1.6840509711232077
2014-10-30,14.520000457763672,2.34,1.86,1.6840509711232077
2014-10-31,14.029999732971191,2.32,1.84,1.6840509711232077
2014-11-03,14.729999542236328,2.35,1.85,1.6840509711232077
2014-11-04,14.890000343322754,2.36,1.84,1.6840509711232077
2014-11-05,14.170000076293944,2.35,1.83,1.6840509711232077
2014-11-06,13.670000076293944,2.36,1.84,1.6840509711232077
2014-11-07,13.119999885559082,2.39,1.85,1.6840509711232077
2014-11-10,12.670000076293944,2.32,1.81,1.6840509711232077
2014-11-11,12.920000076293944,2.38,1.83,1.6840509711232077
2014-11-12,13.020000457763672,2.38,1.83,1.6840509711232077
2014-11-13,13.789999961853027,2.37,1.82,1.6840509711232077
2014-11-14,13.3100004196167,2.35,1.82,1.6840509711232077
2014-11-17,13.989999771118164,2.32,1.78,1.6095417021513292
2014-11-18,13.859999656677246,2.34,1.8,1.6095417021513292
2014-11-19,13.960000038146973,2.32,1.79,1.6095417021513292
2014-11-20,13.579999923706056,2.36,1.82,1.6095417021513292
2014-11-21,12.899999618530272,2.34,1.81,1.6095417021513292
2014-11-24,12.619999885559082,2.31,1.78,1.6095417021513292
2014-11-25,12.25,2.3,1.77,1.6095417021513292
2014-11-26,12.06999969482422,2.27,1.76,1.6095417021513292
2014-11-28,13.329999923706056,2.24,1.71,1.6095417021513292
2014-12-01,14.15999984741211,2.18,1.71,1.6095417021513292
2014-12-02,12.850000381469728,2.22,1.73,1.6095417021513292
2014-12-03,12.5,2.28,1.73,1.6095417021513292
2014-12-04,12.380000114440918,2.29,1.72,1.6095417021513292
2014-12-05,11.890000343322754,2.25,1.7,1.6095417021513292
2014-12-08,14.210000038146973,2.31,1.66,1.6095417021513292
2014-12-09,15.350000381469728,2.26,1.62,1.6095417021513292
2014-12-10,18.530000686645508,2.22,1.58,1.6095417021513292
2014-12-11,20.07999992370605,2.18,1.59,1.6095417021513292
2014-12-12,21.07999992370605,2.19,1.57,1.6095417021513292
2014-12-15,20.420000076293945,2.1,1.54,1.6095417021513292
2014-12-16,23.56999969482422,2.12,1.52,1.231524989320798
2014-12-17,19.440000534057617,2.07,1.49,1.231524989320798
2014-12-18,16.809999465942383,2.14,1.52,1.231524989320798
2014-12-19,16.489999771118164,2.22,1.55,1.231524989320798
2014-12-22,15.25,2.17,1.5,1.231524989320798
2014-12-23,14.800000190734863,2.17,1.46,1.231524989320798
2014-12-24,14.369999885559082,2.26,1.53,1.231524989320798
2014-12-26,14.5,2.27,1.54,1.231524989320798
2014-12-29,15.0600004196167,2.25,1.52,1.231524989320798
2014-12-30,15.920000076293944,2.22,1.5,1.231524989320798
2014-12-31,19.200000762939453,2.2,1.51,1.231524989320798
2015-01-02,17.790000915527344,2.17,1.5,1.231524989320798
2015-01-05,19.920000076293945,2.12,1.46,1.231524989320798
2015-01-06,21.1200008392334,2.04,1.36,1.231524989320798
2015-01-07,19.309999465942383,1.97,1.32,1.231524989320798
2015-01-08,17.010000228881836,1.96,1.34,1.231524989320798
2015-01-09,17.549999237060547,2.03,1.41,1.231524989320798
2015-01-12,19.600000381469727,1.98,1.39,1.231524989320798
2015-01-13,20.559999465942383,1.92,1.36,1.231524989320798
2015-01-14,21.479999542236328,1.91,1.37,1.231524989320798
2015-01-15,22.38999938964844,1.86,1.35,1.231524989320798
2015-01-16,20.950000762939453,1.77,1.33,0.6531213919623191
2015-01-20,19.88999938964844,1.83,1.34,0.6531213919623191
2015-01-21,18.850000381469727,1.82,1.29,0.6531213919623191
2015-01-22,16.399999618530273,1.87,1.34,0.6531213919623191
2015-01-23,16.65999984741211,1.9,1.37,0.6531213919623191
2015-01-26,15.520000457763672,1.81,1.29,0.6531213919623191
2015-01-27,17.219999313354492,1.83,1.29,0.6531213919623191
2015-01-28,20.440000534057617,1.83,1.29,0.6531213919623191
2015-01-29,18.76000022888184,1.73,1.23,0.6531213919623191
2015-01-30,20.96999931335449,1.77,1.26,0.6531213919623191
2015-02-02,19.43000030517578,1.68,1.21,0.6531213919623191
2015-02-03,17.329999923706055,1.68,1.19,0.6531213919623191
2015-02-04,18.32999992370605,1.79,1.27,0.6531213919623191
2015-02-05,16.850000381469727,1.81,1.29,0.6531213919623191
2015-02-06,17.290000915527344,1.83,1.31,0.6531213919623191
2015-02-09,18.549999237060547,1.95,1.3,0.6531213919623191
2015-02-10,17.229999542236328,1.96,1.31,0.6531213919623191
2015-02-11,16.959999084472656,2.01,1.34,0.6531213919623191
2015-02-12,15.34000015258789,2.0,1.33,0.6531213919623191
2015-02-13,14.6899995803833,1.99,1.38,0.6531213919623191
2015-02-17,15.800000190734863,2.02,1.36,-0.22993097820542818
2015-02-18,15.449999809265137,2.14,1.44,-0.22993097820542818
2015-02-19,15.289999961853027,2.07,1.45,-0.22993097820542818
2015-02-20,14.300000190734863,2.11,1.44,-0.22993097820542818
2015-02-23,14.5600004196167,2.13,1.46,-0.22993097820542818
2015-02-24,13.6899995803833,2.06,1.42,-0.22993097820542818
2015-02-25,13.84000015258789,1.99,1.39,-0.22993097820542818
2015-02-26,13.90999984741211,1.96,1.35,-0.22993097820542818
2015-02-27,13.34000015258789,2.03,1.37,-0.22993097820542818
2015-03-02,13.039999961853027,2.0,1.37,-0.22993097820542818
2015-03-03,13.859999656677246,2.08,1.42,-0.22993097820542818
2015-03-04,14.229999542236328,2.12,1.44,-0.22993097820542818
2015-03-05,14.039999961853027,2.12,1.46,-0.22993097820542818
2015-03-06,15.199999809265137,2.11,1.46,-0.22993097820542818
2015-03-09,15.0600004196167,2.24,1.51,-0.22993097820542818
2015-03-10,16.690000534057617,2.2,1.5,-0.22993097820542818
2015-03-11,16.8700008392334,2.14,1.44,-0.22993097820542818
2015-03-12,15.420000076293944,2.11,1.41,-0.22993097820542818
2015-03-13,16.0,2.1,1.43,-0.22993097820542818
2015-03-16,15.609999656677246,2.13,1.45,-0.08703146293520536
2015-03-17,15.65999984741211,2.1,1.44,-0.08703146293520536
2015-03-18,13.970000267028809,2.06,1.36,-0.08703146293520536
2015-03-19,14.06999969482422,1.93,1.36,-0.08703146293520536
2015-03-20,13.020000457763672,1.98,1.35,-0.08703146293520536
2015-03-23,13.40999984741211,1.93,1.33,-0.08703146293520536
2015-03-24,13.619999885559082,1.92,1.32,-0.08703146293520536
2015-03-25,15.4399995803833,1.88,1.3,-0.08703146293520536
2015-03-26,15.800000190734863,1.93,1.34,-0.08703146293520536
2015-03-27,15.06999969482422,2.01,1.4,-0.08703146293520536
2015-03-30,14.510000228881836,1.95,1.37,-0.08703146293520536
2015-03-31,15.289999961853027,1.96,1.38,-0.08703146293520536
2015-04-01,15.109999656677246,1.94,1.38,-0.08703146293520536
2015-04-02,14.670000076293944,1.87,1.32,-0.08703146293520536
2015-04-06,14.739999771118164,1.92,1.37,-0.08703146293520536
2015-04-07,14.779999732971191,1.92,1.41,-0.08703146293520536
2015-04-08,13.979999542236328,1.89,1.37,-0.08703146293520536
2015-04-09,13.09000015258789,1.92,1.38,-0.08703146293520536
2015-04-10,12.579999923706056,1.97,1.41,-0.08703146293520536
2015-04-13,13.9399995803833,1.96,1.39,-0.08703146293520536
2015-04-14,13.670000076293944,1.94,1.4,-0.08703146293520536
2015-04-15,12.84000015258789,1.9,1.37,-0.08703146293520536
2015-04-16,12.600000381469728,1.91,1.4,-0.022031284423873476
2015-04-17,13.890000343322754,1.9,1.4,-0.022031284423873476
2015-04-20,13.300000190734863,1.87,1.36,-0.022031284423873476
2015-04-21,13.25,1.9,1.35,-0.022031284423873476
2015-04-22,12.710000038146973,1.92,1.37,-0.022031284423873476
2015-04-23,12.479999542236328,1.99,1.42,-0.022031284423873476
2015-04-24,12.289999961853027,1.96,1.41,-0.022031284423873476
2015-04-27,13.119999885559082,1.93,1.39,-0.022031284423873476
2015-04-28,12.40999984741211,1.94,1.4,-0.022031284423873476
2015-04-29,13.390000343322754,2.0,1.44,-0.022031284423873476
2015-04-30,14.550000190734863,2.06,1.5,-0.022031284423873476
2015-05-01,12.699999809265137,2.05,1.47,-0.022031284423873476
2015-05-04,12.850000381469728,2.12,1.52,-0.022031284423873476
2015-05-05,14.3100004196167,2.16,1.56,-0.022031284423873476
2015-05-06,15.149999618530272,2.19,1.57,-0.022031284423873476
2015-05-07,15.130000114440918,2.25,1.6,-0.022031284423873476
2015-05-08,12.859999656677246,2.18,1.55,-0.022031284423873476
2015-05-11,13.850000381469728,2.16,1.57,-0.022031284423873476
2015-05-12,13.859999656677246,2.28,1.66,-0.022031284423873476
2015-05-13,13.760000228881836,2.28,1.67,-0.022031284423873476
2015-05-14,12.739999771118164,2.27,1.68,-0.022031284423873476
2015-05-15,12.380000114440918,2.23,1.67,-0.022031284423873476
2015-05-18,12.729999542236328,2.14,1.59,-0.10403098939391064
2015-05-19,12.850000381469728,2.23,1.65,-0.10403098939391064
2015-05-20,12.880000114440918,2.27,1.64,-0.10403098939391064
2015-05-21,12.109999656677246,2.26,1.66,-0.10403098939391064
2015-05-22,12.130000114440918,2.19,1.59,-0.10403098939391064
2015-05-26,14.0600004196167,2.21,1.57,-0.10403098939391064
2015-05-27,13.270000457763672,2.14,1.5,-0.10403098939391064
2015-05-28,13.3100004196167,2.14,1.5,-0.10403098939391064
2015-05-29,13.84000015258789,2.13,1.51,-0.10403098939391064
2015-06-01,13.970000267028809,2.12,1.51,-0.10403098939391064
2015-06-02,14.239999771118164,2.19,1.55,-0.10403098939391064
2015-06-03,13.65999984741211,2.27,1.63,-0.10403098939391064
2015-06-04,14.710000038146973,2.38,1.69,-0.10403098939391064
2015-06-05,14.210000038146973,2.31,1.65,-0.10403098939391064
2015-06-08,15.289999961853027,2.41,1.68,-0.10403098939391064
2015-06-09,14.470000267028809,2.39,1.69,-0.10403098939391064
2015-06-10,13.220000267028809,2.42,1.7,-0.10403098939391064
2015-06-11,12.850000381469728,2.5,1.75,-0.10403098939391064
2015-06-12,13.779999732971191,2.39,1.66,-0.10403098939391064
2015-06-15,15.390000343322754,2.39,1.65,-0.10403098939391064
2015-06-16,14.8100004196167,2.36,1.64,0.03503321824429584
2015-06-17,14.5,2.32,1.61,0.03503321824429584
2015-06-18,13.1899995803833,2.32,1.65,0.03503321824429584
2015-06-19,13.960000038146973,2.35,1.69,0.03503321824429584
2015-06-22,12.739999771118164,2.26,1.61,0.03503321824429584
2015-06-23,12.109999656677246,2.37,1.69,0.03503321824429584
2015-06-24,13.260000228881836,2.42,1.72,0.03503321824429584
2015-06-25,14.010000228881836,2.38,1.7,0.03503321824429584
2015-06-26,14.020000457763672,2.4,1.72,0.03503321824429584
2015-06-29,18.850000381469727,2.49,1.77,0.03503321824429584
2015-06-30,18.229999542236328,2.33,1.69,0.03503321824429584
2015-07-01,16.09000015258789,2.35,1.71,0.03503321824429584
2015-07-02,16.790000915527344,2.43,1.74,0.03503321824429584
2015-07-06,17.010000228881836,2.4,1.76,0.03503321824429584
2015-07-07,16.09000015258789,2.3,1.7,0.03503321824429584
2015-07-08,19.65999984741211,2.27,1.69,0.03503321824429584
2015-07-09,19.96999931335449,2.22,1.67,0.03503321824429584
2015-07-10,16.829999923706055,2.32,1.72,0.03503321824429584
2015-07-13,13.899999618530272,2.42,1.77,0.03503321824429584
2015-07-14,13.369999885559082,2.44,1.75,0.03503321824429584
2015-07-15,13.229999542236328,2.41,1.75,0.03503321824429584
2015-07-16,12.109999656677246,2.36,1.72,0.1795718097550525
2015-07-17,11.949999809265137,2.36,1.69,0.1795718097550525
2015-07-20,12.25,2.34,1.66,0.1795718097550525
2015-07-21,12.220000267028809,2.38,1.67,0.1795718097550525
2015-07-22,12.119999885559082,2.35,1.64,0.1795718097550525
2015-07-23,12.640000343322754,2.33,1.58,0.1795718097550525
2015-07-24,13.739999771118164,2.28,1.57,0.1795718097550525
2015-07-27,15.600000381469728,2.27,1.57,0.1795718097550525
2015-07-28,13.4399995803833,2.23,1.55,0.1795718097550525
2015-07-29,12.5,2.26,1.57,0.1795718097550525
2015-07-30,12.130000114440918,2.29,1.59,0.1795718097550525
2015-07-31,12.119999885559082,2.28,1.56,0.1795718097550525
2015-08-03,12.5600004196167,2.2,1.53,0.1795718097550525
2015-08-04,13.0,2.16,1.48,0.1795718097550525
2015-08-05,12.510000228881836,2.23,1.49,0.1795718097550525
2015-08-06,13.770000457763672,2.28,1.55,0.1795718097550525
2015-08-07,13.390000343322754,2.23,1.52,0.1795718097550525
2015-08-10,12.229999542236328,2.18,1.45,0.1795718097550525
2015-08-11,13.710000038146973,2.24,1.51,0.1795718097550525
2015-08-12,13.609999656677246,2.15,1.47,0.1795718097550525
2015-08-13,13.489999771118164,2.14,1.47,0.1795718097550525
2015-08-14,12.829999923706056,2.19,1.47,0.1795718097550525
2015-08-17,13.020000457763672,2.2,1.47,0.22568611104094582
2015-08-18,13.789999961853027,2.16,1.44,0.22568611104094582
2015-08-19,15.25,2.2,1.46,0.22568611104094582
2015-08-20,19.13999938964844,2.12,1.45,0.22568611104094582
2015-08-21,28.030000686645508,2.09,1.4,0.22568611104094582
2015-08-24,40.7400016784668,2.05,1.41,0.22568611104094582
2015-08-25,36.02000045776367,2.01,1.42,0.22568611104094582
2015-08-26,30.31999969482422,2.12,1.45,0.22568611104094582
2015-08-27,26.100000381469727,2.18,1.51,0.22568611104094582
2015-08-28,26.049999237060547,2.18,1.5,0.22568611104094582
2015-08-31,28.43000030517578,2.19,1.47,0.22568611104094582
2015-09-01,31.399999618530277,2.21,1.47,0.22568611104094582
2015-09-02,26.09000015258789,2.17,1.47,0.22568611104094582
2015-09-03,25.61000061035156,2.2,1.48,0.22568611104094582
2015-09-04,27.799999237060547,2.18,1.47,0.22568611104094582
2015-09-08,24.899999618530277,2.13,1.42,0.22568611104094582
2015-09-09,26.229999542236328,2.2,1.46,0.22568611104094582
2015-09-10,24.3700008392334,2.21,1.46,0.22568611104094582
2015-09-11,23.200000762939453,2.23,1.48,0.22568611104094582
2015-09-14,24.25,2.2,1.49,0.22568611104094582
2015-09-15,22.540000915527344,2.18,1.45,0.22568611104094582
2015-09-16,21.350000381469727,2.28,1.46,0.2413037985344868
2015-09-17,21.13999938964844,2.3,1.48,0.2413037985344868
2015-09-18,22.280000686645508,2.21,1.51,0.2413037985344868
2015-09-21,20.13999938964844,2.13,1.44,0.2413037985344868
2015-09-22,22.440000534057617,2.2,1.48,0.2413037985344868
2015-09-23,22.1299991607666,2.14,1.45,0.2413037985344868
2015-09-24,23.46999931335449,2.16,1.46,0.2413037985344868
2015-09-25,23.6200008392334,2.13,1.46,0.2413037985344868
2015-09-28,27.6299991607666,2.17,1.47,0.2413037985344868
2015-09-29,26.82999992370605,2.1,1.43,0.2413037985344868
2015-09-30,24.5,2.05,1.41,0.2413037985344868
2015-10-01,22.549999237060547,2.06,1.42,0.2413037985344868
2015-10-02,20.940000534057617,2.05,1.41,0.2413037985344868
2015-10-05,19.540000915527344,1.99,1.41,0.2413037985344868
2015-10-06,19.399999618530277,2.07,1.46,0.2413037985344868
2015-10-07,18.399999618530277,2.05,1.44,0.2413037985344868
2015-10-08,17.420000076293945,2.08,1.43,0.2413037985344868
2015-10-09,17.079999923706055,2.12,1.47,0.2413037985344868
2015-10-12,16.170000076293945,2.12,1.47,0.2413037985344868
2015-10-13,17.670000076293945,2.12,1.47,0.2413037985344868
2015-10-14,18.030000686645508,2.06,1.42,0.2413037985344868
2015-10-15,16.049999237060547,1.99,1.42,0.2413037985344868
2015-10-16,15.050000190734863,2.04,1.43,0.008842961634170088
2015-10-19,14.979999542236328,2.04,1.43,0.008842961634170088
2015-10-20,15.75,2.04,1.43,0.008842961634170088
2015-10-21,16.700000762939453,2.08,1.42,0.008842961634170088
2015-10-22,14.449999809265137,2.04,1.4,0.008842961634170088
2015-10-23,14.460000038146973,2.04,1.43,0.008842961634170088
2015-10-26,15.289999961853027,2.09,1.43,0.008842961634170088
2015-10-27,15.43000030517578,2.07,1.41,0.008842961634170088
2015-10-28,14.329999923706056,2.05,1.4,0.008842961634170088
2015-10-29,14.609999656677246,2.1,1.37,0.008842961634170088
2015-10-30,15.06999969482422,2.19,1.44,0.008842961634170088
2015-11-02,14.149999618530272,2.16,1.41,0.008842961634170088
2015-11-03,14.539999961853027,2.2,1.43,0.008842961634170088
2015-11-04,15.510000228881836,2.23,1.43,0.008842961634170088
2015-11-05,15.050000190734863,2.25,1.41,0.008842961634170088
2015-11-06,14.329999923706056,2.26,1.41,0.008842961634170088
2015-11-09,16.520000457763672,2.34,1.44,0.008842961634170088
2015-11-10,15.289999961853027,2.36,1.47,0.008842961634170088
2015-11-11,16.059999465942383,2.32,1.45,0.008842961634170088
2015-11-12,18.3700008392334,2.32,1.45,0.008842961634170088
2015-11-13,20.07999992370605,2.32,1.43,0.008842961634170088
2015-11-16,18.15999984741211,2.28,1.42,0.12761656067050708
2015-11-17,18.84000015258789,2.27,1.39,0.12761656067050708
2015-11-18,16.850000381469727,2.25,1.39,0.12761656067050708
2015-11-19,16.989999771118164,2.27,1.37,0.12761656067050708
2015-11-20,15.470000267028809,2.24,1.33,0.12761656067050708
2015-11-23,15.619999885559082,2.26,1.33,0.12761656067050708
2015-11-24,15.93000030517578,2.25,1.31,0.12761656067050708
2015-11-25,15.1899995803833,2.24,1.31,0.12761656067050708
2015-11-27,15.119999885559082,2.23,1.3,0.12761656067050708
2015-11-30,16.1299991607666,2.22,1.3,0.12761656067050708
2015-12-01,14.670000076293944,2.21,1.27,0.12761656067050708
2015-12-02,15.90999984741211,2.15,1.24,0.12761656067050708
2015-12-03,18.11000061035156,2.18,1.24,0.12761656067050708
2015-12-04,14.8100004196167,2.33,1.37,0.12761656067050708
2015-12-07,15.84000015258789,2.28,1.32,0.12761656067050708
2015-12-08,17.600000381469727,2.23,1.29,0.12761656067050708
2015-12-09,19.61000061035156,2.24,1.3,0.12761656067050708
2015-12-10,19.34000015258789,2.22,1.29,0.12761656067050708
2015-12-11,24.38999938964844,2.24,1.29,0.12761656067050708
2015-12-14,22.729999542236328,2.13,1.25,0.12761656067050708
2015-12-15,20.950000762939453,2.23,1.26,0.12761656067050708
2015-12-16,17.860000610351562,2.28,1.3,0.4363182169185187
2015-12-17,18.940000534057617,2.3,1.28,0.4363182169185187
2015-12-18,20.700000762939453,2.24,1.24,0.4363182169185187
2015-12-21,18.700000762939453,2.19,1.22,0.4363182169185187
2015-12-22,16.600000381469727,2.2,1.24,0.4363182169185187
2015-12-23,15.56999969482422,2.24,1.25,0.4363182169185187
2015-12-24,15.739999771118164,2.27,1.26,0.4363182169185187
2015-12-28,16.90999984741211,2.25,1.22,0.4363182169185187
2015-12-29,16.079999923706055,2.24,1.19,0.4363182169185187
2015-12-30,17.290000915527344,2.32,1.23,0.4363182169185187
2015-12-31,18.209999084472656,2.31,1.23,0.4363182169185187
2016-01-04,20.700000762939453,2.27,1.21,0.4363182169185187
2016-01-05,19.34000015258789,2.24,1.22,0.4363182169185187
2016-01-06,20.59000015258789,2.25,1.21,0.4363182169185187
2016-01-07,24.989999771118164,2.18,1.19,0.4363182169185187
2016-01-08,27.01000022888184,2.16,1.2,0.4363182169185187
2016-01-11,24.299999237060547,2.13,1.19,0.4363182169185187
2016-01-12,22.46999931335449,2.17,1.23,0.4363182169185187
2016-01-13,25.21999931335449,2.12,1.19,0.4363182169185187
2016-01-14,23.950000762939453,2.08,1.17,0.4363182169185187
2016-01-15,27.020000457763672,2.1,1.2,0.4363182169185187
2016-01-19,26.049999237060547,2.03,1.18,0.6387247515364791
2016-01-20,27.59000015258789,2.06,1.18,0.6387247515364791
2016-01-21,26.690000534057617,2.01,1.16,0.6387247515364791
2016-01-22,22.34000015258789,2.02,1.18,0.6387247515364791
2016-01-25,24.149999618530277,2.07,1.19,0.6387247515364791
2016-01-26,22.5,2.03,1.15,0.6387247515364791
2016-01-27,23.11000061035156,2.01,1.16,0.6387247515364791
2016-01-28,22.420000076293945,2.02,1.18,0.6387247515364791
2016-01-29,20.200000762939453,2.0,1.17,0.6387247515364791
2016-02-01,19.979999542236328,1.94,1.18,0.6387247515364791
2016-02-02,21.979999542236328,1.97,1.16,0.6387247515364791
2016-02-03,21.649999618530277,1.87,1.12,0.6387247515364791
2016-02-04,21.84000015258789,1.88,1.16,0.6387247515364791
2016-02-05,23.3799991607666,1.87,1.17,0.6387247515364791
2016-02-08,26.0,1.86,1.12,0.6387247515364791
2016-02-09,26.540000915527344,1.75,1.09,0.6387247515364791
2016-02-10,26.290000915527344,1.74,1.05,0.6387247515364791
2016-02-11,28.13999938964844,1.71,1.0,0.6387247515364791
2016-02-12,25.399999618530277,1.63,0.99,0.6387247515364791
2016-02-16,24.11000061035156,1.74,1.03,1.2375025026943876
2016-02-17,22.309999465942383,1.78,1.04,1.2375025026943876
2016-02-18,21.63999938964844,1.81,1.07,1.2375025026943876
2016-02-19,20.530000686645508,1.75,1.04,1.2375025026943876
2016-02-22,19.3799991607666,1.76,1.0,1.2375025026943876
2016-02-23,20.979999542236328,1.77,0.99,1.2375025026943876
2016-02-24,20.71999931335449,1.74,0.98,1.2375025026943876
2016-02-25,19.11000061035156,1.75,1.0,1.2375025026943876
2016-02-26,19.809999465942383,1.71,0.99,1.2375025026943876
2016-02-29,20.549999237060547,1.76,0.96,1.2375025026943876
2016-03-01,17.700000762939453,1.74,0.96,1.2375025026943876
2016-03-02,17.09000015258789,1.83,0.98,1.2375025026943876
2016-03-03,16.700000762939453,1.84,0.99,1.2375025026943876
2016-03-04,16.860000610351562,1.83,0.98,1.2375025026943876
2016-03-07,17.350000381469727,1.88,1.0,1.2375025026943876
2016-03-08,18.670000076293945,1.91,1.0,1.2375025026943876
2016-03-09,18.34000015258789,1.83,0.95,1.2375025026943876
2016-03-10,18.049999237060547,1.9,1.0,1.2375025026943876
2016-03-11,16.5,1.93,1.0,1.2375025026943876
2016-03-14,16.920000076293945,1.98,1.01,1.2375025026943876
2016-03-15,16.84000015258789,1.97,1.0,1.2375025026943876
2016-03-16,14.989999771118164,1.97,0.99,0.8472775790126619
2016-03-17,14.4399995803833,1.94,1.07,0.8472775790126619
2016-03-18,14.020000457763672,1.91,1.04,0.8472775790126619
2016-03-21,13.789999961853027,1.88,1.04,0.8472775790126619
2016-03-22,14.170000076293944,1.92,1.05,0.8472775790126619
2016-03-23,14.9399995803833,1.94,1.03,0.8472775790126619
2016-03-24,14.739999771118164,1.88,1.01,0.8472775790126619
2016-03-28,15.239999771118164,1.91,1.02,0.8472775790126619
2016-03-29,13.81999969482422,1.89,1.0,0.8472775790126619
2016-03-30,13.5600004196167,1.81,1.03,0.8472775790126619
2016-03-31,13.949999809265137,1.83,1.07,0.8472775790126619
2016-04-01,13.100000381469728,1.78,1.05,0.8472775790126619
2016-04-04,14.119999885559082,1.79,1.03,0.8472775790126619
2016-04-05,15.420000076293944,1.78,1.03,0.8472775790126619
2016-04-06,14.09000015258789,1.73,1.01,0.8472775790126619
2016-04-07,16.15999984741211,1.76,1.03,0.8472775790126619
2016-04-08,15.359999656677246,1.7,1.0,0.8472775790126619
2016-04-11,16.260000228881836,1.72,1.02,0.8472775790126619
2016-04-12,14.850000381469728,1.73,1.03,0.8472775790126619
2016-04-13,13.84000015258789,1.79,1.05,0.8472775790126619
2016-04-14,13.720000267028809,1.77,1.02,0.8472775790126619
2016-04-15,13.619999885559082,1.8,1.03,0.8472775790126619
2016-04-18,13.350000381469728,1.76,1.02,0.8916160965521946
2016-04-19,13.239999771118164,1.78,1.03,0.8916160965521946
2016-04-20,13.279999732971191,1.79,1.02,0.8916160965521946
2016-04-21,13.949999809265137,1.85,1.05,0.8916160965521946
2016-04-22,13.220000267028809,1.88,1.06,0.8916160965521946
2016-04-25,14.079999923706056,1.89,1.05,0.8916160965521946
2016-04-26,13.960000038146973,1.91,1.06,0.8916160965521946
2016-04-27,13.770000457763672,1.94,1.08,0.8916160965521946
2016-04-28,15.220000267028809,1.87,1.04,0.8916160965521946
2016-04-29,15.699999809265137,1.84,1.06,0.8916160965521946
2016-05-02,14.68000030517578,1.83,1.06,0.8916160965521946
2016-05-03,15.600000381469728,1.88,1.08,0.8916160965521946
2016-05-04,16.049999237060547,1.81,1.06,0.8916160965521946
2016-05-05,15.90999984741211,1.79,1.04,0.8916160965521946
2016-05-06,14.720000267028809,1.76,1.04,0.8916160965521946
2016-05-09,14.56999969482422,1.79,1.05,0.8916160965521946
2016-05-10,13.630000114440918,1.77,1.05,0.8916160965521946
2016-05-11,14.6899995803833,1.77,1.05,0.8916160965521946
2016-05-12,14.40999984741211,1.73,0.99,0.8916160965521946
2016-05-13,15.039999961853027,1.75,0.99,0.8916160965521946
2016-05-16,14.68000030517578,1.71,0.95,1.1726257503534843
2016-05-17,15.56999969482422,1.75,0.96,1.1726257503534843
2016-05-18,15.949999809265137,1.76,0.94,1.1726257503534843
2016-05-19,16.329999923706055,1.87,0.97,1.1726257503534843
2016-05-20,15.199999809265137,1.85,0.96,1.1726257503534843
2016-05-23,15.81999969482422,1.85,0.96,1.1726257503534843
2016-05-24,14.420000076293944,1.84,0.93,1.1726257503534843
2016-05-25,13.899999618530272,1.86,0.94,1.1726257503534843
2016-05-26,13.43000030517578,1.87,0.95,1.1726257503534843
2016-05-27,13.119999885559082,1.83,0.96,1.1726257503534843
2016-05-31,14.1899995803833,1.85,0.95,1.1726257503534843
2016-06-01,14.199999809265137,1.84,0.97,1.1726257503534843
2016-06-02,13.630000114440918,1.85,0.94,1.1726257503534843
2016-06-03,13.470000267028809,1.81,0.92,1.1726257503534843
2016-06-06,13.649999618530272,1.71,0.93,1.1726257503534843
2016-06-07,14.050000190734863,1.73,0.93,1.1726257503534843
2016-06-08,14.079999923706056,1.72,0.94,1.1726257503534843
2016-06-09,14.640000343322754,1.71,0.93,1.1726257503534843
2016-06-10,17.030000686645508,1.68,0.91,1.1726257503534843
2016-06-13,20.96999931335449,1.64,0.91,1.1726257503534843
2016-06-14,20.5,1.62,0.89,1.1726257503534843
2016-06-15,20.13999938964844,1.62,0.88,1.1726257503534843
2016-06-16,19.3700008392334,1.6,0.91,1.0784764621246223
2016-06-17,19.40999984741211,1.57,0.87,1.0784764621246223
2016-06-20,18.3700008392334,1.62,0.92,1.0784764621246223
2016-06-21,18.479999542236328,1.67,0.93,1.0784764621246223
2016-06-22,21.170000076293945,1.71,0.95,1.0784764621246223
2016-06-23,17.25,1.69,0.94,1.0784764621246223
2016-06-24,25.76000022888184,1.74,0.96,1.0784764621246223
2016-06-27,23.850000381469727,1.57,0.93,1.0784764621246223
2016-06-28,18.75,1.46,0.85,1.0784764621246223
2016-06-29,16.639999389648438,1.46,0.85,1.0784764621246223
2016-06-30,15.630000114440918,1.5,0.88,1.0784764621246223
2016-07-01,14.770000457763672,1.49,0.91,1.0784764621246223
2016-07-05,15.579999923706056,1.46,0.87,1.0784764621246223
2016-07-06,14.960000038146973,1.37,0.81,1.0784764621246223
2016-07-07,14.760000228881836,1.38,0.8,1.0784764621246223
2016-07-08,13.199999809265137,1.4,0.82,1.0784764621246223
2016-07-11,13.539999961853027,1.37,0.76,1.0784764621246223
2016-07-12,13.550000190734863,1.43,0.77,1.0784764621246223
2016-07-13,13.039999961853027,1.53,0.84,1.0784764621246223
2016-07-14,12.81999969482422,1.48,0.8,1.0784764621246223
2016-07-15,12.670000076293944,1.53,0.85,1.0784764621246223
2016-07-18,12.4399995803833,1.6,0.89,1.0792865347959424
2016-07-19,11.970000267028809,1.59,0.91,1.0792865347959424
2016-07-20,11.770000457763672,1.56,0.86,1.0792865347959424
2016-07-21,12.739999771118164,1.59,0.86,1.0792865347959424
2016-07-22,12.020000457763672,1.57,0.87,1.0792865347959424
2016-07-25,12.869999885559082,1.57,0.86,1.0792865347959424
2016-07-26,13.050000190734863,1.58,0.86,1.0792865347959424
2016-07-27,12.829999923706056,1.57,0.82,1.0792865347959424
2016-07-28,12.720000267028809,1.52,0.79,1.0792865347959424
2016-07-29,11.869999885559082,1.52,0.8,1.0792865347959424
2016-08-01,12.4399995803833,1.46,0.79,1.0792865347959424
2016-08-02,13.369999885559082,1.51,0.84,1.0792865347959424
2016-08-03,12.859999656677246,1.55,0.88,1.0792865347959424
2016-08-04,12.420000076293944,1.55,0.88,1.0792865347959424
2016-08-05,11.390000343322754,1.51,0.87,1.0792865347959424
2016-08-08,11.5,1.59,0.87,1.0792865347959424
2016-08-09,11.65999984741211,1.59,0.85,1.0792865347959424
2016-08-10,12.050000190734863,1.55,0.84,1.0792865347959424
2016-08-11,11.68000030517578,1.5,0.81,1.0792865347959424
2016-08-12,11.550000190734863,1.57,0.81,1.0792865347959424
2016-08-15,11.8100004196167,1.51,0.8,1.0792865347959424
2016-08-16,12.640000343322754,1.55,0.83,0.8683633430518256
2016-08-17,12.1899995803833,1.57,0.81,0.8683633430518256
2016-08-18,11.43000030517578,1.56,0.82,0.8683633430518256
2016-08-19,11.34000015258789,1.53,0.82,0.8683633430518256
2016-08-22,12.270000457763672,1.58,0.82,0.8683633430518256
2016-08-23,12.380000114440918,1.55,0.79,0.8683633430518256
2016-08-24,13.449999809265137,1.55,0.81,0.8683633430518256
2016-08-25,13.630000114440918,1.56,0.8,0.8683633430518256
2016-08-26,13.649999618530272,1.58,0.8,0.8683633430518256
2016-08-29,12.9399995803833,1.62,0.78,0.8683633430518256
2016-08-30,13.119999885559082,1.57,0.76,0.8683633430518256
2016-08-31,13.420000076293944,1.57,0.77,0.8683633430518256
2016-09-01,13.479999542236328,1.58,0.78,0.8683633430518256
2016-09-02,11.979999542236328,1.57,0.79,0.8683633430518256
2016-09-06,12.020000457763672,1.6,0.8,0.8683633430518256
2016-09-07,11.9399995803833,1.55,0.81,0.8683633430518256
2016-09-08,12.510000228881836,1.54,0.8,0.8683633430518256
2016-09-09,17.5,1.61,0.83,0.8683633430518256
2016-09-12,15.15999984741211,1.67,0.88,0.8683633430518256
2016-09-13,17.850000381469727,1.68,0.89,0.8683633430518256
2016-09-14,18.13999938964844,1.73,0.93,0.8683633430518256
2016-09-15,16.299999237060547,1.7,0.93,0.8683633430518256
2016-09-16,15.369999885559082,1.71,0.97,1.0553158595656864
2016-09-19,15.529999732971191,1.7,0.93,1.0553158595656864
2016-09-20,15.920000076293944,1.7,0.91,1.0553158595656864
2016-09-21,13.300000190734863,1.69,0.9,1.0553158595656864
2016-09-22,12.020000457763672,1.66,0.87,1.0553158595656864
2016-09-23,12.289999961853027,1.63,0.84,1.0553158595656864
2016-09-26,14.5,1.62,0.85,1.0553158595656864
2016-09-27,13.100000381469728,1.59,0.83,1.0553158595656864
2016-09-28,12.390000343322754,1.56,0.81,1.0553158595656864
2016-09-29,14.020000457763672,1.57,0.82,1.0553158595656864
2016-09-30,13.289999961853027,1.56,0.83,1.0553158595656864
2016-10-03,13.56999969482422,1.6,0.83,1.0553158595656864
2016-10-04,13.630000114440918,1.63,0.83,1.0553158595656864
2016-10-05,12.989999771118164,1.69,0.87,1.0553158595656864
2016-10-06,12.84000015258789,1.72,0.87,1.0553158595656864
2016-10-07,13.479999542236328,1.75,0.89,1.0553158595656864
2016-10-10,13.380000114440918,1.73,0.9,1.0553158595656864
2016-10-11,15.359999656677246,1.73,0.9,1.0553158595656864
2016-10-12,15.90999984741211,1.77,0.9,1.0553158595656864
2016-10-13,16.690000534057617,1.79,0.92,1.0553158595656864
2016-10-14,16.1200008392334,1.75,0.9,1.0553158595656864
2016-10-17,16.209999084472656,1.8,0.96,1.5486446201652182
2016-10-18,15.279999732971191,1.77,0.96,1.5486446201652182
2016-10-19,14.40999984741211,1.75,0.93,1.5486446201652182
2016-10-20,13.75,1.76,0.95,1.5486446201652182
2016-10-21,13.34000015258789,1.76,0.92,1.5486446201652182
2016-10-24,13.020000457763672,1.74,0.9,1.5486446201652182
2016-10-25,13.460000038146973,1.77,0.93,1.5486446201652182
2016-10-26,14.239999771118164,1.77,0.91,1.5486446201652182
2016-10-27,15.359999656677246,1.79,0.93,1.5486446201652182
2016-10-28,16.190000534057617,1.85,0.98,1.5486446201652182
2016-10-31,17.059999465942383,1.86,1.0,1.5486446201652182
2016-11-01,18.559999465942383,1.84,0.98,1.5486446201652182
2016-11-02,19.31999969482422,1.83,1.0,1.5486446201652182
2016-11-03,22.07999992370605,1.81,1.0,1.5486446201652182
2016-11-04,22.51000022888184,1.82,1.01,1.5486446201652182
2016-11-07,18.709999084472656,1.79,0.99,1.5486446201652182
2016-11-08,18.739999771118164,1.83,1.01,1.5486446201652182
2016-11-09,14.380000114440918,1.88,1.01,1.5486446201652182
2016-11-10,14.739999771118164,2.07,1.17,1.5486446201652182
2016-11-11,14.170000076293944,2.15,1.23,1.5486446201652182
2016-11-14,14.479999542236328,2.15,1.23,1.5486446201652182
2016-11-15,13.369999885559082,2.23,1.23,1.5486446201652182
2016-11-16,13.720000267028809,2.23,1.21,1.685924966243646
2016-11-17,13.350000381469728,2.22,1.22,1.685924966243646
2016-11-18,12.850000381469728,2.29,1.25,1.685924966243646
2016-11-21,12.420000076293944,2.34,1.27,1.685924966243646
2016-11-22,12.40999984741211,2.33,1.25,1.685924966243646
2016-11-23,12.43000030517578,2.31,1.24,1.685924966243646
2016-11-25,12.34000015258789,2.36,1.24,1.685924966243646
2016-11-28,13.149999618530272,2.36,1.24,1.685924966243646
2016-11-29,12.899999618530272,2.32,1.21,1.685924966243646
2016-11-30,13.329999923706056,2.3,1.21,1.685924966243646
2016-12-01,14.06999969482422,2.37,1.26,1.685924966243646
2016-12-02,14.119999885559082,2.45,1.31,1.685924966243646
2016-12-05,12.140000343322754,2.4,1.29,1.685924966243646
2016-12-06,11.789999961853027,2.39,1.26,1.685924966243646
2016-12-07,12.220000267028809,2.39,1.27,1.685924966243646
2016-12-08,12.640000343322754,2.34,1.24,1.685924966243646
2016-12-09,11.75,2.4,1.28,1.685924966243646
2016-12-12,12.640000343322754,2.47,1.32,1.685924966243646
2016-12-13,12.720000267028809,2.49,1.34,1.685924966243646
2016-12-14,13.1899995803833,2.48,1.31,1.685924966243646
2016-12-15,12.789999961853027,2.54,1.27,1.685924966243646
2016-12-16,12.199999809265137,2.6,1.31,1.6843334719788938
2016-12-19,11.710000038146973,2.6,1.32,1.6843334719788938
2016-12-20,11.449999809265137,2.54,1.3,1.6843334719788938
2016-12-21,11.270000457763672,2.57,1.32,1.6843334719788938
2016-12-22,11.43000030517578,2.55,1.34,1.6843334719788938
2016-12-23,11.4399995803833,2.55,1.33,1.6843334719788938
2016-12-27,11.989999771118164,2.55,1.33,1.6843334719788938
2016-12-28,12.949999809265137,2.57,1.29,1.6843334719788938
2016-12-29,13.369999885559082,2.51,1.25,1.6843334719788938
2016-12-30,14.039999961853027,2.49,1.27,1.6843334719788938
2017-01-03,12.850000381469728,2.45,1.25,1.6843334719788938
2017-01-04,11.850000381469728,2.45,1.23,1.6843334719788938
2017-01-05,11.670000076293944,2.46,1.22,1.6843334719788938
2017-01-06,11.31999969482422,2.37,1.2,1.6843334719788938
2017-01-09,11.5600004196167,2.42,1.2,1.6843334719788938
2017-01-10,11.489999771118164,2.38,1.17,1.6843334719788938
2017-01-11,11.260000228881836,2.38,1.19,1.6843334719788938
2017-01-12,11.539999961853027,2.38,1.18,1.6843334719788938
2017-01-13,11.229999542236328,2.36,1.18,1.6843334719788938
2017-01-17,11.869999885559082,2.4,1.19,2.0507989115119862
2017-01-18,12.479999542236328,2.33,1.16,2.0507989115119862
2017-01-19,12.779999732971191,2.42,1.19,2.0507989115119862
2017-01-20,11.539999961853027,2.47,1.22,2.0507989115119862
2017-01-23,11.770000457763672,2.48,1.28,2.0507989115119862
2017-01-24,11.06999969482422,2.41,1.25,2.0507989115119862
2017-01-25,10.8100004196167,2.47,1.26,2.0507989115119862
2017-01-26,10.630000114440918,2.53,1.3,2.0507989115119862
2017-01-27,10.579999923706056,2.51,1.3,2.0507989115119862
2017-01-30,11.880000114440918,2.49,1.27,2.0507989115119862
2017-01-31,11.989999771118164,2.49,1.27,2.0507989115119862
2017-02-01,11.8100004196167,2.45,1.26,2.0507989115119862
2017-02-02,11.93000030517578,2.48,1.26,2.0507989115119862
2017-02-03,10.970000267028809,2.48,1.27,2.0507989115119862
2017-02-06,11.369999885559082,2.49,1.28,2.0507989115119862
2017-02-07,11.289999961853027,2.42,1.26,2.0507989115119862
2017-02-08,11.449999809265137,2.4,1.24,2.0507989115119862
2017-02-09,10.880000114440918,2.34,1.19,2.0507989115119862
2017-02-10,10.850000381469728,2.4,1.2,2.0507989115119862
2017-02-13,11.06999969482422,2.41,1.21,2.0507989115119862
2017-02-14,10.739999771118164,2.43,1.23,2.0507989115119862
2017-02-15,11.970000267028809,2.47,1.22,2.0507989115119862
2017-02-16,11.760000228881836,2.51,1.24,2.5103933482571117
2017-02-17,11.489999771118164,2.45,1.23,2.5103933482571117
2017-02-21,11.56999969482422,2.42,1.21,2.5103933482571117
2017-02-22,11.739999771118164,2.43,1.21,2.5103933482571117
2017-02-23,11.710000038146973,2.42,1.2,2.5103933482571117
2017-02-24,11.470000267028809,2.38,1.2,2.5103933482571117
2017-02-27,12.09000015258789,2.31,1.19,2.5103933482571117
2017-02-28,12.920000076293944,2.36,1.16,2.5103933482571117
2017-03-01,12.539999961853027,2.36,1.14,2.5103933482571117
2017-03-02,11.8100004196167,2.46,1.17,2.5103933482571117
2017-03-03,10.960000038146973,2.49,1.17,2.5103933482571117
2017-03-06,11.239999771118164,2.49,1.17,2.5103933482571117
2017-03-07,11.449999809265137,2.49,1.18,2.5103933482571117
2017-03-08,11.859999656677246,2.52,1.2,2.5103933482571117
2017-03-09,12.300000190734863,2.57,1.21,2.5103933482571117
2017-03-10,11.65999984741211,2.6,1.23,2.5103933482571117
2017-03-13,11.350000381469728,2.58,1.22,2.5103933482571117
2017-03-14,12.300000190734863,2.62,1.22,2.5103933482571117
2017-03-15,11.630000114440918,2.6,1.2,2.5103933482571117
2017-03-16,11.210000038146973,2.51,1.18,2.8103616813294208
2017-03-17,11.279999732971191,2.53,1.18,2.8103616813294208
2017-03-20,11.34000015258789,2.5,1.17,2.8103616813294208
2017-03-21,12.470000267028809,2.47,1.17,2.8103616813294208
2017-03-22,12.8100004196167,2.43,1.16,2.8103616813294208
2017-03-23,13.119999885559082,2.4,1.13,2.8103616813294208
2017-03-24,12.960000038146973,2.41,1.15,2.8103616813294208
2017-03-27,12.5,2.4,1.14,2.8103616813294208
2017-03-28,11.529999732971191,2.38,1.11,2.8103616813294208
2017-03-29,11.420000076293944,2.42,1.12,2.8103616813294208
2017-03-30,11.539999961853027,2.39,1.13,2.8103616813294208
2017-03-31,12.369999885559082,2.42,1.14,2.8103616813294208
2017-04-03,12.380000114440918,2.4,1.13,2.8103616813294208
2017-04-04,11.789999961853027,2.35,1.11,2.8103616813294208
2017-04-05,12.890000343322754,2.36,1.11,2.8103616813294208
2017-04-06,12.390000343322754,2.34,1.1,2.8103616813294208
2017-04-07,12.869999885559082,2.34,1.1,2.8103616813294208
2017-04-10,14.050000190734863,2.38,1.09,2.8103616813294208
2017-04-11,15.06999969482422,2.37,1.08,2.8103616813294208
2017-04-12,15.770000457763672,2.32,1.08,2.8103616813294208
2017-04-13,15.960000038146973,2.28,1.04,2.8103616813294208
2017-04-17,14.65999984741211,2.24,1.03,2.44119623655914
2017-04-18,14.420000076293944,2.26,1.05,2.44119623655914
2017-04-19,14.93000030517578,2.18,1.0,2.44119623655914
2017-04-20,14.149999618530272,2.21,1.02,2.44119623655914
2017-04-21,14.630000114440918,2.24,1.03,2.44119623655914
2017-04-24,10.84000015258789,2.24,1.04,2.44119623655914
2017-04-25,10.760000228881836,2.28,1.03,2.44119623655914
2017-04-26,10.850000381469728,2.35,1.06,2.44119623655914
2017-04-27,10.359999656677246,2.32,1.04,2.44119623655914
2017-04-28,10.81999969482422,2.3,1.05,2.44119623655914
2017-05-01,10.109999656677246,2.29,1.01,2.44119623655914
2017-05-02,10.59000015258789,2.33,1.05,2.44119623655914
2017-05-03,10.68000030517578,2.29,1.02,2.44119623655914
2017-05-04,10.460000038146973,2.33,1.03,2.44119623655914
2017-05-05,10.56999969482422,2.36,1.04,2.44119623655914
2017-05-08,9.770000457763672,2.36,1.04,2.44119623655914
2017-05-09,9.960000038146973,2.39,1.06,2.44119623655914
2017-05-10,10.210000038146973,2.42,1.05,2.44119623655914
2017-05-11,10.600000381469728,2.41,1.06,2.44119623655914
2017-05-12,10.399999618530272,2.39,1.04,2.44119623655914
2017-05-15,10.420000076293944,2.33,1.04,2.44119623655914
2017-05-16,10.649999618530272,2.34,1.03,2.176223471915395
2017-05-17,15.59000015258789,2.33,1.04,2.176223471915395
2017-05-18,14.65999984741211,2.22,0.96,2.176223471915395
2017-05-19,12.039999961853027,2.23,0.96,2.176223471915395
2017-05-22,10.93000030517578,2.23,0.95,2.176223471915395
2017-05-23,10.720000267028809,2.25,0.96,2.176223471915395
2017-05-24,10.020000457763672,2.29,0.98,2.176223471915395
2017-05-25,9.989999771118164,2.26,0.97,2.176223471915395
2017-05-26,9.8100004196167,2.25,0.95,2.176223471915395
2017-05-30,10.380000114440918,2.25,0.95,2.176223471915395
2017-05-31,10.40999984741211,2.21,0.93,2.176223471915395
2017-06-01,9.890000343322754,2.21,0.93,2.176223471915395
2017-06-02,9.75,2.21,0.93,2.176223471915395
2017-06-05,10.06999969482422,2.15,0.87,2.176223471915395
2017-06-06,10.449999809265137,2.18,0.86,2.176223471915395
2017-06-07,10.390000343322754,2.14,0.84,2.176223471915395
2017-06-08,10.15999984741211,2.18,0.86,2.176223471915395
2017-06-09,10.699999809265137,2.19,0.86,2.176223471915395
2017-06-12,11.460000038146973,2.21,0.86,2.176223471915395
2017-06-13,10.420000076293944,2.21,0.86,2.176223471915395
2017-06-14,10.640000343322754,2.21,0.83,2.176223471915395
2017-06-15,10.899999618530272,2.15,0.8,2.176223471915395
2017-06-16,10.380000114440918,2.16,0.81,1.8563431667619756
2017-06-19,10.369999885559082,2.16,0.84,1.8563431667619756
2017-06-20,10.859999656677246,2.19,0.83,1.8563431667619756
2017-06-21,10.75,2.16,0.8,1.8563431667619756
2017-06-22,10.479999542236328,2.16,0.8,1.8563431667619756
2017-06-23,10.020000457763672,2.15,0.81,1.8563431667619756
2017-06-26,9.899999618530272,2.15,0.81,1.8563431667619756
2017-06-27,11.0600004196167,2.14,0.78,1.8563431667619756
2017-06-28,10.029999732971191,2.21,0.83,1.8563431667619756
2017-06-29,11.4399995803833,2.22,0.88,1.8563431667619756
2017-06-30,11.18000030517578,2.27,0.89,1.8563431667619756
2017-07-03,11.220000267028809,2.31,0.93,1.8563431667619756
2017-07-05,11.06999969482422,2.35,0.94,1.8563431667619756
2017-07-06,12.539999961853027,2.33,0.92,1.8563431667619756
2017-07-07,11.1899995803833,2.37,0.97,1.8563431667619756
2017-07-10,11.109999656677246,2.39,0.99,1.8563431667619756
2017-07-11,10.890000343322754,2.38,0.98,1.8563431667619756
2017-07-12,10.300000190734863,2.37,1.0,1.8563431667619756
2017-07-13,9.899999618530272,2.33,0.98,1.8563431667619756
2017-07-14,9.510000228881836,2.35,0.98,1.8563431667619756
2017-07-17,9.81999969482422,2.33,0.98,1.640565809959127
2017-07-18,9.890000343322754,2.31,0.95,1.640565809959127
2017-07-19,9.789999961853027,2.27,0.91,1.640565809959127
2017-07-20,9.579999923706056,2.27,0.9,1.640565809959127
2017-07-21,9.359999656677246,2.27,0.9,1.640565809959127
2017-07-24,9.43000030517578,2.24,0.88,1.640565809959127
2017-07-25,9.43000030517578,2.26,0.89,1.640565809959127
2017-07-26,9.600000381469728,2.33,0.93,1.640565809959127
2017-07-27,10.109999656677246,2.29,0.93,1.640565809959127
2017-07-28,10.289999961853027,2.32,0.96,1.640565809959127
2017-07-31,10.260000228881836,2.3,0.96,1.640565809959127
2017-08-01,10.09000015258789,2.3,0.96,1.640565809959127
2017-08-02,10.279999732971191,2.26,0.92,1.640565809959127
2017-08-03,10.4399995803833,2.27,0.91,1.640565809959127
2017-08-04,10.029999732971191,2.24,0.9,1.640565809959127
2017-08-07,9.93000030517578,2.27,0.91,1.640565809959127
2017-08-08,10.960000038146973,2.26,0.9,1.640565809959127
2017-08-09,11.109999656677246,2.29,0.93,1.640565809959127
2017-08-10,16.040000915527344,2.24,0.91,1.640565809959127
2017-08-11,15.510000228881836,2.2,0.87,1.640565809959127
2017-08-14,12.329999923706056,2.19,0.89,1.640565809959127
2017-08-15,12.039999961853027,2.22,0.89,1.640565809959127
2017-08-16,11.739999771118164,2.27,0.92,1.7251073506566073
2017-08-17,15.550000190734863,2.23,0.9,1.7251073506566073
2017-08-18,14.260000228881836,2.19,0.87,1.7251073506566073
2017-08-21,13.1899995803833,2.19,0.86,1.7251073506566073
2017-08-22,11.350000381469728,2.18,0.86,1.7251073506566073
2017-08-23,12.25,2.22,0.89,1.7251073506566073
2017-08-24,12.229999542236328,2.17,0.85,1.7251073506566073
2017-08-25,11.279999732971191,2.19,0.86,1.7251073506566073
2017-08-28,11.31999969482422,2.17,0.82,1.7251073506566073
2017-08-29,11.699999809265137,2.16,0.83,1.7251073506566073
2017-08-30,11.220000267028809,2.13,0.8,1.7251073506566073
2017-08-31,10.59000015258789,2.15,0.82,1.7251073506566073
2017-09-01,10.130000114440918,2.12,0.79,1.7251073506566073
2017-09-05,12.229999542236328,2.16,0.81,1.7251073506566073
2017-09-06,11.630000114440918,2.07,0.77,1.7251073506566073
2017-09-07,11.550000190734863,2.1,0.8,1.7251073506566073
2017-09-08,12.119999885559082,2.05,0.78,1.7251073506566073
2017-09-11,10.729999542236328,2.06,0.79,1.7251073506566073
2017-09-12,10.579999923706056,2.14,0.82,1.7251073506566073
2017-09-13,10.5,2.17,0.84,1.7251073506566073
2017-09-14,10.4399995803833,2.2,0.85,1.7251073506566073
2017-09-15,10.170000076293944,2.2,0.83,1.7251073506566073
2017-09-18,10.149999618530272,2.2,0.81,1.92812155729698
2017-09-19,10.18000030517578,2.23,0.83,1.92812155729698
2017-09-20,9.779999732971191,2.24,0.84,1.92812155729698
2017-09-21,9.670000076293944,2.28,0.83,1.92812155729698
2017-09-22,9.59000015258789,2.27,0.82,1.92812155729698
2017-09-25,10.210000038146973,2.26,0.8,1.92812155729698
2017-09-26,10.170000076293944,2.22,0.78,1.92812155729698
2017-09-27,9.869999885559082,2.24,0.79,1.92812155729698
2017-09-28,9.550000190734863,2.31,0.84,1.92812155729698
2017-09-29,9.510000228881836,2.31,0.86,1.92812155729698
2017-10-02,9.449999809265137,2.33,0.86,1.92812155729698
2017-10-03,9.510000228881836,2.34,0.85,1.92812155729698
2017-10-04,9.630000114440918,2.33,0.86,1.92812155729698
2017-10-05,9.1899995803833,2.33,0.86,1.92812155729698
2017-10-06,9.649999618530272,2.35,0.86,1.92812155729698
2017-10-09,10.329999923706056,2.37,0.83,1.92812155729698
2017-10-10,10.079999923706056,2.37,0.83,1.92812155729698
2017-10-11,9.850000381469728,2.35,0.84,1.92812155729698
2017-10-12,9.90999984741211,2.35,0.84,1.92812155729698
2017-10-13,9.609999656677246,2.33,0.82,1.92812155729698
2017-10-16,9.90999984741211,2.28,0.77,2.1805652303711787
2017-10-17,10.3100004196167,2.3,0.76,2.1805652303711787
2017-10-18,10.06999969482422,2.3,0.76,2.1805652303711787
2017-10-19,10.050000190734863,2.34,0.75,2.1805652303711787
2017-10-20,9.970000267028809,2.33,0.75,2.1805652303711787
2017-10-23,11.06999969482422,2.39,0.79,2.1805652303711787
2017-10-24,11.15999984741211,2.38,0.8,2.1805652303711787
2017-10-25,11.229999542236328,2.42,0.82,2.1805652303711787
2017-10-26,11.300000190734863,2.44,0.83,2.1805652303711787
2017-10-27,9.800000190734863,2.46,0.83,2.1805652303711787
2017-10-30,10.5,2.42,0.83,2.1805652303711787
2017-10-31,10.18000030517578,2.37,0.79,2.1805652303711787
2017-11-01,10.199999809265137,2.38,0.78,2.1805652303711787
2017-11-02,9.93000030517578,2.37,0.76,2.1805652303711787
2017-11-03,9.140000343322754,2.35,0.74,2.1805652303711787
2017-11-06,9.399999618530272,2.34,0.71,2.1805652303711787
2017-11-07,9.890000343322754,2.32,0.71,2.1805652303711787
2017-11-08,9.779999732971191,2.32,0.69,2.1805652303711787
2017-11-09,10.5,2.32,0.67,2.1805652303711787
2017-11-10,11.289999961853027,2.33,0.7,2.1805652303711787
2017-11-13,11.5,2.4,0.73,2.1805652303711787
2017-11-14,11.59000015258789,2.4,0.7,2.1805652303711787
2017-11-15,13.130000114440918,2.38,0.7,2.1805652303711787
2017-11-16,11.760000228881836,2.33,0.65,2.020757753132485
2017-11-17,11.43000030517578,2.37,0.65,2.020757753132485
2017-11-20,10.649999618530272,2.35,0.62,2.020757753132485
2017-11-21,9.729999542236328,2.37,0.6,2.020757753132485
2017-11-22,9.880000114440918,2.36,0.59,2.020757753132485
2017-11-24,9.670000076293944,2.32,0.58,2.020757753132485
2017-11-27,9.869999885559082,2.34,0.59,2.020757753132485
2017-11-28,10.029999732971191,2.32,0.58,2.020757753132485
2017-11-29,10.699999809265137,2.34,0.59,2.020757753132485
2017-11-30,11.279999732971191,2.37,0.59,2.020757753132485
2017-12-01,11.43000030517578,2.42,0.64,2.020757753132485
2017-12-04,11.68000030517578,2.37,0.59,2.020757753132485
2017-12-05,11.329999923706056,2.37,0.57,2.020757753132485
2017-12-06,11.020000457763672,2.36,0.53,2.020757753132485
2017-12-07,10.15999984741211,2.33,0.55,2.020757753132485
2017-12-08,9.579999923706056,2.37,0.57,2.020757753132485
2017-12-11,9.34000015258789,2.38,0.58,2.020757753132485
2017-12-12,9.920000076293944,2.39,0.57,2.020757753132485
2017-12-13,10.18000030517578,2.4,0.57,2.020757753132485
2017-12-14,10.489999771118164,2.36,0.57,2.020757753132485
2017-12-15,9.420000076293944,2.35,0.53,2.020757753132485
2017-12-18,9.529999732971191,2.35,0.51,2.172493864295566
2017-12-19,10.029999732971191,2.39,0.55,2.172493864295566
2017-12-20,9.720000267028809,2.46,0.59,2.172493864295566
2017-12-21,9.619999885559082,2.49,0.62,2.172493864295566
2017-12-22,9.899999618530272,2.48,0.59,2.172493864295566
2017-12-26,10.25,2.48,0.57,2.172493864295566
2017-12-27,10.470000267028809,2.47,0.55,2.172493864295566
2017-12-28,10.18000030517578,2.42,0.53,2.172493864295566
2017-12-29,11.039999961853027,2.43,0.52,2.172493864295566
2018-01-02,9.770000457763672,2.4,0.51,2.172493864295566
2018-01-03,9.149999618530272,2.46,0.54,2.172493864295566
2018-01-04,9.220000267028809,2.44,0.5,2.172493864295566
2018-01-05,9.220000267028809,2.46,0.5,2.172493864295566
2018-01-08,9.520000457763672,2.47,0.51,2.172493864295566
2018-01-09,10.079999923706056,2.49,0.53,2.172493864295566
2018-01-10,9.81999969482422,2.55,0.57,2.172493864295566
2018-01-11,9.880000114440918,2.55,0.57,2.172493864295566
2018-01-12,10.15999984741211,2.54,0.56,2.172493864295566
2018-01-16,11.65999984741211,2.55,0.56,2.129930719552253
2018-01-17,11.90999984741211,2.54,0.51,2.129930719552253
2018-01-18,12.220000267028809,2.57,0.52,2.129930719552253
2018-01-19,11.270000457763672,2.62,0.57,2.129930719552253
2018-01-22,11.029999732971191,2.64,0.58,2.129930719552253
2018-01-23,11.100000381469728,2.66,0.58,2.129930719552253
2018-01-24,11.470000267028809,2.63,0.57,2.129930719552253
2018-01-25,11.579999923706056,2.65,0.57,2.129930719552253
2018-01-26,11.079999923706056,2.63,0.55,2.129930719552253
2018-01-29,13.84000015258789,2.66,0.53,2.129930719552253
2018-01-30,14.789999961853027,2.7,0.59,2.129930719552253
2018-01-31,13.539999961853027,2.73,0.6,2.129930719552253
2018-02-01,13.470000267028809,2.72,0.58,2.129930719552253
2018-02-02,17.309999465942383,2.78,0.62,2.129930719552253
2018-02-05,37.31999969482422,2.84,0.69,2.129930719552253
2018-02-06,29.979999542236328,2.77,0.69,2.129930719552253
2018-02-07,27.729999542236328,2.79,0.69,2.129930719552253
2018-02-08,33.459999084472656,2.84,0.69,2.129930719552253
2018-02-09,29.059999465942383,2.85,0.72,2.129930719552253
2018-02-12,25.61000061035156,2.83,0.78,2.129930719552253
2018-02-13,24.96999931335449,2.86,0.77,2.129930719552253
2018-02-14,19.26000022888184,2.83,0.73,2.129930719552253
2018-02-15,19.1299991607666,2.91,0.74,2.129930719552253
2018-02-16,19.459999084472656,2.9,0.71,2.151318868063945
2018-02-20,20.600000381469727,2.87,0.66,2.151318868063945
2018-02-21,20.020000457763672,2.88,0.63,2.151318868063945
2018-02-22,18.71999931335449,2.94,0.68,2.151318868063945
2018-02-23,16.489999771118164,2.92,0.67,2.151318868063945
2018-02-26,15.800000190734863,2.88,0.63,2.151318868063945
2018-02-27,18.59000015258789,2.86,0.64,2.151318868063945
2018-02-28,19.850000381469727,2.9,0.63,2.151318868063945
2018-03-01,22.46999931335449,2.87,0.62,2.151318868063945
2018-03-02,19.59000015258789,2.81,0.59,2.151318868063945
2018-03-05,18.729999542236328,2.86,0.61,2.151318868063945
2018-03-06,18.36000061035156,2.88,0.64,2.151318868063945
2018-03-07,17.760000228881836,2.88,0.63,2.151318868063945
2018-03-08,16.540000915527344,2.89,0.64,2.151318868063945
2018-03-09,14.640000343322754,2.86,0.61,2.151318868063945
2018-03-12,15.779999732971191,2.9,0.63,2.151318868063945
2018-03-13,16.350000381469727,2.87,0.6,2.151318868063945
2018-03-14,17.229999542236328,2.84,0.58,2.151318868063945
2018-03-15,16.59000015258789,2.81,0.55,2.151318868063945
2018-03-16,15.800000190734863,2.82,0.53,2.263468931091861
2018-03-19,19.020000457763672,2.85,0.54,2.263468931091861
2018-03-20,18.200000762939453,2.85,0.54,2.263468931091861
2018-03-21,17.860000610351562,2.89,0.55,2.263468931091861
2018-03-22,23.34000015258789,2.89,0.58,2.263468931091861
2018-03-23,24.8700008392334,2.83,0.54,2.263468931091861
2018-03-26,21.030000686645508,2.82,0.54,2.263468931091861
2018-03-27,22.5,2.85,0.52,2.263468931091861
2018-03-28,22.8700008392334,2.78,0.52,2.263468931091861
2018-03-29,19.96999931335449,2.77,0.49,2.263468931091861
2018-04-02,23.6200008392334,2.74,0.47,2.263468931091861
2018-04-03,21.100000381469727,2.73,0.48,2.263468931091861
2018-04-04,20.059999465942383,2.79,0.51,2.263468931091861
2018-04-05,18.940000534057617,2.79,0.51,2.263468931091861
2018-04-06,21.489999771118164,2.83,0.53,2.263468931091861
2018-04-09,21.770000457763672,2.77,0.5,2.263468931091861
2018-04-10,20.46999931335449,2.78,0.49,2.263468931091861
2018-04-11,20.239999771118164,2.8,0.48,2.263468931091861
2018-04-12,18.489999771118164,2.79,0.47,2.263468931091861
2018-04-13,17.40999984741211,2.83,0.49,2.263468931091861
2018-04-16,16.559999465942383,2.82,0.45,2.3309497646499366
2018-04-17,15.25,2.83,0.44,2.3309497646499366
2018-04-18,15.600000381469728,2.82,0.41,2.3309497646499366
2018-04-19,15.960000038146973,2.87,0.45,2.3309497646499366
2018-04-20,16.8799991607666,2.92,0.48,2.3309497646499366
2018-04-23,16.34000015258789,2.96,0.5,2.3309497646499366
2018-04-24,18.020000457763672,2.98,0.49,2.3309497646499366
2018-04-25,17.84000015258789,3.0,0.52,2.3309497646499366
2018-04-26,16.239999771118164,3.03,0.54,2.3309497646499366
2018-04-27,15.40999984741211,3.0,0.51,2.3309497646499366
2018-04-30,15.93000030517578,2.96,0.47,2.3309497646499366
2018-05-01,15.489999771118164,2.95,0.46,2.3309497646499366
2018-05-02,15.970000267028809,2.97,0.47,2.3309497646499366
2018-05-03,15.899999618530272,2.97,0.48,2.3309497646499366
2018-05-04,14.770000457763672,2.94,0.45,2.3309497646499366
2018-05-07,14.75,2.95,0.44,2.3309497646499366
2018-05-08,14.710000038146973,2.95,0.46,2.3309497646499366
2018-05-09,13.420000076293944,2.97,0.46,2.3309497646499366
2018-05-10,13.229999542236328,3.0,0.46,2.3309497646499366
2018-05-11,12.649999618530272,2.97,0.43,2.3309497646499366
2018-05-14,12.93000030517578,2.97,0.43,2.3309497646499366
2018-05-15,14.630000114440918,3.0,0.45,2.3309497646499366
2018-05-16,13.420000076293944,3.08,0.5,2.4709963021052994
2018-05-17,13.43000030517578,3.09,0.51,2.4709963021052994
2018-05-18,13.420000076293944,3.11,0.54,2.4709963021052994
2018-05-21,13.079999923706056,3.06,0.51,2.4709963021052994
2018-05-22,13.220000267028809,3.06,0.48,2.4709963021052994
2018-05-23,12.579999923706056,3.06,0.47,2.4709963021052994
2018-05-24,12.529999732971191,3.01,0.48,2.4709963021052994
2018-05-25,13.220000267028809,2.98,0.48,2.4709963021052994
2018-05-29,17.020000457763672,2.93,0.45,2.4709963021052994
2018-05-30,14.9399995803833,2.77,0.45,2.4709963021052994
2018-05-31,15.43000030517578,2.84,0.42,2.4709963021052994
2018-06-01,13.460000038146973,2.83,0.43,2.4709963021052994
2018-06-04,12.739999771118164,2.89,0.42,2.4709963021052994
2018-06-05,12.399999618530272,2.94,0.42,2.4709963021052994
2018-06-06,11.640000343322754,2.92,0.43,2.4709963021052994
2018-06-07,12.130000114440918,2.97,0.45,2.4709963021052994
2018-06-08,12.18000030517578,2.93,0.43,2.4709963021052994
2018-06-11,12.350000381469728,2.93,0.43,2.4709963021052994
2018-06-12,12.34000015258789,2.96,0.44,2.4709963021052994
2018-06-13,12.9399995803833,2.96,0.42,2.4709963021052994
2018-06-14,12.119999885559082,2.98,0.39,2.4709963021052994
2018-06-15,11.979999542236328,2.94,0.35,2.4709963021052994
2018-06-18,12.3100004196167,2.93,0.38,2.781921607842497
2018-06-19,13.350000381469728,2.92,0.36,2.781921607842497
2018-06-20,12.789999961853027,2.89,0.35,2.781921607842497
2018-06-21,14.640000343322754,2.93,0.37,2.781921607842497
2018-06-22,13.770000457763672,2.9,0.34,2.781921607842497
2018-06-25,17.329999923706055,2.9,0.34,2.781921607842497
2018-06-26,15.920000076293944,2.87,0.33,2.781921607842497
2018-06-27,17.90999984741211,2.88,0.35,2.781921607842497
2018-06-28,16.850000381469727,2.83,0.31,2.781921607842497
2018-06-29,16.09000015258789,2.84,0.32,2.781921607842497
2018-07-02,15.600000381469728,2.85,0.33,2.781921607842497
2018-07-03,16.139999389648438,2.87,0.3,2.781921607842497
2018-07-05,14.970000267028809,2.83,0.3,2.781921607842497
2018-07-06,13.369999885559082,2.84,0.29,2.781921607842497
2018-07-09,12.6899995803833,2.82,0.29,2.781921607842497
2018-07-10,12.640000343322754,2.86,0.29,2.781921607842497
2018-07-11,13.630000114440918,2.87,0.28,2.781921607842497
2018-07-12,12.579999923706056,2.85,0.27,2.781921607842497
2018-07-13,12.18000030517578,2.85,0.25,2.781921607842497
2018-07-16,12.829999923706056,2.83,0.24,2.8075506935940187
2018-07-17,12.0600004196167,2.85,0.26,2.8075506935940187
2018-07-18,12.100000381469728,2.86,0.24,2.8075506935940187
2018-07-19,12.869999885559082,2.88,0.28,2.8075506935940187
2018-07-20,12.859999656677246,2.84,0.24,2.8075506935940187
2018-07-23,12.619999885559082,2.89,0.29,2.8075506935940187
2018-07-24,12.40999984741211,2.96,0.32,2.8075506935940187
2018-07-25,12.289999961853027,2.95,0.32,2.8075506935940187
2018-07-26,12.140000343322754,2.94,0.28,2.8075506935940187
2018-07-27,13.029999732971191,2.98,0.29,2.8075506935940187
2018-07-30,14.260000228881836,2.96,0.29,2.8075506935940187
2018-07-31,12.829999923706056,2.98,0.32,2.8075506935940187
2018-08-01,13.149999618530272,2.96,0.29,2.8075506935940187
2018-08-02,12.1899995803833,3.0,0.33,2.8075506935940187
2018-08-03,11.640000343322754,2.98,0.32,2.8075506935940187
2018-08-06,11.270000457763672,2.95,0.32,2.8075506935940187
2018-08-07,10.93000030517578,2.94,0.3,2.8075506935940187
2018-08-08,10.850000381469728,2.98,0.3,2.8075506935940187
2018-08-09,11.270000457763672,2.96,0.28,2.8075506935940187
2018-08-10,13.15999984741211,2.93,0.29,2.8075506935940187
2018-08-13,14.779999732971191,2.87,0.26,2.8075506935940187
2018-08-14,13.3100004196167,2.88,0.27,2.8075506935940187
2018-08-15,14.640000343322754,2.89,0.26,2.8075506935940187
2018-08-16,13.449999809265137,2.86,0.25,2.854124785561929
2018-08-17,12.640000343322754,2.87,0.24,2.854124785561929
2018-08-20,12.489999771118164,2.87,0.26,2.854124785561929
2018-08-21,12.859999656677246,2.82,0.22,2.854124785561929
2018-08-22,12.25,2.85,0.24,2.854124785561929
2018-08-23,12.40999984741211,2.82,0.22,2.854124785561929
2018-08-24,11.989999771118164,2.82,0.21,2.854124785561929
2018-08-27,12.15999984741211,2.82,0.19,2.854124785561929
2018-08-28,12.5,2.85,0.18,2.854124785561929
2018-08-29,12.25,2.88,0.21,2.854124785561929
2018-08-30,13.529999732971191,2.89,0.22,2.854124785561929
2018-08-31,12.859999656677246,2.86,0.22,2.854124785561929
2018-09-04,13.15999984741211,2.86,0.24,2.854124785561929
2018-09-05,13.90999984741211,2.9,0.24,2.854124785561929
2018-09-06,14.649999618530272,2.9,0.24,2.854124785561929
2018-09-07,14.880000114440918,2.88,0.24,2.854124785561929
2018-09-10,14.15999984741211,2.94,0.23,2.854124785561929
2018-09-11,13.220000267028809,2.94,0.21,2.854124785561929
2018-09-12,13.140000343322754,2.98,0.22,2.854124785561929
2018-09-13,12.369999885559082,2.97,0.23,2.854124785561929
2018-09-14,12.06999969482422,2.97,0.21,2.854124785561929
2018-09-17,13.68000030517578,2.99,0.21,2.6429238568742575
2018-09-18,12.789999961853027,2.99,0.21,2.6429238568742575
2018-09-19,11.75,3.05,0.24,2.6429238568742575
2018-09-20,11.800000190734863,3.08,0.27,2.6429238568742575
2018-09-21,11.68000030517578,3.07,0.26,2.6429238568742575
2018-09-24,12.199999809265137,3.07,0.26,2.6429238568742575
2018-09-25,12.420000076293944,3.08,0.25,2.6429238568742575
2018-09-26,12.890000343322754,3.1,0.27,2.6429238568742575
2018-09-27,12.40999984741211,3.06,0.23,2.6429238568742575
2018-09-28,12.119999885559082,3.06,0.23,2.6429238568742575
2018-10-01,12.0,3.05,0.24,2.6429238568742575
2018-10-02,12.050000190734863,3.09,0.27,2.6429238568742575
2018-10-03,11.609999656677246,3.05,0.23,2.6429238568742575
2018-10-04,14.220000267028809,3.15,0.3,2.6429238568742575
2018-10-05,14.81999969482422,3.19,0.32,2.6429238568742575
2018-10-08,15.6899995803833,3.23,0.35,2.6429238568742575
2018-10-09,15.949999809265137,3.23,0.35,2.6429238568742575
2018-10-10,22.959999084472656,3.21,0.33,2.6429238568742575
2018-10-11,24.979999542236328,3.22,0.34,2.6429238568742575
2018-10-12,21.309999465942383,3.14,0.29,2.6429238568742575
2018-10-15,21.299999237060547,3.15,0.3,2.6429238568742575
2018-10-16,17.6200008392334,3.16,0.31,2.332055105808828
2018-10-17,17.399999618530273,3.16,0.29,2.332055105808828
2018-10-18,20.059999465942383,3.19,0.3,2.332055105808828
2018-10-19,19.88999938964844,3.17,0.3,2.332055105808828
2018-10-22,19.63999938964844,3.2,0.28,2.332055105808828
2018-10-23,20.709999084472656,3.2,0.28,2.332055105808828
2018-10-24,25.229999542236328,3.17,0.28,2.332055105808828
2018-10-25,24.21999931335449,3.1,0.26,2.332055105808828
2018-10-26,24.15999984741211,3.14,0.28,2.332055105808828
2018-10-29,24.700000762939453,3.08,0.27,2.332055105808828
2018-10-30,23.350000381469727,3.08,0.27,2.332055105808828
2018-10-31,21.229999542236328,3.12,0.28,2.332055105808828
2018-11-01,19.34000015258789,3.15,0.28,2.332055105808828
2018-11-02,19.51000022888184,3.14,0.3,2.332055105808828
2018-11-05,19.959999084472656,3.22,0.31,2.332055105808828
2018-11-06,19.90999984741211,3.2,0.29,2.332055105808828
2018-11-07,16.360000610351562,3.22,0.29,2.332055105808828
2018-11-08,16.719999313354492,3.22,0.26,2.332055105808828
2018-11-09,17.360000610351562,3.24,0.26,2.332055105808828
2018-11-12,20.450000762939453,3.19,0.25,2.332055105808828
2018-11-13,20.020000457763672,3.19,0.25,2.332055105808828
2018-11-14,21.25,3.14,0.25,2.332055105808828
2018-11-15,19.979999542236328,3.12,0.26,2.332055105808828
2018-11-16,18.13999938964844,3.11,0.25,2.492032470218053
2018-11-19,20.100000381469727,3.08,0.27,2.492032470218053
2018-11-20,22.479999542236328,3.06,0.27,2.492032470218053
2018-11-21,20.799999237060547,3.06,0.27,2.492032470218053
2018-11-23,21.520000457763672,3.06,0.25,2.492032470218053
2018-11-26,18.899999618530277,3.05,0.24,2.492032470218053
2018-11-27,19.020000457763672,3.07,0.23,2.492032470218053
2018-11-28,18.489999771118164,3.06,0.23,2.492032470218053
2018-11-29,18.790000915527344,3.06,0.25,2.492032470218053
2018-11-30,18.06999969482422,3.03,0.22,2.492032470218053
2018-12-03,16.440000534057617,3.01,0.21,2.492032470218053
2018-12-04,20.739999771118164,2.98,0.15,2.492032470218053
2018-12-06,21.190000534057617,2.91,0.11,2.492032470218053
2018-12-07,23.229999542236328,2.87,0.12,2.492032470218053
2018-12-10,22.63999938964844,2.85,0.13,2.492032470218053
2018-12-11,21.76000022888184,2.85,0.13,2.492032470218053
2018-12-12,21.459999084472656,2.89,0.11,2.492032470218053
2018-12-13,20.649999618530277,2.91,0.14,2.492032470218053
2018-12-14,21.6299991607666,2.91,0.16,2.492032470218053
2018-12-17,24.520000457763672,2.89,0.16,2.147328577667773
2018-12-18,25.57999992370605,2.86,0.16,2.147328577667773
2018-12-19,25.57999992370605,2.82,0.17,2.147328577667773
2018-12-20,28.3799991607666,2.77,0.14,2.147328577667773
2018-12-21,30.11000061035156,2.79,0.12,2.147328577667773
2018-12-24,36.06999969482422,2.79,0.16,2.147328577667773
2018-12-26,30.40999984741211,2.74,0.19,2.147328577667773
2018-12-27,29.959999084472656,2.81,0.2,2.147328577667773
2018-12-28,28.34000015258789,2.77,0.21,2.147328577667773
2018-12-31,25.420000076293945,2.72,0.2,2.147328577667773
2019-01-02,23.21999931335449,2.69,0.21,2.147328577667773
2019-01-03,25.450000762939453,2.66,0.16,2.147328577667773
2019-01-04,21.3799991607666,2.56,0.17,2.147328577667773
2019-01-07,21.399999618530277,2.67,0.17,2.147328577667773
2019-01-08,20.46999931335449,2.7,0.17,2.147328577667773
2019-01-09,19.979999542236328,2.73,0.15,2.147328577667773
2019-01-10,19.5,2.74,0.18,2.147328577667773
2019-01-11,18.190000534057617,2.74,0.18,2.147328577667773
2019-01-14,19.06999969482422,2.71,0.16,2.147328577667773
2019-01-15,18.600000381469727,2.71,0.18,2.147328577667773
2019-01-16,19.040000915527344,2.72,0.19,2.0023809043401064
2019-01-17,18.059999465942383,2.73,0.18,2.0023809043401064
2019-01-18,17.799999237060547,2.75,0.19,2.0023809043401064
2019-01-22,20.799999237060547,2.79,0.17,2.0023809043401064
2019-01-23,19.520000457763672,2.74,0.16,2.0023809043401064
2019-01-24,18.88999938964844,2.76,0.18,2.0023809043401064
2019-01-25,17.420000076293945,2.72,0.16,2.0023809043401064
2019-01-28,18.8700008392334,2.76,0.16,2.0023809043401064
2019-01-29,19.1299991607666,2.75,0.15,2.0023809043401064
2019-01-30,17.65999984741211,2.72,0.16,2.0023809043401064
2019-01-31,16.56999969482422,2.7,0.18,2.0023809043401064
2019-02-01,16.139999389648438,2.63,0.18,2.0023809043401064
2019-02-04,15.729999542236328,2.7,0.18,2.0023809043401064
2019-02-05,15.56999969482422,2.73,0.2,2.0023809043401064
2019-02-06,15.380000114440918,2.71,0.18,2.0023809043401064
2019-02-07,16.3700008392334,2.7,0.18,2.0023809043401064
2019-02-08,15.720000267028809,2.65,0.17,2.0023809043401064
2019-02-11,15.970000267028809,2.63,0.18,2.0023809043401064
2019-02-12,15.43000030517578,2.65,0.17,2.0023809043401064
2019-02-13,15.649999618530272,2.68,0.18,2.0023809043401064
2019-02-14,16.219999313354492,2.71,0.18,2.0023809043401064
2019-02-15,14.90999984741211,2.66,0.16,2.0023809043401064
2019-02-19,14.880000114440918,2.66,0.14,1.4875893578291333
2019-02-20,14.020000457763672,2.65,0.15,1.4875893578291333
2019-02-21,14.460000038146973,2.65,0.15,1.4875893578291333
2019-02-22,13.510000228881836,2.69,0.16,1.4875893578291333
2019-02-25,14.850000381469728,2.65,0.17,1.4875893578291333
2019-02-26,15.170000076293944,2.67,0.16,1.4875893578291333
2019-02-27,14.699999809265137,2.64,0.16,1.4875893578291333
2019-02-28,14.779999732971191,2.69,0.19,1.4875893578291333
2019-03-01,13.56999969482422,2.73,0.21,1.4875893578291333
2019-03-04,14.630000114440918,2.76,0.21,1.4875893578291333
2019-03-05,14.739999771118164,2.72,0.17,1.4875893578291333
2019-03-06,15.739999771118164,2.72,0.17,1.4875893578291333
2019-03-07,16.59000015258789,2.69,0.17,1.4875893578291333
2019-03-08,16.049999237060547,2.64,0.17,1.4875893578291333
2019-03-11,14.329999923706056,2.62,0.17,1.4875893578291333
2019-03-12,13.770000457763672,2.64,0.17,1.4875893578291333
2019-03-13,13.40999984741211,2.61,0.16,1.4875893578291333
2019-03-14,13.5,2.61,0.16,1.4875893578291333
2019-03-15,12.880000114440918,2.63,0.17,1.4875893578291333
2019-03-18,13.100000381469728,2.59,0.16,1.5188615351321877
2019-03-19,13.5600004196167,2.6,0.15,1.5188615351321877
2019-03-20,13.90999984741211,2.61,0.15,1.5188615351321877
2019-03-21,13.630000114440918,2.54,0.14,1.5188615351321877
2019-03-22,16.479999542236328,2.54,0.13,1.5188615351321877
2019-03-25,16.329999923706055,2.44,0.13,1.5188615351321877
2019-03-26,14.68000030517578,2.43,0.17,1.5188615351321877
2019-03-27,15.149999618530272,2.41,0.17,1.5188615351321877
2019-03-28,14.43000030517578,2.39,0.17,1.5188615351321877
2019-03-29,13.710000038146973,2.39,0.16,1.5188615351321877
2019-04-01,13.399999618530272,2.41,0.14,1.5188615351321877
2019-04-02,13.359999656677246,2.49,0.16,1.5188615351321877
2019-04-03,13.739999771118164,2.48,0.18,1.5188615351321877
2019-04-04,13.579999923706056,2.52,0.19,1.5188615351321877
2019-04-05,12.81999969482422,2.51,0.18,1.5188615351321877
2019-04-08,13.18000030517578,2.5,0.15,1.5188615351321877
2019-04-09,14.279999732971191,2.52,0.16,1.5188615351321877
2019-04-10,13.300000190734863,2.51,0.16,1.5188615351321877
2019-04-11,13.020000457763672,2.48,0.17,1.5188615351321877
2019-04-12,12.010000228881836,2.51,0.16,1.5188615351321877
2019-04-15,12.31999969482422,2.56,0.16,1.5188615351321877
2019-04-16,12.18000030517578,2.55,0.15,1.8831863513063984
2019-04-17,12.600000381469728,2.6,0.19,1.8831863513063984
2019-04-18,12.09000015258789,2.59,0.19,1.8831863513063984
2019-04-22,12.420000076293944,2.57,0.19,1.8831863513063984
2019-04-23,12.279999732971191,2.59,0.21,1.8831863513063984
2019-04-24,13.140000343322754,2.57,0.21,1.8831863513063984
2019-04-25,13.25,2.53,0.21,1.8831863513063984
2019-04-26,12.729999542236328,2.54,0.21,1.8831863513063984
2019-04-29,13.109999656677246,2.51,0.23,1.8831863513063984
2019-04-30,13.119999885559082,2.54,0.24,1.8831863513063984
2019-05-01,14.800000190734863,2.51,0.24,1.8831863513063984
2019-05-02,14.420000076293944,2.52,0.21,1.8831863513063984
2019-05-03,12.869999885559082,2.55,0.2,1.8831863513063984
2019-05-06,15.4399995803833,2.54,0.21,1.8831863513063984
2019-05-07,19.31999969482422,2.51,0.2,1.8831863513063984
2019-05-08,19.399999618530277,2.45,0.17,1.8831863513063984
2019-05-09,19.100000381469727,2.49,0.19,1.8831863513063984
2019-05-10,16.040000915527344,2.45,0.19,1.8831863513063984
2019-05-13,20.549999237060547,2.47,0.21,1.8831863513063984
2019-05-14,18.059999465942383,2.4,0.22,1.8831863513063984
2019-05-15,16.440000534057617,2.42,0.22,1.8831863513063984
2019-05-16,15.289999961853027,2.37,0.21,2.000583470209061
2019-05-17,15.960000038146973,2.4,0.2,2.000583470209061
2019-05-20,16.309999465942383,2.39,0.19,2.000583470209061
2019-05-21,14.949999809265137,2.41,0.2,2.000583470209061
2019-05-22,14.75,2.43,0.17,2.000583470209061
2019-05-23,16.920000076293945,2.39,0.16,2.000583470209061
2019-05-24,15.850000381469728,2.31,0.19,2.000583470209061
2019-05-28,17.5,2.32,0.16,2.000583470209061
2019-05-29,17.899999618530273,2.26,0.14,2.000583470209061
2019-05-30,17.299999237060547,2.25,0.16,2.000583470209061
2019-05-31,18.709999084472656,2.22,0.16,2.000583470209061
2019-06-03,18.86000061035156,2.14,0.19,2.000583470209061
2019-06-04,16.969999313354492,2.07,0.25,2.000583470209061
2019-06-05,16.09000015258789,2.12,0.24,2.000583470209061
2019-06-06,15.93000030517578,2.12,0.29,2.000583470209061
2019-06-07,16.299999237060547,2.12,0.24,2.000583470209061
2019-06-10,15.9399995803833,2.09,0.24,2.000583470209061
2019-06-11,15.989999771118164,2.15,0.25,2.000583470209061
2019-06-12,15.90999984741211,2.15,0.22,2.000583470209061
2019-06-13,15.81999969482422,2.13,0.25,2.000583470209061
2019-06-14,15.279999732971191,2.1,0.27,2.000583470209061
2019-06-17,15.350000381469728,2.09,0.25,1.7959105553606136
2019-06-18,15.149999618530272,2.09,0.23,1.7959105553606136
2019-06-19,14.329999923706056,2.06,0.2,1.7959105553606136
2019-06-20,14.75,2.03,0.29,1.7959105553606136
2019-06-21,15.399999618530272,2.01,0.29,1.7959105553606136
2019-06-24,15.260000228881836,2.07,0.3,1.7959105553606136
2019-06-25,16.280000686645508,2.02,0.3,1.7959105553606136
2019-06-26,16.209999084472656,2.0,0.29,1.7959105553606136
2019-06-27,15.81999969482422,2.05,0.28,1.7959105553606136
2019-06-28,15.079999923706056,2.01,0.27,1.7959105553606136
2019-07-01,14.0600004196167,2.0,0.25,1.7959105553606136
2019-07-02,12.93000030517578,2.03,0.25,1.7959105553606136
2019-07-03,12.56999969482422,1.98,0.21,1.7959105553606136
2019-07-05,13.279999732971191,1.96,0.19,1.7959105553606136
2019-07-08,13.960000038146973,2.04,0.17,1.7959105553606136
2019-07-09,14.09000015258789,2.05,0.17,1.7959105553606136
2019-07-10,13.029999732971191,2.07,0.15,1.7959105553606136
2019-07-11,12.93000030517578,2.07,0.25,1.7959105553606136
2019-07-12,12.390000343322754,2.13,0.28,1.7959105553606136
2019-07-15,12.68000030517578,2.12,0.28,1.7959105553606136
2019-07-16,12.859999656677246,2.09,0.26,1.671194894390049
2019-07-17,13.970000267028809,2.13,0.26,1.671194894390049
2019-07-18,13.529999732971191,2.06,0.23,1.671194894390049
2019-07-19,14.449999809265137,2.04,0.27,1.671194894390049
2019-07-22,13.529999732971191,2.05,0.25,1.671194894390049
2019-07-23,12.609999656677246,2.05,0.25,1.671194894390049
2019-07-24,12.06999969482422,2.08,0.25,1.671194894390049
2019-07-25,12.739999771118164,2.05,0.22,1.671194894390049
2019-07-26,12.15999984741211,2.08,0.22,1.671194894390049
2019-07-29,12.829999923706056,2.08,0.22,1.671194894390049
2019-07-30,13.9399995803833,2.06,0.21,1.671194894390049
2019-07-31,16.1200008392334,2.06,0.21,1.671194894390049
2019-08-01,17.8700008392334,2.02,0.13,1.671194894390049
2019-08-02,17.610000610351562,1.9,0.17,1.671194894390049
2019-08-05,24.59000015258789,1.86,0.14,1.671194894390049
2019-08-06,20.170000076293945,1.75,0.16,1.671194894390049
2019-08-07,19.489999771118164,1.73,0.13,1.671194894390049
2019-08-08,16.90999984741211,1.71,0.12,1.671194894390049
2019-08-09,17.969999313354492,1.72,0.1,1.671194894390049
2019-08-12,21.09000015258789,1.74,0.11,1.671194894390049
2019-08-13,17.520000457763672,1.65,0.07,1.671194894390049
2019-08-14,22.100000381469727,1.68,0.02,1.671194894390049
2019-08-15,21.18000030517578,1.59,0.01,1.671194894390049
2019-08-16,18.46999931335449,1.52,0.04,1.826331335037068
2019-08-19,16.8799991607666,1.55,0.07,1.826331335037068
2019-08-20,17.5,1.6,0.07,1.826331335037068
2019-08-21,15.800000190734863,1.55,0.05,1.826331335037068
2019-08-22,16.68000030517578,1.59,0.03,1.826331335037068
2019-08-23,19.8700008392334,1.62,0.01,1.826331335037068
2019-08-26,19.31999969482422,1.52,0.01,1.826331335037068
2019-08-27,20.309999465942383,1.54,0.0,1.826331335037068
2019-08-28,19.350000381469727,1.49,-0.04,1.826331335037068
2019-08-29,17.8799991607666,1.47,-0.03,1.826331335037068
2019-08-30,18.979999542236328,1.5,-0.03,1.826331335037068
2019-09-03,19.65999984741211,1.5,0.0,1.826331335037068
2019-09-04,17.329999923706055,1.47,0.0,1.826331335037068
2019-09-05,16.270000457763672,1.47,0.04,1.826331335037068
2019-09-06,15.0,1.57,0.02,1.826331335037068
2019-09-09,15.270000457763672,1.55,0.02,1.826331335037068
2019-09-10,15.199999809265137,1.63,0.05,1.826331335037068
2019-09-11,14.609999656677246,1.72,0.05,1.826331335037068
2019-09-12,14.220000267028809,1.75,0.07,1.826331335037068
2019-09-13,13.739999771118164,1.79,0.07,1.826331335037068
2019-09-16,14.670000076293944,1.9,0.11,1.7376412106666406
2019-09-17,14.4399995803833,1.84,0.1,1.7376412106666406
2019-09-18,13.949999809265137,1.81,0.09,1.7376412106666406
2019-09-19,14.050000190734863,1.8,0.03,1.7376412106666406
2019-09-20,15.31999969482422,1.79,0.05,1.7376412106666406
2019-09-23,14.90999984741211,1.74,0.05,1.7376412106666406
2019-09-24,17.049999237060547,1.72,0.04,1.7376412106666406
2019-09-25,15.960000038146973,1.64,0.04,1.7376412106666406
2019-09-26,16.06999969482422,1.73,0.05,1.7376412106666406
2019-09-27,17.219999313354492,1.7,0.04,1.7376412106666406
2019-09-30,16.239999771118164,1.69,0.06,1.7376412106666406
2019-10-01,18.559999465942383,1.68,0.05,1.7376412106666406
2019-10-02,20.559999465942383,1.65,0.09,1.7376412106666406
2019-10-03,19.1200008392334,1.6,0.12,1.7376412106666406
2019-10-04,17.040000915527344,1.54,0.15,1.7376412106666406
2019-10-07,17.860000610351562,1.52,0.12,1.7376412106666406
2019-10-08,20.280000686645508,1.56,0.1,1.7376412106666406
2019-10-09,18.63999938964844,1.54,0.12,1.7376412106666406
2019-10-10,17.56999969482422,1.59,0.12,1.7376412106666406
2019-10-11,15.579999923706056,1.67,0.14,1.7376412106666406
2019-10-14,14.56999969482422,1.76,0.13,1.7376412106666406
2019-10-15,13.539999961853027,1.76,0.13,1.7376412106666406
2019-10-16,13.68000030517578,1.77,0.16,1.6844977040391562
2019-10-17,13.789999961853027,1.75,0.17,1.6844977040391562
2019-10-18,14.25,1.76,0.16,1.6844977040391562
2019-10-21,14.0,1.76,0.18,1.6844977040391562
2019-10-22,14.460000038146973,1.8,0.18,1.6844977040391562
2019-10-23,14.010000228881836,1.78,0.18,1.6844977040391562
2019-10-24,13.710000038146973,1.77,0.19,1.6844977040391562
2019-10-25,12.649999618530272,1.77,0.19,1.6844977040391562
2019-10-28,13.109999656677246,1.8,0.17,1.6844977040391562
2019-10-29,13.199999809265137,1.85,0.21,1.6844977040391562
2019-10-30,12.329999923706056,1.84,0.2,1.6844977040391562
2019-10-31,13.220000267028809,1.78,0.17,1.6844977040391562
2019-11-01,12.300000190734863,1.69,0.17,1.6844977040391562
2019-11-04,12.829999923706056,1.73,0.17,1.6844977040391562
2019-11-05,13.100000381469728,1.79,0.19,1.6844977040391562
2019-11-06,12.619999885559082,1.86,0.23,1.6844977040391562
2019-11-07,12.729999542236328,1.81,0.2,1.6844977040391562
2019-11-08,12.06999969482422,1.92,0.24,1.6844977040391562
2019-11-11,12.6899995803833,1.94,0.26,1.6844977040391562
2019-11-12,12.68000030517578,1.94,0.26,1.6844977040391562
2019-11-13,13.0,1.92,0.26,1.6844977040391562
2019-11-14,13.050000190734863,1.88,0.25,1.6844977040391562
2019-11-15,12.050000190734863,1.82,0.24,1.6844977040391562
2019-11-18,12.460000038146973,1.84,0.23,1.7339736996186295
2019-11-19,12.859999656677246,1.81,0.21,1.7339736996186295
2019-11-20,12.779999732971191,1.79,0.19,1.7339736996186295
2019-11-21,13.130000114440918,1.73,0.17,1.7339736996186295
2019-11-22,12.34000015258789,1.77,0.17,1.7339736996186295
2019-11-25,11.869999885559082,1.77,0.16,1.7339736996186295
2019-11-26,11.539999961853027,1.76,0.15,1.7339736996186295
2019-11-27,11.75,1.74,0.16,1.7339736996186295
2019-11-29,12.619999885559082,1.77,0.14,1.7339736996186295
2019-12-02,14.90999984741211,1.78,0.17,1.7339736996186295
2019-12-03,15.960000038146973,1.83,0.22,1.7339736996186295
2019-12-04,14.800000190734863,1.72,0.19,1.7339736996186295
2019-12-05,14.520000457763672,1.77,0.19,1.7339736996186295
2019-12-06,13.619999885559082,1.8,0.22,1.7339736996186295
2019-12-09,15.859999656677246,1.84,0.23,1.7339736996186295
2019-12-10,15.68000030517578,1.83,0.2,1.7339736996186295
2019-12-11,14.989999771118164,1.85,0.2,1.7339736996186295
2019-12-12,13.9399995803833,1.79,0.18,1.7339736996186295
2019-12-13,12.630000114440918,1.9,0.24,1.7339736996186295
2019-12-16,12.140000343322754,1.82,0.21,2.092290394862917
2019-12-17,12.289999961853027,1.89,0.24,2.092290394862917
2019-12-18,12.579999923706056,1.89,0.26,2.092290394862917
2019-12-19,12.5,1.92,0.29,2.092290394862917
2019-12-20,12.510000228881836,1.92,0.3,2.092290394862917
2019-12-23,12.609999656677246,1.92,0.29,2.092290394862917
2019-12-24,12.670000076293944,1.93,0.29,2.092290394862917
2019-12-26,12.649999618530272,1.9,0.28,2.092290394862917
2019-12-27,13.43000030517578,1.9,0.26,2.092290394862917
2019-12-30,14.81999969482422,1.88,0.29,2.092290394862917
2019-12-31,13.779999732971191,1.9,0.32,2.092290394862917
2020-01-02,12.470000267028809,1.92,0.34,2.092290394862917
2020-01-03,14.020000457763672,1.88,0.3,2.092290394862917
2020-01-06,13.850000381469728,1.8,0.27,2.092290394862917
2020-01-07,13.789999961853027,1.81,0.27,2.092290394862917
2020-01-08,13.449999809265137,1.83,0.29,2.092290394862917
2020-01-09,12.539999961853027,1.87,0.29,2.092290394862917
2020-01-10,12.5600004196167,1.85,0.27,2.092290394862917
2020-01-13,12.31999969482422,1.83,0.27,2.092290394862917
2020-01-14,12.390000343322754,1.85,0.27,2.092290394862917
2020-01-15,12.420000076293944,1.82,0.24,2.092290394862917
2020-01-16,12.31999969482422,1.79,0.23,2.3195274699624457
2020-01-17,12.100000381469728,1.81,0.23,2.3195274699624457
2020-01-21,12.850000381469728,1.84,0.26,2.3195274699624457
2020-01-22,12.90999984741211,1.78,0.25,2.3195274699624457
2020-01-23,12.979999542236328,1.77,0.24,2.3195274699624457
2020-01-24,14.5600004196167,1.74,0.23,2.3195274699624457
2020-01-27,18.229999542236328,1.7,0.21,2.3195274699624457
2020-01-28,16.280000686645508,1.61,0.17,2.3195274699624457
2020-01-29,16.389999389648438,1.65,0.2,2.3195274699624457
2020-01-30,15.489999771118164,1.6,0.18,2.3195274699624457
2020-01-31,18.84000015258789,1.57,0.16,2.3195274699624457
2020-02-03,17.969999313354492,1.51,0.18,2.3195274699624457
2020-02-04,16.049999237060547,1.54,0.18,2.3195274699624457
2020-02-05,15.149999618530272,1.61,0.2,2.3195274699624457
2020-02-06,14.960000038146973,1.66,0.22,2.3195274699624457
2020-02-07,15.470000267028809,1.65,0.21,2.3195274699624457
2020-02-10,15.039999961853027,1.59,0.18,2.3195274699624457
2020-02-11,15.18000030517578,1.56,0.19,2.3195274699624457
2020-02-12,13.739999771118164,1.59,0.18,2.3195274699624457
2020-02-13,14.149999618530272,1.62,0.18,2.3195274699624457
2020-02-14,13.68000030517578,1.61,0.17,2.3195274699624457
2020-02-18,14.829999923706056,1.59,0.17,2.599767976845202
2020-02-19,14.380000114440918,1.55,0.14,2.599767976845202
2020-02-20,15.5600004196167,1.56,0.14,2.599767976845202
2020-02-21,17.079999923706055,1.52,0.13,2.599767976845202
2020-02-24,25.030000686645508,1.46,0.12,2.599767976845202
2020-02-25,27.850000381469727,1.38,0.12,2.599767976845202
2020-02-26,27.559999465942383,1.33,0.13,2.599767976845202
2020-02-27,39.15999984741211,1.33,0.17,2.599767976845202
2020-02-28,40.11000061035156,1.3,0.19,2.599767976845202
2020-03-02,33.41999816894531,1.13,0.27,2.599767976845202
2020-03-03,36.81999969482422,1.1,0.26,2.599767976845202
2020-03-04,31.989999771118164,1.02,0.31,2.599767976845202
2020-03-05,39.619998931884766,1.02,0.35,2.599767976845202
2020-03-06,41.93999862670898,0.92,0.33,2.599767976845202
2020-03-09,54.459999084472656,0.74,0.25,2.599767976845202
2020-03-10,47.29999923706055,0.54,0.16,2.599767976845202
2020-03-11,53.900001525878906,0.76,0.26,2.599767976845202
2020-03-12,75.47000122070312,0.82,0.32,2.599767976845202
2020-03-13,57.83000183105469,0.88,0.38,2.599767976845202
2020-03-16,82.69000244140625,0.94,0.45,2.3413166797595197
2020-03-17,75.91000366210938,0.73,0.37,2.3413166797595197
2020-03-18,76.44999694824219,1.02,0.55,2.3413166797595197
2020-03-19,72.0,1.18,0.64,2.3413166797595197
2020-03-20,66.04000091552734,1.12,0.68,2.3413166797595197
2020-03-23,61.59000015258789,0.92,0.55,2.3413166797595197
2020-03-24,61.66999816894531,0.76,0.48,2.3413166797595197
2020-03-25,63.95000076293945,0.84,0.46,2.3413166797595197
2020-03-26,61.0,0.88,0.54,2.3413166797595197
2020-03-27,65.54000091552734,0.83,0.53,2.3413166797595197
2020-03-30,57.08000183105469,0.72,0.47,2.3413166797595197
2020-03-31,53.540000915527344,0.7,0.47,2.3413166797595197
2020-04-01,57.060001373291016,0.7,0.47,2.3413166797595197
2020-04-02,50.90999984741211,0.62,0.39,2.3413166797595197
2020-04-03,46.79999923706055,0.63,0.4,2.3413166797595197
2020-04-06,45.2400016784668,0.62,0.39,2.3413166797595197
2020-04-07,46.70000076293945,0.67,0.4,2.3413166797595197
2020-04-08,43.34999847412109,0.75,0.47,2.3413166797595197
2020-04-09,41.66999816894531,0.77,0.5,2.3413166797595197
2020-04-13,41.16999816894531,0.73,0.5,2.3413166797595197
2020-04-14,37.7599983215332,0.76,0.51,2.3413166797595197
2020-04-15,40.84000015258789,0.76,0.53,2.3413166797595197
2020-04-16,40.11000061035156,0.63,0.43,1.4940399642909163
2020-04-17,38.150001525878906,0.61,0.41,1.4940399642909163
2020-04-20,43.83000183105469,0.65,0.45,1.4940399642909163
2020-04-21,45.40999984741211,0.63,0.43,1.4940399642909163
2020-04-22,41.97999954223633,0.58,0.38,1.4940399642909163
2020-04-23,41.380001068115234,0.63,0.41,1.4940399642909163
2020-04-24,35.93000030517578,0.61,0.39,1.4940399642909163
2020-04-27,33.290000915527344,0.6,0.38,1.4940399642909163
2020-04-28,33.56999969482422,0.67,0.43,1.4940399642909163
2020-04-29,31.229999542236328,0.62,0.42,1.4940399642909163
2020-04-30,34.150001525878906,0.63,0.43,1.4940399642909163
2020-05-01,37.18999862670898,0.64,0.44,1.4940399642909163
2020-05-04,35.970001220703125,0.64,0.44,1.4940399642909163
2020-05-05,33.61000061035156,0.64,0.45,1.4940399642909163
2020-05-06,34.119998931884766,0.66,0.47,1.4940399642909163
2020-05-07,31.440000534057617,0.72,0.55,1.4940399642909163
2020-05-08,27.979999542236328,0.63,0.5,1.4940399642909163
2020-05-11,27.56999969482422,0.69,0.53,1.4940399642909163
2020-05-12,33.040000915527344,0.73,0.56,1.4940399642909163
2020-05-13,35.279998779296875,0.69,0.52,1.4940399642909163
2020-05-14,32.61000061035156,0.64,0.48,1.4940399642909163
2020-05-15,31.88999938964844,0.63,0.47,1.4940399642909163
2020-05-18,29.299999237060547,0.64,0.48,0.3130472940411133
2020-05-19,30.530000686645508,0.73,0.55,0.3130472940411133
2020-05-20,27.989999771118164,0.7,0.53,0.3130472940411133
2020-05-21,29.530000686645508,0.68,0.52,0.3130472940411133
2020-05-22,28.15999984741211,0.68,0.51,0.3130472940411133
2020-05-26,28.01000022888184,0.66,0.49,0.3130472940411133
2020-05-27,27.6200008392334,0.69,0.51,0.3130472940411133
2020-05-28,28.59000015258789,0.68,0.49,0.3130472940411133
2020-05-29,27.51000022888184,0.7,0.53,0.3130472940411133
2020-06-01,28.229999542236328,0.65,0.49,0.3130472940411133
2020-06-02,26.84000015258789,0.66,0.52,0.3130472940411133
2020-06-03,25.65999984741211,0.68,0.51,0.3130472940411133
2020-06-04,25.809999465942383,0.77,0.58,0.3130472940411133
2020-06-05,24.520000457763672,0.82,0.63,0.3130472940411133
2020-06-08,25.809999465942383,0.91,0.69,0.3130472940411133
2020-06-09,27.56999969482422,0.88,0.66,0.3130472940411133
2020-06-10,27.56999969482422,0.84,0.64,0.3130472940411133
2020-06-11,40.790000915527344,0.75,0.58,0.3130472940411133
2020-06-12,36.09000015258789,0.66,0.47,0.3130472940411133
2020-06-15,34.400001525878906,0.71,0.52,0.3130472940411133
2020-06-16,33.66999816894531,0.71,0.52,0.1982013035848551
2020-06-17,33.470001220703125,0.75,0.54,0.1982013035848551
2020-06-18,32.939998626708984,0.74,0.55,0.1982013035848551
2020-06-19,35.119998931884766,0.71,0.52,0.1982013035848551
2020-06-22,31.770000457763672,0.7,0.51,0.1982013035848551
2020-06-23,31.3700008392334,0.71,0.52,0.1982013035848551
2020-06-24,33.84000015258789,0.72,0.54,0.1982013035848551
2020-06-25,32.220001220703125,0.69,0.5,0.1982013035848551
2020-06-26,34.72999954223633,0.68,0.51,0.1982013035848551
2020-06-29,31.780000686645508,0.64,0.47,0.1982013035848551
2020-06-30,30.43000030517578,0.64,0.48,0.1982013035848551
2020-07-01,28.6200008392334,0.66,0.5,0.1982013035848551
2020-07-02,27.68000030517578,0.69,0.52,0.1982013035848551
2020-07-06,27.940000534057617,0.68,0.52,0.1982013035848551
2020-07-07,29.43000030517578,0.69,0.53,0.1982013035848551
2020-07-08,28.07999992370605,0.65,0.49,0.1982013035848551
2020-07-09,29.26000022888184,0.67,0.51,0.1982013035848551
2020-07-10,27.290000915527344,0.62,0.46,0.1982013035848551
2020-07-13,32.189998626708984,0.65,0.49,0.1982013035848551
2020-07-14,29.520000457763672,0.64,0.48,0.1982013035848551
2020-07-15,27.76000022888184,0.63,0.49,0.1982013035848551
2020-07-16,28.0,0.64,0.48,0.7166562831830481
2020-07-17,25.68000030517578,0.62,0.46,0.7166562831830481
2020-07-20,24.459999084472656,0.64,0.5,0.7166562831830481
2020-07-21,24.84000015258789,0.62,0.46,0.7166562831830481
2020-07-22,24.31999969482422,0.61,0.47,0.7166562831830481
2020-07-23,26.07999992370605,0.6,0.46,0.7166562831830481
2020-07-24,25.84000015258789,0.59,0.43,0.7166562831830481
2020-07-27,24.739999771118164,0.59,0.45,0.7166562831830481
2020-07-28,25.440000534057617,0.62,0.47,0.7166562831830481
2020-07-29,24.100000381469727,0.59,0.45,0.7166562831830481
2020-07-30,24.76000022888184,0.58,0.46,0.7166562831830481
2020-07-31,24.459999084472656,0.55,0.44,0.7166562831830481
2020-08-03,24.280000686645508,0.55,0.44,0.7166562831830481
2020-08-04,23.76000022888184,0.56,0.45,0.7166562831830481
2020-08-05,22.989999771118164,0.52,0.41,0.7166562831830481
2020-08-06,22.649999618530277,0.55,0.44,0.7166562831830481
2020-08-07,22.209999084472656,0.55,0.44,0.7166562831830481
2020-08-10,22.1299991607666,0.57,0.44,0.7166562831830481
2020-08-11,24.030000686645508,0.59,0.45,0.7166562831830481
2020-08-12,22.280000686645508,0.64,0.48,0.7166562831830481
2020-08-13,22.1299991607666,0.69,0.53,0.7166562831830481
2020-08-14,22.049999237060547,0.71,0.55,0.7166562831830481
2020-08-17,21.350000381469727,0.71,0.57,0.9968647625897997
2020-08-18,21.51000022888184,0.69,0.55,0.9968647625897997
2020-08-19,22.540000915527344,0.67,0.53,0.9968647625897997
2020-08-20,22.71999931335449,0.68,0.54,0.9968647625897997
2020-08-21,22.540000915527344,0.65,0.52,0.9968647625897997
2020-08-24,22.3700008392334,0.64,0.48,0.9968647625897997
2020-08-25,22.030000686645508,0.65,0.51,0.9968647625897997
2020-08-26,23.270000457763672,0.69,0.54,0.9968647625897997
2020-08-27,24.46999931335449,0.69,0.53,0.9968647625897997
2020-08-28,22.959999084472656,0.74,0.58,0.9968647625897997
2020-08-31,26.40999984741211,0.74,0.6,0.9968647625897997
2020-09-01,26.1200008392334,0.72,0.58,0.9968647625897997
2020-09-02,26.56999969482422,0.68,0.55,0.9968647625897997
2020-09-03,33.599998474121094,0.66,0.52,0.9968647625897997
2020-09-04,30.75,0.63,0.5,0.9968647625897997
2020-09-08,31.459999084472656,0.72,0.58,0.9968647625897997
2020-09-09,28.809999465942383,0.69,0.55,0.9968647625897997
2020-09-10,29.709999084472656,0.71,0.57,0.9968647625897997
2020-09-11,26.8700008392334,0.68,0.54,0.9968647625897997
2020-09-14,25.850000381469727,0.67,0.54,0.9968647625897997
2020-09-15,25.59000015258789,0.68,0.54,0.9968647625897997
2020-09-16,26.040000915527344,0.68,0.54,1.2810698495523853
2020-09-17,26.459999084472656,0.69,0.55,1.2810698495523853
2020-09-18,25.82999992370605,0.69,0.56,1.2810698495523853
2020-09-21,27.780000686645508,0.7,0.56,1.2810698495523853
2020-09-22,26.86000061035156,0.68,0.54,1.2810698495523853
2020-09-23,28.57999992370605,0.68,0.55,1.2810698495523853
2020-09-24,28.51000022888184,0.68,0.54,1.2810698495523853
2020-09-25,26.3799991607666,0.67,0.53,1.2810698495523853
2020-09-28,26.190000534057617,0.66,0.54,1.2810698495523853
2020-09-29,26.270000457763672,0.67,0.53,1.2810698495523853
2020-09-30,26.3700008392334,0.66,0.55,1.2810698495523853
2020-10-01,26.700000762939453,0.69,0.56,1.2810698495523853
2020-10-02,27.6299991607666,0.68,0.54,1.2810698495523853
2020-10-05,27.959999084472656,0.7,0.57,1.2810698495523853
2020-10-06,29.479999542236328,0.78,0.64,1.2810698495523853
2020-10-07,28.059999465942383,0.76,0.62,1.2810698495523853
2020-10-08,26.36000061035156,0.81,0.65,1.2810698495523853
2020-10-09,25.0,0.78,0.65,1.2810698495523853
2020-10-12,25.06999969482422,0.79,0.63,1.2810698495523853
2020-10-13,26.06999969482422,0.79,0.63,1.2810698495523853
2020-10-14,26.399999618530277,0.74,0.58,1.2810698495523853
2020-10-15,26.96999931335449,0.73,0.59,1.2810698495523853
2020-10-16,27.40999984741211,0.74,0.6,1.3910228912373812
2020-10-19,29.18000030517578,0.76,0.62,1.3910228912373812
2020-10-20,29.350000381469727,0.78,0.62,1.3910228912373812
2020-10-21,28.649999618530277,0.81,0.67,1.3910228912373812
2020-10-22,28.11000061035156,0.83,0.69,1.3910228912373812
2020-10-23,27.549999237060547,0.87,0.71,1.3910228912373812
2020-10-26,32.459999084472656,0.85,0.67,1.3910228912373812
2020-10-27,33.349998474121094,0.81,0.65,1.3910228912373812
2020-10-28,40.27999877929688,0.79,0.63,1.3910228912373812
2020-10-29,37.59000015258789,0.79,0.63,1.3910228912373812
2020-10-30,38.02000045776367,0.85,0.69,1.3910228912373812
2020-11-02,37.130001068115234,0.88,0.74,1.3910228912373812
2020-11-03,35.54999923706055,0.87,0.71,1.3910228912373812
2020-11-04,29.56999969482422,0.9,0.73,1.3910228912373812
2020-11-05,27.57999992370605,0.78,0.64,1.3910228912373812
2020-11-06,24.86000061035156,0.79,0.65,1.3910228912373812
2020-11-09,25.75,0.83,0.67,1.3910228912373812
2020-11-10,24.799999237060547,0.96,0.79,1.3910228912373812
2020-11-11,23.450000762939453,0.98,0.79,1.3910228912373812
2020-11-12,25.350000381469727,0.98,0.79,1.3910228912373812
2020-11-13,23.100000381469727,0.88,0.71,1.3910228912373812
2020-11-16,22.450000762939453,0.89,0.72,1.2303863428671624
2020-11-17,22.709999084472656,0.91,0.72,1.2303863428671624
2020-11-18,23.84000015258789,0.87,0.69,1.2303863428671624
2020-11-19,23.11000061035156,0.88,0.72,1.2303863428671624
2020-11-20,23.700000762939453,0.86,0.68,1.2303863428671624
2020-11-23,22.65999984741211,0.83,0.67,1.2303863428671624
2020-11-24,21.63999938964844,0.86,0.7,1.2303863428671624
2020-11-25,21.25,0.88,0.72,1.2303863428671624
2020-11-27,20.84000015258789,0.88,0.71,1.2303863428671624
2020-11-30,20.56999969482422,0.84,0.68,1.2303863428671624
2020-12-01,20.770000457763672,0.84,0.68,1.2303863428671624
2020-12-02,21.170000076293945,0.92,0.75,1.2303863428671624
2020-12-03,21.280000686645508,0.95,0.79,1.2303863428671624
2020-12-04,20.790000915527344,0.92,0.76,1.2303863428671624
2020-12-07,21.299999237060547,0.97,0.81,1.2303863428671624
2020-12-08,20.68000030517578,0.94,0.8,1.2303863428671624
2020-12-09,22.270000457763672,0.92,0.78,1.2303863428671624
2020-12-10,22.520000457763672,0.95,0.79,1.2303863428671624
2020-12-11,23.309999465942383,0.92,0.78,1.2303863428671624
2020-12-14,24.71999931335449,0.9,0.79,1.2303863428671624
2020-12-15,22.88999938964844,0.9,0.77,1.2303863428671624
2020-12-16,22.5,0.92,0.81,1.1757452138405844
2020-12-17,21.93000030517578,0.92,0.79,1.1757452138405844
2020-12-18,21.56999969482422,0.94,0.81,1.1757452138405844
2020-12-21,25.15999984741211,0.95,0.82,1.1757452138405844
2020-12-22,24.229999542236328,0.95,0.82,1.1757452138405844
2020-12-23,23.309999465942383,0.93,0.8,1.1757452138405844
2020-12-24,21.530000686645508,0.96,0.83,1.1757452138405844
2020-12-28,21.700000762939453,0.94,0.81,1.1757452138405844
2020-12-29,23.07999992370605,0.94,0.81,1.1757452138405844
2020-12-30,22.770000457763672,0.94,0.82,1.1757452138405844
2020-12-31,22.75,0.93,0.81,1.1757452138405844
2021-01-04,26.96999931335449,0.93,0.8,1.1757452138405844
2021-01-05,25.34000015258789,0.93,0.82,1.1757452138405844
2021-01-06,25.06999969482422,0.96,0.83,1.1757452138405844
2021-01-07,22.3700008392334,1.04,0.9,1.1757452138405844
2021-01-08,21.559999465942383,1.08,0.94,1.1757452138405844
2021-01-11,24.07999992370605,1.13,0.99,1.1757452138405844
2021-01-12,23.32999992370605,1.15,1.01,1.1757452138405844
2021-01-13,22.209999084472656,1.15,1.01,1.1757452138405844
2021-01-14,23.25,1.1,0.96,1.1757452138405844
2021-01-15,24.34000015258789,1.15,0.99,1.1757452138405844
2021-01-19,23.239999771118164,1.11,0.98,1.3204191315779434
2021-01-20,21.57999992370605,1.1,0.96,1.3204191315779434
2021-01-21,21.31999969482422,1.1,0.97,1.3204191315779434
2021-01-22,21.90999984741211,1.12,0.99,1.3204191315779434
2021-01-25,23.190000534057617,1.1,0.97,1.3204191315779434
2021-01-26,23.020000457763672,1.05,0.92,1.3204191315779434
2021-01-27,37.209999084472656,1.05,0.94,1.3204191315779434
2021-01-28,30.209999084472656,1.04,0.92,1.3204191315779434
2021-01-29,33.09000015258789,1.07,0.95,1.3204191315779434
2021-02-01,30.239999771118164,1.11,1.0,1.3204191315779434
2021-02-02,25.559999465942383,1.09,0.98,1.3204191315779434
2021-02-03,22.90999984741211,1.12,1.01,1.3204191315779434
2021-02-04,21.770000457763672,1.15,1.04,1.3204191315779434
2021-02-05,20.8700008392334,1.15,1.04,1.3204191315779434
2021-02-08,21.239999771118164,1.19,1.1,1.3204191315779434
2021-02-09,21.6299991607666,1.19,1.08,1.3204191315779434
2021-02-10,21.989999771118164,1.18,1.07,1.3204191315779434
2021-02-11,21.25,1.15,1.04,1.3204191315779434
2021-02-12,19.96999931335449,1.16,1.05,1.3204191315779434
2021-02-16,21.459999084472656,1.2,1.09,1.3738437137002402
2021-02-17,21.5,1.3,1.17,1.3738437137002402
2021-02-18,22.489999771118164,1.29,1.18,1.3738437137002402
2021-02-19,22.049999237060547,1.29,1.18,1.3738437137002402
2021-02-22,23.450000762939453,1.34,1.23,1.3738437137002402
2021-02-23,23.11000061035156,1.37,1.26,1.3738437137002402
2021-02-24,21.34000015258789,1.37,1.26,1.3738437137002402
2021-02-25,28.88999938964844,1.38,1.26,1.3738437137002402
2021-02-26,27.950000762939453,1.54,1.37,1.3738437137002402
2021-03-01,23.350000381469727,1.44,1.3,1.3738437137002402
2021-03-02,24.100000381469727,1.45,1.32,1.3738437137002402
2021-03-03,26.670000076293945,1.42,1.29,1.3738437137002402
2021-03-04,28.56999969482422,1.47,1.33,1.3738437137002402
2021-03-05,24.65999984741211,1.54,1.4,1.3738437137002402
2021-03-08,25.46999931335449,1.56,1.42,1.3738437137002402
2021-03-09,24.030000686645508,1.59,1.42,1.3738437137002402
2021-03-10,22.559999465942383,1.55,1.38,1.3738437137002402
2021-03-11,21.90999984741211,1.53,1.37,1.3738437137002402
2021-03-12,20.690000534057617,1.54,1.4,1.3738437137002402
2021-03-15,20.030000686645508,1.64,1.5,1.3738437137002402
2021-03-16,19.790000915527344,1.62,1.48,1.6698167791706853
2021-03-17,19.229999542236328,1.62,1.47,1.6698167791706853
2021-03-18,21.57999992370605,1.63,1.5,1.6698167791706853
2021-03-19,20.950000762939453,1.71,1.55,1.6698167791706853
2021-03-22,18.8799991607666,1.74,1.58,1.6698167791706853
2021-03-23,20.299999237060547,1.69,1.54,1.6698167791706853
2021-03-24,21.200000762939453,1.63,1.48,1.6698167791706853
2021-03-25,19.809999465942383,1.62,1.48,1.6698167791706853
2021-03-26,18.86000061035156,1.63,1.49,1.6698167791706853
2021-03-29,20.739999771118164,1.67,1.53,1.6698167791706853
2021-03-30,19.61000061035156,1.73,1.59,1.6698167791706853
2021-03-31,19.399999618530277,1.73,1.57,1.6698167791706853
2021-04-01,17.329999923706055,1.74,1.58,1.6698167791706853
2021-04-05,17.90999984741211,1.69,1.52,1.6698167791706853
2021-04-06,18.1200008392334,1.73,1.56,1.6698167791706853
2021-04-07,17.15999984741211,1.67,1.51,1.6698167791706853
2021-04-08,16.950000762939453,1.68,1.52,1.6698167791706853
2021-04-09,16.690000534057617,1.64,1.5,1.6698167791706853
2021-04-12,16.90999984741211,1.67,1.51,1.6698167791706853
2021-04-13,16.649999618530273,1.69,1.51,1.6698167791706853
2021-04-14,16.989999771118164,1.64,1.48,1.6698167791706853
2021-04-15,16.56999969482422,1.64,1.48,1.6698167791706853
2021-04-16,16.25,1.56,1.4,2.6678187820641908
2021-04-19,17.290000915527344,1.59,1.43,2.6678187820641908
2021-04-20,18.68000030517578,1.61,1.45,2.6678187820641908
2021-04-21,17.5,1.58,1.43,2.6678187820641908
2021-04-22,18.709999084472656,1.57,1.42,2.6678187820641908
2021-04-23,17.329999923706055,1.57,1.41,2.6678187820641908
2021-04-26,17.639999389648438,1.58,1.42,2.6678187820641908
2021-04-27,17.559999465942383,1.58,1.4,2.6678187820641908
2021-04-28,17.280000686645508,1.63,1.46,2.6678187820641908
2021-04-29,17.610000610351562,1.63,1.46,2.6678187820641908
2021-04-30,18.61000061035156,1.65,1.49,2.6678187820641908
2021-05-03,18.309999465942383,1.65,1.49,2.6678187820641908
2021-05-04,19.479999542236328,1.63,1.47,2.6678187820641908
2021-05-05,19.149999618530277,1.61,1.45,2.6678187820641908
2021-05-06,18.38999938964844,1.59,1.43,2.6678187820641908
2021-05-07,16.690000534057617,1.58,1.42,2.6678187820641908
2021-05-10,19.65999984741211,1.6,1.46,2.6678187820641908
2021-05-11,21.84000015258789,1.63,1.47,2.6678187820641908
2021-05-12,27.59000015258789,1.64,1.48,2.6678187820641908
2021-05-13,23.1299991607666,1.69,1.53,2.6678187820641908
2021-05-14,18.809999465942383,1.66,1.5,2.6678187820641908
2021-05-17,19.71999931335449,1.63,1.47,4.133077115360573
2021-05-18,21.34000015258789,1.64,1.48,4.133077115360573
2021-05-19,22.18000030517578,1.64,1.48,4.133077115360573
2021-05-20,20.670000076293945,1.68,1.52,4.133077115360573
2021-05-21,20.149999618530277,1.63,1.48,4.133077115360573
2021-05-24,18.399999618530277,1.63,1.46,4.133077115360573
2021-05-25,18.84000015258789,1.61,1.46,4.133077115360573
2021-05-26,17.360000610351562,1.56,1.41,4.133077115360573
2021-05-27,16.739999771118164,1.58,1.44,4.133077115360573
2021-05-28,16.760000228881836,1.61,1.47,4.133077115360573
2021-06-01,17.899999618530273,1.58,1.44,4.133077115360573
2021-06-02,17.479999542236328,1.62,1.46,4.133077115360573
2021-06-03,18.040000915527344,1.59,1.46,4.133077115360573
2021-06-04,16.420000076293945,1.63,1.47,4.133077115360573
2021-06-07,16.420000076293945,1.56,1.42,4.133077115360573
2021-06-08,17.06999969482422,1.57,1.41,4.133077115360573
2021-06-09,17.889999389648438,1.53,1.39,4.133077115360573
2021-06-10,16.100000381469727,1.5,1.34,4.133077115360573
2021-06-11,15.649999618530272,1.45,1.31,4.133077115360573
2021-06-14,16.389999389648438,1.47,1.31,4.133077115360573
2021-06-15,17.020000457763672,1.51,1.35,4.133077115360573
2021-06-16,18.149999618530277,1.51,1.35,4.918257089467626
2021-06-17,17.75,1.57,1.36,4.918257089467626
2021-06-18,20.700000762939453,1.52,1.29,4.918257089467626
2021-06-21,17.889999389648438,1.45,1.19,4.918257089467626
2021-06-22,16.65999984741211,1.5,1.23,4.918257089467626
2021-06-23,16.31999969482422,1.48,1.23,4.918257089467626
2021-06-24,15.970000267028809,1.5,1.24,4.918257089467626
2021-06-25,15.619999885559082,1.49,1.23,4.918257089467626
2021-06-28,15.760000228881836,1.54,1.26,4.918257089467626
2021-06-29,16.020000457763672,1.49,1.24,4.918257089467626
2021-06-30,15.829999923706056,1.49,1.22,4.918257089467626
2021-07-01,15.479999542236328,1.45,1.2,4.918257089467626
2021-07-02,15.06999969482422,1.48,1.23,4.918257089467626
2021-07-06,16.440000534057617,1.44,1.2,4.918257089467626
2021-07-07,16.200000762939453,1.37,1.15,4.918257089467626
2021-07-08,19.0,1.33,1.11,4.918257089467626
2021-07-09,16.18000030517578,1.3,1.11,4.918257089467626
2021-07-12,16.170000076293945,1.37,1.14,4.918257089467626
2021-07-13,17.1200008392334,1.38,1.15,4.918257089467626
2021-07-14,16.329999923706055,1.42,1.16,4.918257089467626
2021-07-15,17.010000228881836,1.37,1.14,4.918257089467626
2021-07-16,18.450000762939453,1.31,1.08,5.295632620349999
2021-07-19,22.5,1.31,1.06,5.295632620349999
2021-07-20,19.729999542236328,1.19,0.98,5.295632620349999
2021-07-21,17.90999984741211,1.23,1.03,5.295632620349999
2021-07-22,17.690000534057617,1.3,1.08,5.295632620349999
2021-07-23,17.200000762939453,1.27,1.07,5.295632620349999
2021-07-26,17.579999923706055,1.3,1.08,5.295632620349999
2021-07-27,19.36000061035156,1.29,1.07,5.295632620349999
2021-07-28,18.309999465942383,1.25,1.05,5.295632620349999
2021-07-29,17.700000762939453,1.26,1.06,5.295632620349999
2021-07-30,18.239999771118164,1.28,1.08,5.295632620349999
2021-08-02,19.459999084472656,1.24,1.05,5.295632620349999
2021-08-03,18.040000915527344,1.2,1.03,5.295632620349999
2021-08-04,17.969999313354492,1.19,1.02,5.295632620349999
2021-08-05,17.280000686645508,1.19,1.02,5.295632620349999
2021-08-06,16.149999618530273,1.23,1.02,5.295632620349999
2021-08-09,16.719999313354492,1.31,1.1,5.295632620349999
2021-08-10,16.790000915527344,1.33,1.1,5.295632620349999
2021-08-11,16.170000076293945,1.36,1.12,5.295632620349999
2021-08-12,15.59000015258789,1.35,1.12,5.295632620349999
2021-08-13,15.449999809265137,1.36,1.13,5.295632620349999
2021-08-16,16.1200008392334,1.29,1.06,5.245169381309234
2021-08-17,17.90999984741211,1.26,1.05,5.245169381309234
2021-08-18,21.56999969482422,1.26,1.03,5.245169381309234
2021-08-19,21.670000076293945,1.27,1.04,5.245169381309234
2021-08-20,18.559999465942383,1.24,1.02,5.245169381309234
2021-08-23,17.149999618530273,1.26,1.03,5.245169381309234
2021-08-24,17.219999313354492,1.25,1.02,5.245169381309234
2021-08-25,16.790000915527344,1.29,1.05,5.245169381309234
2021-08-26,18.84000015258789,1.35,1.12,5.245169381309234
2021-08-27,16.389999389648438,1.34,1.09,5.245169381309234
2021-08-30,16.190000534057617,1.31,1.09,5.245169381309234
2021-08-31,16.479999542236328,1.29,1.09,5.245169381309234
2021-09-01,16.110000610351562,1.3,1.1,5.245169381309234
2021-09-02,16.40999984741211,1.31,1.11,5.245169381309234
2021-09-03,16.40999984741211,1.29,1.09,5.245169381309234
2021-09-07,18.13999938964844,1.33,1.12,5.245169381309234
2021-09-08,17.959999084472656,1.38,1.16,5.245169381309234
2021-09-09,18.799999237060547,1.35,1.13,5.245169381309234
2021-09-10,20.950000762939453,1.3,1.07,5.245169381309234
2021-09-13,19.3700008392334,1.35,1.12,5.245169381309234
2021-09-14,19.459999084472656,1.33,1.12,5.245169381309234
2021-09-15,18.18000030517578,1.28,1.07,5.245169381309234
2021-09-16,18.690000534057617,1.31,1.1,5.152015301793966
2021-09-17,20.809999465942383,1.34,1.11,5.152015301793966
2021-09-20,25.709999084472656,1.37,1.14,5.152015301793966
2021-09-21,24.36000061035156,1.31,1.08,5.152015301793966
2021-09-22,20.8700008392334,1.33,1.11,5.152015301793966
2021-09-23,18.6299991607666,1.32,1.07,5.152015301793966
2021-09-24,17.75,1.41,1.14,5.152015301793966
2021-09-27,18.76000022888184,1.47,1.18,5.152015301793966
2021-09-28,23.25,1.48,1.17,5.152015301793966
2021-09-29,22.559999465942383,1.54,1.23,5.152015301793966
2021-09-30,23.13999938964844,1.55,1.25,5.152015301793966
2021-10-01,21.100000381469727,1.52,1.24,5.152015301793966
2021-10-04,22.959999084472656,1.48,1.21,5.152015301793966
2021-10-05,21.299999237060547,1.49,1.22,5.152015301793966
2021-10-06,21.0,1.54,1.26,5.152015301793966
2021-10-07,19.540000915527344,1.53,1.23,5.152015301793966
2021-10-08,18.770000457763672,1.58,1.26,5.152015301793966
2021-10-11,20.0,1.61,1.29,5.152015301793966
2021-10-12,19.850000381469727,1.61,1.29,5.152015301793966
2021-10-13,18.63999938964844,1.59,1.24,5.152015301793966
2021-10-14,16.860000610351562,1.56,1.19,5.152015301793966
2021-10-15,16.299999237060547,1.52,1.16,5.152015301793966
2021-10-18,16.309999465942383,1.59,1.18,5.351215590949132
2021-10-19,15.699999809265137,1.59,1.15,5.351215590949132
2021-10-20,15.489999771118164,1.65,1.24,5.351215590949132
2021-10-21,15.010000228881836,1.65,1.25,5.351215590949132
2021-10-22,15.43000030517578,1.68,1.23,5.351215590949132
2021-10-25,15.239999771118164,1.66,1.18,5.351215590949132
2021-10-26,15.979999542236328,1.64,1.17,5.351215590949132
2021-10-27,16.979999542236328,1.63,1.16,5.351215590949132
2021-10-28,16.530000686645508,1.54,1.04,5.351215590949132
2021-10-29,16.260000228881836,1.57,1.07,5.351215590949132
2021-11-01,16.40999984741211,1.55,1.07,5.351215590949132
2021-11-02,16.030000686645508,1.58,1.08,5.351215590949132
2021-11-03,15.100000381469728,1.56,1.1,5.351215590949132
2021-11-04,15.4399995803833,1.6,1.13,5.351215590949132
2021-11-05,16.479999542236328,1.53,1.12,5.351215590949132
2021-11-08,17.219999313354492,1.45,1.06,5.351215590949132
2021-11-09,17.780000686645508,1.51,1.06,5.351215590949132
2021-11-10,18.729999542236328,1.46,1.05,5.351215590949132
2021-11-11,17.65999984741211,1.56,1.05,5.351215590949132
2021-11-12,16.290000915527344,1.56,1.05,5.351215590949132
2021-11-15,16.489999771118164,1.58,1.05,5.351215590949132
2021-11-16,16.3700008392334,1.63,1.1,6.235042390298062
2021-11-17,17.110000610351562,1.63,1.09,6.235042390298062
2021-11-18,17.59000015258789,1.6,1.08,6.235042390298062
2021-11-19,17.90999984741211,1.59,1.07,6.235042390298062
2021-11-22,19.170000076293945,1.54,1.02,6.235042390298062
2021-11-23,19.3799991607666,1.63,1.0,6.235042390298062
2021-11-24,18.57999992370605,1.67,1.07,6.235042390298062
2021-11-26,28.6200008392334,1.64,1.0,6.235042390298062
2021-11-29,22.959999084472656,1.48,0.98,6.235042390298062
2021-11-30,27.190000534057617,1.52,1.01,6.235042390298062
2021-12-01,31.1200008392334,1.43,0.91,6.235042390298062
2021-12-02,27.950000762939453,1.43,0.87,6.235042390298062
2021-12-03,30.670000076293945,1.44,0.81,6.235042390298062
2021-12-06,27.18000030517578,1.35,0.75,6.235042390298062
2021-12-07,21.88999938964844,1.43,0.78,6.235042390298062
2021-12-08,19.899999618530277,1.48,0.78,6.235042390298062
2021-12-09,21.57999992370605,1.52,0.84,6.235042390298062
2021-12-10,18.690000534057617,1.49,0.79,6.235042390298062
2021-12-13,20.309999465942383,1.48,0.81,6.235042390298062
2021-12-14,21.88999938964844,1.42,0.76,6.235042390298062
2021-12-15,19.290000915527344,1.44,0.77,6.235042390298062
2021-12-16,20.56999969482422,1.47,0.78,6.901970403700863
2021-12-17,21.56999969482422,1.44,0.8,6.901970403700863
2021-12-20,22.8700008392334,1.41,0.75,6.901970403700863
2021-12-21,21.01000022888184,1.43,0.78,6.901970403700863
2021-12-22,18.6299991607666,1.48,0.78,6.901970403700863
2021-12-23,17.959999084472656,1.46,0.78,6.901970403700863
2021-12-27,17.68000030517578,1.5,0.79,6.901970403700863
2021-12-28,17.540000915527344,1.48,0.72,6.901970403700863
2021-12-29,16.950000762939453,1.49,0.75,6.901970403700863
2021-12-30,17.329999923706055,1.55,0.8,6.901970403700863
2021-12-31,17.219999313354492,1.52,0.79,6.901970403700863
2022-01-03,16.600000381469727,1.52,0.79,6.901970403700863
2022-01-04,16.90999984741211,1.63,0.85,6.901970403700863
2022-01-05,19.729999542236328,1.66,0.89,6.901970403700863
2022-01-06,19.61000061035156,1.71,0.88,6.901970403700863
2022-01-07,18.76000022888184,1.73,0.85,6.901970403700863
2022-01-10,19.399999618530277,1.76,0.89,6.901970403700863
2022-01-11,18.40999984741211,1.78,0.86,6.901970403700863
2022-01-12,17.6200008392334,1.75,0.85,6.901970403700863
2022-01-13,20.309999465942383,1.74,0.82,6.901970403700863
2022-01-14,19.190000534057617,1.7,0.79,6.901970403700863
2022-01-18,22.790000915527344,1.78,0.79,7.174340285065539
2022-01-19,23.850000381469727,1.87,0.81,7.174340285065539
2022-01-20,25.59000015258789,1.83,0.79,7.174340285065539
2022-01-21,28.850000381469727,1.83,0.75,7.174340285065539
2022-01-24,29.899999618530277,1.75,0.74,7.174340285065539
2022-01-25,31.15999984741211,1.75,0.76,7.174340285065539
2022-01-26,31.959999084472656,1.78,0.76,7.174340285065539
2022-01-27,30.489999771118164,1.85,0.72,7.174340285065539
2022-01-28,27.65999984741211,1.81,0.63,7.174340285065539
2022-01-31,24.82999992370605,1.78,0.63,7.174340285065539
2022-02-01,21.959999084472656,1.79,0.61,7.174340285065539
2022-02-02,22.09000015258789,1.81,0.63,7.174340285065539
2022-02-03,24.350000381469727,1.78,0.62,7.174340285065539
2022-02-04,23.21999931335449,1.82,0.63,7.174340285065539
2022-02-07,22.86000061035156,1.93,0.62,7.174340285065539
2022-02-08,21.440000534057617,1.92,0.62,7.174340285065539
2022-02-09,19.959999084472656,1.96,0.61,7.174340285065539
2022-02-10,23.90999984741211,1.94,0.58,7.174340285065539
2022-02-11,27.36000061035156,2.03,0.42,7.174340285065539
2022-02-14,28.32999992370605,1.92,0.42,7.174340285065539
2022-02-15,25.700000762939453,1.98,0.4,7.174340285065539
2022-02-16,24.290000915527344,2.05,0.47,7.558805726967832
2022-02-17,28.11000061035156,2.03,0.51,7.558805726967832
2022-02-18,27.75,1.97,0.48,7.558805726967832
2022-02-22,28.809999465942383,1.92,0.45,7.558805726967832
2022-02-23,31.020000457763672,1.94,0.38,7.558805726967832
2022-02-24,30.31999969482422,1.99,0.41,7.558805726967832
2022-02-25,27.59000015258789,1.96,0.42,7.558805726967832
2022-02-28,30.149999618530277,1.97,0.42,7.558805726967832
2022-03-01,33.31999969482422,1.83,0.39,7.558805726967832
2022-03-02,30.739999771118164,1.72,0.41,7.558805726967832
2022-03-03,30.479999542236328,1.86,0.36,7.558805726967832
2022-03-04,31.979999542236328,1.86,0.33,7.558805726967832
2022-03-07,36.45000076293945,1.74,0.24,7.558805726967832
2022-03-08,35.130001068115234,1.78,0.23,7.558805726967832
2022-03-09,32.45000076293945,1.86,0.23,7.558805726967832
2022-03-10,30.229999542236328,1.94,0.26,7.558805726967832
2022-03-11,30.75,1.98,0.26,7.558805726967832
2022-03-14,31.770000457763672,2.0,0.25,7.558805726967832
2022-03-15,29.82999992370605,2.14,0.27,7.558805726967832
2022-03-16,26.670000076293945,2.15,0.3,7.937278766517819
2022-03-17,25.670000076293945,2.19,0.24,7.937278766517819
2022-03-18,23.8700008392334,2.2,0.26,7.937278766517819
2022-03-21,23.530000686645508,2.14,0.17,7.937278766517819
2022-03-22,22.940000534057617,2.32,0.18,7.937278766517819
2022-03-23,23.56999969482422,2.38,0.2,7.937278766517819
2022-03-24,21.670000076293945,2.32,0.19,7.937278766517819
2022-03-25,20.809999465942383,2.34,0.21,7.937278766517819
2022-03-28,19.6299991607666,2.48,0.18,7.937278766517819
2022-03-29,18.899999618530277,2.46,0.11,7.937278766517819
2022-03-30,19.32999992370605,2.41,0.06,7.937278766517819
2022-03-31,20.559999465942383,2.35,0.04,7.937278766517819
2022-04-01,19.6299991607666,2.32,0.04,7.937278766517819
2022-04-04,18.56999969482422,2.39,-0.05,7.937278766517819
2022-04-05,21.030000686645508,2.42,-0.01,7.937278766517819
2022-04-06,22.100000381469727,2.54,0.03,7.937278766517819
2022-04-07,21.549999237060547,2.61,0.11,7.937278766517819
2022-04-08,21.15999984741211,2.66,0.19,7.937278766517819
2022-04-11,24.3700008392334,2.72,0.19,7.937278766517819
2022-04-12,24.26000022888184,2.79,0.29,7.937278766517819
2022-04-13,21.81999969482422,2.72,0.33,7.937278766517819
2022-04-14,22.700000762939453,2.7,0.33,7.937278766517819
2022-04-18,22.170000076293945,2.83,0.36,8.572204966013853
2022-04-19,21.3700008392334,2.85,0.39,8.572204966013853
2022-04-20,20.31999969482422,2.93,0.32,8.572204966013853
2022-04-21,22.68000030517578,2.85,0.25,8.572204966013853
2022-04-22,28.209999084472656,2.9,0.22,8.572204966013853
2022-04-25,27.020000457763672,2.9,0.18,8.572204966013853
2022-04-26,33.52000045776367,2.81,0.18,8.572204966013853
2022-04-27,31.600000381469727,2.77,0.23,8.572204966013853
2022-04-28,29.989999771118164,2.82,0.24,8.572204966013853
2022-04-29,33.400001525878906,2.85,0.22,8.572204966013853
2022-05-02,32.34000015258789,2.89,0.19,8.572204966013853
2022-05-03,29.25,2.99,0.26,8.572204966013853
2022-05-04,25.420000076293945,2.97,0.19,8.572204966013853
2022-05-05,31.200000762939453,2.93,0.27,8.572204966013853
2022-05-06,30.190000534057617,3.05,0.34,8.572204966013853
2022-05-09,34.75,3.12,0.4,8.572204966013853
2022-05-10,32.9900016784668,3.05,0.44,8.572204966013853
2022-05-11,32.560001373291016,2.99,0.37,8.572204966013853
2022-05-12,31.770000457763672,2.91,0.25,8.572204966013853
2022-05-13,28.8700008392334,2.84,0.28,8.572204966013853
2022-05-16,27.46999931335449,2.93,0.32,8.231750770777225
2022-05-17,26.100000381469727,2.88,0.3,8.231750770777225
2022-05-18,30.959999084472656,2.98,0.27,8.231750770777225
2022-05-19,29.350000381469727,2.89,0.21,8.231750770777225
2022-05-20,29.43000030517578,2.84,0.21,8.231750770777225
2022-05-23,28.479999542236328,2.78,0.18,8.231750770777225
2022-05-24,29.450000762939453,2.86,0.21,8.231750770777225
2022-05-25,28.3700008392334,2.76,0.26,8.231750770777225
2022-05-26,27.5,2.75,0.27,8.231750770777225
2022-05-27,25.71999931335449,2.75,0.29,8.231750770777225
2022-05-31,26.190000534057617,2.74,0.27,8.231750770777225
2022-06-01,25.690000534057617,2.85,0.32,8.231750770777225
2022-06-02,24.71999931335449,2.94,0.28,8.231750770777225
2022-06-03,24.790000915527344,2.92,0.27,8.231750770777225
2022-06-06,25.06999969482422,2.96,0.3,8.231750770777225
2022-06-07,24.020000457763672,3.04,0.31,8.231750770777225
2022-06-08,23.959999084472656,2.98,0.23,8.231750770777225
2022-06-09,26.09000015258789,3.03,0.25,8.231750770777225
2022-06-10,27.75,3.04,0.21,8.231750770777225
2022-06-13,34.02000045776367,3.15,0.09,8.231750770777225
2022-06-14,32.689998626708984,3.43,0.03,8.231750770777225
2022-06-15,29.6200008392334,3.49,0.04,8.231750770777225
2022-06-16,32.95000076293945,3.33,0.13,8.538171195642065
2022-06-17,31.1299991607666,3.28,0.14,8.538171195642065
2022-06-21,30.190000534057617,3.25,0.08,8.538171195642065
2022-06-22,28.950000762939453,3.31,0.1,8.538171195642065
2022-06-23,29.049999237060547,3.16,0.1,8.538171195642065
2022-06-24,27.229999542236328,3.09,0.08,8.538171195642065
2022-06-27,26.950000762939453,3.13,0.09,8.538171195642065
2022-06-28,28.36000061035156,3.2,0.12,8.538171195642065
2022-06-29,28.15999984741211,3.2,0.1,8.538171195642065
2022-06-30,28.709999084472656,3.1,0.04,8.538171195642065
2022-07-01,26.700000762939453,2.98,0.06,8.538171195642065
2022-07-05,27.540000915527344,2.88,0.04,8.538171195642065
2022-07-06,26.729999542236328,2.82,0.0,8.538171195642065
2022-07-07,26.07999992370605,2.93,-0.04,8.538171195642065
2022-07-08,24.63999938964844,3.01,-0.02,8.538171195642065
2022-07-11,26.170000076293945,3.09,-0.03,8.538171195642065
2022-07-12,27.290000915527344,2.99,-0.08,8.538171195642065
2022-07-13,26.81999969482422,2.96,-0.07,8.538171195642065
2022-07-14,26.399999618530277,2.91,-0.22,8.538171195642065
2022-07-15,24.229999542236328,2.96,-0.19,8.538171195642065
2022-07-18,25.299999237060547,2.93,-0.2,8.979361103105798
2022-07-19,24.5,2.96,-0.19,8.979361103105798
2022-07-20,23.8799991607666,3.01,-0.22,8.979361103105798
2022-07-21,23.11000061035156,3.04,-0.21,8.979361103105798
2022-07-22,23.030000686645508,2.91,-0.19,8.979361103105798
2022-07-25,23.36000061035156,2.77,-0.21,8.979361103105798
2022-07-26,24.690000534057617,2.81,-0.19,8.979361103105798
2022-07-27,23.239999771118164,2.81,-0.21,8.979361103105798
2022-07-28,22.32999992370605,2.78,-0.18,8.979361103105798
2022-07-29,21.32999992370605,2.68,-0.17,8.979361103105798
2022-08-01,22.84000015258789,2.67,-0.22,8.979361103105798
2022-08-02,23.93000030517578,2.6,-0.3,8.979361103105798
2022-08-03,21.950000762939453,2.75,-0.31,8.979361103105798
2022-08-04,21.440000534057617,2.73,-0.37,8.979361103105798
2022-08-05,21.149999618530277,2.68,-0.35,8.979361103105798
2022-08-08,21.290000915527344,2.83,-0.41,8.979361103105798
2022-08-09,21.770000457763672,2.77,-0.44,8.979361103105798
2022-08-10,19.739999771118164,2.8,-0.48,8.979361103105798
2022-08-11,20.200000762939453,2.78,-0.45,8.979361103105798
2022-08-12,19.530000686645508,2.87,-0.36,8.979361103105798
2022-08-15,19.950000762939453,2.84,-0.41,8.979361103105798
2022-08-16,19.690000534057617,2.79,-0.41,8.462576727730099
2022-08-17,19.899999618530277,2.82,-0.43,8.462576727730099
2022-08-18,19.559999465942383,2.89,-0.39,8.462576727730099
2022-08-19,20.600000381469727,2.88,-0.34,8.462576727730099
2022-08-22,23.799999237060547,2.98,-0.27,8.462576727730099
2022-08-23,24.11000061035156,3.03,-0.29,8.462576727730099
2022-08-24,22.81999969482422,3.05,-0.24,8.462576727730099
2022-08-25,21.780000686645508,3.11,-0.25,8.462576727730099
2022-08-26,25.559999465942383,3.03,-0.32,8.462576727730099
2022-08-29,26.209999084472656,3.04,-0.33,8.462576727730099
2022-08-30,26.209999084472656,3.12,-0.3,8.462576727730099
2022-08-31,25.8700008392334,3.11,-0.35,8.462576727730099
2022-09-01,25.559999465942383,3.15,-0.3,8.462576727730099
2022-09-02,25.46999931335449,3.26,-0.25,8.462576727730099
2022-09-06,26.90999984741211,3.2,-0.2,8.462576727730099
2022-09-07,24.63999938964844,3.33,-0.17,8.462576727730099
2022-09-08,23.61000061035156,3.27,-0.18,8.462576727730099
2022-09-09,22.790000915527344,3.29,-0.19,8.462576727730099
2022-09-12,23.8700008392334,3.33,-0.23,8.462576727730099
2022-09-13,27.270000457763672,3.37,-0.21,8.462576727730099
2022-09-14,26.15999984741211,3.42,-0.33,8.462576727730099
2022-09-15,26.270000457763672,3.41,-0.37,8.462576727730099
2022-09-16,26.299999237060547,3.45,-0.42,8.222579178218826
2022-09-19,25.76000022888184,3.45,-0.4,8.222579178218826
2022-09-20,27.15999984741211,3.49,-0.46,8.222579178218826
2022-09-21,27.989999771118164,3.57,-0.39,8.222579178218826
2022-09-22,27.350000381469727,3.51,-0.51,8.222579178218826
2022-09-23,29.920000076293945,3.7,-0.41,8.222579178218826
2022-09-26,32.2599983215332,3.69,-0.51,8.222579178218826
2022-09-27,32.599998474121094,3.88,-0.39,8.222579178218826
2022-09-28,30.18000030517578,3.97,-0.33,8.222579178218826
2022-09-29,31.84000015258789,3.72,-0.35,8.222579178218826
2022-09-30,31.6200008392334,3.76,-0.4,8.222579178218826
2022-10-03,30.100000381469727,3.83,-0.39,8.222579178218826
2022-10-04,29.06999969482422,3.67,-0.45,8.222579178218826
2022-10-05,28.549999237060547,3.62,-0.48,8.222579178218826
2022-10-06,30.520000457763672,3.76,-0.39,8.222579178218826
2022-10-07,31.36000061035156,3.83,-0.4,8.222579178218826
2022-10-10,32.45000076293945,3.89,-0.41,8.222579178218826
2022-10-11,33.630001068115234,3.89,-0.41,8.222579178218826
2022-10-12,33.56999969482422,3.93,-0.37,8.222579178218826
2022-10-13,31.940000534057617,3.91,-0.37,8.222579178218826
2022-10-14,32.02000045776367,3.97,-0.5,8.222579178218826
2022-10-17,31.3700008392334,4.0,-0.48,8.192106896425821
2022-10-18,30.5,4.02,-0.43,8.192106896425821
2022-10-19,30.76000022888184,4.01,-0.42,8.192106896425821
2022-10-20,29.979999542236328,4.14,-0.41,8.192106896425821
2022-10-21,29.690000534057617,4.24,-0.38,8.192106896425821
2022-10-24,29.850000381469727,4.21,-0.28,8.192106896425821
2022-10-25,28.459999084472656,4.25,-0.25,8.192106896425821
2022-10-26,27.280000686645508,4.1,-0.32,8.192106896425821
2022-10-27,27.38999938964844,4.04,-0.35,8.192106896425821
2022-10-28,25.75,3.96,-0.34,8.192106896425821
2022-10-31,25.8799991607666,4.02,-0.39,8.192106896425821
2022-11-01,25.809999465942383,4.1,-0.41,8.192106896425821
2022-11-02,25.86000061035156,4.07,-0.47,8.192106896425821
2022-11-03,25.299999237060547,4.1,-0.51,8.192106896425821
2022-11-04,24.549999237060547,4.14,-0.57,8.192106896425821
2022-11-07,24.350000381469727,4.17,-0.49,8.192106896425821
2022-11-08,25.540000915527344,4.22,-0.5,8.192106896425821
2022-11-09,26.09000015258789,4.14,-0.53,8.192106896425821
2022-11-10,23.530000686645508,4.12,-0.49,8.192106896425821
2022-11-11,22.520000457763672,3.82,-0.52,8.192106896425821
2022-11-14,23.729999542236328,3.82,-0.52,8.192106896425821
2022-11-15,24.540000915527344,3.88,-0.52,8.192106896425821
2022-11-16,24.11000061035156,3.8,-0.57,7.758813957693
2022-11-17,23.93000030517578,3.67,-0.68,7.758813957693
2022-11-18,23.1200008392334,3.77,-0.66,7.758813957693
2022-11-21,22.36000061035156,3.82,-0.69,7.758813957693
2022-11-22,21.290000915527344,3.83,-0.65,7.758813957693
2022-11-23,20.350000381469727,3.76,-0.71,7.758813957693
2022-11-25,20.5,3.71,-0.75,7.758813957693
2022-11-28,22.209999084472656,3.68,-0.74,7.758813957693
2022-11-29,21.88999938964844,3.69,-0.77,7.758813957693
2022-11-30,20.57999992370605,3.75,-0.73,7.758813957693
2022-12-01,19.84000015258789,3.68,-0.7,7.758813957693
2022-12-02,19.059999465942383,3.53,-0.72,7.758813957693
2022-12-05,20.75,3.51,-0.77,7.758813957693
2022-12-06,22.170000076293945,3.6,-0.81,7.758813957693
2022-12-07,22.68000030517578,3.51,-0.83,7.758813957693
2022-12-08,22.290000915527344,3.42,-0.84,7.758813957693
2022-12-09,22.82999992370605,3.48,-0.83,7.758813957693
2022-12-12,25.0,3.57,-0.76,7.758813957693
2022-12-13,22.549999237060547,3.61,-0.78,7.758813957693
2022-12-14,21.13999938964844,3.51,-0.71,7.758813957693
2022-12-15,22.82999992370605,3.49,-0.74,7.758813957693
2022-12-16,22.6200008392334,3.44,-0.79,7.122856456533988
2022-12-19,22.420000076293945,3.48,-0.69,7.122856456533988
2022-12-20,21.479999542236328,3.57,-0.68,7.122856456533988
2022-12-21,20.06999969482422,3.69,-0.56,7.122856456533988
2022-12-22,21.96999931335449,3.68,-0.53,7.122856456533988
2022-12-23,20.8700008392334,3.67,-0.57,7.122856456533988
2022-12-27,21.649999618530277,3.75,-0.56,7.122856456533988
2022-12-28,22.13999938964844,3.84,-0.48,7.122856456533988
2022-12-29,21.440000534057617,3.88,-0.43,7.122856456533988
2022-12-30,21.670000076293945,3.83,-0.51,7.122856456533988
2023-01-03,22.899999618530277,3.88,-0.53,7.122856456533988
2023-01-04,22.01000022888184,3.79,-0.61,7.122856456533988
2023-01-05,22.459999084472656,3.69,-0.67,7.122856456533988
2023-01-06,21.1299991607666,3.71,-0.74,7.122856456533988
2023-01-09,21.96999931335449,3.55,-0.69,7.122856456533988
2023-01-10,20.57999992370605,3.53,-0.66,7.122856456533988
2023-01-11,21.09000015258789,3.61,-0.63,7.122856456533988
2023-01-12,18.82999992370605,3.54,-0.66,7.122856456533988
2023-01-13,18.350000381469727,3.43,-0.69,7.122856456533988
2023-01-17,19.36000061035156,3.49,-0.73,6.404600402357152
2023-01-18,20.34000015258789,3.53,-0.65,6.404600402357152
2023-01-19,20.520000457763672,3.37,-0.69,6.404600402357152
2023-01-20,19.850000381469727,3.39,-0.7,6.404600402357152
2023-01-23,19.809999465942383,3.48,-0.66,6.404600402357152
2023-01-24,19.200000762939453,3.52,-0.69,6.404600402357152
2023-01-25,19.07999992370605,3.46,-0.66,6.404600402357152
2023-01-26,18.729999542236328,3.46,-0.65,6.404600402357152
2023-01-27,18.51000022888184,3.49,-0.68,6.404600402357152
2023-01-30,19.940000534057617,3.52,-0.67,6.404600402357152
2023-01-31,19.399999618530277,3.55,-0.7,6.404600402357152
2023-02-01,17.8700008392334,3.52,-0.69,6.404600402357152
2023-02-02,18.729999542236328,3.39,-0.7,6.404600402357152
2023-02-03,18.32999992370605,3.4,-0.69,6.404600402357152
2023-02-06,19.43000030517578,3.53,-0.77,6.404600402357152
2023-02-07,18.65999984741211,3.63,-0.81,6.404600402357152
2023-02-08,19.6299991607666,3.67,-0.8,6.404600402357152
2023-02-09,20.709999084472656,3.63,-0.82,6.404600402357152
2023-02-10,20.530000686645508,3.67,-0.81,6.404600402357152
2023-02-13,20.34000015258789,3.74,-0.76,6.404600402357152
2023-02-14,18.90999984741211,3.72,-0.8,6.404600402357152
2023-02-15,18.229999542236328,3.77,-0.83,6.404600402357152
2023-02-16,20.170000076293945,3.81,-0.81,6.327178517960097
2023-02-17,20.020000457763672,3.86,-0.76,6.327178517960097
2023-02-21,22.8700008392334,3.82,-0.78,6.327178517960097
2023-02-22,22.290000915527344,3.95,-0.72,6.327178517960097
2023-02-23,21.13999938964844,3.93,-0.73,6.327178517960097
2023-02-24,21.670000076293945,3.88,-0.78,6.327178517960097
2023-02-27,20.950000762939453,3.95,-0.83,6.327178517960097
2023-02-28,20.700000762939453,3.92,-0.86,6.327178517960097
2023-03-01,20.57999992370605,3.92,-0.89,6.327178517960097
2023-03-02,19.59000015258789,4.01,-0.88,6.327178517960097
2023-03-03,18.489999771118164,4.08,-0.81,6.327178517960097
2023-03-06,18.61000061035156,3.97,-0.89,6.327178517960097
2023-03-07,19.59000015258789,3.98,-0.91,6.327178517960097
2023-03-08,19.11000061035156,3.97,-1.03,6.327178517960097
2023-03-09,22.61000061035156,3.98,-1.07,6.327178517960097
2023-03-10,24.799999237060547,3.93,-0.97,6.327178517960097
2023-03-13,26.520000457763672,3.7,-0.9,6.327178517960097
2023-03-14,23.729999542236328,3.55,-0.48,6.327178517960097
2023-03-15,26.13999938964844,3.64,-0.56,6.327178517960097
2023-03-16,22.989999771118164,3.51,-0.42,5.957820738137087
2023-03-17,25.51000022888184,3.56,-0.58,5.957820738137087
2023-03-20,24.149999618530277,3.39,-0.42,5.957820738137087
2023-03-21,21.3799991607666,3.47,-0.45,5.957820738137087
2023-03-22,22.26000022888184,3.59,-0.58,5.957820738137087
2023-03-23,22.61000061035156,3.48,-0.48,5.957820738137087
2023-03-24,21.739999771118164,3.38,-0.38,5.957820738137087
2023-03-27,20.600000381469727,3.38,-0.38,5.957820738137087
2023-03-28,19.96999931335449,3.53,-0.41,5.957820738137087
2023-03-29,19.1200008392334,3.55,-0.47,5.957820738137087
2023-03-30,19.020000457763672,3.57,-0.51,5.957820738137087
2023-03-31,18.700000762939453,3.55,-0.55,5.957820738137087
2023-04-03,18.549999237060547,3.48,-0.58,5.957820738137087
2023-04-04,19.0,3.43,-0.54,5.957820738137087
2023-04-05,19.07999992370605,3.35,-0.49,5.957820738137087
2023-04-06,18.399999618530277,3.3,-0.49,5.957820738137087
2023-04-10,18.96999931335449,3.3,-0.52,5.957820738137087
2023-04-11,19.100000381469727,3.41,-0.59,5.957820738137087
2023-04-12,19.09000015258789,3.43,-0.6,5.957820738137087
2023-04-13,17.799999237060547,3.41,-0.54,5.957820738137087
2023-04-14,17.06999969482422,3.45,-0.51,5.957820738137087
2023-04-17,16.950000762939453,3.52,-0.56,4.917719362889961
2023-04-18,16.829999923706055,3.6,-0.58,4.917719362889961
2023-04-19,16.459999084472656,3.58,-0.61,4.917719362889961
2023-04-20,17.170000076293945,3.6,-0.64,4.917719362889961
2023-04-21,16.770000457763672,3.54,-0.6,4.917719362889961
2023-04-24,16.889999389648438,3.57,-0.6,4.917719362889961
2023-04-25,18.76000022888184,3.52,-0.6,4.917719362889961
2023-04-26,18.84000015258789,3.4,-0.46,4.917719362889961
2023-04-27,17.030000686645508,3.43,-0.47,4.917719362889961
2023-04-28,15.779999732971191,3.53,-0.54,4.917719362889961
2023-05-01,16.079999923706055,3.44,-0.6,4.917719362889961
2023-05-02,17.780000686645508,3.59,-0.55,4.917719362889961
2023-05-03,18.34000015258789,3.44,-0.53,4.917719362889961
2023-05-04,20.09000015258789,3.38,-0.51,4.917719362889961
2023-05-05,17.190000534057617,3.37,-0.38,4.917719362889961
2023-05-08,16.979999542236328,3.44,-0.48,4.917719362889961
2023-05-09,17.709999084472656,3.52,-0.48,4.917719362889961
2023-05-10,16.940000534057617,3.53,-0.48,4.917719362889961
2023-05-11,16.93000030517578,3.43,-0.47,4.917719362889961
2023-05-12,17.030000686645508,3.39,-0.5,4.917719362889961
2023-05-15,17.1200008392334,3.46,-0.52,4.917719362889961
2023-05-16,17.989999771118164,3.5,-0.49,4.950079879124369
2023-05-17,16.8700008392334,3.54,-0.52,4.950079879124369
2023-05-18,16.049999237060547,3.57,-0.55,4.950079879124369
2023-05-19,16.809999465942383,3.65,-0.59,4.950079879124369
2023-05-22,17.209999084472656,3.7,-0.58,4.950079879124369
2023-05-23,18.530000686645508,3.72,-0.57,4.950079879124369
2023-05-24,20.030000686645508,3.7,-0.56,4.950079879124369
2023-05-25,19.13999938964844,3.73,-0.58,4.950079879124369
2023-05-26,17.950000762939453,3.83,-0.67,4.950079879124369
2023-05-30,17.459999084472656,3.8,-0.74,4.950079879124369
2023-05-31,17.940000534057617,3.69,-0.77,4.950079879124369
2023-06-01,15.649999618530272,3.64,-0.76,4.950079879124369
2023-06-02,14.600000381469728,3.61,-0.72,4.950079879124369
2023-06-05,14.729999542236328,3.69,-0.81,4.950079879124369
2023-06-06,13.960000038146973,3.69,-0.77,4.950079879124369
2023-06-07,13.9399995803833,3.7,-0.81,4.950079879124369
2023-06-08,13.649999618530272,3.79,-0.77,4.950079879124369
2023-06-09,13.829999923706056,3.73,-0.79,4.950079879124369
2023-06-12,15.010000228881836,3.75,-0.84,4.950079879124369
2023-06-13,14.609999656677246,3.73,-0.82,4.950079879124369
2023-06-14,13.880000114440918,3.84,-0.83,4.950079879124369
2023-06-15,14.5,3.83,-0.91,4.950079879124369
2023-06-16,13.539999961853027,3.72,-0.9,4.131851231385042
2023-06-20,13.880000114440918,3.77,-0.93,4.131851231385042
2023-06-21,13.199999809265137,3.74,-0.94,4.131851231385042
2023-06-22,12.90999984741211,3.72,-0.96,4.131851231385042
2023-06-23,13.4399995803833,3.8,-0.97,4.131851231385042
2023-06-26,14.25,3.74,-0.97,4.131851231385042
2023-06-27,13.739999771118164,3.72,-0.93,4.131851231385042
2023-06-28,13.43000030517578,3.77,-0.97,4.131851231385042
2023-06-29,13.539999961853027,3.71,-1.0,4.131851231385042
2023-06-30,13.59000015258789,3.85,-1.02,4.131851231385042
2023-07-03,13.56999969482422,3.81,-1.06,4.131851231385042
2023-07-05,14.18000030517578,3.86,-1.08,4.131851231385042
2023-07-06,15.4399995803833,3.95,-0.99,4.131851231385042
2023-07-07,14.829999923706056,4.05,-0.94,4.131851231385042
2023-07-10,15.06999969482422,4.06,-0.88,4.131851231385042
2023-07-11,14.84000015258789,4.01,-0.84,4.131851231385042
2023-07-12,13.539999961853027,3.99,-0.89,4.131851231385042
2023-07-13,13.609999656677246,3.86,-0.86,4.131851231385042
2023-07-14,13.34000015258789,3.76,-0.83,4.131851231385042
2023-07-17,13.479999542236328,3.83,-0.91,3.070617072997095
2023-07-18,13.300000190734863,3.81,-0.93,3.070617072997095
2023-07-19,13.760000228881836,3.8,-0.94,3.070617072997095
2023-07-20,13.989999771118164,3.75,-0.99,3.070617072997095
2023-07-21,13.600000381469728,3.85,-0.95,3.070617072997095
2023-07-24,13.90999984741211,3.84,-0.98,3.070617072997095
2023-07-25,13.859999656677246,3.86,-0.95,3.070617072997095
2023-07-26,13.1899995803833,3.91,-0.94,3.070617072997095
2023-07-27,14.40999984741211,3.86,-0.96,3.070617072997095
2023-07-28,13.329999923706056,4.01,-0.9,3.070617072997095
2023-07-31,13.630000114440918,3.96,-0.91,3.070617072997095
2023-08-01,13.93000030517578,3.97,-0.91,3.070617072997095
2023-08-02,16.09000015258789,4.05,-0.87,3.070617072997095
2023-08-03,15.920000076293944,4.08,-0.8,3.070617072997095
2023-08-04,17.100000381469727,4.2,-0.7,3.070617072997095
2023-08-07,15.770000457763672,4.05,-0.73,3.070617072997095
2023-08-08,15.989999771118164,4.09,-0.67,3.070617072997095
2023-08-09,15.960000038146973,4.02,-0.72,3.070617072997095
2023-08-10,15.850000381469728,4.0,-0.79,3.070617072997095
2023-08-11,14.84000015258789,4.09,-0.73,3.070617072997095
2023-08-14,14.81999969482422,4.16,-0.73,3.070617072997095
2023-08-15,16.459999084472656,4.19,-0.77,3.070617072997095
2023-08-16,16.780000686645508,4.21,-0.71,3.287749268428297
2023-08-17,17.889999389648438,4.28,-0.69,3.287749268428297
2023-08-18,17.299999237060547,4.3,-0.64,3.287749268428297
2023-08-21,17.1299991607666,4.26,-0.66,3.287749268428297
2023-08-22,16.969999313354492,4.34,-0.63,3.287749268428297
2023-08-23,15.979999542236328,4.34,-0.68,3.287749268428297
2023-08-24,17.200000762939453,4.19,-0.76,3.287749268428297
2023-08-25,15.68000030517578,4.23,-0.75,3.287749268428297
2023-08-28,15.079999923706056,4.25,-0.78,3.287749268428297
2023-08-29,14.449999809265137,4.2,-0.78,3.287749268428297
2023-08-30,13.880000114440918,4.12,-0.75,3.287749268428297
2023-08-31,13.56999969482422,4.12,-0.78,3.287749268428297
2023-09-01,13.09000015258789,4.09,-0.76,3.287749268428297
2023-09-05,14.010000228881836,4.18,-0.69,3.287749268428297
2023-09-06,14.449999809265137,4.27,-0.67,3.287749268428297
2023-09-07,14.399999618530272,4.3,-0.71,3.287749268428297
2023-09-08,13.84000015258789,4.27,-0.67,3.287749268428297
2023-09-11,13.800000190734863,4.26,-0.72,3.287749268428297
2023-09-12,14.229999542236328,4.29,-0.68,3.287749268428297
2023-09-13,13.479999542236328,4.27,-0.71,3.287749268428297
2023-09-14,12.81999969482422,4.25,-0.71,3.287749268428297
2023-09-15,13.789999961853027,4.29,-0.71,3.287749268428297
2023-09-18,14.0,4.33,-0.69,3.722504803505289
2023-09-19,14.109999656677246,4.32,-0.73,3.722504803505289
2023-09-20,15.140000343322754,4.37,-0.71,3.722504803505289
2023-09-21,17.540000915527344,4.35,-0.77,3.722504803505289
2023-09-22,17.200000762939453,4.49,-0.63,3.722504803505289
2023-09-25,16.899999618530273,4.44,-0.66,3.722504803505289
2023-09-26,18.940000534057617,4.55,-0.54,3.722504803505289
2023-09-27,18.21999931335449,4.56,-0.48,3.722504803505289
2023-09-28,17.34000015258789,4.61,-0.49,3.722504803505289
2023-09-29,17.520000457763672,4.59,-0.45,3.722504803505289
2023-10-02,17.610000610351562,4.59,-0.44,3.722504803505289
2023-10-03,19.780000686645508,4.69,-0.43,3.722504803505289
2023-10-04,18.57999992370605,4.81,-0.34,3.722504803505289
2023-10-05,18.489999771118164,4.73,-0.32,3.722504803505289
2023-10-06,17.450000762939453,4.72,-0.31,3.722504803505289
2023-10-09,17.700000762939453,4.78,-0.3,3.722504803505289
2023-10-10,17.030000686645508,4.78,-0.3,3.722504803505289
2023-10-11,16.09000015258789,4.66,-0.3,3.722504803505289
2023-10-12,16.690000534057617,4.58,-0.41,3.722504803505289
2023-10-13,19.31999969482422,4.7,-0.36,3.722504803505289
2023-10-16,17.209999084472656,4.63,-0.41,3.687206638119256
2023-10-17,17.8799991607666,4.71,-0.38,3.687206638119256
2023-10-18,19.21999931335449,4.83,-0.36,3.687206638119256
2023-10-19,21.399999618530277,4.91,-0.28,3.687206638119256
2023-10-20,21.709999084472656,4.98,-0.16,3.687206638119256
2023-10-23,20.3700008392334,4.93,-0.14,3.687206638119256
2023-10-24,18.96999931335449,4.86,-0.19,3.687206638119256
2023-10-25,20.190000534057617,4.83,-0.19,3.687206638119256
2023-10-26,20.68000030517578,4.95,-0.13,3.687206638119256
2023-10-27,21.270000457763672,4.86,-0.16,3.687206638119256
2023-10-30,19.75,4.84,-0.15,3.687206638119256
2023-10-31,18.13999938964844,4.88,-0.15,3.687206638119256
2023-11-01,16.8700008392334,4.88,-0.19,3.687206638119256
2023-11-02,15.65999984741211,4.77,-0.18,3.687206638119256
2023-11-03,14.90999984741211,4.67,-0.31,3.687206638119256
2023-11-06,14.890000343322754,4.57,-0.26,3.687206638119256
2023-11-07,14.8100004196167,4.67,-0.26,3.687206638119256
2023-11-08,14.449999809265137,4.58,-0.33,3.687206638119256
2023-11-09,15.289999961853027,4.49,-0.44,3.687206638119256
2023-11-10,14.170000076293944,4.62,-0.41,3.687206638119256
2023-11-13,14.760000228881836,4.61,-0.43,3.687206638119256
2023-11-14,14.15999984741211,4.63,-0.39,3.687206638119256
2023-11-15,14.18000030517578,4.44,-0.36,3.687206638119256
2023-11-16,14.31999969482422,4.53,-0.37,3.2512659098611785
2023-11-17,13.800000190734863,4.45,-0.38,3.2512659098611785
2023-11-20,13.40999984741211,4.44,-0.44,3.2512659098611785
2023-11-21,13.350000381469728,4.42,-0.47,3.2512659098611785
2023-11-22,12.850000381469728,4.41,-0.45,3.2512659098611785
2023-11-24,12.460000038146973,4.42,-0.47,3.2512659098611785
2023-11-27,12.6899995803833,4.47,-0.45,3.2512659098611785
2023-11-28,12.6899995803833,4.39,-0.45,3.2512659098611785
2023-11-29,12.979999542236328,4.34,-0.39,3.2512659098611785
2023-11-30,12.920000076293944,4.27,-0.37,3.2512659098611785
2023-12-01,12.630000114440918,4.37,-0.36,3.2512659098611785
2023-12-04,13.079999923706056,4.22,-0.34,3.2512659098611785
2023-12-05,12.850000381469728,4.28,-0.36,3.2512659098611785
2023-12-06,12.970000267028809,4.18,-0.39,3.2512659098611785
2023-12-07,13.0600004196167,4.12,-0.48,3.2512659098611785
2023-12-08,12.350000381469728,4.14,-0.44,3.2512659098611785
2023-12-11,12.630000114440918,4.23,-0.48,3.2512659098611785
2023-12-12,12.06999969482422,4.23,-0.48,3.2512659098611785
2023-12-13,12.1899995803833,4.2,-0.53,3.2512659098611785
2023-12-14,12.479999542236328,4.04,-0.42,3.2512659098611785
2023-12-15,12.279999732971191,3.92,-0.45,3.2512659098611785
2023-12-18,12.5600004196167,3.91,-0.53,3.1333462745911866
2023-12-19,12.529999732971191,3.95,-0.48,3.1333462745911866
2023-12-20,13.670000076293944,3.93,-0.48,3.1333462745911866
2023-12-21,13.649999618530272,3.86,-0.48,3.1333462745911866
2023-12-22,13.029999732971191,3.89,-0.44,3.1333462745911866
2023-12-26,12.989999771118164,3.9,-0.41,3.1333462745911866
2023-12-27,12.43000030517578,3.89,-0.37,3.1333462745911866
2023-12-28,12.470000267028809,3.79,-0.41,3.1333462745911866
2023-12-29,12.449999809265137,3.84,-0.42,3.1333462745911866
2024-01-02,13.199999809265137,3.88,-0.35,3.1333462745911866
2024-01-03,14.039999961853027,3.95,-0.38,3.1333462745911866
2024-01-04,14.130000114440918,3.91,-0.42,3.1333462745911866
2024-01-05,13.350000381469728,3.99,-0.39,3.1333462745911866
2024-01-08,13.079999923706056,4.05,-0.35,3.1333462745911866
2024-01-09,12.760000228881836,4.01,-0.35,3.1333462745911866
2024-01-10,12.6899995803833,4.02,-0.34,3.1333462745911866
2024-01-11,12.4399995803833,4.04,-0.33,3.1333462745911866
2024-01-12,12.699999809265137,3.98,-0.28,3.1333462745911866
2024-01-16,13.84000015258789,3.96,-0.18,3.3159099427102934
2024-01-17,14.789999961853027,4.07,-0.15,3.3159099427102934
2024-01-18,14.130000114440918,4.1,-0.24,3.3159099427102934
2024-01-19,13.300000190734863,4.14,-0.2,3.3159099427102934
2024-01-22,13.1899995803833,4.15,-0.24,3.3159099427102934
2024-01-23,12.550000190734863,4.11,-0.26,3.3159099427102934
2024-01-24,13.140000343322754,4.14,-0.17,3.3159099427102934
2024-01-25,13.449999809265137,4.18,-0.16,3.3159099427102934
2024-01-26,13.260000228881836,4.14,-0.14,3.3159099427102934
2024-01-29,13.600000381469728,4.15,-0.19,3.3159099427102934
2024-01-30,13.3100004196167,4.08,-0.21,3.3159099427102934
2024-01-31,14.350000381469728,4.06,-0.3,3.3159099427102934
2024-02-01,13.880000114440918,3.99,-0.28,3.3159099427102934
2024-02-02,13.850000381469728,3.87,-0.33,3.3159099427102934
2024-02-05,13.670000076293944,4.03,-0.33,3.3159099427102934
2024-02-06,13.0600004196167,4.17,-0.29,3.3159099427102934
2024-02-07,12.829999923706056,4.09,-0.3,3.3159099427102934
2024-02-08,12.789999961853027,4.09,-0.32,3.3159099427102934
2024-02-09,12.93000030517578,4.15,-0.31,3.3159099427102934
2024-02-12,13.93000030517578,4.17,-0.31,3.3159099427102934
2024-02-13,15.850000381469728,4.17,-0.29,3.3159099427102934
2024-02-14,14.380000114440918,4.31,-0.33,3.3159099427102934
2024-02-15,14.010000228881836,4.27,-0.29,3.3159099427102934
2024-02-16,14.239999771118164,4.24,-0.32,3.0883429864855705
2024-02-20,15.420000076293944,4.3,-0.34,3.0883429864855705
2024-02-21,15.34000015258789,4.27,-0.32,3.0883429864855705
2024-02-22,14.539999961853027,4.32,-0.32,3.0883429864855705
2024-02-23,13.75,4.33,-0.36,3.0883429864855705
2024-02-26,13.739999771118164,4.26,-0.41,3.0883429864855705
2024-02-27,13.43000030517578,4.28,-0.41,3.0883429864855705
2024-02-28,13.84000015258789,4.31,-0.39,3.0883429864855705
2024-02-29,13.399999618530272,4.27,-0.37,3.0883429864855705
2024-03-01,13.109999656677246,4.25,-0.39,3.0883429864855705
2024-03-04,13.489999771118164,4.19,-0.35,3.0883429864855705
2024-03-05,14.460000038146973,4.22,-0.39,3.0883429864855705
2024-03-06,14.5,4.13,-0.41,3.0883429864855705
2024-03-07,14.4399995803833,4.11,-0.44,3.0883429864855705
2024-03-08,14.739999771118164,4.09,-0.41,3.0883429864855705
2024-03-11,15.220000267028809,4.09,-0.39,3.0883429864855705
2024-03-12,13.84000015258789,4.1,-0.41,3.0883429864855705
2024-03-13,13.75,4.16,-0.42,3.0883429864855705
2024-03-14,14.399999618530272,4.19,-0.42,3.0883429864855705
2024-03-15,14.40999984741211,4.29,-0.39,3.0883429864855705
2024-03-18,14.329999923706056,4.31,-0.41,3.157074141648697
2024-03-19,13.81999969482422,4.34,-0.39,3.157074141648697
2024-03-20,13.039999961853027,4.3,-0.38,3.157074141648697
2024-03-21,12.920000076293944,4.27,-0.32,3.157074141648697
2024-03-22,13.0600004196167,4.27,-0.35,3.157074141648697
2024-03-25,13.1899995803833,4.22,-0.37,3.157074141648697
2024-03-26,13.239999771118164,4.25,-0.29,3.157074141648697
2024-03-27,12.779999732971191,4.24,-0.32,3.157074141648697
2024-03-28,13.010000228881836,4.2,-0.34,3.157074141648697
2024-04-01,13.649999618530272,4.2,-0.39,3.157074141648697
2024-04-02,14.609999656677246,4.33,-0.39,3.157074141648697
2024-04-03,14.329999923706056,4.36,-0.34,3.157074141648697
2024-04-04,16.350000381469727,4.36,-0.32,3.157074141648697
2024-04-05,16.030000686645508,4.31,-0.34,3.157074141648697
2024-04-08,15.1899995803833,4.39,-0.34,3.157074141648697
2024-04-09,14.979999542236328,4.42,-0.36,3.157074141648697
2024-04-10,15.800000190734863,4.36,-0.38,3.157074141648697
2024-04-11,14.90999984741211,4.55,-0.42,3.157074141648697
2024-04-12,17.309999465942383,4.56,-0.37,3.157074141648697
2024-04-15,19.229999542236328,4.5,-0.38,3.157074141648697
2024-04-16,18.399999618530277,4.63,-0.3,3.4868349120836584
2024-04-17,18.209999084472656,4.67,-0.3,3.4868349120836584
2024-04-18,18.0,4.59,-0.34,3.4868349120836584
2024-04-19,18.709999084472656,4.64,-0.34,3.4868349120836584
2024-04-22,16.940000534057617,4.62,-0.35,3.4868349120836584
2024-04-23,15.6899995803833,4.62,-0.35,3.4868349120836584
2024-04-24,15.970000267028809,4.61,-0.25,3.4868349120836584
2024-04-25,15.369999885559082,4.65,-0.24,3.4868349120836584
2024-04-26,15.029999732971191,4.7,-0.26,3.4868349120836584
2024-04-29,14.670000076293944,4.67,-0.29,3.4868349120836584
2024-04-30,15.649999618530272,4.63,-0.34,3.4868349120836584
2024-05-01,15.390000343322754,4.69,-0.35,3.4868349120836584
2024-05-02,14.68000030517578,4.63,-0.33,3.4868349120836584
2024-05-03,13.489999771118164,4.58,-0.29,3.4868349120836584
2024-05-06,13.489999771118164,4.5,-0.31,3.4868349120836584
2024-05-07,13.229999542236328,4.49,-0.33,3.4868349120836584
2024-05-08,13.0,4.47,-0.35,3.4868349120836584
2024-05-09,12.6899995803833,4.48,-0.36,3.4868349120836584
2024-05-10,12.550000190734863,4.45,-0.35,3.4868349120836584
2024-05-13,13.600000381469728,4.5,-0.37,3.4868349120836584
2024-05-14,13.420000076293944,4.48,-0.37,3.4868349120836584
2024-05-15,12.449999809265137,4.45,-0.36,3.4868349120836584
2024-05-16,12.420000076293944,4.36,-0.37,3.3607951262196734
2024-05-17,11.989999771118164,4.38,-0.4,3.3607951262196734
2024-05-20,12.149999618530272,4.42,-0.41,3.3607951262196734
2024-05-21,11.859999656677246,4.44,-0.38,3.3607951262196734
2024-05-22,12.289999961853027,4.41,-0.41,3.3607951262196734
2024-05-23,12.770000457763672,4.43,-0.43,3.3607951262196734
2024-05-24,11.93000030517578,4.47,-0.44,3.3607951262196734
2024-05-28,12.920000076293944,4.46,-0.47,3.3607951262196734
2024-05-29,14.279999732971191,4.54,-0.4,3.3607951262196734
2024-05-30,14.470000267028809,4.61,-0.35,3.3607951262196734
2024-05-31,12.920000076293944,4.55,-0.37,3.3607951262196734
2024-06-03,13.109999656677246,4.51,-0.38,3.3607951262196734
2024-06-04,13.15999984741211,4.41,-0.41,3.3607951262196734
2024-06-05,12.630000114440918,4.33,-0.44,3.3607951262196734
2024-06-06,12.579999923706056,4.29,-0.43,3.3607951262196734
2024-06-07,12.220000267028809,4.28,-0.44,3.3607951262196734
2024-06-10,12.739999771118164,4.43,-0.44,3.3607951262196734
2024-06-11,12.850000381469728,4.47,-0.4,3.3607951262196734
2024-06-12,12.039999961853027,4.39,-0.42,3.3607951262196734
2024-06-13,11.9399995803833,4.31,-0.44,3.3607951262196734
2024-06-14,12.65999984741211,4.24,-0.44,3.3607951262196734
2024-06-17,12.75,4.2,-0.47,3.244278584003113
2024-06-18,12.300000190734863,4.28,-0.47,3.244278584003113
2024-06-20,13.279999732971191,4.22,-0.47,3.244278584003113
2024-06-21,13.199999809265137,4.25,-0.45,3.244278584003113
2024-06-24,13.329999923706056,4.25,-0.45,3.244278584003113
2024-06-25,12.84000015258789,4.25,-0.46,3.244278584003113
2024-06-26,12.550000190734863,4.23,-0.42,3.244278584003113
2024-06-27,12.239999771118164,4.32,-0.39,3.244278584003113
2024-06-28,12.4399995803833,4.29,-0.41,3.244278584003113
2024-07-01,12.220000267028809,4.36,-0.35,3.244278584003113
2024-07-02,12.029999732971191,4.48,-0.29,3.244278584003113
2024-07-03,12.09000015258789,4.43,-0.31,3.244278584003113
2024-07-05,12.479999542236328,4.36,-0.35,3.244278584003113
2024-07-08,12.369999885559082,4.28,-0.32,3.244278584003113
2024-07-09,12.510000228881836,4.28,-0.34,3.244278584003113
2024-07-10,12.850000381469728,4.3,-0.32,3.244278584003113
2024-07-11,12.920000076293944,4.28,-0.34,3.244278584003113
2024-07-12,12.460000038146973,4.2,-0.3,3.244278584003113
2024-07-15,13.119999885559082,4.18,-0.27,3.244278584003113
2024-07-16,13.1899995803833,4.23,-0.21,2.9702579486470926
2024-07-17,14.479999542236328,4.17,-0.26,2.9702579486470926
2024-07-18,15.93000030517578,4.16,-0.26,2.9702579486470926
2024-07-19,16.520000457763672,4.2,-0.26,2.9702579486470926
2024-07-22,14.90999984741211,4.25,-0.24,2.9702579486470926
2024-07-23,14.720000267028809,4.26,-0.24,2.9702579486470926
2024-07-24,18.040000915527344,4.25,-0.15,2.9702579486470926
2024-07-25,18.459999084472656,4.28,-0.09,2.9702579486470926
2024-07-26,16.389999389648438,4.27,-0.14,2.9702579486470926
2024-07-29,16.600000381469727,4.2,-0.16,2.9702579486470926
2024-07-30,17.690000534057617,4.17,-0.19,2.9702579486470926
2024-07-31,16.360000610351562,4.15,-0.2,2.9702579486470926
2024-08-01,18.59000015258789,4.09,-0.2,2.9702579486470926
2024-08-02,23.38999938964844,3.99,-0.17,2.9702579486470926
2024-08-05,38.56999969482422,3.8,-0.08,2.9702579486470926
2024-08-06,27.709999084472656,3.78,-0.11,2.9702579486470926
2024-08-07,27.850000381469727,3.9,-0.09,2.9702579486470926
2024-08-08,23.790000915527344,3.96,-0.04,2.9702579486470926
2024-08-09,20.3700008392334,3.99,-0.05,2.9702579486470926
2024-08-12,20.709999084472656,3.94,-0.11,2.9702579486470926
2024-08-13,18.1200008392334,3.9,-0.11,2.9702579486470926
2024-08-14,16.190000534057617,3.85,-0.08,2.9702579486470926
2024-08-15,15.229999542236328,3.83,-0.11,2.9702579486470926
2024-08-16,14.800000190734863,3.92,-0.16,2.9414757935583014
2024-08-19,14.649999618530272,3.89,-0.17,2.9414757935583014
2024-08-20,15.880000114440918,3.86,-0.2,2.9414757935583014
2024-08-21,16.270000457763672,3.82,-0.17,2.9414757935583014
2024-08-22,17.549999237060547,3.79,-0.13,2.9414757935583014
2024-08-23,15.859999656677246,3.86,-0.13,2.9414757935583014
2024-08-26,16.149999618530273,3.81,-0.09,2.9414757935583014
2024-08-27,15.43000030517578,3.82,-0.09,2.9414757935583014
2024-08-28,17.110000610351562,3.83,0.0,2.9414757935583014
2024-08-29,15.649999618530272,3.84,0.01,2.9414757935583014
2024-08-30,15.0,3.87,0.0,2.9414757935583014
2024-09-03,20.71999931335449,3.91,0.0,2.9414757935583014
2024-09-04,21.31999969482422,3.84,-0.04,2.9414757935583014
2024-09-05,19.899999618530277,3.77,0.01,2.9414757935583014
2024-09-06,22.3799991607666,3.73,-0.02,2.9414757935583014
2024-09-09,19.450000762939453,3.72,0.06,2.9414757935583014
2024-09-10,19.07999992370605,3.7,0.02,2.9414757935583014
2024-09-11,17.690000534057617,3.65,0.06,2.9414757935583014
2024-09-12,17.06999969482422,3.65,0.03,2.9414757935583014
2024-09-13,16.559999465942383,3.68,0.04,2.9414757935583014
2024-09-16,17.139999389648438,3.66,0.09,2.607144490692037
2024-09-17,17.610000610351562,3.63,0.07,2.607144490692037
2024-09-18,18.229999542236328,3.65,0.06,2.607144490692037
2024-09-19,16.329999923706055,3.7,0.09,2.607144490692037
2024-09-20,16.149999618530273,3.73,0.14,2.607144490692037
2024-09-23,15.890000343322754,3.73,0.18,2.607144490692037
2024-09-24,15.390000343322754,3.75,0.18,2.607144490692037
2024-09-25,15.40999984741211,3.74,0.25,2.607144490692037
2024-09-26,15.369999885559082,3.79,0.26,2.607144490692037
2024-09-27,16.959999084472656,3.79,0.19,2.607144490692037
2024-09-30,16.729999542236328,3.75,0.2,2.607144490692037
2024-10-01,19.26000022888184,3.81,0.15,2.607144490692037
2024-10-02,18.899999618530277,3.74,0.13,2.607144490692037
2024-10-03,20.489999771118164,3.79,0.16,2.607144490692037
2024-10-04,19.209999084472656,3.85,0.15,2.607144490692037
2024-10-07,22.63999938964844,3.98,0.05,2.607144490692037
2024-10-08,21.420000076293945,4.03,0.04,2.607144490692037
2024-10-09,20.86000061035156,4.04,0.06,2.607144490692037
2024-10-10,20.93000030517578,4.06,0.07,2.607144490692037
2024-10-11,20.459999084472656,4.09,0.11,2.607144490692037
2024-10-14,19.700000762939453,4.08,0.13,2.607144490692037
2024-10-15,20.63999938964844,4.08,0.13,2.607144490692037
2024-10-16,19.57999992370605,4.03,0.08,2.4264830315416708
2024-10-17,19.11000061035156,4.02,0.09,2.4264830315416708
2024-10-18,18.030000686645508,4.09,0.13,2.4264830315416708
2024-10-21,18.3700008392334,4.08,0.13,2.4264830315416708
2024-10-22,18.200000762939453,4.19,0.17,2.4264830315416708
2024-10-23,19.239999771118164,4.2,0.17,2.4264830315416708
2024-10-24,19.07999992370605,4.24,0.17,2.4264830315416708
2024-10-25,20.32999992370605,4.21,0.14,2.4264830315416708
2024-10-28,19.799999237060547,4.25,0.14,2.4264830315416708
2024-10-29,19.34000015258789,4.28,0.16,2.4264830315416708
2024-10-30,20.350000381469727,4.28,0.17,2.4264830315416708
2024-10-31,23.15999984741211,4.29,0.14,2.4264830315416708
2024-11-01,21.8799991607666,4.28,0.12,2.4264830315416708
2024-11-04,21.979999542236328,4.37,0.16,2.4264830315416708
2024-11-05,20.489999771118164,4.31,0.14,2.4264830315416708
2024-11-06,16.270000457763672,4.26,0.07,2.4264830315416708
2024-11-07,15.199999809265137,4.42,0.15,2.4264830315416708
2024-11-08,14.9399995803833,4.31,0.1,2.4264830315416708
2024-11-11,14.970000267028809,4.3,0.04,2.4264830315416708
2024-11-12,14.710000038146973,4.3,0.04,2.4264830315416708
2024-11-13,14.020000457763672,4.43,0.09,2.4264830315416708
2024-11-14,14.3100004196167,4.44,0.17,2.4264830315416708
2024-11-15,16.139999389648438,4.43,0.09,2.4264830315416708
2024-11-18,15.579999923706056,4.43,0.12,2.578844053871343
2024-11-19,16.350000381469727,4.42,0.13,2.578844053871343
2024-11-20,17.15999984741211,4.39,0.12,2.578844053871343
2024-11-21,16.8700008392334,4.41,0.1,2.578844053871343
2024-11-22,15.239999771118164,4.43,0.09,2.578844053871343
2024-11-25,14.600000381469728,4.41,0.04,2.578844053871343
2024-11-26,14.100000381469728,4.27,0.06,2.578844053871343
2024-11-27,14.100000381469728,4.3,0.09,2.578844053871343
2024-11-29,13.510000228881836,4.25,0.06,2.578844053871343
2024-12-02,13.34000015258789,4.18,0.05,2.578844053871343
2024-12-03,13.300000190734863,4.19,0.02,2.578844053871343
2024-12-04,13.449999809265137,4.23,0.06,2.578844053871343
2024-12-05,13.539999961853027,4.19,0.06,2.578844053871343
2024-12-06,12.770000457763672,4.17,0.02,2.578844053871343
2024-12-09,14.1899995803833,4.15,0.05,2.578844053871343
2024-12-10,14.18000030517578,4.2,0.07,2.578844053871343
2024-12-11,13.579999923706056,4.22,0.07,2.578844053871343
2024-12-12,13.920000076293944,4.26,0.11,2.578844053871343
2024-12-13,13.8100004196167,4.32,0.14,2.578844053871343
2024-12-16,14.6899995803833,4.4,0.15,2.719472461284833
2024-12-17,15.869999885559082,4.39,0.14,2.719472461284833
2024-12-18,27.6200008392334,4.4,0.15,2.719472461284833
2024-12-19,24.09000015258789,4.5,0.15,2.719472461284833
2024-12-20,18.36000061035156,4.57,0.25,2.719472461284833
2024-12-23,16.780000686645508,4.52,0.22,2.719472461284833
2024-12-24,14.270000457763672,4.59,0.29,2.719472461284833
2024-12-26,14.729999542236328,4.59,0.3,2.719472461284833
2024-12-27,15.949999809265137,4.58,0.28,2.719472461284833
2024-12-30,17.399999618530273,4.62,0.31,2.719472461284833
2024-12-31,17.350000381469727,4.55,0.31,2.719472461284833
2025-01-02,17.93000030517578,4.58,0.33,2.719472461284833
2025-01-03,16.1299991607666,4.57,0.32,2.719472461284833
2025-01-06,16.040000915527344,4.6,0.32,2.719472461284833
2025-01-07,17.81999969482422,4.62,0.34,2.719472461284833
2025-01-08,17.700000762939453,4.67,0.37,2.719472461284833
2025-01-10,19.540000915527344,4.67,0.39,2.719472461284833
2025-01-13,19.190000534057617,4.77,0.37,2.719472461284833
2025-01-14,18.709999084472656,4.79,0.39,2.719472461284833
2025-01-15,16.1200008392334,4.78,0.41,2.719472461284833
2025-01-16,16.600000381469727,4.66,0.39,2.870690967509981
2025-01-17,15.970000267028809,4.61,0.38,2.870690967509981
2025-01-21,15.0600004196167,4.61,0.34,2.870690967509981
2025-01-22,15.100000381469728,4.57,0.28,2.870690967509981
2025-01-23,15.020000457763672,4.6,0.31,2.870690967509981
2025-01-24,14.850000381469728,4.65,0.36,2.870690967509981
2025-01-27,17.899999618530273,4.63,0.36,2.870690967509981
2025-01-28,16.40999984741211,4.53,0.36,2.870690967509981
2025-01-29,16.559999465942383,4.55,0.36,2.870690967509981
2025-01-30,15.84000015258789,4.55,0.34,2.870690967509981
2025-01-31,16.43000030517578,4.52,0.34,2.870690967509981
2025-02-03,18.6200008392334,4.58,0.36,2.870690967509981
2025-02-04,17.209999084472656,4.54,0.28,2.870690967509981
2025-02-05,15.770000457763672,4.52,0.31,2.870690967509981
2025-02-06,15.5,4.43,0.26,2.870690967509981
2025-02-07,16.540000915527344,4.45,0.24,2.870690967509981
2025-02-10,15.8100004196167,4.49,0.2,2.870690967509981
2025-02-11,16.020000457763672,4.51,0.23,2.870690967509981
2025-02-12,15.890000343322754,4.54,0.25,2.870690967509981
2025-02-13,15.100000381469728,4.62,0.26,2.870690967509981
2025-02-14,14.770000457763672,4.52,0.21,2.870690967509981
2025-02-18,15.350000381469728,4.47,0.21,2.9909783078999608
2025-02-19,15.270000457763672,4.55,0.26,2.9909783078999608
2025-02-20,15.65999984741211,4.53,0.25,2.9909783078999608
2025-02-21,18.209999084472656,4.5,0.22,2.9909783078999608
2025-02-24,18.979999542236328,4.42,0.23,2.9909783078999608
2025-02-25,19.43000030517578,4.4,0.27,2.9909783078999608
2025-02-26,19.100000381469727,4.3,0.23,2.9909783078999608
2025-02-27,21.1299991607666,4.25,0.2,2.9909783078999608
2025-02-28,19.6299991607666,4.29,0.22,2.9909783078999608
2025-03-03,22.780000686645508,4.24,0.25,2.9909783078999608
2025-03-04,23.51000022888184,4.16,0.2,2.9909783078999608
2025-03-05,21.93000030517578,4.22,0.26,2.9909783078999608
2025-03-06,24.8700008392334,4.28,0.29,2.9909783078999608
2025-03-07,23.3700008392334,4.29,0.33,2.9909783078999608
2025-03-10,27.86000061035156,4.32,0.33,2.9909783078999608
2025-03-11,26.920000076293945,4.22,0.33,2.9909783078999608
2025-03-12,24.229999542236328,4.28,0.34,2.9909783078999608
2025-03-13,24.65999984741211,4.32,0.31,2.9909783078999608
2025-03-14,21.770000457763672,4.27,0.33,2.9909783078999608
2025-03-17,20.51000022888184,4.31,0.29,2.8015834477613355
2025-03-18,21.700000762939453,4.31,0.25,2.8015834477613355
2025-03-19,19.899999618530277,4.29,0.25,2.8015834477613355
2025-03-20,19.799999237060547,4.25,0.26,2.8015834477613355
2025-03-21,19.280000686645508,4.24,0.29,2.8015834477613355
2025-03-24,17.479999542236328,4.25,0.31,2.8015834477613355
2025-03-25,17.149999618530273,4.34,0.3,2.8015834477613355
2025-03-26,18.32999992370605,4.31,0.35,2.8015834477613355
2025-03-27,18.690000534057617,4.35,0.37,2.8015834477613355
2025-03-28,21.649999618530277,4.38,0.41,2.8015834477613355
2025-03-31,22.280000686645508,4.27,0.38,2.8015834477613355
2025-04-01,21.770000457763672,4.23,0.34,2.8015834477613355
2025-04-02,21.51000022888184,4.17,0.3,2.8015834477613355
2025-04-03,30.020000457763672,4.2,0.29,2.8015834477613355
2025-04-04,45.310001373291016,4.06,0.35,2.8015834477613355
2025-04-07,46.97999954223633,4.01,0.33,2.8015834477613355
2025-04-08,52.33000183105469,4.15,0.42,2.8015834477613355
2025-04-09,33.619998931884766,4.26,0.55,2.8015834477613355
2025-04-10,40.720001220703125,4.34,0.43,2.8015834477613355
2025-04-11,37.560001373291016,4.4,0.56,2.8015834477613355
2025-04-14,30.88999938964844,4.48,0.52,2.8015834477613355
2025-04-15,30.1200008392334,4.38,0.54,2.8015834477613355
2025-04-16,32.63999938964844,4.35,0.51,2.381981462805549
2025-04-17,29.649999618530277,4.29,0.52,2.381981462805549
2025-04-21,33.81999969482422,4.34,0.53,2.381981462805549
2025-04-22,30.56999969482422,4.42,0.67,2.381981462805549
2025-04-23,28.450000762939453,4.41,0.65,2.381981462805549
2025-04-24,26.46999931335449,4.4,0.59,2.381981462805549
2025-04-25,24.84000015258789,4.32,0.55,2.381981462805549
2025-04-28,25.149999618530277,4.29,0.55,2.381981462805549
2025-04-29,24.170000076293945,4.23,0.56,2.381981462805549
2025-04-30,24.700000762939453,4.19,0.54,2.381981462805549
2025-05-01,24.600000381469727,4.17,0.57,2.381981462805549
2025-05-02,22.68000030517578,4.25,0.55,2.381981462805549
2025-05-05,23.63999938964844,4.33,0.5,2.381981462805549
2025-05-06,24.76000022888184,4.36,0.53,2.381981462805549
2025-05-07,23.549999237060547,4.3,0.52,2.381981462805549
2025-05-08,22.479999542236328,4.26,0.48,2.381981462805549
2025-05-09,21.899999618530277,4.37,0.47,2.381981462805549
2025-05-12,18.38999938964844,4.37,0.49,2.381981462805549
2025-05-13,18.21999931335449,4.45,0.47,2.381981462805549
2025-05-14,18.6200008392334,4.49,0.47,2.381981462805549
2025-05-15,17.829999923706055,4.53,0.48,2.381981462805549
2025-05-16,17.239999771118164,4.45,0.49,2.32538823025783
2025-05-19,18.13999938964844,4.43,0.45,2.32538823025783
2025-05-20,18.09000015258789,4.46,0.49,2.32538823025783
2025-05-21,20.8700008392334,4.48,0.51,2.32538823025783
2025-05-22,20.280000686645508,4.58,0.58,2.32538823025783
2025-05-23,22.290000915527344,4.54,0.54,2.32538823025783
2025-05-27,18.959999084472656,4.51,0.51,2.32538823025783
2025-05-28,19.309999465942383,4.43,0.51,2.32538823025783
2025-05-29,19.18000030517578,4.47,0.51,2.32538823025783
2025-05-30,18.56999969482422,4.43,0.51,2.32538823025783
2025-06-02,18.36000061035156,4.41,0.52,2.32538823025783
2025-06-03,17.690000534057617,4.46,0.52,2.32538823025783
2025-06-04,17.610000610351562,4.46,0.5,2.32538823025783
2025-06-05,18.479999542236328,4.37,0.5,2.32538823025783
2025-06-06,16.770000457763672,4.4,0.48,2.32538823025783
2025-06-09,17.15999984741211,4.51,0.47,2.32538823025783
2025-06-10,16.950000762939453,4.49,0.48,2.32538823025783
2025-06-11,17.260000228881836,4.47,0.46,2.32538823025783
2025-06-12,18.020000457763672,4.41,0.47,2.32538823025783
2025-06-13,20.81999969482422,4.36,0.46,2.32538823025783
2025-06-16,19.11000061035156,4.41,0.45,2.3772651073680873
2025-06-17,21.600000381469727,4.46,0.49,2.3772651073680873
2025-06-18,20.13999938964844,4.39,0.45,2.3772651073680873
2025-06-20,20.6200008392334,4.38,0.44,2.3772651073680873
2025-06-23,19.82999992370605,4.38,0.48,2.3772651073680873
2025-06-24,17.479999542236328,4.34,0.5,2.3772651073680873
2025-06-25,16.760000228881836,4.3,0.55,2.3772651073680873
2025-06-26,16.59000015258789,4.29,0.55,2.3772651073680873
2025-06-27,16.31999969482422,4.26,0.56,2.3772651073680873
2025-06-30,16.729999542236328,4.29,0.56,2.3772651073680873
2025-07-01,16.829999923706055,4.24,0.52,2.3772651073680873
2025-07-02,16.639999389648438,4.26,0.48,2.3772651073680873
2025-07-03,16.3799991607666,4.3,0.52,2.3772651073680873
2025-07-07,17.790000915527344,4.35,0.47,2.3772651073680873
2025-07-08,16.809999465942383,4.4,0.5,2.3772651073680873
2025-07-09,15.9399995803833,4.42,0.52,2.3772651073680873
2025-07-10,15.779999732971191,4.34,0.48,2.3772651073680873
2025-07-11,16.399999618530273,4.35,0.49,2.3772651073680873
2025-07-14,17.200000762939453,4.43,0.53,2.3772651073680873
2025-07-15,17.3799991607666,4.43,0.53,2.3772651073680873
2025-07-16,17.15999984741211,4.5,0.55,2.680453865910226
2025-07-17,16.520000457763672,4.46,0.58,2.680453865910226
2025-07-18,16.40999984741211,4.47,0.56,2.680453865910226
2025-07-21,16.649999618530273,4.44,0.56,2.680453865910226
2025-07-22,16.5,4.38,0.53,2.680453865910226
2025-07-23,15.369999885559082,4.35,0.52,2.680453865910226
2025-07-24,15.390000343322754,4.4,0.52,2.680453865910226
2025-07-25,14.93000030517578,4.43,0.52,2.680453865910226
2025-07-28,15.029999732971191,4.4,0.49,2.680453865910226
2025-07-29,15.979999542236328,4.42,0.51,2.680453865910226
2025-07-30,15.479999542236328,4.34,0.48,2.680453865910226
2025-07-31,16.719999313354492,4.38,0.44,2.680453865910226
2025-08-01,20.3799991607666,4.37,0.43,2.680453865910226
2025-08-04,17.520000457763672,4.23,0.54,2.680453865910226
2025-08-05,17.850000381469727,4.22,0.53,2.680453865910226
2025-08-06,16.770000457763672,4.22,0.5,2.680453865910226
2025-08-07,16.56999969482422,4.22,0.53,2.680453865910226
2025-08-08,15.149999618530272,4.23,0.51,2.680453865910226
2025-08-11,16.25,4.27,0.51,2.680453865910226
2025-08-12,14.729999542236328,4.27,0.51,2.680453865910226
2025-08-13,14.489999771118164,4.29,0.57,2.680453865910226
2025-08-14,14.829999923706056,4.24,0.57,2.680453865910226
2025-08-15,15.09000015258789,4.29,0.55,2.680453865910226
2025-08-18,14.989999771118164,4.33,0.58,2.742618052167134
2025-08-19,15.56999969482422,4.34,0.57,2.742618052167134
2025-08-20,15.6899995803833,4.3,0.55,2.742618052167134
2025-08-21,16.600000381469727,4.29,0.55,2.742618052167134
2025-08-22,14.220000267028809,4.33,0.54,2.742618052167134
2025-08-25,14.789999961853027,4.26,0.58,2.742618052167134
2025-08-26,14.619999885559082,4.28,0.55,2.742618052167134
2025-08-27,14.850000381469728,4.26,0.65,2.742618052167134
2025-08-28,14.43000030517578,4.24,0.65,2.742618052167134
2025-08-29,15.359999656677246,4.22,0.6,2.742618052167134
2025-09-02,17.170000076293945,4.23,0.64,2.742618052167134
2025-09-03,16.350000381469727,4.28,0.62,2.742618052167134
2025-09-04,15.300000190734863,4.22,0.61,2.742618052167134
2025-09-05,15.18000030517578,4.17,0.58,2.742618052167134
2025-09-08,15.109999656677246,4.1,0.59,2.742618052167134
2025-09-09,15.039999961853027,4.05,0.56,2.742618052167134
2025-09-10,15.350000381469728,4.08,0.54,2.742618052167134
2025-09-11,14.710000038146973,4.04,0.5,2.742618052167134
2025-09-12,14.760000228881836,4.01,0.49,2.742618052167134
2025-09-15,15.6899995803833,4.06,0.5,2.742618052167134
2025-09-16,16.360000610351562,4.05,0.51,2.9385917430316155
2025-09-17,15.720000267028809,4.04,0.53,2.9385917430316155
2025-09-18,15.699999809265137,4.06,0.54,2.9385917430316155
2025-09-19,15.449999809265137,4.11,0.54,2.9385917430316155
2025-09-22,16.100000381469727,4.14,0.57,2.9385917430316155
2025-09-23,16.639999389648438,4.15,0.54,2.9385917430316155
2025-09-24,16.18000030517578,4.12,0.59,2.9385917430316155
2025-09-25,16.739999771118164,4.16,0.59,2.9385917430316155
2025-09-26,15.289999961853027,4.18,0.54,2.9385917430316155
2025-09-29,16.1200008392334,4.2,0.57,2.9385917430316155
2025-09-30,16.280000686645508,4.15,0.52,2.9385917430316155
2025-10-01,16.290000915527344,4.16,0.56,2.9385917430316155
2025-10-02,16.6299991607666,4.12,0.57,2.9385917430316155
2025-10-03,16.649999618530273,4.1,0.55,2.9385917430316155
2025-10-06,16.3700008392334,4.13,0.55,2.9385917430316155
2025-10-07,17.239999771118164,4.18,0.58,2.9385917430316155
2025-10-08,16.299999237060547,4.14,0.57,2.9385917430316155
2025-10-09,16.43000030517578,4.13,0.55,2.9385917430316155
2025-10-10,21.65999984741211,4.14,0.54,2.9385917430316155
2025-10-13,19.030000686645508,4.05,0.53,2.9385917430316155
2025-10-14,20.809999465942383,4.05,0.53,2.9385917430316155
2025-10-15,20.63999938964844,4.03,0.55,2.9385917430316155
2025-10-16,25.309999465942383,4.05,0.55,3.0225715847133294
2025-10-17,20.780000686645508,3.99,0.58,3.0225715847133294
2025-10-20,18.229999542236328,4.02,0.56,3.0225715847133294
2025-10-21,17.8700008392334,4.0,0.54,3.0225715847133294
2025-10-22,18.600000381469727,3.98,0.53,3.0225715847133294
2025-10-23,17.299999237060547,3.97,0.52,3.0225715847133294
2025-10-24,16.3700008392334,4.01,0.53,3.0225715847133294
2025-10-27,15.789999961853027,4.02,0.54,3.0225715847133294
2025-10-28,16.420000076293945,4.01,0.53,3.0225715847133294
2025-10-29,16.920000076293945,3.99,0.52,3.0225715847133294
2025-10-30,16.90999984741211,4.08,0.49,3.0225715847133294
2025-10-31,17.440000534057617,4.11,0.5,3.0225715847133294
2025-11-03,17.170000076293945,4.11,0.51,3.0225715847133294
2025-11-04,19.0,4.13,0.53,3.0225715847133294
2025-11-05,18.010000228881836,4.1,0.52,3.0225715847133294
2025-11-06,19.5,4.17,0.54,3.0225715847133294
2025-11-07,19.07999992370605,4.11,0.54,3.0225715847133294
2025-11-10,17.600000381469727,4.11,0.56,3.0225715847133294
2025-11-11,17.280000686645508,4.13,0.55,3.0225715847133294
2025-11-12,17.510000228881836,4.13,0.55,3.0225715847133294
2025-11-13,20.0,4.08,0.52,3.0225715847133294
2025-11-14,19.82999992370605,4.11,0.53,3.0225715847133294
2025-11-17,22.3799991607666,4.14,0.52,3.0225715847133294
2025-11-18,24.690000534057617,4.13,0.53,3.0225715847133294
2025-11-19,23.65999984741211,4.12,0.54,3.0225715847133294
2025-11-20,26.420000076293945,4.13,0.55,3.0225715847133294
2025-11-21,23.43000030517578,4.1,0.55,3.0225715847133294
2025-11-24,20.520000457763672,4.06,0.55,3.0225715847133294
2025-11-25,18.559999465942383,4.04,0.58,3.0225715847133294
2025-11-26,17.190000534057617,4.01,0.58,3.0225715847133294
2025-11-28,16.350000381469727,4.0,0.55,3.0225715847133294
2025-12-01,17.239999771118164,4.02,0.55,3.0225715847133294
2025-12-02,16.59000015258789,4.09,0.55,3.0225715847133294
2025-12-03,16.079999923706055,4.09,0.58,3.0225715847133294
2025-12-04,15.779999732971191,4.06,0.57,3.0225715847133294
2025-12-05,15.40999984741211,4.11,0.59,3.0225715847133294
2025-12-08,16.65999984741211,4.14,0.58,3.0225715847133294
2025-12-09,16.93000030517578,4.17,0.6,3.0225715847133294
2025-12-10,15.770000457763672,4.18,0.57,3.0225715847133294
2025-12-11,14.850000381469728,4.13,0.59,3.0225715847133294
2025-12-12,15.739999771118164,4.14,0.62,3.0225715847133294
2025-12-15,16.5,4.19,0.67,3.0225715847133294
2025-12-16,16.479999542236328,4.18,0.67,2.988299628363511
2025-12-17,17.6200008392334,4.15,0.67,2.988299628363511
2025-12-18,16.8700008392334,4.16,0.67,2.988299628363511
2025-12-19,14.90999984741211,4.12,0.66,2.988299628363511
2025-12-22,14.079999923706056,4.16,0.68,2.988299628363511
2025-12-23,14.0,4.17,0.73,2.988299628363511
2025-12-24,13.470000267028809,4.18,0.7,2.988299628363511
2025-12-26,13.600000381469728,4.15,0.68,2.988299628363511
2025-12-29,14.199999809265137,4.14,0.68,2.988299628363511
2025-12-30,14.329999923706056,4.12,0.67,2.988299628363511
2025-12-31,14.949999809265137,4.14,0.69,2.988299628363511
2026-01-02,14.510000228881836,4.18,0.71,2.988299628363511
2026-01-05,14.899999618530272,4.19,0.72,2.988299628363511
2026-01-06,14.75,4.17,0.71,2.988299628363511
2026-01-07,15.380000114440918,4.18,0.71,2.988299628363511
2026-01-08,15.449999809265137,4.15,0.68,2.988299628363511
2026-01-09,14.489999771118164,4.19,0.7,2.988299628363511
2026-01-12,15.119999885559082,4.18,0.64,2.988299628363511
2026-01-13,15.979999542236328,4.19,0.65,2.988299628363511
2026-01-14,16.75,4.18,0.65,2.988299628363511
2026-01-15,15.84000015258789,4.15,0.64,2.988299628363511
2026-01-16,15.859999656677246,4.17,0.61,3.00226204316838
2026-01-20,20.09000015258789,4.24,0.65,3.00226204316838
2026-01-21,16.899999618530273,4.3,0.7,3.00226204316838
2026-01-22,15.640000343322754,4.26,0.66,3.00226204316838
2026-01-23,16.09000015258789,4.26,0.65,3.00226204316838
2026-01-26,16.149999618530273,4.24,0.64,3.00226204316838
2026-01-27,16.350000381469727,4.22,0.66,3.00226204316838
2026-01-28,16.350000381469727,4.24,0.71,3.00226204316838
2026-01-29,16.8799991607666,4.26,0.7,3.00226204316838
2026-01-30,17.440000534057617,4.24,0.71,3.00226204316838
2026-02-02,16.34000015258789,4.26,0.74,3.00226204316838
2026-02-03,18.0,4.29,0.72,3.00226204316838
2026-02-04,18.63999938964844,4.28,0.71,3.00226204316838
2026-02-05,21.770000457763672,4.29,0.72,3.00226204316838
2026-02-06,20.3700008392334,4.21,0.74,3.00226204316838
2026-02-09,17.360000610351562,4.22,0.72,3.00226204316838
2026-02-10,17.790000915527344,4.22,0.74,3.00226204316838
2026-02-11,17.649999618530273,4.16,0.71,3.00226204316838
2026-02-12,20.81999969482422,4.18,0.66,3.00226204316838
2026-02-13,20.600000381469727,4.09,0.62,3.00226204316838
2026-02-17,20.290000915527344,4.04,0.64,2.8286797395498997
2026-02-18,19.6200008392334,4.05,0.62,2.8286797395498997
2026-02-19,20.229999542236328,4.09,0.62,2.8286797395498997
2026-02-20,19.09000015258789,4.08,0.61,2.8286797395498997
2026-02-23,21.01000022888184,4.08,0.6,2.8286797395498997
2026-02-24,19.549999237060547,4.03,0.6,2.8286797395498997
2026-02-25,17.93000030517578,4.04,0.61,2.8286797395498997
2026-02-26,18.6299991607666,4.05,0.6,2.8286797395498997
2026-02-27,19.86000061035156,4.02,0.6,2.8286797395498997
2026-03-02,21.440000534057617,3.97,0.59,2.8286797395498997
2026-03-03,23.56999969482422,4.05,0.58,2.8286797395498997
2026-03-04,21.149999618530277,4.06,0.55,2.8286797395498997
2026-03-05,23.75,4.09,0.55,2.8286797395498997
2026-03-06,29.489999771118164,4.13,0.56,2.8286797395498997
2026-03-09,25.5,4.15,0.59,2.8286797395498997
2026-03-10,24.93000030517578,4.12,0.56,2.8286797395498997
2026-03-11,24.229999542236328,4.15,0.58,2.8286797395498997
2026-03-12,27.290000915527344,4.21,0.57,2.8286797395498997
2026-03-13,27.190000534057617,4.27,0.51,2.8286797395498997
2026-03-16,23.51000022888184,4.28,0.55,2.6645890876940914
2026-03-17,22.3700008392334,4.23,0.55,2.6645890876940914
2026-03-18,25.09000015258789,4.2,0.52,2.6645890876940914
2026-03-19,24.059999465942383,4.26,0.5,2.6645890876940914
2026-03-20,26.780000686645508,4.25,0.46,2.6645890876940914
2026-03-23,26.149999618530277,4.39,0.51,2.6645890876940914
2026-03-24,26.950000762939453,4.34,0.51,2.6645890876940914
2026-03-25,25.32999992370605,4.39,0.49,2.6645890876940914
2026-03-26,27.440000534057617,4.33,0.49,2.6645890876940914
2026-03-27,31.049999237060547,4.42,0.46,2.6645890876940914
2026-03-30,30.61000061035156,4.44,0.56,2.6645890876940914
2026-03-31,25.25,4.35,0.53,2.6645890876940914
2026-04-01,24.540000915527344,4.3,0.51,2.6645890876940914
2026-04-02,23.8700008392334,4.33,0.52,2.6645890876940914
2026-04-06,24.170000076293945,4.31,0.52,2.6645890876940914
2026-04-07,25.780000686645508,4.34,0.5,2.6645890876940914
2026-04-08,21.040000915527344,4.33,0.52,2.6645890876940914
2026-04-09,19.489999771118164,4.29,0.5,2.6645890876940914
2026-04-10,19.229999542236328,4.29,0.51,2.6645890876940914
2026-04-13,19.1200008392334,4.31,0.5,2.6645890876940914
2026-04-14,18.36000061035156,4.3,0.52,2.6645890876940914
2026-04-15,18.170000076293945,4.26,0.5,2.6645890876940914
2026-04-16,17.940000534057617,4.29,0.53,3.3202055812236786
2026-04-17,17.479999542236328,4.32,0.54,3.3202055812236786
2026-04-20,18.8700008392334,4.26,0.55,3.3202055812236786
2026-04-21,19.5,4.26,0.54,3.3202055812236786
2026-04-22,18.920000076293945,4.3,0.52,3.3202055812236786
2026-04-23,19.309999465942383,4.3,0.51,3.3202055812236786
2026-04-24,18.709999084472656,4.34,0.51,3.3202055812236786
2026-04-27,18.020000457763672,4.31,0.53,3.3202055812236786
2026-04-28,17.829999923706055,4.35,0.57,3.3202055812236786
2026-04-29,18.809999465942383,4.36,0.52,3.3202055812236786
2026-04-30,16.889999389648438,4.42,0.5,3.3202055812236786
2026-05-01,16.989999771118164,4.4,0.52,3.3202055812236786
2026-05-04,18.290000915527344,4.39,0.51,3.3202055812236786
2026-05-05,17.3799991607666,4.45,0.5,3.3202055812236786
2026-05-06,17.389999389648438,4.43,0.5,3.3202055812236786
2026-05-07,17.079999923706055,4.36,0.49,3.3202055812236786
2026-05-08,17.190000534057617,4.41,0.49,3.3202055812236786
2026-05-11,18.3799991607666,4.38,0.48,3.3202055812236786
2026-05-12,17.989999771118164,4.42,0.47,3.3202055812236786
2026-05-13,17.8700008392334,4.46,0.46,3.3202055812236786
2026-05-14,17.260000228881836,4.46,0.48,3.3202055812236786
2026-05-15,18.43000030517578,4.47,0.47,3.3202055812236786
2026-05-18,17.81999969482422,4.59,0.5,3.9470269087042764
2026-05-19,18.059999465942383,4.61,0.54,3.9470269087042764
2026-05-20,17.440000534057617,4.67,0.54,3.9470269087042764
2026-05-21,16.760000228881836,4.57,0.53,3.9470269087042764
2026-05-22,16.700000762939453,4.57,0.49,3.9470269087042764
2026-05-26,17.010000228881836,4.56,0.43,3.9470269087042764
2026-05-27,16.290000915527344,4.5,0.49,3.9470269087042764
2026-05-28,15.739999771118164,4.48,0.48,3.9470269087042764
2026-05-29,15.31999969482422,4.45,0.46,3.9470269087042764
2026-06-01,16.049999237060547,4.45,0.47,3.9470269087042764
2026-06-02,15.770000457763672,4.47,0.42,3.9470269087042764
2026-06-03,16.059999465942383,4.46,0.41,3.9470269087042764
2026-06-04,15.399999618530272,4.49,0.41,3.9470269087042764
2026-06-05,21.51000022888184,4.47,0.42,3.9470269087042764
2026-06-08,18.920000076293945,4.55,0.38,3.9470269087042764
2026-06-09,19.8700008392334,4.56,0.41,3.9470269087042764
2026-06-10,22.21999931335449,4.53,0.4,3.9470269087042764
2026-06-11,19.440000534057617,4.55,0.42,3.9470269087042764
2026-06-12,17.68000030517578,4.45,0.4,3.9470269087042764
2026-06-15,16.200000762939453,4.48,0.39,3.9470269087042764
2026-06-16,16.40999984741211,4.47,0.4,4.270032656680245
2026-06-17,18.440000534057617,4.43,0.38,4.270032656680245
2026-06-18,16.399999618530273,4.49,0.29,4.270032656680245
2026-06-22,17.280000686645508,4.46,0.27,4.270032656680245
2026-06-23,19.489999771118164,4.51,0.27,4.270032656680245
2026-06-24,18.6299991607666,4.5,0.34,4.270032656680245
2026-06-25,18.88999938964844,4.41,0.3,4.270032656680245
2026-06-26,18.40999984741211,4.4,0.31,4.270032656680245
2026-06-29,17.649999618530273,4.38,0.31,4.270032656680245
2026-06-30,16.450000762939453,4.38,0.28,4.270032656680245
2026-07-01,16.59000015258789,4.44,0.3,4.270032656680245
2026-07-02,16.149999618530273,4.48,0.31,4.270032656680245
2026-07-06,15.56999969482422,4.49,0.35,4.270032656680245
2026-07-07,16.1299991607666,4.48,0.35,4.270032656680245
2026-07-08,16.899999618530273,4.55,0.36,4.270032656680245
2026-07-09,15.84000015258789,4.56,0.35,4.270032656680245
2026-07-10,15.029999732971191,4.54,0.38,4.270032656680245
2026-07-13,17.15999984741211,4.56,0.35,4.270032656680245
2026-07-14,16.5,4.62,0.36,4.270032656680245
2026-07-15,15.670000076293944,4.58,0.4,4.270032656680245
2026-07-16,16.729999542236328,4.55,0.42,3.7265298484186804
2026-07-17,18.770000457763672,4.57,0.41,3.7265298484186804
2026-07-20,18.649999618530277,4.55,0.37,3.7265298484186804
2026-07-21,17.049999237060547,4.6,0.39,3.7265298484186804
2026-07-22,16.639999389648438,4.63,0.37,3.7265298484186804
2026-07-23,18.700000762939453,4.67,0.36,3.7265298484186804
2026-07-24,18.57999992370605,4.71,0.34,3.7265298484186804
2026-07-27,18.670000076293945,4.69,0.36,3.7265298484186804
2026-07-28,18.209999084472656,4.65,0.34,3.7265298484186804
2026-07-29,20.65999984741211,4.61,0.35,3.7265298484186804
2026-07-30,17.09000015258789,4.67,0.45,3.7265298484186804
2026-07-31,15.989999771118164,4.68,0.45,3.7265298484186804
2026-08-03,15.859999656677246,4.75,0.47,3.7265298484186804
2026-08-04,16.5,4.7,0.45,3.7265298484186804
2026-08-05,15.8100004196167,4.63,0.43,3.7265298484186804
2026-08-06,15.149999618530272,4.63,0.45,3.7265298484186804
2026-08-07,14.899999618530272,4.69,0.44,3.7265298484186804
2026-08-10,15.460000038146973,4.65,0.46,3.7265298484186804
2026-08-11,15.279999732971191,4.72,0.47,3.7265298484186804
2026-08-12,14.550000190734863,4.7,0.48,3.7265298484186804
2026-08-13,14.630000114440918,4.68,0.48,3.7265298484186804
2026-08-14,14.25,4.63,0.48,3.7265298484186804
2026-08-17,15.1899995803833,4.68,0.51,3.5397514271936714
2026-08-18,15.84000015258789,4.72,0.53,3.5397514271936714
2026-08-19,14.890000343322754,4.71,0.52,3.5397514271936714
2026-08-20,16.010000228881836,4.65,0.46,3.5397514271936714
2026-08-21,15.130000114440918,4.69,0.5,3.5397514271936714
2026-08-24,15.850000381469728,4.74,0.5,3.5397514271936714
2026-08-25,15.449999809265137,4.7,0.46,3.5397514271936714
2026-08-26,15.210000038146973,4.64,0.47,3.5397514271936714
2026-08-27,14.510000228881836,4.66,0.47,3.5397514271936714
2026-08-28,14.43000030517578,4.67,0.47,3.5397514271936714
2026-08-31,14.920000076293944,4.73,0.39,3.5397514271936714
2026-09-01,16.34000015258789,4.75,0.41,3.5397514271936714
2026-09-02,15.199999809265137,4.79,0.4,3.5397514271936714
2026-09-03,14.31999969482422,4.79,0.4,3.5397514271936714
2026-09-04,14.529999732971191,4.77,0.43,3.5397514271936714
2026-09-08,15.720000267028809,4.78,0.41,3.5397514271936714
2026-09-09,16.459999084472656,4.8,0.41,3.5397514271936714
2026-09-10,17.84000015258789,4.83,0.4,3.5397514271936714
2026-09-11,15.84000015258789,4.95,0.39,3.5397514271936714
2026-09-14,17.100000381469727,4.96,0.33,3.5397514271936714
2026-09-15,17.200000762939453,4.97,0.32,3.5397514271936714
2026-09-16,17.709999084472656,5.0,0.33,3.7129581058388483
2026-09-17,15.4399995803833,5.01,0.27,3.7129581058388483
2026-09-18,14.8100004196167,4.94,0.27,3.7129581058388483
