Date,Open,High,Low,Close,Adj Close,Volume,Dividends,Stock Splits
2010-01-04,7.622499942779541,7.660714149475098,7.585000038146973,7.643214225769043,6.400959491729736,493729600,0.0,0.0
2010-01-05,7.664286136627197,7.699643135070801,7.6160712242126465,7.656428813934326,6.412026882171631,601904800,0.0,0.0
2010-01-06,7.656428813934326,7.68678617477417,7.526785850524902,7.534643173217773,6.310035705566406,552160000,0.0,0.0
2010-01-07,7.5625,7.5714287757873535,7.466071128845215,7.520713806152344,6.298368453979492,477131200,0.0,0.0
2010-01-08,7.510714054107666,7.5714287757873535,7.466429233551025,7.570713996887207,6.340242385864258,447610800,0.0,0.0
2010-01-11,7.599999904632568,7.607142925262451,7.444643020629883,7.503929138183594,6.2843122482299805,462229600,0.0,0.0
2010-01-12,7.471070766448975,7.491786003112793,7.372142791748047,7.4185709953308105,6.212828636169434,594459600,0.0,0.0
2010-01-13,7.423929214477539,7.533214092254639,7.289286136627197,7.523213863372803,6.30046272277832,605892000,0.0,0.0
2010-01-14,7.503929138183594,7.5164289474487305,7.465000152587891,7.479642868041992,6.263973236083984,432894000,0.0,0.0
2010-01-15,7.533214092254639,7.557143211364746,7.352499961853027,7.354642868041992,6.159290313720703,594067600,0.0,0.0
2010-01-19,7.440357208251953,7.685357093811035,7.401429176330566,7.679999828338623,6.431767463684082,730007600,0.0,0.0
2010-01-20,7.675356864929199,7.698214054107666,7.482142925262451,7.56178617477417,6.332767486572266,612152800,0.0,0.0
2010-01-21,7.574285984039307,7.618214130401611,7.400356769561768,7.431070804595947,6.223297119140625,608154400,0.0,0.0
2010-01-22,7.385000228881836,7.410714149475098,7.041429042816162,7.0625,5.914630889892578,881767600,0.0,0.0
2010-01-25,7.232500076293945,7.310713768005371,7.1496429443359375,7.252500057220459,6.073748588562012,1065699600,0.0,0.0
2010-01-26,7.3553571701049805,7.632500171661377,7.235000133514404,7.355000019073486,6.1595892906188965,1867110000,0.0,0.0
2010-01-27,7.387499809265137,7.520713806152344,7.126070976257324,7.424285888671875,6.217612266540527,1722568400,0.0,0.0
2010-01-28,7.318929195404053,7.339285850524902,7.096428871154785,7.117499828338623,5.960688591003418,1173502400,0.0,0.0
2010-01-29,7.181428909301758,7.221428871154785,6.794642925262451,6.859285831451416,5.744443893432617,1245952400,0.0,0.0
2010-02-01,6.870357036590576,7.0,6.8321428298950195,6.9546427726745605,5.824303150177002,749876400,0.0,0.0
2010-02-02,6.996786117553711,7.0114288330078125,6.906428813934326,6.994999885559082,5.8581013679504395,698342400,0.0,0.0
2010-02-03,6.9703569412231445,7.150000095367432,6.943571090698242,7.115356922149658,5.958896636962891,615328000,0.0,0.0
2010-02-04,7.026071071624756,7.0846428871154785,6.841785907745361,6.85892915725708,5.744146347045898,757652000,0.0,0.0
2010-02-05,6.879642963409424,7.0,6.816071033477783,6.980713844299316,5.846137046813965,850306800,0.0,0.0
2010-02-08,6.98892879486084,7.067142963409424,6.9285712242126465,6.932857036590576,5.806056976318359,478270800,0.0,0.0
2010-02-09,7.014999866485596,7.0535712242126465,6.955357074737549,7.006785869598389,5.8679704666137695,632886800,0.0,0.0
2010-02-10,6.996070861816406,7.021429061889648,6.937857151031494,6.968571186065674,5.83596658706665,370361600,0.0,0.0
2010-02-11,6.960000038146973,7.1339287757873535,6.930714130401611,7.0953569412231445,5.942144870758057,550345600,0.0,0.0
2010-02-12,7.075356960296631,7.2014288902282715,6.982142925262451,7.156428813934326,5.993291854858398,655468800,0.0,0.0
2010-02-16,7.2121429443359375,7.2746429443359375,7.197143077850342,7.264286041259766,6.083619117736816,543737600,0.0,0.0
2010-02-17,7.292500019073486,7.296785831451416,7.1735711097717285,7.23392915725708,6.058197021484375,436396800,0.0,0.0
2010-02-18,7.201070785522461,7.28178596496582,7.175714015960693,7.247499942779541,6.069562911987305,422825200,0.0,0.0
2010-02-19,7.209286212921143,7.257143020629883,7.182499885559082,7.202499866485596,6.0318756103515625,415469600,0.0,0.0
2010-02-22,7.226428985595703,7.232142925262451,7.11392879486084,7.1578569412231445,5.9944891929626465,390563600,0.0,0.0
2010-02-23,7.142857074737549,7.190357208251953,6.989643096923828,7.0378570556640625,5.893991947174072,575094800,0.0,0.0
2010-02-24,7.0796427726745605,7.194285869598389,7.065713882446289,7.166429042816162,6.001665115356445,460566400,0.0,0.0
2010-02-25,7.049285888671875,7.244999885559082,7.03178596496582,7.214285850524902,6.041746616363525,665126000,0.0,0.0
2010-02-26,7.2278571128845215,7.327499866485596,7.214285850524902,7.307857036590576,6.1201090812683105,507460800,0.0,0.0
2010-03-01,7.348214149475098,7.482142925262451,7.337500095367432,7.463929176330566,6.250814914703369,550093600,0.0,0.0
2010-03-02,7.497499942779541,7.5296430587768555,7.419285774230957,7.458929061889648,6.246626377105713,566546400,0.0,0.0
2010-03-03,7.4621429443359375,7.495357036590576,7.42642879486084,7.476070880889893,6.260982990264893,372052800,0.0,0.0
2010-03-04,7.474286079406738,7.5328569412231445,7.451070785522461,7.525356769561768,6.302257537841797,366041200,0.0,0.0
2010-03-05,7.67642879486084,7.846428871154785,7.6653571128845215,7.819643020629883,6.548715114593506,899620400,0.0,0.0
2010-03-08,7.857500076293945,7.86035680770874,7.794642925262451,7.824285984039307,6.552600860595703,429889600,0.0,0.0
2010-03-09,7.796785831451416,8.035714149475098,7.78178596496582,7.965000152587891,6.670446872711182,920259200,0.0,0.0
2010-03-10,7.993928909301758,8.052857398986816,7.971428871154785,8.029999732971191,6.724882125854492,596218000,0.0,0.0
2010-03-11,7.996786117553711,8.053570747375488,7.975714206695557,8.053570747375488,6.744620323181152,405700400,0.0,0.0
2010-03-12,8.120356559753418,8.133213996887207,8.0625,8.092857360839844,6.777522563934326,416323600,0.0,0.0
2010-03-15,8.049285888671875,8.053570747375488,7.8660712242126465,7.994286060333252,6.694971561431885,493502800,0.0,0.0
2010-03-16,8.006428718566895,8.03499984741211,7.946785926818848,8.016071319580078,6.713215351104736,446908000,0.0,0.0
2010-03-17,8.032142639160156,8.087499618530273,7.973928928375244,8.00428581237793,6.7033467292785645,450956800,0.0,0.0
2010-03-18,8.003570556640625,8.035714149475098,7.950356960296631,8.023214340209961,6.719198226928711,342109600,0.0,0.0
2010-03-19,8.028214454650879,8.044285774230957,7.901071071624756,7.9375,6.6474151611328125,559445600,0.0,0.0
2010-03-22,7.873929023742676,8.071429252624512,7.862500190734863,8.026785850524902,6.722191333770752,456419600,0.0,0.0
2010-03-23,8.058570861816406,8.170714378356934,8.003570556640625,8.15571403503418,6.830163478851318,602431200,0.0,0.0
2010-03-24,8.130000114440918,8.221428871154785,8.125356674194336,8.19178581237793,6.8603715896606445,597780400,0.0,0.0
2010-03-25,8.247142791748047,8.248929023742676,8.08035659790039,8.094642639160156,6.779017925262451,542284400,0.0,0.0
2010-03-26,8.176786422729492,8.283928871154785,8.162500381469727,8.246429443359375,6.906134605407715,640875200,0.0,0.0
2010-03-29,8.321429252624512,8.352499961853027,8.272143363952637,8.299642562866211,6.9506988525390625,540744400,0.0,0.0
2010-03-30,8.449999809265137,8.481429100036621,8.366070747375488,8.423213958740234,7.0541863441467285,527310000,0.0,0.0
2010-03-31,8.410357475280762,8.450357437133789,8.373571395874023,8.39285659790039,7.028763294219971,430659600,0.0,0.0
2010-04-01,8.478928565979004,8.526070594787598,8.3125,8.427499771118164,7.057775497436523,603145200,0.0,0.0
2010-04-05,8.392143249511719,8.518214225769043,8.384642601013184,8.517499923706055,7.133146286010742,684507600,0.0,0.0
2010-04-06,8.507143020629883,8.579999923706055,8.464285850524902,8.555000305175781,7.164554119110107,447017200,0.0,0.0
2010-04-07,8.555356979370117,8.640000343322754,8.523571014404297,8.592857360839844,7.196259498596191,628502000,0.0,0.0
2010-04-08,8.587142944335938,8.626428604125977,8.501428604125977,8.569643020629883,7.17681360244751,572989200,0.0,0.0
2010-04-09,8.6225004196167,8.63892936706543,8.587857246398926,8.635356903076172,7.231847286224365,334182800,0.0,0.0
2010-04-12,8.649999618530273,8.681071281433105,8.63607120513916,8.653214454650879,7.246805667877197,333026400,0.0,0.0
2010-04-13,8.637857437133789,8.671428680419922,8.61107063293457,8.65821361541748,7.2509918212890625,306210800,0.0,0.0
2010-04-14,8.760000228881836,8.778928756713867,8.71678638458252,8.774642944335938,7.348495960235596,404076400,0.0,0.0
2010-04-15,8.777856826782227,8.893928527832031,8.768214225769043,8.890000343322754,7.445106506347656,376784800,0.0,0.0
2010-04-16,8.8774995803833,8.96928596496582,8.733928680419922,8.835714340209961,7.399642467498779,750545600,0.0,0.0
2010-04-19,8.822500228881836,8.853214263916016,8.634642601013184,8.823928833007812,7.389771461486816,566924400,0.0,0.0
2010-04-20,8.876428604125977,8.901785850524902,8.677143096923828,8.735357284545898,7.315598487854004,738326400,0.0,0.0
2010-04-21,9.242856979370117,9.29464340209961,9.133213996887207,9.257857322692871,7.753176212310791,982391200,0.0,0.0
2010-04-22,9.222857475280762,9.526785850524902,9.149999618530273,9.516785621643066,7.9700212478637695,793424800,0.0,0.0
2010-04-23,9.571070671081543,9.72071361541748,9.535714149475098,9.672499656677246,8.100427627563477,796955600,0.0,0.0
2010-04-26,9.710000038146973,9.730713844299316,9.578213691711426,9.625,8.060643196105957,479068800,0.0,0.0
2010-04-27,9.545356750488281,9.565713882446289,9.304286003112793,9.35857105255127,7.83751916885376,709343600,0.0,0.0
2010-04-28,9.401785850524902,9.428570747375488,9.157500267028809,9.342857360839844,7.8243584632873535,758402400,0.0,0.0
2010-04-29,9.393570899963379,9.64285659790039,9.357500076293945,9.59428596496582,8.034924507141113,558840800,0.0,0.0
2010-04-30,9.618213653564453,9.663213729858398,9.321429252624512,9.3246431350708,7.809106349945068,542463600,0.0,0.0
2010-05-03,9.422857284545898,9.567143440246582,9.388570785522461,9.512499809265137,7.966429710388184,454342000,0.0,0.0
2010-05-04,9.38892936706543,9.403214454650879,9.16964340209961,9.238571166992188,7.737024784088135,723819600,0.0,0.0
2010-05-05,9.036786079406738,9.21928596496582,8.883213996887207,9.142499923706055,7.6565632820129395,883103200,0.0,0.0
2010-05-06,9.065357208251953,9.223214149475098,7.1160712242126465,8.79464340209961,7.365248680114746,1285860800,0.0,0.0
2010-05-07,8.70392894744873,8.806071281433105,8.043213844299316,8.42357063293457,7.054482460021973,1676018400,0.0,0.0
2010-05-10,8.9375,9.094642639160156,8.876070976257324,9.071070671081543,7.596747875213623,984306400,0.0,0.0
2010-05-11,8.994285583496094,9.28178596496582,8.946429252624512,9.161429405212402,7.672420024871826,848906800,0.0,0.0
2010-05-12,9.258570671081543,9.397500038146973,9.239286422729492,9.360357284545898,7.839014053344727,654379600,0.0,0.0
2010-05-13,9.400713920593262,9.464285850524902,9.157142639160156,9.227143287658691,7.727449417114258,599712400,0.0,0.0
2010-05-14,9.1128568649292,9.15999984741211,8.910714149475098,9.0649995803833,7.5916643142700195,759362800,0.0,0.0
2010-05-17,9.096428871154785,9.149286270141602,8.846785545349121,9.079285621643066,7.603628158569336,762834800,0.0,0.0
2010-05-18,9.177857398986816,9.233928680419922,8.937856674194336,9.012857437133789,7.547994613647461,782678400,0.0,0.0
2010-05-19,8.910714149475098,9.032856941223145,8.744643211364746,8.869285583496094,7.42775821685791,1025726800,0.0,0.0
2010-05-20,8.638570785522461,8.708929061889648,8.436071395874023,8.491429328918457,7.111315727233887,1282915200,0.0,0.0
2010-05-21,8.3149995803833,8.73214340209961,8.262499809265137,8.65428638458252,7.2477006912231445,1223891200,0.0,0.0
2010-05-24,8.831428527832031,8.960714340209961,8.795000076293945,8.812856674194336,7.380499839782715,754238800,0.0,0.0
2010-05-25,8.548213958740234,8.812856674194336,8.470000267028809,8.757857322692871,7.334441184997559,1048006400,0.0,0.0
2010-05-26,8.931428909301758,9.004643440246582,8.70535659790039,8.71821403503418,7.301239013671875,850654000,0.0,0.0
2010-05-27,8.949999809265137,9.067500114440918,8.896785736083984,9.048213958740234,7.577604293823242,666282400,0.0,0.0
2010-05-28,9.26392936706543,9.264286041259766,9.048213958740234,9.174285888671875,7.683183670043945,815614800,0.0,0.0
2010-06-01,9.274642944335938,9.497857093811035,9.248571395874023,9.315357208251953,7.801330089569092,876472800,0.0,0.0
2010-06-02,9.447856903076172,9.45714282989502,9.297499656677246,9.426786422729492,7.894647598266602,688548000,0.0,0.0
2010-06-03,9.47071361541748,9.483928680419922,9.3003568649292,9.397143363952637,7.869823932647705,650106800,0.0,0.0
2010-06-04,9.221785545349121,9.353570938110352,9.093929290771484,9.14142894744873,7.655671119689941,758304400,0.0,0.0
2010-06-07,9.224642753601074,9.255356788635254,8.948213577270508,8.962142944335938,7.505520343780518,886942000,0.0,0.0
2010-06-08,9.044285774230957,9.064286231994629,8.773214340209961,8.904643058776855,7.457367897033691,1000770400,0.0,0.0
2010-06-09,8.981071472167969,8.996429443359375,8.660357475280762,8.685713768005371,7.274020195007324,854630000,0.0,0.0
2010-06-10,8.744285583496094,8.963570594787598,8.649999618530273,8.946785926818848,7.4926605224609375,776356000,0.0,0.0
2010-06-11,8.865357398986816,9.066429138183594,8.834643363952637,9.053929328918457,7.5823893547058105,545759200,0.0,0.0
2010-06-14,9.14142894744873,9.255356788635254,9.071785926818848,9.081428527832031,7.6054205894470215,602960400,0.0,0.0
2010-06-15,9.130000114440918,9.280357360839844,9.125,9.274642944335938,7.767232894897461,585074000,0.0,0.0
2010-06-16,9.324999809265137,9.5625,9.30821418762207,9.54464340209961,7.993350028991699,783678000,0.0,0.0
2010-06-17,9.664285659790039,9.746429443359375,9.625,9.709643363952637,8.131534576416016,872855200,0.0,0.0
2010-06-18,9.723214149475098,9.821429252624512,9.693571090698242,9.788213729858398,8.197331428527832,784621600,0.0,0.0
2010-06-21,9.917499542236328,9.964642524719238,9.59749984741211,9.64892864227295,8.080687522888184,776490400,0.0,0.0
2010-06-22,9.720000267028809,9.856071472167969,9.696429252624512,9.780357360839844,8.190751075744629,717262000,0.0,0.0
2010-06-23,9.806428909301758,9.809286117553711,9.567856788635254,9.677499771118164,8.104612350463867,768457200,0.0,0.0
2010-06-24,9.678570747375488,9.757143020629883,9.574999809265137,9.60714340209961,8.045692443847656,714277200,0.0,0.0
2010-06-25,9.645000457763672,9.65250015258789,9.493213653564453,9.524999618530273,7.976897716522217,549942400,0.0,0.0
2010-06-28,9.53321361541748,9.633929252624512,9.447142601013184,9.58214282989502,8.024749755859375,584948000,0.0,0.0
2010-06-29,9.432856559753418,9.442500114440918,9.08214282989502,9.14892864227295,7.661949157714844,1133344800,0.0,0.0
2010-06-30,9.168213844299316,9.213213920593262,8.928929328918457,8.983214378356934,7.523172855377197,739452000,0.0,0.0
2010-07-01,9.08214282989502,9.100000381469727,8.686429023742676,8.874285697937012,7.431946277618408,1022896000,0.0,0.0
2010-07-02,8.946070671081543,8.961786270141602,8.685713768005371,8.819286346435547,7.385885715484619,693842800,0.0,0.0
2010-07-06,8.964285850524902,9.028571128845215,8.791428565979004,8.879643440246582,7.436431407928467,615235600,0.0,0.0
2010-07-07,8.946070671081543,9.241786003112793,8.91964340209961,9.238213539123535,7.736721992492676,654556000,0.0,0.0
2010-07-08,9.374285697937012,9.389286041259766,9.103214263916016,9.217499732971191,7.719376087188721,738144400,0.0,0.0
2010-07-09,9.174642562866211,9.282142639160156,9.1128568649292,9.272143363952637,7.765139579772949,433322400,0.0,0.0
2010-07-12,9.233214378356934,9.351785659790039,9.102143287658691,9.188928604125977,7.695448875427246,562878400,0.0,0.0
2010-07-13,9.15428638458252,9.157142639160156,8.801071166992188,8.992856979370117,7.531242847442627,1190924000,0.0,0.0
2010-07-14,8.906429290771484,9.135713577270508,8.89285659790039,9.026070594787598,7.559060096740723,812047600,0.0,0.0
2010-07-15,8.865357398986816,9.177499771118164,8.83214282989502,8.98035717010498,7.520773410797119,824866000,0.0,0.0
2010-07-16,9.042142868041992,9.106071472167969,8.871786117553711,8.925000190734863,7.474414825439453,1039858400,0.0,0.0
2010-07-19,8.924285888671875,8.924285888671875,8.557143211364746,8.770713806152344,7.345204830169678,1024478000,0.0,0.0
2010-07-20,8.675000190734863,9.032142639160156,8.571785926818848,8.996070861816406,7.533936500549316,1074950800,0.0,0.0
2010-07-21,9.467499732971191,9.469642639160156,9.071429252624512,9.079999923706055,7.604223251342773,1185671200,0.0,0.0
2010-07-22,9.20285701751709,9.285714149475098,9.118213653564453,9.250714302062988,7.747189521789551,645318800,0.0,0.0
2010-07-23,9.181785583496094,9.299285888671875,9.152856826782227,9.283571243286133,7.7747087478637695,533388800,0.0,0.0
2010-07-26,9.285714149475098,9.289285659790039,9.20392894744873,9.260000228881836,7.754969596862793,420551600,0.0,0.0
2010-07-27,9.31678581237793,9.45714282989502,9.296428680419922,9.431428909301758,7.898533344268799,584771600,0.0,0.0
2010-07-28,9.416786193847656,9.499643325805664,9.29464340209961,9.319999694824219,7.805220127105713,519985200,0.0,0.0
2010-07-29,9.311071395874023,9.380356788635254,9.146429061889648,9.21821403503418,7.719972610473633,643806800,0.0,0.0
2010-07-30,9.13892936706543,9.274999618530273,9.103570938110352,9.1875,7.694255828857422,448210000,0.0,0.0
2010-08-02,9.30142879486084,9.378213882446289,9.272143363952637,9.351785659790039,7.831835746765137,428055600,0.0,0.0
2010-08-03,9.321785926818848,9.402142524719238,9.265000343322754,9.354642868041992,7.834231853485107,417653600,0.0,0.0
2010-08-04,9.3871431350708,9.438570976257324,9.296786308288574,9.392143249511719,7.865636348724365,420375200,0.0,0.0
2010-08-05,9.34749984741211,9.399286270141602,9.305356979370117,9.346428871154785,7.827351093292236,289097200,0.0,0.0
2010-08-06,9.277856826782227,9.338929176330566,9.201070785522461,9.288928985595703,7.779196262359619,444897600,0.0,0.0
2010-08-09,9.338570594787598,9.362500190734863,9.270357131958008,9.348214149475098,7.8288469314575195,303128000,0.0,0.0
2010-08-10,9.280357360839844,9.301786422729492,9.198213577270508,9.264642715454102,7.758856296539307,451920000,0.0,0.0
2010-08-11,9.121429443359375,9.131786346435547,8.921786308288574,8.935357093811035,7.483093738555908,620054400,0.0,0.0
2010-08-12,8.810357093811035,9.039285659790039,8.789999961853027,8.992500305175781,7.530948162078857,534920400,0.0,0.0
2010-08-13,8.987500190734863,8.99571418762207,8.896071434020996,8.896429061889648,7.450490951538086,354869200,0.0,0.0
2010-08-16,8.842143058776855,8.928929328918457,8.807856559753418,8.84428596496582,7.406822204589844,318430000,0.0,0.0
2010-08-17,8.931428909301758,9.093929290771484,8.899999618530273,8.998929023742676,7.5363311767578125,422640400,0.0,0.0
2010-08-18,9.012857437133789,9.095356941223145,8.984999656677246,9.038213729858398,7.569226264953613,339696000,0.0,0.0
2010-08-19,9.029999732971191,9.052857398986816,8.881428718566895,8.924285888671875,7.473817348480225,426706000,0.0,0.0
2010-08-20,8.90678596496582,9.068571090698242,8.89285659790039,8.915714263916016,7.466639995574951,384230000,0.0,0.0
2010-08-23,8.992500305175781,9.0,8.758929252624512,8.778571128845215,7.351785659790039,414041600,0.0,0.0
2010-08-24,8.666786193847656,8.678570747375488,8.523214340209961,8.568928718566895,7.176219463348389,602565600,0.0,0.0
2010-08-25,8.501428604125977,8.713929176330566,8.471428871154785,8.674642562866211,7.2647504806518555,596867600,0.0,0.0
2010-08-26,8.766071319580078,8.776785850524902,8.581428527832031,8.581428527832031,7.186686992645264,466505200,0.0,0.0
2010-08-27,8.633929252624512,8.664643287658691,8.412857055664062,8.62928581237793,7.226762771606445,548391200,0.0,0.0
2010-08-30,8.598570823669434,8.776785850524902,8.59571361541748,8.660714149475098,7.253085136413574,383289200,0.0,0.0
2010-08-31,8.637499809265137,8.734286308288574,8.583929061889648,8.682143211364746,7.271033763885498,420786800,0.0,0.0
2010-09-01,8.838213920593262,8.980713844299316,8.795714378356934,8.940357208251953,7.487277984619141,697037600,0.0,0.0
2010-09-02,8.973570823669434,9.006071090698242,8.8774995803833,9.006071090698242,7.542311668395996,415427600,0.0,0.0
2010-09-03,9.110357284545898,9.242142677307129,9.089285850524902,9.241786003112793,7.739713668823242,520788800,0.0,0.0
2010-09-07,9.165714263916016,9.268928527832031,9.151785850524902,9.207500457763672,7.711002349853516,342557600,0.0,0.0
2010-09-08,9.277856826782227,9.442500114440918,9.253570556640625,9.390000343322754,7.863842487335205,526551200,0.0,0.0
2010-09-09,9.465714454650879,9.518570899963379,9.390000343322754,9.395357131958008,7.868326187133789,438575200,0.0,0.0
2010-09-10,9.399642944335938,9.446429252624512,9.335714340209961,9.407500267028809,7.878495693206787,387542400,0.0,0.0
2010-09-13,9.493571281433105,9.581428527832031,9.491429328918457,9.537142753601074,7.987069606781006,388780000,0.0,0.0
2010-09-14,9.507499694824219,9.613213539123535,9.482856750488281,9.57357120513916,8.01757526397705,408150400,0.0,0.0
2010-09-15,9.577500343322754,9.656429290771484,9.565713882446289,9.650713920593262,8.08218002319336,429368800,0.0,0.0
2010-09-16,9.651429176330566,9.881071090698242,9.625,9.8774995803833,8.272103309631348,652103200,0.0,0.0
2010-09-17,9.917499542236328,9.927143096923828,9.774286270141602,9.834643363952637,8.236215591430664,634477200,0.0,0.0
2010-09-20,9.859999656677246,10.135000228881836,9.851785659790039,10.115357398986816,8.471303939819336,658677600,0.0,0.0
2010-09-21,10.137857437133789,10.262499809265137,10.099642753601074,10.134642601013184,8.487456321716309,668074400,0.0,0.0
2010-09-22,10.096785545349121,10.28499984741211,10.086071014404297,10.276785850524902,8.606497764587402,585289600,0.0,0.0
2010-09-23,10.22607135772705,10.455714225769043,10.214285850524902,10.318571090698242,8.641490936279297,786116800,0.0,0.0
2010-09-24,10.432143211364746,10.483214378356934,10.376786231994629,10.4399995803833,8.743180274963379,649488000,0.0,0.0
2010-09-27,10.499285697937012,10.526070594787598,10.393214225769043,10.398571014404297,8.708487510681152,482834800,0.0,0.0
2010-09-28,10.420356750488281,10.420356750488281,9.821429252624512,10.244999885559082,8.579874992370605,1035042400,0.0,0.0
2010-09-29,10.258213996887207,10.350357055664062,10.214285850524902,10.263214111328125,8.595129013061523,469644000,0.0,0.0
2010-09-30,10.321429252624512,10.35714340209961,10.04464340209961,10.133929252624512,8.486858367919922,673391600,0.0,0.0
2010-10-01,10.219642639160156,10.234999656677246,10.048213958740234,10.09000015258789,8.450072288513184,448142800,0.0,0.0
2010-10-04,10.057143211364746,10.103570938110352,9.920356750488281,9.95142936706543,8.334020614624023,435302000,0.0,0.0
2010-10-05,10.071429252624512,10.337499618530273,10.0649995803833,10.319286346435547,8.642087936401367,501967200,0.0,0.0
2010-10-06,10.342499732971191,10.428214073181152,10.187856674194336,10.328213691711426,8.649566650390625,670868800,0.0,0.0
2010-10-07,10.369285583496094,10.374285697937012,10.246786117553711,10.329285621643066,8.650460243225098,408399600,0.0,0.0
2010-10-08,10.418213844299316,10.51785659790039,10.35714340209961,10.5024995803833,8.795526504516602,658403200,0.0,0.0
2010-10-11,10.526429176330566,10.615714073181152,10.521429061889648,10.54857063293457,8.8341064453125,427753200,0.0,0.0
2010-10-12,10.5503568649292,10.696429252624512,10.446070671081543,10.662142753601074,8.929220199584961,558544000,0.0,0.0
2010-10-13,10.721428871154785,10.784285545349121,10.70714282989502,10.71928596496582,8.977076530456543,630092400,0.0,0.0
2010-10-14,10.774642944335938,10.802499771118164,10.728570938110352,10.796786308288574,9.041985511779785,435296400,0.0,0.0
2010-10-15,10.979999542236328,11.25,10.889642715454102,11.240714073181152,9.413759231567383,922194000,0.0,0.0
2010-10-18,11.373929023742676,11.39285659790039,11.224642753601074,11.35714340209961,9.51126480102539,1093010800,0.0,0.0
2010-10-19,10.835714340209961,11.206070899963379,10.71500015258789,11.053214073181152,9.256734848022461,1232784000,0.0,0.0
2010-10-20,11.035714149475098,11.223214149475098,10.959643363952637,11.090356826782227,9.287837982177734,721624400,0.0,0.0
2010-10-21,11.15571403503418,11.240714073181152,10.95714282989502,11.054286003112793,9.25762939453125,551460000,0.0,0.0
2010-10-22,11.038213729858398,11.072856903076172,10.939286231994629,10.981071472167969,9.196313858032227,372778000,0.0,0.0
2010-10-25,11.038928985595703,11.128570556640625,11.015713691711426,11.029999732971191,9.237289428710938,392462000,0.0,0.0
2010-10-26,10.959643363952637,11.062143325805664,10.916070938110352,11.001786231994629,9.213661193847656,392929600,0.0,0.0
2010-10-27,10.987500190734863,11.067856788635254,10.914285659790039,10.993928909301758,9.207084655761719,399002800,0.0,0.0
2010-10-28,10.998213768005371,11.0,10.746429443359375,10.901429176330566,9.12961483001709,551051200,0.0,0.0
2010-10-29,10.865357398986816,10.924285888671875,10.745356559753418,10.749285697937012,9.002197265625,430511200,0.0,0.0
2010-11-01,10.793571472167969,10.914285659790039,10.79285717010498,10.863571166992188,9.09791088104248,423889200,0.0,0.0
2010-11-02,10.964285850524902,11.078213691711426,10.964285850524902,11.04857063293457,9.25284194946289,433930000,0.0,0.0
2010-11-03,11.120356559753418,11.174285888671875,11.018928527832031,11.171428680419922,9.355731010437012,508348400,0.0,0.0
2010-11-04,11.266071319580078,11.4350004196167,11.251070976257324,11.366786003112793,9.519339561462402,642488000,0.0,0.0
2010-11-05,11.356785774230957,11.413213729858398,11.3125,11.326070785522461,9.485241889953613,361253200,0.0,0.0
2010-11-08,11.328571319580078,11.420356750488281,11.312856674194336,11.37928581237793,9.529801368713379,281758400,0.0,0.0
2010-11-09,11.466071128845215,11.475000381469727,11.23214340209961,11.28857135772705,9.453834533691406,383544000,0.0,0.0
2010-11-10,11.308570861816406,11.384642601013184,11.198213577270508,11.358214378356934,9.512160301208496,384227200,0.0,0.0
2010-11-11,11.25,11.371429443359375,11.223214149475098,11.308929443359375,9.47088623046875,361284000,0.0,0.0
2010-11-12,11.285714149475098,11.303570747375488,10.843929290771484,11.001070976257324,9.213062286376953,795846800,0.0,0.0
2010-11-15,11.01642894744873,11.090714454650879,10.938214302062988,10.965714454650879,9.183450698852539,403606000,0.0,0.0
2010-11-16,10.918571472167969,10.985713958740234,10.6899995803833,10.771071434020996,9.0204439163208,657650000,0.0,0.0
2010-11-17,10.757143020629883,10.856785774230957,10.634285926818848,10.73214340209961,8.987842559814453,479449600,0.0,0.0
2010-11-18,10.899999618530273,11.059642791748047,10.881786346435547,11.01535701751709,9.225029945373535,494491200,0.0,0.0
2010-11-19,10.998929023742676,11.014286041259766,10.901429176330566,10.954643249511719,9.174182891845703,384843200,0.0,0.0
2010-11-22,10.95285701751709,11.191429138183594,10.923929214477539,11.191429138183594,9.372480392456055,393075200,0.0,0.0
2010-11-23,11.087499618530273,11.133929252624512,10.94857120513916,11.026070594787598,9.234002113342285,519447600,0.0,0.0
2010-11-24,11.14285659790039,11.264286041259766,11.133929252624512,11.242856979370117,9.41555118560791,413725200,0.0,0.0
2010-11-26,11.204999923706055,11.346428871154785,11.17642879486084,11.25,9.42153549194336,237585600,0.0,0.0
2010-11-29,11.26785659790039,11.338570594787598,11.12071418762207,11.31678581237793,9.477466583251953,445785200,0.0,0.0
2010-11-30,11.197856903076172,11.227143287658691,11.102499961853027,11.112500190734863,9.306382179260254,501858000,0.0,0.0
2010-12-01,11.259642601013184,11.348214149475098,11.25,11.300000190734863,9.463409423828125,461750800,0.0,0.0
2010-12-02,11.340356826782227,11.39285659790039,11.246070861816406,11.362500190734863,9.51574993133545,462837200,0.0,0.0
2010-12-03,11.321785926818848,11.380356788635254,11.297857284545898,11.337142944335938,9.49451732635498,342092800,0.0,0.0
2010-12-06,11.380000114440918,11.511786460876465,11.372142791748047,11.433929443359375,9.575570106506348,448481600,0.0,0.0
2010-12-07,11.564286231994629,11.571070671081543,11.361429214477539,11.364643096923828,9.517542839050293,391454000,0.0,0.0
2010-12-08,11.415356636047363,11.46500015258789,11.325357437133789,11.464642524719238,9.601289749145508,321935600,0.0,0.0
2010-12-09,11.504643440246582,11.51785659790039,11.393570899963379,11.420000076293945,9.563901901245117,294151200,0.0,0.0
2010-12-10,11.416070938110352,11.466071128845215,11.378570556640625,11.44857120513916,9.58782958984375,262511200,0.0,0.0
2010-12-13,11.584643363952637,11.609286308288574,11.464285850524902,11.488213539123535,9.6210298538208,439815600,0.0,0.0
2010-12-14,11.490357398986816,11.519286155700684,11.39285659790039,11.438928604125977,9.579756736755371,351008000,0.0,0.0
2010-12-15,11.428570747375488,11.535714149475098,11.399642944335938,11.441429138183594,9.5818510055542,417312000,0.0,0.0
2010-12-16,11.467499732971191,11.521785736083984,11.432143211364746,11.473214149475098,9.608469009399414,322030800,0.0,0.0
2010-12-17,11.486785888671875,11.492500305175781,11.436785697937012,11.450357437133789,9.589326858520508,386929200,0.0,0.0
2010-12-20,11.485713958740234,11.54464340209961,11.365357398986816,11.507499694824219,9.63718318939209,385610400,0.0,0.0
2010-12-21,11.535714149475098,11.585356712341309,11.501786231994629,11.578571319580078,9.69670295715332,256354000,0.0,0.0
2010-12-22,11.584285736083984,11.632857322692871,11.555356979370117,11.6128568649292,9.725417137145996,265921600,0.0,0.0
2010-12-23,11.60714340209961,11.612500190734863,11.541786193847656,11.557143211364746,9.678756713867188,223157200,0.0,0.0
2010-12-27,11.530357360839844,11.622857093811035,11.482856750488281,11.59571361541748,9.711057662963867,249816000,0.0,0.0
2010-12-28,11.639642715454102,11.666428565979004,11.609286308288574,11.623929023742676,9.734689712524414,175924000,0.0,0.0
2010-12-29,11.650713920593262,11.658928871154785,11.610713958740234,11.617500305175781,9.729303359985352,163139200,0.0,0.0
2010-12-30,11.624285697937012,11.625356674194336,11.537500381469727,11.559286117553711,9.680551528930664,157494400,0.0,0.0
2010-12-31,11.533928871154785,11.552857398986816,11.475357055664062,11.520000457763672,9.647651672363281,193508000,0.0,0.0
2011-01-03,11.630000114440918,11.795000076293945,11.601428985595703,11.770357131958008,9.857316970825195,445138400,0.0,0.0
2011-01-04,11.872857093811035,11.875,11.719642639160156,11.831786155700684,9.908761024475098,309080800,0.0,0.0
2011-01-05,11.76964282989502,11.940713882446289,11.76785659790039,11.928570747375488,9.989819526672363,255519600,0.0,0.0
2011-01-06,11.954285621643066,11.973214149475098,11.889286041259766,11.918929100036621,9.98173999786377,300428800,0.0,0.0
2011-01-07,11.928214073181152,12.012499809265137,11.853570938110352,12.00428581237793,10.05322551727295,311931200,0.0,0.0
2011-01-10,12.10107135772705,12.258213996887207,12.041786193847656,12.23035717010498,10.242551803588867,448560000,0.0,0.0
2011-01-11,12.317143440246582,12.319999694824219,12.123929023742676,12.20142936706543,10.218324661254883,444108000,0.0,0.0
2011-01-12,12.258929252624512,12.301071166992188,12.214285850524902,12.300713539123535,10.301474571228027,302590400,0.0,0.0
2011-01-13,12.327142715454102,12.380000114440918,12.280357360839844,12.34571361541748,10.339160919189453,296780400,0.0,0.0
2011-01-14,12.353214263916016,12.445713996887207,12.30142879486084,12.445713996887207,10.4229097366333,308840000,0.0,0.0
2011-01-18,11.768570899963379,12.312856674194336,11.64285659790039,12.166070938110352,10.188713073730469,1880998000,0.0,0.0
2011-01-19,12.441070556640625,12.449999809265137,12.031429290771484,12.101428985595703,10.134577751159668,1135612800,0.0,0.0
2011-01-20,12.01535701751709,12.08214282989502,11.789999961853027,11.881428718566895,9.950337409973145,764789200,0.0,0.0
2011-01-21,11.920356750488281,11.960000038146973,11.665356636047363,11.668571472167969,9.772074699401855,754401200,0.0,0.0
2011-01-24,11.673929214477539,12.051786422729492,11.668571472167969,12.051786422729492,10.093000411987305,574683200,0.0,0.0
2011-01-25,12.011786460876465,12.194286346435547,11.948928833007812,12.192856788635254,10.21114730834961,546868000,0.0,0.0
2011-01-26,12.248571395874023,12.342857360839844,12.196429252624512,12.280357360839844,10.284423828125,506875600,0.0,0.0
2011-01-27,12.277856826782227,12.310357093811035,12.243928909301758,12.257499694824219,10.265284538269043,285026000,0.0,0.0
2011-01-28,12.291786193847656,12.300000190734863,11.911786079406738,12.003570556640625,10.052627563476562,592057200,0.0,0.0
2011-01-31,11.992856979370117,12.144286155700684,11.939286231994629,12.118571281433105,10.148937225341797,377246800,0.0,0.0
2011-02-01,12.189286231994629,12.344642639160156,12.177857398986816,12.322500228881836,10.319720268249512,426633200,0.0,0.0
2011-02-02,12.301786422729492,12.33035659790039,12.26964282989502,12.29714298248291,10.298481941223145,258955200,0.0,0.0
2011-02-03,12.278571128845215,12.294285774230957,12.091071128845215,12.265713691711426,10.272162437438965,393797600,0.0,0.0
2011-02-04,12.272856712341309,12.382143020629883,12.268214225769043,12.375,10.363686561584473,321840400,0.0,0.0
2011-02-07,12.424642562866211,12.616070747375488,12.415714263916016,12.567143440246582,10.524598121643066,485021600,0.0,0.0
2011-02-08,12.631428718566895,12.697142601013184,12.576786041259766,12.685713768005371,10.623900413513184,381040800,0.0,0.0
2011-02-09,12.685357093811035,12.821429252624512,12.673929214477539,12.791428565979004,10.712431907653809,482745200,0.0,0.0
2011-02-10,12.76392936706543,12.85714340209961,12.428570747375488,12.662142753601074,10.604159355163574,928550000,0.0,0.0
2011-02-11,12.66964340209961,12.778571128845215,12.626428604125977,12.744643211364746,10.673254013061523,367572800,0.0,0.0
2011-02-14,12.742500305175781,12.838570594787598,12.739643096923828,12.82785701751709,10.742939949035645,310416400,0.0,0.0
2011-02-15,12.828213691711426,12.856071472167969,12.76964282989502,12.853570938110352,10.76447582244873,284174800,0.0,0.0
2011-02-16,12.885713577270508,13.032142639160156,12.875,12.968929290771484,10.86108112335205,481157600,0.0,0.0
2011-02-17,12.758929252624512,12.866786003112793,12.732856750488281,12.796428680419922,10.716622352600098,530583200,0.0,0.0
2011-02-18,12.811071395874023,12.839285850524902,12.482856750488281,12.520000457763672,10.485121726989746,816057200,0.0,0.0
2011-02-22,12.219642639160156,12.335714340209961,12.061429023742676,12.09321403503418,10.127699851989746,872555600,0.0,0.0
2011-02-23,12.098929405212402,12.308570861816406,12.09321403503418,12.236429214477539,10.247637748718262,671854400,0.0,0.0
2011-02-24,12.286429405212402,12.326786041259766,12.084643363952637,12.24571418762207,10.255413055419922,499900800,0.0,0.0
2011-02-25,12.330714225769043,12.443928718566895,12.314286231994629,12.434286117553711,10.413336753845215,380018800,0.0,0.0
2011-02-28,12.544285774230957,12.680356979370117,12.539999961853027,12.614643096923828,10.564383506774902,403074000,0.0,0.0
2011-03-01,12.695357322692871,12.704285621643066,12.417142868041992,12.475357055664062,10.44773006439209,456136800,0.0,0.0
2011-03-02,12.498571395874023,12.655357360839844,12.442856788635254,12.575714111328125,10.531778335571289,602590800,0.0,0.0
2011-03-03,12.756786346435547,12.849642753601074,12.71142864227295,12.841428756713867,10.75430679321289,500788400,0.0,0.0
2011-03-04,12.85964298248291,12.867500305175781,12.776785850524902,12.85714340209961,10.76746654510498,453266800,0.0,0.0
2011-03-07,12.907142639160156,12.916786193847656,12.546786308288574,12.691429138183594,10.628687858581543,546123200,0.0,0.0
2011-03-08,12.6753568649292,12.764286041259766,12.58035659790039,12.705714225769043,10.640647888183594,356316800,0.0,0.0
2011-03-09,12.667499542236328,12.670000076293945,12.521429061889648,12.588213920593262,10.542245864868164,453306000,0.0,0.0
2011-03-10,12.468570709228516,12.491786003112793,12.317856788635254,12.381071090698242,10.36877155303955,507539200,0.0,0.0
2011-03-11,12.333213806152344,12.582857131958008,12.321429252624512,12.571070671081543,10.527886390686035,471080400,0.0,0.0
2011-03-14,12.613571166992188,12.731429100036621,12.546786308288574,12.627142906188965,10.574849128723145,435957200,0.0,0.0
2011-03-15,12.217857360839844,12.422857284545898,12.146429061889648,12.336786270141602,10.331686019897461,721081200,0.0,0.0
2011-03-16,12.214285850524902,12.25,11.652142524719238,11.786070823669434,9.870473861694336,1162011200,0.0,0.0
2011-03-17,12.029643058776855,12.128929138183594,11.809286117553711,11.95142936706543,10.008963584899902,659422400,0.0,0.0
2011-03-18,12.040356636047363,12.078571319580078,11.785714149475098,11.809642791748047,9.890217781066895,753214000,0.0,0.0
2011-03-21,11.999643325805664,12.133570671081543,11.973570823669434,12.117856979370117,10.148338317871094,409402000,0.0,0.0
2011-03-22,12.234286308288574,12.236429214477539,12.112142562866211,12.185713768005371,10.20516586303711,325922800,0.0,0.0
2011-03-23,12.117142677307129,12.150713920593262,11.998213768005371,12.11392879486084,10.145042419433594,372996400,0.0,0.0
2011-03-24,12.208929061889648,12.35714340209961,12.102143287658691,12.320357322692871,10.317925453186035,404712000,0.0,0.0
2011-03-25,12.431071281433105,12.57357120513916,12.393570899963379,12.555000305175781,10.514433860778809,448910000,0.0,0.0
2011-03-28,12.612500190734863,12.65428638458252,12.515713691711426,12.515713691711426,10.481531143188477,309355200,0.0,0.0
2011-03-29,12.416428565979004,12.534285545349121,12.359286308288574,12.534285545349121,10.497081756591797,352900800,0.0,0.0
2011-03-30,12.522856712341309,12.531429290771484,12.408571243286133,12.451070785522461,10.427391052246094,329406000,0.0,0.0
2011-03-31,12.369999885559082,12.492856979370117,12.359286308288574,12.446785926818848,10.423805236816406,274019200,0.0,0.0
2011-04-01,12.539643287658691,12.556785583496094,12.260713577270508,12.305713653564453,10.305660247802734,418661600,0.0,0.0
2011-04-04,12.296786308288574,12.307143211364746,12.085714340209961,12.185357093811035,10.20486831665039,460084800,0.0,0.0
2011-04-05,12.035357475280762,12.223214149475098,12.0,12.103214263916016,10.136075019836426,482731200,0.0,0.0
2011-04-06,12.186429023742676,12.282142639160156,12.040714263916016,12.072856903076172,10.110654830932617,402539200,0.0,0.0
2011-04-07,12.074999809265137,12.15821361541748,12.001070976257324,12.074286460876465,10.111845970153809,373447200,0.0,0.0
2011-04-08,12.140000343322754,12.148214340209961,11.926786422729492,11.966428756713867,10.021519660949707,377535200,0.0,0.0
2011-04-11,11.930713653564453,11.988213539123535,11.786429405212402,11.814286231994629,9.8941068649292,398946800,0.0,0.0
2011-04-12,11.803214073181152,11.918929100036621,11.79285717010498,11.871429443359375,9.941962242126465,425639200,0.0,0.0
2011-04-13,11.96500015258789,12.005000114440918,11.875714302062988,12.004643440246582,10.05352783203125,346220000,0.0,0.0
2011-04-14,11.95714282989502,12.0,11.859286308288574,11.872142791748047,9.942562103271484,301800800,0.0,0.0
2011-04-15,11.903571128845215,11.915714263916016,11.671428680419922,11.694999694824219,9.794206619262695,453605600,0.0,0.0
2011-04-18,11.646429061889648,11.865357398986816,11.434286117553711,11.851785659790039,9.92551040649414,609898800,0.0,0.0
2011-04-19,11.896429061889648,12.070713996887207,11.846785545349121,12.066429138183594,10.105268478393555,419378400,0.0,0.0
2011-04-20,12.268214225769043,12.348214149475098,12.196429252624512,12.228928565979004,10.241362571716309,700666400,0.0,0.0
2011-04-21,12.678570747375488,12.68321418762207,12.447142601013184,12.524999618530273,10.48930835723877,753810400,0.0,0.0
2011-04-25,12.5121431350708,12.633929252624512,12.510713577270508,12.607500076293945,10.558398246765137,266546000,0.0,0.0
2011-04-26,12.62928581237793,12.678214073181152,12.476785659790039,12.515000343322754,10.480934143066406,338800000,0.0,0.0
2011-04-27,12.579999923706055,12.583929061889648,12.396429061889648,12.505356788635254,10.472854614257812,356213200,0.0,0.0
2011-04-28,12.36392879486084,12.491070747375488,12.34000015258789,12.383929252624512,10.371167182922363,360959200,0.0,0.0
2011-04-29,12.385000228881836,12.641071319580078,12.381071090698242,12.504643440246582,10.472260475158691,1006345200,0.0,0.0
2011-05-02,12.490714073181152,12.516785621643066,12.339285850524902,12.367142677307129,10.357107162475586,442713600,0.0,0.0
2011-05-03,12.428214073181152,12.496070861816406,12.343570709228516,12.435713768005371,10.414531707763672,313348000,0.0,0.0
2011-05-04,12.437856674194336,12.565357208251953,12.388570785522461,12.48464298248291,10.4555082321167,389250400,0.0,0.0
2011-05-05,12.442856788635254,12.533928871154785,12.358928680419922,12.383929252624512,10.371167182922363,335969200,0.0,0.0
2011-05-06,12.48892879486084,12.5,12.364643096923828,12.380714416503906,10.368470191955566,280134400,0.0,0.0
2011-05-09,12.42357063293457,12.471428871154785,12.376070976257324,12.414285659790039,10.396584510803223,204747200,0.0,0.0
2011-05-10,12.460356712341309,12.48892879486084,12.380714416503906,12.48035717010498,10.451921463012695,282091600,0.0,0.0
2011-05-11,12.46500015258789,12.5,12.329999923706055,12.401070594787598,10.385520935058594,336000000,0.0,0.0
2011-05-12,12.361429214477539,12.397143363952637,12.223929405212402,12.3774995803833,10.365778923034668,322000000,0.0,0.0
2011-05-13,12.345000267028809,12.366070747375488,12.155357360839844,12.160714149475098,10.18423080444336,326116000,0.0,0.0
2011-05-16,12.114286422729492,12.186429023742676,11.878570556640625,11.903571128845215,9.968878746032715,449775200,0.0,0.0
2011-05-17,11.85714340209961,12.005000114440918,11.811785697937012,12.005000114440918,10.053824424743652,452334400,0.0,0.0
2011-05-18,12.016785621643066,12.180356979370117,12.0,12.138214111328125,10.165385246276855,334776400,0.0,0.0
2011-05-19,12.217143058776855,12.228928565979004,12.095356941223145,12.161786079406738,10.185126304626465,261170000,0.0,0.0
2011-05-20,12.127142906188965,12.176786422729492,11.96500015258789,11.972143173217773,10.0263032913208,337968400,0.0,0.0
2011-05-23,11.784643173217773,11.999285697937012,11.765000343322754,11.942856788635254,10.00178050994873,383600000,0.0,0.0
2011-05-24,11.98214340209961,11.996429443359375,11.833571434020996,11.86392879486084,9.93567943572998,321927200,0.0,0.0
2011-05-25,11.90821361541748,12.091428756713867,11.887499809265137,12.027856826782227,10.072964668273926,294224000,0.0,0.0
2011-05-26,11.998929023742676,12.03178596496582,11.943928718566895,11.964285850524902,10.019725799560547,222560800,0.0,0.0
2011-05-27,11.95714282989502,12.05821418762207,11.939642906188965,12.0503568649292,10.09180736541748,203599200,0.0,0.0
2011-05-31,12.182143211364746,12.422499656677246,12.178570747375488,12.422499656677246,10.403467178344727,417754400,0.0,0.0
2011-06-01,12.459643363952637,12.576070785522461,12.308929443359375,12.339642524719238,10.334077835083008,554682800,0.0,0.0
2011-06-02,12.375,12.427857398986816,12.296428680419922,12.360713958740234,10.35172176361084,338783200,0.0,0.0
2011-06-03,12.256428718566895,12.333213806152344,12.214642524719238,12.265713691711426,10.272162437438965,313250000,0.0,0.0
2011-06-06,12.346428871154785,12.39464282989502,12.064642906188965,12.072856903076172,10.110654830932617,461941200,0.0,0.0
2011-06-07,12.077500343322754,12.079285621643066,11.853570938110352,11.85857105255127,9.931192398071289,529785200,0.0,0.0
2011-06-08,11.849286079406738,11.95714282989502,11.808929443359375,11.865714073181152,9.937176704406738,333723600,0.0,0.0
2011-06-09,11.901785850524902,11.916786193847656,11.8125,11.838929176330566,9.914745330810547,275088800,0.0,0.0
2011-06-10,11.805356979370117,11.845000267028809,11.625356674194336,11.639286041259766,9.74754524230957,433955200,0.0,0.0
2011-06-13,11.685713768005371,11.725357055664062,11.60964298248291,11.664285659790039,9.768484115600586,329473200,0.0,0.0
2011-06-14,11.785714149475098,11.901785850524902,11.76107120513916,11.872857093811035,9.943155288696289,334569200,0.0,0.0
2011-06-15,11.776785850524902,11.796428680419922,11.602856636047363,11.66964340209961,9.77297592163086,399196000,0.0,0.0
2011-06-16,11.675000190734863,11.738571166992188,11.368928909301758,11.6128568649292,9.725417137145996,510591200,0.0,0.0
2011-06-17,11.749643325805664,11.758929252624512,11.40571403503418,11.437856674194336,9.578856468200684,615020000,0.0,0.0
2011-06-20,11.334285736083984,11.346428871154785,11.089285850524902,11.261428833007812,9.431100845336914,640645600,0.0,0.0
2011-06-21,11.3100004196167,11.635713577270508,11.257143020629883,11.617856979370117,9.72960376739502,493382400,0.0,0.0
2011-06-22,11.6128568649292,11.746429443359375,11.513570785522461,11.521785736083984,9.649148941040039,390583200,0.0,0.0
2011-06-23,11.390713691711426,11.846071243286133,11.361429214477539,11.829643249511719,9.90696907043457,559759200,0.0,0.0
2011-06-24,11.834643363952637,11.898214340209961,11.610357284545898,11.655357360839844,9.76101303100586,439807200,0.0,0.0
2011-06-27,11.6996431350708,11.925000190734863,11.6875,11.85857105255127,9.931192398071289,339813600,0.0,0.0
2011-06-28,11.916070938110352,12.024999618530273,11.908571243286133,11.973570823669434,10.02750015258789,294299600,0.0,0.0
2011-06-29,12.001428604125977,12.013214111328125,11.852856636047363,11.930000305175781,9.991011619567871,352545200,0.0,0.0
2011-06-30,11.953571319580078,12.004643440246582,11.8871431350708,11.988213539123535,10.039765357971191,322954800,0.0,0.0
2011-07-01,11.998213768005371,12.26785659790039,11.935713768005371,12.259285926818848,10.2667818069458,435313200,0.0,0.0
2011-07-05,12.25,12.493928909301758,12.23214340209961,12.479642868041992,10.451322555541992,355054000,0.0,0.0
2011-07-06,12.462499618530273,12.646429061889648,12.382499694824219,12.562856674194336,10.521012306213379,444626000,0.0,0.0
2011-07-07,12.666786193847656,12.785714149475098,12.64285659790039,12.757143020629883,10.683720588684082,399663600,0.0,0.0
2011-07-08,12.619285583496094,12.85714340209961,12.578571319580078,12.846785545349121,10.75879192352295,489633200,0.0,0.0
2011-07-11,12.726428985595703,12.848929405212402,12.600713729858398,12.64285659790039,10.588006973266602,442674400,0.0,0.0
2011-07-12,12.626070976257324,12.774286270141602,12.450714111328125,12.633929252624512,10.580531120300293,451609200,0.0,0.0
2011-07-13,12.797499656677246,12.85714340209961,12.727856636047363,12.786429405212402,10.708246231079102,391638800,0.0,0.0
2011-07-14,12.893214225769043,12.914643287658691,12.726428985595703,12.77750015258789,10.700767517089844,430533600,0.0,0.0
2011-07-15,12.89892864227295,13.035714149475098,12.827500343322754,13.032856941223145,10.91462230682373,484467200,0.0,0.0
2011-07-18,13.051071166992188,13.380356788635254,13.045714378356934,13.350000381469727,11.180221557617188,572653200,0.0,0.0
2011-07-19,13.5,13.523214340209961,13.332857131958008,13.458929061889648,11.271444320678711,819145600,0.0,0.0
2011-07-20,14.147143363952637,14.15250015258789,13.785714149475098,13.817856788635254,11.572035789489746,941340400,0.0,0.0
2011-07-21,13.819643020629883,13.930713653564453,13.710714340209961,13.831786155700684,11.583702087402344,526534400,0.0,0.0
2011-07-22,13.868571281433105,14.108928680419922,13.848214149475098,14.046428680419922,11.763458251953125,516728800,0.0,0.0
2011-07-25,13.941070556640625,14.285714149475098,13.914999961853027,14.23214340209961,11.918987274169922,589806000,0.0,0.0
2011-07-26,14.285714149475098,14.446429252624512,14.274286270141602,14.407500267028809,12.065841674804688,476582400,0.0,0.0
2011-07-27,14.306785583496094,14.380000114440918,14.005356788635254,14.021071434020996,11.74222183227539,659324400,0.0,0.0
2011-07-28,13.986429214477539,14.178214073181152,13.861785888671875,13.993571281433105,11.719192504882812,594034000,0.0,0.0
2011-07-29,13.84428596496582,14.112500190734863,13.714285850524902,13.945713996887207,11.679112434387207,632584400,0.0,0.0
2011-08-01,14.206428527832031,14.26785659790039,14.013214111328125,14.16964340209961,11.866646766662598,612836000,0.0,0.0
2011-08-02,14.201786041259766,14.210714340209961,13.869643211364746,13.889642715454102,11.63215446472168,639539600,0.0,0.0
2011-08-03,13.963570594787598,14.055356979370117,13.651429176330566,14.020357131958008,11.741623878479004,732508000,0.0,0.0
2011-08-04,13.907500267028809,13.975713729858398,13.476785659790039,13.477499961853027,11.286996841430664,871407600,0.0,0.0
2011-08-05,13.587142944335938,13.696429252624512,12.948928833007812,13.343570709228516,11.174836158752441,1204590800,0.0,0.0
2011-08-08,12.917499542236328,13.134642601013184,12.607856750488281,12.614643096923828,10.564383506774902,1143833600,0.0,0.0
2011-08-09,12.903571128845215,13.378929138183594,12.678570747375488,13.357500076293945,11.186500549316406,1082583600,0.0,0.0
2011-08-10,13.255356788635254,13.380356788635254,12.946429252624512,12.98892879486084,10.87783432006836,878656800,0.0,0.0
2011-08-11,13.232856750488281,13.408928871154785,13.025713920593262,13.346428871154785,11.177227020263672,741969200,0.0,0.0
2011-08-12,13.5024995803833,13.558570861816406,13.365357398986816,13.463929176330566,11.275635719299316,528976000,0.0,0.0
2011-08-15,13.55821418762207,13.748929023742676,13.503213882446289,13.693214416503906,11.467652320861816,460544000,0.0,0.0
2011-08-16,13.625714302062988,13.69178581237793,13.430713653564453,13.588570594787598,11.38001823425293,498750000,0.0,0.0
2011-08-17,13.653928756713867,13.732856750488281,13.5,13.587142944335938,11.37881851196289,442061200,0.0,0.0
2011-08-18,13.244285583496094,13.308929443359375,12.906070709228516,13.073213577270508,10.948418617248535,851435200,0.0,0.0
2011-08-19,12.934642791748047,13.10714340209961,12.714285850524902,12.715356826782227,10.648724555969238,775888400,0.0,0.0
2011-08-22,13.018214225769043,13.031429290771484,12.681785583496094,12.729999542236328,10.66098690032959,535315200,0.0,0.0
2011-08-23,12.867856979370117,13.34428596496582,12.75,13.342857360839844,11.174237251281738,656835200,0.0,0.0
2011-08-24,13.338213920593262,13.534285545349121,13.235713958740234,13.4350004196167,11.251405715942383,626267600,0.0,0.0
2011-08-25,13.03857135772705,13.408928871154785,13.035714149475098,13.347143173217773,11.177823066711426,871346000,0.0,0.0
2011-08-26,13.256071090698242,13.70714282989502,13.242856979370117,13.699286460876465,11.472733497619629,641477200,0.0,0.0
2011-08-29,13.863571166992188,13.98214340209961,13.85714340209961,13.927499771118164,11.663859367370605,405269200,0.0,0.0
2011-08-30,13.866070747375488,13.994285583496094,13.793213844299316,13.928214073181152,11.664453506469727,417922400,0.0,0.0
2011-08-31,13.948928833007812,14.002857208251953,13.637857437133789,13.743928909301758,11.510122299194336,522586400,0.0,0.0
2011-09-01,13.77928638458252,13.833571434020996,13.597143173217773,13.608214378356934,11.39647102355957,343725200,0.0,0.0
2011-09-02,13.383570671081543,13.5,13.279643058776855,13.358928680419922,11.187695503234863,438939200,0.0,0.0
2011-09-06,13.120356559753418,13.583213806152344,13.088570594787598,13.562143325805664,11.357885360717773,509698000,0.0,0.0
2011-09-07,13.770000457763672,13.771429061889648,13.64285659790039,13.711786270141602,11.483205795288086,350576800,0.0,0.0
2011-09-08,13.657142639160156,13.878929138183594,13.653928756713867,13.71928596496582,11.489481925964355,416158400,0.0,0.0
2011-09-09,13.711786270141602,13.785714149475098,13.393570899963379,13.481429100036621,11.290287971496582,564813200,0.0,0.0
2011-09-12,13.321429252624512,13.602856636047363,13.282142639160156,13.569286346435547,11.363868713378906,467832400,0.0,0.0
2011-09-13,13.647856712341309,13.793213844299316,13.58035659790039,13.736429214477539,11.5038423538208,440560400,0.0,0.0
2011-09-14,13.822142601013184,14.007499694824219,13.777142524719238,13.903571128845215,11.643814086914062,534724400,0.0,0.0
2011-09-15,13.979642868041992,14.059286117553711,13.925000190734863,14.034285545349121,11.753284454345703,417818800,0.0,0.0
2011-09-16,14.126428604125977,14.303570747375488,14.108214378356934,14.303570747375488,11.97880744934082,698513200,0.0,0.0
2011-09-19,14.178570747375488,14.758213996887207,14.114286422729492,14.701070785522461,12.311697006225586,823860800,0.0,0.0
2011-09-20,14.83035659790039,15.102143287658691,14.685357093811035,14.766071319580078,12.366133689880371,775754000,0.0,0.0
2011-09-21,14.987142562866211,15.056785583496094,14.714285850524902,14.71928596496582,12.326955795288086,605976000,0.0,0.0
2011-09-22,14.322500228881836,14.636428833007812,14.16785717010498,14.350713729858398,12.01828670501709,968480800,0.0,0.0
2011-09-23,14.295714378356934,14.526429176330566,14.280357360839844,14.439286231994629,12.092464447021484,546277200,0.0,0.0
2011-09-26,14.28071403503418,14.427857398986816,13.975000381469727,14.39892864227295,12.058666229248047,812876400,0.0,0.0
2011-09-27,14.59749984741211,14.616070747375488,14.216428756713867,14.259285926818848,11.941718101501465,632497600,0.0,0.0
2011-09-28,14.292499542236328,14.419285774230957,14.161070823669434,14.178929328918457,11.874423027038574,429637600,0.0,0.0
2011-09-29,14.354286193847656,14.364643096923828,13.793213844299316,13.948928833007812,11.681803703308105,651086800,0.0,0.0
2011-09-30,13.825714111328125,13.88892936706543,13.613571166992188,13.618571281433105,11.40514087677002,547640800,0.0,0.0
2011-10-03,13.584643363952637,13.665714263916016,13.327500343322754,13.378570556640625,11.204147338867188,669099200,0.0,0.0
2011-10-04,13.3774995803833,13.635713577270508,12.651429176330566,13.303570747375488,11.141337394714355,1233677200,0.0,0.0
2011-10-05,13.137857437133789,13.5649995803833,12.867856979370117,13.508929252624512,11.31331729888916,786469600,0.0,0.0
2011-10-06,13.333213806152344,13.742142677307129,13.278571128845215,13.477499961853027,11.286996841430664,812582400,0.0,0.0
2011-10-07,13.420714378356934,13.490714073181152,13.160357475280762,13.20714282989502,11.060582160949707,535458000,0.0,0.0
2011-10-10,13.538928985595703,13.88607120513916,13.507499694824219,13.88607120513916,11.62916374206543,442514800,0.0,0.0
2011-10-11,14.020357131958008,14.399286270141602,13.98214340209961,14.29607105255127,11.972526550292969,605687600,0.0,0.0
2011-10-12,14.547857284545898,14.616070747375488,14.290714263916016,14.36392879486084,12.02935791015625,622286000,0.0,0.0
2011-10-13,14.463570594787598,14.586786270141602,14.387499809265137,14.586786270141602,12.215988159179688,426185200,0.0,0.0
2011-10-14,14.886786460876465,15.071429252624512,14.831070899963379,15.071429252624512,12.621867179870605,573367200,0.0,0.0
2011-10-17,15.062143325805664,15.239286422729492,14.854999542236328,14.999643325805664,12.561744689941406,686044800,0.0,0.0
2011-10-18,15.062856674194336,15.171786308288574,14.856785774230957,15.079999923706055,12.629043579101562,881602400,0.0,0.0
2011-10-19,14.333929061889648,14.58642864227295,14.20714282989502,14.236429214477539,11.922577857971191,1104059600,0.0,0.0
2011-10-20,14.285714149475098,14.298213958740234,14.07892894744873,14.118213653564453,11.823575973510742,549270400,0.0,0.0
2011-10-21,14.217857360839844,14.255000114440918,13.95535659790039,14.031070709228516,11.750598907470703,621244400,0.0,0.0
2011-10-24,14.149286270141602,14.51785659790039,14.121429443359375,14.491786003112793,12.136433601379395,502138000,0.0,0.0
2011-10-25,14.465356826782227,14.51964282989502,14.192143440246582,14.206070899963379,11.897154808044434,430427200,0.0,0.0
2011-10-26,14.348570823669434,14.376786231994629,14.041070938110352,14.307143211364746,11.981799125671387,456304800,0.0,0.0
2011-10-27,14.555713653564453,14.60714340209961,14.353214263916016,14.453213691711426,12.10412883758545,494664800,0.0,0.0
2011-10-28,14.39285659790039,14.512499809265137,14.375356674194336,14.462499618530273,12.11190414428711,322842800,0.0,0.0
2011-10-31,14.372142791748047,14.618928909301758,14.323213577270508,14.456428527832031,12.106821060180664,385501200,0.0,0.0
2011-11-01,14.193214416503906,14.26785659790039,14.043571472167969,14.161070823669434,11.859468460083008,531790000,0.0,0.0
2011-11-02,14.288928985595703,14.30142879486084,14.11107063293457,14.193214416503906,11.886387825012207,327350800,0.0,0.0
2011-11-03,14.2524995803833,14.407142639160156,14.119999885559082,14.395357131958008,12.055672645568848,441386400,0.0,0.0
2011-11-04,14.358214378356934,14.408571243286133,14.255714416503906,14.294285774230957,11.971029281616211,302229200,0.0,0.0
2011-11-07,14.282500267028809,14.285714149475098,14.147500038146973,14.276070594787598,11.955774307250977,270275600,0.0,0.0
2011-11-08,14.364643096923828,14.571429252624512,14.341428756713867,14.508213996887207,12.150188446044922,400442000,0.0,0.0
2011-11-09,14.177499771118164,14.317500114440918,14.079643249511719,14.117142677307129,11.822680473327637,558684000,0.0,0.0
2011-11-10,14.179642677307129,14.186071395874023,13.648214340209961,13.757857322692871,11.5217866897583,744752400,0.0,0.0
2011-11-11,13.807499885559082,13.882143020629883,13.580714225769043,13.736429214477539,11.5038423538208,653786000,0.0,0.0
2011-11-14,13.697142601013184,13.758929252624512,13.507143020629883,13.545000076293945,11.343524932861328,432905200,0.0,0.0
2011-11-15,13.600000381469727,13.910714149475098,13.551786422729492,13.886786460876465,11.629762649536133,430810800,0.0,0.0
2011-11-16,13.901785850524902,13.96928596496582,13.725713729858398,13.741786003112793,11.50832748413086,349210400,0.0,0.0
2011-11-17,13.713570594787598,13.734999656677246,13.410714149475098,13.478928565979004,11.28819465637207,479900400,0.0,0.0
2011-11-18,13.532856941223145,13.571070671081543,13.388570785522461,13.390713691711426,11.214315414428711,371938000,0.0,0.0
2011-11-21,13.228570938110352,13.274286270141602,13.068214416503906,13.178929328918457,11.03695011138916,447980400,0.0,0.0
2011-11-22,13.250714302062988,13.4975004196167,13.247857093811035,13.446785926818848,11.261273384094238,409021200,0.0,0.0
2011-11-23,13.375356674194336,13.422857284545898,13.102856636047363,13.106785774230957,10.976533889770508,428271200,0.0,0.0
2011-11-25,13.157856941223145,13.255356788635254,12.975713729858398,12.98464298248291,10.874244689941406,254760800,0.0,0.0
2011-11-28,13.298213958740234,13.454285621643066,13.22607135772705,13.432856559753418,11.249610900878906,346413200,0.0,0.0
2011-11-29,13.422857284545898,13.529643058776855,13.221428871154785,13.328571319580078,11.162275314331055,375855200,0.0,0.0
2011-11-30,13.617500305175781,13.652856826782227,13.510713577270508,13.649999618530273,11.431464195251465,405938400,0.0,0.0
2011-12-01,13.662142753601074,13.89285659790039,13.598214149475098,13.854642868041992,11.602843284606934,387181200,0.0,0.0
2011-12-02,13.922499656677246,14.05821418762207,13.877857208251953,13.91785717010498,11.655782699584961,379055600,0.0,0.0
2011-12-05,14.053214073181152,14.157500267028809,13.942500114440918,14.036070823669434,11.754786491394043,357210000,0.0,0.0
2011-12-06,14.018214225769043,14.093929290771484,13.906429290771484,13.962499618530273,11.693167686462402,283598000,0.0,0.0
2011-12-07,13.926071166992188,13.962142944335938,13.812856674194336,13.896071434020996,11.63753604888916,304746400,0.0,0.0
2011-12-08,13.98035717010498,14.125,13.936785697937012,13.952142715454102,11.684496879577637,376356400,0.0,0.0
2011-12-09,14.030357360839844,14.072856903076172,13.965356826782227,14.057856559753418,11.773032188415527,296993200,0.0,0.0
2011-12-12,13.988571166992188,14.067856788635254,13.908928871154785,13.994285583496094,11.719793319702148,301067200,0.0,0.0
2011-12-13,14.035714149475098,14.121429443359375,13.824999809265137,13.88607120513916,11.62916374206543,338928800,0.0,0.0
2011-12-14,13.810713768005371,13.835000038146973,13.488571166992188,13.578213691711426,11.371343612670898,406887600,0.0,0.0
2011-12-15,13.690357208251953,13.704999923706055,13.51107120513916,13.533571243286133,11.333956718444824,256200000,0.0,0.0
2011-12-16,13.584285736083984,13.719642639160156,13.556071281433105,13.607856750488281,11.39616584777832,421478400,0.0,0.0
2011-12-19,13.659643173217773,13.744643211364746,13.588570594787598,13.650357246398926,11.431764602661133,235530400,0.0,0.0
2011-12-20,13.848570823669434,14.146429061889648,13.830714225769043,14.141071319580078,11.842718124389648,337215200,0.0,0.0
2011-12-21,14.167499542236328,14.189286231994629,14.000356674194336,14.158928871154785,11.857673645019531,262948000,0.0,0.0
2011-12-22,14.178570747375488,14.254643440246582,14.146429061889648,14.233928680419922,11.920483589172363,202358800,0.0,0.0
2011-12-23,14.274642944335938,14.413928985595703,14.267499923706055,14.404643058776855,12.063451766967773,269399200,0.0,0.0
2011-12-27,14.396429061889648,14.610357284545898,14.393570899963379,14.518928527832031,12.159161567687988,265076000,0.0,0.0
2011-12-28,14.53178596496582,14.58035659790039,14.333571434020996,14.380000114440918,12.042813301086426,228662000,0.0,0.0
2011-12-29,14.407142639160156,14.487500190734863,14.303929328918457,14.468570709228516,12.116992950439453,215978000,0.0,0.0
2011-12-30,14.411070823669434,14.510000228881836,14.410357475280762,14.464285850524902,12.113401412963867,179662000,0.0,0.0
2012-01-03,14.621429443359375,14.73214340209961,14.60714340209961,14.686785697937012,12.2997407913208,302220800,0.0,0.0
2012-01-04,14.64285659790039,14.8100004196167,14.617142677307129,14.765713691711426,12.365838050842285,260022000,0.0,0.0
2012-01-05,14.819643020629883,14.948213577270508,14.738213539123535,14.929642677307129,12.503125190734863,271269600,0.0,0.0
2012-01-06,14.991786003112793,15.098214149475098,14.972143173217773,15.085714340209961,12.633830070495605,318292800,0.0,0.0
2012-01-09,15.196429252624512,15.276785850524902,15.048213958740234,15.061785697937012,12.613789558410645,394024400,0.0,0.0
2012-01-10,15.211071014404297,15.214285850524902,15.053570747375488,15.115714073181152,12.658952713012695,258196400,0.0,0.0
2012-01-11,15.09571361541748,15.101785659790039,14.975357055664062,15.091071128845215,12.638314247131348,215084800,0.0,0.0
2012-01-12,15.081428527832031,15.103570938110352,14.95535659790039,15.049642562866211,12.603619575500488,212587200,0.0,0.0
2012-01-13,14.989286422729492,15.016071319580078,14.952142715454102,14.993213653564453,12.556364059448242,226021600,0.0,0.0
2012-01-17,15.149999618530273,15.213929176330566,15.105713844299316,15.16785717010498,12.702622413635254,242897200,0.0,0.0
2012-01-18,15.248571395874023,15.338213920593262,15.225000381469727,15.325357437133789,12.834518432617188,276791200,0.0,0.0
2012-01-19,15.362500190734863,15.406070709228516,15.232500076293945,15.276785850524902,12.793844223022461,261738400,0.0,0.0
2012-01-20,15.267499923706055,15.26785659790039,14.991070747375488,15.010713577270508,12.571016311645508,413974400,0.0,0.0
2012-01-23,15.095356941223145,15.301786422729492,15.08214282989502,15.264642715454102,12.783673286437988,306062400,0.0,0.0
2012-01-24,15.182143211364746,15.182143211364746,14.983928680419922,15.014642715454102,12.574304580688477,547638000,0.0,0.0
2012-01-25,16.229999542236328,16.230356216430664,15.84749984741211,15.952142715454102,13.359437942504883,958314000,0.0,0.0
2012-01-26,16.01285743713379,16.028213500976562,15.82642936706543,15.879643440246582,13.298722267150879,323985200,0.0,0.0
2012-01-27,15.869285583496094,16.01714324951172,15.848929405212402,15.974286079406738,13.377979278564453,299709200,0.0,0.0
2012-01-30,15.918213844299316,16.21071434020996,15.90678596496582,16.17892837524414,13.549362182617188,379341200,0.0,0.0
2012-01-31,16.27107048034668,16.365713119506836,16.18107032775879,16.3028564453125,13.653149604797363,391683600,0.0,0.0
2012-02-01,16.37178611755371,16.392499923706055,16.269643783569336,16.292499542236328,13.644475936889648,270046000,0.0,0.0
2012-02-02,16.282142639160156,16.327499389648438,16.213571548461914,16.25428581237793,13.612471580505371,186796400,0.0,0.0
2012-02-03,16.332143783569336,16.428571701049805,16.270000457763672,16.417142868041992,13.748862266540527,286599600,0.0,0.0
2012-02-06,16.37071418762207,16.606428146362305,16.364286422729492,16.570356369018555,13.877172470092773,249412800,0.0,0.0
2012-02-07,16.616071701049805,16.77678680419922,16.59214210510254,16.743928909301758,14.022526741027832,316223600,0.0,0.0
2012-02-08,16.803571701049805,17.028213500976562,16.774999618530273,17.0242862701416,14.257322311401367,407890000,0.0,0.0
2012-02-09,17.170000076293945,17.741071701049805,17.162857055664062,17.61321449279785,14.750535011291504,884214800,0.0,0.0
2012-02-10,17.534286499023438,17.77214241027832,17.448213577270508,17.622142791748047,14.758012771606445,631302000,0.0,0.0
2012-02-13,17.840356826782227,17.993928909301758,17.75321388244629,17.950000762939453,15.032581329345703,517216000,0.0,0.0
2012-02-14,18.023571014404297,18.198570251464844,17.928571701049805,18.19499969482422,15.237762451171875,460398400,0.0,0.0
2012-02-15,18.36642837524414,18.796070098876953,17.746070861816406,17.773929595947266,14.885123252868652,1506120000,0.0,0.0
2012-02-16,17.553571701049805,18.03178596496582,17.379642486572266,17.936071395874023,15.020916938781738,944552000,0.0,0.0
2012-02-17,17.96821403503418,18.1346435546875,17.867856979370117,17.932857513427734,15.018233299255371,535805200,0.0,0.0
2012-02-21,18.10285758972168,18.387500762939453,18.00428581237793,18.387500762939453,15.398981094360352,605595200,0.0,0.0
2012-02-22,18.32428550720215,18.410356521606445,18.18107032775879,18.322856903076172,15.34483814239502,483302400,0.0,0.0
2012-02-23,18.395713806152344,18.493928909301758,18.196428298950195,18.4424991607666,15.44503402709961,568027600,0.0,0.0
2012-02-24,18.559642791748047,18.674999237060547,18.522857666015625,18.657499313354492,15.625082969665527,415072000,0.0,0.0
2012-02-27,18.618213653564453,18.875,18.43857192993164,18.777143478393555,15.725290298461914,547582000,0.0,0.0
2012-02-28,18.855714797973633,19.12178611755371,18.780357360839844,19.12178611755371,16.013914108276367,600387200,0.0,0.0
2012-02-29,19.341428756713867,19.5575008392334,19.132143020629883,19.37285614013672,16.22418212890625,952011200,0.0,0.0
2012-03-01,19.577499389648438,19.578929901123047,19.241785049438477,19.445356369018555,16.284893035888672,683270000,0.0,0.0
2012-03-02,19.437143325805664,19.5285701751709,19.375713348388672,19.470714569091797,16.306129455566406,431712400,0.0,0.0
2012-03-05,19.479286193847656,19.5528564453125,18.78571319580078,19.04142951965332,15.946615219116211,809124400,0.0,0.0
2012-03-06,18.7021427154541,19.06035614013672,18.43642807006836,18.937856674194336,15.859879493713379,810238800,0.0,0.0
2012-03-07,19.171428680419922,19.20642852783203,18.689285278320312,18.953214645385742,15.8727388381958,798520800,0.0,0.0
2012-03-08,19.096071243286133,19.392499923706055,19.00428581237793,19.356786727905273,16.210721969604492,516457200,0.0,0.0
2012-03-09,19.436071395874023,19.562143325805664,19.396785736083984,19.47035789489746,16.30583381652832,418919200,0.0,0.0
2012-03-12,19.606428146362305,19.71428680419922,19.53571319580078,19.71428680419922,16.510116577148438,407282400,0.0,0.0
2012-03-13,19.91214370727539,20.292142868041992,19.84821319580078,20.28928565979004,16.991662979125977,690855200,0.0,0.0
2012-03-14,20.644643783569336,21.239999771118164,20.549999237060547,21.056428909301758,17.63412094116211,1418844000,0.0,0.0
2012-03-15,21.414642333984375,21.42892837524414,20.662500381469727,20.912857055664062,17.513879776000977,1159718000,0.0,0.0
2012-03-16,20.882856369018555,21.042856216430664,20.64285659790039,20.9132137298584,17.514179229736328,825487600,0.0,0.0
2012-03-19,21.370357513427734,21.491785049438477,21.037500381469727,21.467857360839844,17.978675842285156,901236000,0.0,0.0
2012-03-20,21.41107177734375,21.674999237060547,21.124286651611328,21.641429901123047,18.12403678894043,816662000,0.0,0.0
2012-03-21,21.52642822265625,21.77321434020996,21.47892951965332,21.51785659790039,18.020551681518555,644042000,0.0,0.0
2012-03-22,21.349285125732422,21.58928680419922,21.26892852783203,21.405000686645508,17.926040649414062,623870800,0.0,0.0
2012-03-23,21.44607162475586,21.492856979370117,21.22857093811035,21.287500381469727,17.827640533447266,430488800,0.0,0.0
2012-03-26,21.421070098876953,21.683929443359375,21.259286880493164,21.6778564453125,18.154537200927734,595742000,0.0,0.0
2012-03-27,21.6492862701416,22.010000228881836,21.645000457763672,21.945714950561523,18.378870010375977,607129600,0.0,0.0
2012-03-28,22.084999084472656,22.194643020629883,21.796785354614258,22.057857513427734,18.472789764404297,655460400,0.0,0.0
2012-03-29,21.885000228881836,22.020000457763672,21.686786651611328,21.78071403503418,18.240680694580078,608238400,0.0,0.0
2012-03-30,21.741785049438477,21.805713653564453,21.354999542236328,21.412500381469727,17.932321548461914,731038000,0.0,0.0
2012-04-02,21.493928909301758,22.098928451538086,21.442142486572266,22.093929290771484,18.50299835205078,598351600,0.0,0.0
2012-04-03,22.4035701751709,22.578929901123047,22.232500076293945,22.4757137298584,18.822725296020508,834559600,0.0,0.0
2012-04-04,22.298213958740234,22.352142333984375,22.03571319580078,22.296785354614258,18.672883987426758,572980800,0.0,0.0
2012-04-05,22.39214324951172,22.66642951965332,22.264286041259766,22.63142967224121,18.953134536743164,641298000,0.0,0.0
2012-04-09,22.361785888671875,22.851428985595703,22.332143783569336,22.72249984741211,19.02939796447754,597536800,0.0,0.0
2012-04-10,22.854642868041992,23.0,22.35714340209961,22.444286346435547,18.796405792236328,889725200,0.0,0.0
2012-04-11,22.7214298248291,22.745357513427734,22.262142181396484,22.364286422729492,18.729408264160156,696614800,0.0,0.0
2012-04-12,22.321428298950195,22.547500610351562,22.16071319580078,22.241785049438477,18.626829147338867,614336800,0.0,0.0
2012-04-13,22.289642333984375,22.310714721679688,21.55392837524414,21.6153564453125,18.102203369140625,859644800,0.0,0.0
2012-04-16,21.787857055664062,21.795713424682617,20.65178680419922,20.718929290771484,17.351478576660156,1050786800,0.0,0.0
2012-04-17,20.676429748535156,21.78571319580078,20.425357818603516,21.774999618530273,18.235898971557617,1025528000,0.0,0.0
2012-04-18,21.91857147216797,22.15178680419922,21.52535629272461,21.726428985595703,18.195220947265625,954531200,0.0,0.0
2012-04-19,21.43642807006836,21.59749984741211,20.875713348388672,20.979999542236328,17.570114135742188,834719200,0.0,0.0
2012-04-20,21.12071418762207,21.23642921447754,20.372142791748047,20.463571548461914,17.137624740600586,1030985200,0.0,0.0
2012-04-23,20.378929138183594,20.59535789489746,19.87928581237793,20.417856216430664,17.099328994750977,966529200,0.0,0.0
2012-04-24,20.09321403503418,20.274642944335938,19.821428298950195,20.010000228881836,16.757762908935547,1076149200,0.0,0.0
2012-04-25,21.98714256286621,22.071428298950195,21.64285659790039,21.78571319580078,18.244873046875,905777600,0.0,0.0
2012-04-26,21.938213348388672,21.953214645385742,21.504642486572266,21.703571319580078,18.17607879638672,536068400,0.0,0.0
2012-04-27,21.609643936157227,21.6492862701416,21.446428298950195,21.53571319580078,18.035505294799805,406722400,0.0,0.0
2012-04-30,21.350000381469727,21.371429443359375,20.821428298950195,20.856428146362305,17.466625213623047,506144800,0.0,0.0
2012-05-01,20.889286041259766,21.312856674194336,20.758214950561523,20.79035758972168,17.411298751831055,610999200,0.0,0.0
2012-05-02,20.722856521606445,20.97857093811035,20.67357063293457,20.9278564453125,17.52644157409668,427389200,0.0,0.0
2012-05-03,21.08928680419922,21.121429443359375,20.725000381469727,20.779285430908203,17.402021408081055,390549600,0.0,0.0
2012-05-04,20.610000610351562,20.65571403503418,20.184642791748047,20.1875,16.906415939331055,529992400,0.0,0.0
2012-05-07,20.053571701049805,20.456071853637695,20.043928146362305,20.338571548461914,17.032936096191406,460118400,0.0,0.0
2012-05-08,20.34214210510254,20.41071319580078,19.95464324951172,20.292142868041992,16.99405860900879,497252000,0.0,0.0
2012-05-09,20.132143020629883,20.499286651611328,20.030357360839844,20.327856063842773,17.023962020874023,480704000,0.0,0.0
2012-05-10,20.520713806152344,20.567142486572266,20.301429748535156,20.375713348388672,17.064041137695312,333200000,0.0,0.0
2012-05-11,20.178571701049805,20.516786575317383,20.155357360839844,20.239643096923828,16.95008087158203,399546000,0.0,0.0
2012-05-14,20.091785430908203,20.268213272094727,19.91428565979004,19.93642807006836,16.69615364074707,352626400,0.0,0.0
2012-05-15,20.051786422729492,20.114999771118164,19.70535659790039,19.756071090698242,16.545106887817383,476336000,0.0,0.0
2012-05-16,19.787500381469727,19.88892936706543,19.322856903076172,19.502857208251953,16.333059310913086,560896000,0.0,0.0
2012-05-17,19.475357055664062,19.553571701049805,18.932857513427734,18.932857513427734,15.855698585510254,717220000,0.0,0.0
2012-05-18,19.06999969482422,19.407499313354492,18.6492862701416,18.942142486572266,15.863470077514648,732292400,0.0,0.0
2012-05-21,19.08928680419922,20.05500030517578,19.073213577270508,20.045713424682617,16.787677764892578,631106000,0.0,0.0
2012-05-22,20.3410701751709,20.49571418762207,19.735000610351562,19.891786575317383,16.658771514892578,694870400,0.0,0.0
2012-05-23,19.91071319580078,20.457143783569336,19.758214950561523,20.37714385986328,17.065250396728516,584897600,0.0,0.0
2012-05-24,20.56678581237793,20.58928680419922,20.043928146362305,20.190000534057617,16.90851402282715,496230000,0.0,0.0
2012-05-25,20.163928985595703,20.20892906188965,19.945356369018555,20.081785202026367,16.81788444519043,328507200,0.0,0.0
2012-05-29,20.389286041259766,20.5,20.18964385986328,20.438213348388672,17.116382598876953,380508800,0.0,0.0
2012-05-30,20.328571319580078,20.71392822265625,20.234285354614258,20.684642791748047,17.322763442993164,529429600,0.0,0.0
2012-05-31,20.740713119506836,20.76785659790039,20.409286499023438,20.633214950561523,17.27968978881836,491674400,0.0,0.0
2012-06-01,20.3271427154541,20.451786041259766,20.018571853637695,20.035356521606445,16.77900505065918,520987600,0.0,0.0
2012-06-04,20.053571701049805,20.26785659790039,19.58928680419922,20.153213500976562,16.877702713012695,556995600,0.0,0.0
2012-06-05,20.04535675048828,20.23107147216797,19.940357208251953,20.101070404052734,16.83403778076172,388214400,0.0,0.0
2012-06-06,20.27750015258789,20.49464225769043,20.196428298950195,20.409286499023438,17.0921573638916,401455600,0.0,0.0
2012-06-07,20.61750030517578,20.61857032775879,20.375,20.41857147216797,17.099937438964844,379766800,0.0,0.0
2012-06-08,20.41428565979004,20.735000610351562,20.321428298950195,20.7257137298584,17.357154846191406,347516400,0.0,0.0
2012-06-11,20.989999771118164,21.01785659790039,20.379642486572266,20.398929595947266,17.083484649658203,591264800,0.0,0.0
2012-06-12,20.516429901123047,20.593570709228516,20.239286422729492,20.5771427154541,17.23273277282715,435380400,0.0,0.0
2012-06-13,20.518571853637695,20.65999984741211,20.37071418762207,20.43428611755371,17.113094329833984,293580000,0.0,0.0
2012-06-14,20.40142822265625,20.48214340209961,20.259286880493164,20.411785125732422,17.094257354736328,345573200,0.0,0.0
2012-06-15,20.39285659790039,20.52214241027832,20.3410701751709,20.504642486572266,17.172019958496094,335255200,0.0,0.0
2012-06-18,20.391429901123047,20.996070861816406,20.370357513427734,20.920713424682617,17.520458221435547,440412000,0.0,0.0
2012-06-19,20.83571434020996,21.071428298950195,20.825000762939453,20.97892951965332,17.56922149658203,361404400,0.0,0.0
2012-06-20,21.00749969482422,21.04464340209961,20.742856979370117,20.919286727905273,17.51927375793457,358943200,0.0,0.0
2012-06-21,20.908571243286133,21.007856369018555,20.62285614013672,20.631071090698242,17.277896881103516,326351200,0.0,0.0
2012-06-22,20.68000030517578,20.792499542236328,20.55071449279785,20.78928565979004,17.4103946685791,284471600,0.0,0.0
2012-06-25,20.617856979370117,20.707143783569336,20.370357513427734,20.3846435546875,17.071521759033203,304382400,0.0,0.0
2012-06-26,20.40464210510254,20.517499923706055,20.26178550720215,20.429643630981445,17.109207153320312,276536400,0.0,0.0
2012-06-27,20.53571319580078,20.597856521606445,20.42571449279785,20.51785659790039,17.183074951171875,202997200,0.0,0.0
2012-06-28,20.416786193847656,20.5,20.20035743713379,20.323213577270508,17.020076751708984,282836400,0.0,0.0
2012-06-29,20.64285659790039,20.85714340209961,20.508928298950195,20.85714340209961,17.46722412109375,421500800,0.0,0.0
2012-07-02,20.883214950561523,21.195356369018555,20.842857360839844,21.161428451538086,17.72205352783203,400092000,0.0,0.0
2012-07-03,21.24571418762207,21.428571701049805,21.21428680419922,21.407499313354492,17.928136825561523,241712800,0.0,0.0
2012-07-05,21.448570251464844,21.94071388244629,21.41607093811035,21.783571243286133,18.24308204650879,484383200,0.0,0.0
2012-07-06,21.681785583496094,21.729999542236328,21.485000610351562,21.63857078552246,18.121641159057617,418930400,0.0,0.0
2012-07-09,21.617856979370117,21.924999237060547,21.57535743713379,21.92464256286621,18.361215591430664,379405600,0.0,0.0
2012-07-10,22.070356369018555,22.138214111328125,21.618213653564453,21.721786499023438,18.191341400146484,511957600,0.0,0.0
2012-07-11,21.64714241027832,21.7021427154541,21.329286575317383,21.5867862701416,18.07827377319336,469322000,0.0,0.0
2012-07-12,21.437143325805664,21.552499771118164,21.167142868041992,21.389286041259766,17.912874221801758,428041600,0.0,0.0
2012-07-13,21.5339298248291,21.68535614013672,21.428571701049805,21.60607147216797,18.09442710876465,311427200,0.0,0.0
2012-07-16,21.61142921447754,21.843570709228516,21.60785675048828,21.675357818603516,18.152454376220703,301260400,0.0,0.0
2012-07-17,21.813928604125977,21.83928680419922,21.54107093811035,21.676429748535156,18.153352737426758,293624800,0.0,0.0
2012-07-18,21.663928985595703,21.726428985595703,21.555713653564453,21.652143478393555,18.133014678955078,252700000,0.0,0.0
2012-07-19,21.83142852783203,21.97678565979004,21.64285659790039,21.940000534057617,18.37409019470215,436861600,0.0,0.0
2012-07-20,21.89392852783203,21.944286346435547,21.560714721679688,21.582143783569336,18.07439613342285,397471200,0.0,0.0
2012-07-23,21.22857093811035,21.639286041259766,20.989643096923828,21.565357208251953,18.060331344604492,487975600,0.0,0.0
2012-07-24,21.692142486572266,21.7742862701416,21.375356674194336,21.461429595947266,17.97329330444336,565132400,0.0,0.0
2012-07-25,20.516429901123047,20.742856979370117,20.35714340209961,20.534643173217773,17.197141647338867,877312800,0.0,0.0
2012-07-26,20.705713272094727,20.72857093811035,20.3700008392334,20.531429290771484,17.194446563720703,406632800,0.0,0.0
2012-07-27,20.53607177734375,20.922500610351562,20.413928985595703,20.898571014404297,17.501924514770508,403936400,0.0,0.0
2012-07-30,21.104286193847656,21.408571243286133,20.99357032775879,21.25107192993164,17.79712677001953,379142400,0.0,0.0
2012-07-31,21.543928146362305,21.8464298248291,21.525714874267578,21.812856674194336,18.26759910583496,462327600,0.0,0.0
2012-08-01,21.99678611755371,22.014286041259766,21.53571319580078,21.671785354614258,18.14946174621582,384501600,0.0,0.0
2012-08-02,21.530000686645508,21.81035614013672,21.4375,21.706785202026367,18.17877197265625,332158400,0.0,0.0
2012-08-03,21.91535758972168,22.070714950561523,21.841428756713867,21.989286422729492,18.415361404418945,344920800,0.0,0.0
2012-08-06,22.046070098876953,22.31678581237793,21.97357177734375,22.233928680419922,18.6202392578125,302103200,0.0,0.0
2012-08-07,22.241785049438477,22.321428298950195,22.072856903076172,22.175357818603516,18.57119369506836,290446800,0.0,0.0
2012-08-08,22.121070861816406,22.281429290771484,22.03928565979004,22.13785743713379,18.539783477783203,244706000,0.0,0.0
2012-08-09,22.066070556640625,22.20464324951172,22.064285278320312,22.168928146362305,18.645517349243164,221642400,0.094643,0.0
2012-08-10,22.096786499023438,22.205713272094727,22.0964298248291,22.203571319580078,18.67464828491211,194938800,0.0,0.0
2012-08-13,22.26392936706543,22.5,22.258928298950195,22.5,18.923974990844727,278832400,0.0,0.0
2012-08-14,22.56678581237793,22.8075008392334,22.50749969482422,22.56035614013672,18.974733352661133,340169200,0.0,0.0
2012-08-15,22.546428680419922,22.64285659790039,22.41964340209961,22.52964210510254,18.948894500732422,257342400,0.0,0.0
2012-08-16,22.543214797973633,22.74142837524414,22.51785659790039,22.726428985595703,19.114412307739258,254534000,0.0,0.0
2012-08-17,22.85714340209961,23.149642944335938,22.81464385986328,23.146785736083984,19.46795654296875,442761200,0.0,0.0
2012-08-20,23.214643478393555,23.75535774230957,23.21071434020996,23.75535774230957,19.97981071472168,613384800,0.0,0.0
2012-08-21,23.957857131958008,24.10285758972168,23.226070404052734,23.430713653564453,19.70676040649414,812719600,0.0,0.0
2012-08-22,23.372142791748047,23.89285659790039,23.146785736083984,23.888214111328125,20.09154510498047,565322800,0.0,0.0
2012-08-23,23.789642333984375,23.924999237060547,23.612499237060547,23.66535758972168,19.904111862182617,420128800,0.0,0.0
2012-08-24,23.55392837524414,23.90999984741211,23.412500381469727,23.68642807006836,19.921831130981445,437340400,0.0,0.0
2012-08-27,24.285356521606445,24.31678581237793,24.05500030517578,24.13142967224121,20.29610824584961,427008400,0.0,0.0
2012-08-28,24.106428146362305,24.14642906188965,23.952499389648438,24.100000381469727,20.26967430114746,267416800,0.0,0.0
2012-08-29,24.116071701049805,24.202499389648438,24.02142906188965,24.052499771118164,20.22972297668457,202806800,0.0,0.0
2012-08-30,23.95142936706543,23.983928680419922,23.673213958740234,23.70964241027832,19.941356658935547,302699600,0.0,0.0
2012-08-31,23.83035659790039,23.878570556640625,23.47321319580078,23.75857162475586,19.982515335083008,338321200,0.0,0.0
2012-09-04,23.777143478393555,24.11214256286621,23.73214340209961,24.10607147216797,20.2747859954834,367892000,0.0,0.0
2012-09-05,24.127500534057617,24.155357360839844,23.91428565979004,23.936786651611328,20.132404327392578,336375200,0.0,0.0
2012-09-06,24.041786193847656,24.22464370727539,23.957143783569336,24.15250015258789,20.313831329345703,391196400,0.0,0.0
2012-09-07,24.2160701751709,24.374286651611328,24.1346435546875,24.301429748535156,20.43909454345703,329666400,0.0,0.0
2012-09-10,24.301786422729492,24.403213500976562,23.64642906188965,23.669286727905273,19.90741539001465,487998000,0.0,0.0
2012-09-11,23.753929138183594,23.93214225769043,23.446428298950195,23.592500686645508,19.842830657958984,503983200,0.0,0.0
2012-09-12,23.816070556640625,23.924999237060547,23.428571701049805,23.921070098876953,20.119186401367188,712233200,0.0,0.0
2012-09-13,24.19178581237793,24.48214340209961,24.098928451538086,24.39214324951172,20.515382766723633,598360000,0.0,0.0
2012-09-14,24.641429901123047,24.89214324951172,24.5674991607666,24.68857192993164,20.76470184326172,600474000,0.0,0.0
2012-09-17,24.97678565979004,24.992856979370117,24.8075008392334,24.992143630981445,21.02002716064453,398031200,0.0,0.0
2012-09-18,24.99571418762207,25.083213806152344,24.872142791748047,25.068214416503906,21.08400535583496,373503200,0.0,0.0
2012-09-19,25.009286880493164,25.142499923706055,24.984643936157227,25.075000762939453,21.089710235595703,326874800,0.0,0.0
2012-09-20,24.969999313354492,25.00214385986328,24.77214241027832,24.953571319580078,20.987581253051758,336568400,0.0,0.0
2012-09-21,25.086071014404297,25.18107032775879,24.977142333984375,25.00321388244629,21.029335021972656,571589200,0.0,0.0
2012-09-24,24.53071403503418,24.825714111328125,24.39285659790039,24.671070098876953,20.749980926513672,639766400,0.0,0.0
2012-09-25,24.580713272094727,24.742143630981445,24.03571319580078,24.05500030517578,20.231830596923828,518789600,0.0,0.0
2012-09-26,23.88357162475586,24.024642944335938,23.614286422729492,23.75642967224121,19.980714797973633,576503200,0.0,0.0
2012-09-27,23.72464370727539,24.36321449279785,23.58392906188965,24.332857131958008,20.46551513671875,594090000,0.0,0.0
2012-09-28,24.241071701049805,24.32535743713379,23.8125,23.825000762939453,20.03838348388672,535110800,0.0,0.0
2012-10-01,23.969999313354492,24.16964340209961,23.446428298950195,23.54964256286621,19.806787490844727,543594800,0.0,0.0
2012-10-02,23.636070251464844,23.798213958740234,23.237499237060547,23.618213653564453,19.86445426940918,627992400,0.0,0.0
2012-10-03,23.7450008392334,23.9950008392334,23.66535758972168,23.980356216430664,20.16904640197754,424281200,0.0,0.0
2012-10-04,23.97321319580078,24.08035659790039,23.769643783569336,23.814285278320312,20.02937126159668,370725600,0.0,0.0
2012-10-05,23.757143020629883,23.78571319580078,23.260000228881836,23.306785583496094,19.60252571105957,594006000,0.0,0.0
2012-10-08,23.10285758972168,23.12714385986328,22.71821403503418,22.791786193847656,19.169384002685547,637994000,0.0,0.0
2012-10-09,22.808929443359375,22.874643325805664,22.269643783569336,22.70892906188965,19.099695205688477,838597200,0.0,0.0
2012-10-10,22.847856521606445,23.03499984741211,22.75,22.8896427154541,19.251684188842773,510356000,0.0,0.0
2012-10-11,23.08928680419922,23.114286422729492,22.43214225769043,22.43214225769043,18.866897583007812,546081200,0.0,0.0
2012-10-12,22.484285354614258,22.692142486572266,22.332143783569336,22.489643096923828,18.915260314941406,460014800,0.0,0.0
2012-10-15,22.58392906188965,22.68321418762207,22.280357360839844,22.670000076293945,19.066944122314453,432502000,0.0,0.0
2012-10-16,22.69178581237793,23.225000381469727,22.53571319580078,23.206785202026367,19.5184268951416,549771600,0.0,0.0
2012-10-17,23.17392921447754,23.313928604125977,23.0,23.021785736083984,19.362821578979492,389037600,0.0,0.0
2012-10-18,22.842500686645508,22.930713653564453,22.5,22.59428596496582,19.00327491760254,476624400,0.0,0.0
2012-10-19,22.537500381469727,22.563213348388672,21.77214241027832,21.780000686645508,18.318403244018555,744086000,0.0,0.0
2012-10-22,21.872142791748047,22.692142486572266,21.812856674194336,22.64392852783203,19.045028686523438,546730800,0.0,0.0
2012-10-23,22.53571319580078,22.639286041259766,21.8464298248291,21.90571403503418,18.424129486083984,707145600,0.0,0.0
2012-10-24,22.194286346435547,22.376785278320312,21.808570861816406,22.02964210510254,18.528366088867188,558527200,0.0,0.0
2012-10-25,22.14285659790039,22.21428680419922,21.626785278320312,21.769285202026367,18.309389114379883,656325600,0.0,0.0
2012-10-26,21.765356063842773,21.928571701049805,21.10714340209961,21.571428298950195,18.142980575561523,1018432800,0.0,0.0
2012-10-31,21.24571418762207,21.498571395874023,20.989286422729492,21.261428833007812,17.882246017456055,510003200,0.0,0.0
2012-11-01,21.364999771118164,21.53571319580078,21.22035789489746,21.30500030517578,17.918901443481445,361298000,0.0,0.0
2012-11-02,21.28178596496582,21.319643020629883,20.52678680419922,20.600000381469727,17.325939178466797,599373600,0.0,0.0
2012-11-05,20.84000015258789,20.991785049438477,20.628570556640625,20.87928581237793,17.560834884643555,529135600,0.0,0.0
2012-11-06,21.07964324951172,21.097856521606445,20.717500686645508,20.816070556640625,17.507673263549805,374917200,0.0,0.0
2012-11-07,20.494285583496094,20.519285202026367,19.84821319580078,19.928571701049805,16.83778190612793,793648800,0.094643,0.0
2012-11-08,20.022499084472656,20.07964324951172,19.11750030517578,19.20535659790039,16.226736068725586,1056146000,0.0,0.0
2012-11-09,19.30071449279785,19.817142486572266,19.06142807006836,19.537857055664062,16.507661819458008,929913600,0.0,0.0
2012-11-12,19.79107093811035,19.803571701049805,19.237499237060547,19.38678550720215,16.380027770996094,515802000,0.0,0.0
2012-11-13,19.24678611755371,19.65999984741211,19.15571403503418,19.389286041259766,16.38214111328125,532949200,0.0,0.0
2012-11-14,19.48214340209961,19.551786422729492,19.1492862701416,19.174285888671875,16.200485229492188,477170400,0.0,0.0
2012-11-15,19.197500228881836,19.26785659790039,18.665000915527344,18.77214241027832,15.860719680786133,789910800,0.0,0.0
2012-11-16,18.757143020629883,18.928571701049805,18.0625,18.845714569091797,15.922869682312012,1266893600,0.0,0.0
2012-11-19,19.311071395874023,20.26785659790039,19.281429290771484,20.20464324951172,17.071041107177734,823317600,0.0,0.0
2012-11-20,20.425357818603516,20.426786422729492,19.806428909301758,20.032499313354492,16.925594329833984,642754000,0.0,0.0
2012-11-21,20.15178680419922,20.263214111328125,19.878570556640625,20.060714721679688,16.949434280395508,373002000,0.0,0.0
2012-11-23,20.256071090698242,20.428571701049805,20.092857360839844,20.41071319580078,17.245145797729492,272826400,0.0,0.0
2012-11-26,20.56785774230957,21.071428298950195,20.489643096923828,21.054643630981445,17.789209365844727,630579600,0.0,0.0
2012-11-27,21.055356979370117,21.086429595947266,20.717857360839844,20.885000228881836,17.64588165283203,533330000,0.0,0.0
2012-11-28,20.616785049438477,20.921428680419922,20.437856674194336,20.819286346435547,17.590360641479492,520864400,0.0,0.0
2012-11-29,21.079286575317383,21.22321319580078,20.90178680419922,21.04857063293457,17.784090042114258,514698800,0.0,0.0
2012-11-30,20.956785202026367,21.014286041259766,20.809999465942383,20.902856826782227,17.660964965820312,391319600,0.0,0.0
2012-12-03,21.201786041259766,21.2353572845459,20.91071319580078,20.93535614013672,17.68842887878418,364280000,0.0,0.0
2012-12-04,20.7785701751709,20.7785701751709,20.43321418762207,20.566070556640625,17.37640953063965,557068400,0.0,0.0
2012-12-05,20.318214416503906,20.33035659790039,19.241785049438477,19.24250030517578,16.258119583129883,1044638000,0.0,0.0
2012-12-06,18.890714645385742,19.761070251464844,18.522499084472656,19.544286727905273,16.513103485107422,1177212400,0.0,0.0
2012-12-07,19.764286041259766,19.828571319580078,18.928571701049805,19.04464340209961,16.090946197509766,787040800,0.0,0.0
2012-12-10,18.75,19.232500076293945,18.627857208251953,18.922143936157227,15.987446784973145,630484400,0.0,0.0
2012-12-11,19.27750015258789,19.62714385986328,19.19178581237793,19.335357666015625,16.336578369140625,592345600,0.0,0.0
2012-12-12,19.563213348388672,19.571428298950195,19.15250015258789,19.25,16.26445770263672,487144000,0.0,0.0
2012-12-13,18.969642639160156,19.20142936706543,18.7785701751709,18.917499542236328,15.98352336883545,625259600,0.0,0.0
2012-12-14,18.383928298950195,18.504642486572266,18.056428909301758,18.206785202026367,15.383034706115723,1009579200,0.0,0.0
2012-12-17,18.176071166992188,18.571428298950195,17.901071548461914,18.52964210510254,15.65582275390625,757607200,0.0,0.0
2012-12-18,18.75,19.10357093811035,18.58035659790039,19.06785774230957,16.110567092895508,625685200,0.0,0.0
2012-12-19,18.98107147216797,19.060714721679688,18.76785659790039,18.796785354614258,15.881529808044434,449369200,0.0,0.0
2012-12-20,18.928571701049805,18.935714721679688,18.531429290771484,18.633214950561523,15.743330001831055,481689600,0.0,0.0
2012-12-21,18.302499771118164,18.559642791748047,18.222856521606445,18.547500610351562,15.670912742614746,596268400,0.0,0.0
2012-12-24,18.58392906188965,18.72321319580078,18.52535629272461,18.577499389648438,15.696257591247559,175753200,0.0,0.0
2012-12-26,18.53571319580078,18.552143096923828,18.25428581237793,18.321428298950195,15.47990608215332,302436400,0.0,0.0
2012-12-27,18.340713500976562,18.4375,18.023571014404297,18.395000457763672,15.542061805725098,455120400,0.0,0.0
2012-12-28,18.22464370727539,18.374286651611328,18.14714241027832,18.199642181396484,15.376999855041504,354278400,0.0,0.0
2012-12-31,18.233213424682617,19.121429443359375,18.178571701049805,19.006071090698242,16.0583553314209,659492400,0.0,0.0
2013-01-02,19.779285430908203,19.821428298950195,19.343929290771484,19.608213424682617,16.567108154296875,560518000,0.0,0.0
2013-01-03,19.567142486572266,19.631071090698242,19.321428298950195,19.360713958740234,16.35799789428711,352965200,0.0,0.0
2013-01-04,19.177499771118164,19.236785888671875,18.77964210510254,18.821428298950195,15.902350425720215,594333600,0.0,0.0
2013-01-07,18.64285659790039,18.9035701751709,18.399999618530273,18.71071434020996,15.80881118774414,484156400,0.0,0.0
2013-01-08,18.90035629272461,18.996070861816406,18.616071701049805,18.761070251464844,15.851353645324707,458707200,0.0,0.0
2013-01-09,18.66071319580078,18.750356674194336,18.428213119506836,18.467857360839844,15.603626251220703,407604400,0.0,0.0
2013-01-10,18.876785278320312,18.882856369018555,18.411428451538086,18.696786880493164,15.797045707702637,601146000,0.0,0.0
2013-01-11,18.60714340209961,18.761428833007812,18.536428451538086,18.582143783569336,15.700178146362305,350506800,0.0,0.0
2013-01-14,17.952856063842773,18.125,17.80392837524414,17.91964340209961,15.140429496765137,734207600,0.0,0.0
2013-01-15,17.796428680419922,17.82107162475586,17.26357078552246,17.354286193847656,14.66275405883789,876772400,0.0,0.0
2013-01-16,17.665714263916016,18.194286346435547,17.58928680419922,18.074642181396484,15.271391868591309,690804800,0.0,0.0
2013-01-17,18.225357055664062,18.241071701049805,17.929643630981445,17.952856063842773,15.168492317199707,453678400,0.0,0.0
2013-01-18,17.804285049438477,17.93642807006836,17.72857093811035,17.85714340209961,15.087618827819824,472922800,0.0,0.0
2013-01-22,18.020000457763672,18.13857078552246,17.736785888671875,18.02750015258789,15.231558799743652,461546400,0.0,0.0
2013-01-23,18.171785354614258,18.392499923706055,18.02750015258789,18.357500076293945,15.510375022888184,861509600,0.0,0.0
2013-01-24,16.428571701049805,16.633214950561523,16.08035659790039,16.08928680419922,13.593948364257812,1460852400,0.0,0.0
2013-01-25,16.131786346435547,16.293928146362305,15.535714149475098,15.710000038146973,13.27348804473877,1208026400,0.0,0.0
2013-01-28,15.636786460876465,16.186071395874023,15.566429138183594,16.065357208251953,13.573729515075684,785517600,0.0,0.0
2013-01-29,16.375,16.435714721679688,16.14714241027832,16.366785049438477,13.828409194946289,571158000,0.0,0.0
2013-01-30,16.321428298950195,16.52142906188965,16.23214340209961,16.315357208251953,13.784955024719238,417155200,0.0,0.0
2013-01-31,16.320714950561523,16.402856826782227,16.249286651611328,16.267499923706055,13.744524955749512,319334400,0.0,0.0
2013-02-01,16.396785736083984,16.40999984741211,16.012500762939453,16.200714111328125,13.688093185424805,539484400,0.0,0.0
2013-02-04,16.211071014404297,16.283571243286133,15.785714149475098,15.79714298248291,13.347115516662598,477117200,0.0,0.0
2013-02-05,15.858928680419922,16.419286727905273,15.793571472167969,16.351428985595703,13.815433502197266,573347600,0.0,0.0
2013-02-06,16.302499771118164,16.66071319580078,16.163570404052734,16.33392906188965,13.800646781921387,593706400,0.0,0.0
2013-02-07,16.54464340209961,16.78571319580078,16.218570709228516,16.722143173217773,14.210996627807617,704580800,0.094643,0.0
2013-02-08,16.928571701049805,17.100357055664062,16.72321319580078,16.963571548461914,14.416170120239258,633158400,0.0,0.0
2013-02-11,17.01785659790039,17.319286346435547,16.90178680419922,17.140356063842773,14.566407203674316,517490400,0.0,0.0
2013-02-12,17.125356674194336,17.22785758972168,16.704999923706055,16.71071434020996,14.201284408569336,609053200,0.0,0.0
2013-02-13,16.686071395874023,16.915714263916016,16.54357147216797,16.67892837524414,14.174271583557129,475207600,0.0,0.0
2013-02-14,16.59000015258789,16.84428596496582,16.5721435546875,16.663928985595703,14.161524772644043,355275200,0.0,0.0
2013-02-15,16.74464225769043,16.79142951965332,16.42571449279785,16.43428611755371,13.966362953186035,391745200,0.0,0.0
2013-02-19,16.467857360839844,16.526071548461914,16.20892906188965,16.428213119506836,13.961206436157227,435783600,0.0,0.0
2013-02-20,16.346071243286133,16.346071243286133,16.0285701751709,16.030357360839844,13.623095512390137,476302400,0.0,0.0
2013-02-21,15.928570747375488,16.041786193847656,15.8149995803833,15.930713653564453,13.538415908813477,447182400,0.0,0.0
2013-02-22,16.04464340209961,16.128570556640625,15.949999809265137,16.100357055664062,13.68258285522461,330654800,0.0,0.0
2013-02-25,16.20892906188965,16.25428581237793,15.806071281433105,15.814286231994629,13.439470291137695,372579200,0.0,0.0
2013-02-26,15.850713729858398,16.126428604125977,15.630714416503906,16.034643173217773,13.626737594604492,501499600,0.0,0.0
2013-02-27,16.015356063842773,16.158571243286133,15.737500190734863,15.8774995803833,13.493189811706543,587350400,0.0,0.0
2013-02-28,15.858928680419922,15.995356559753418,15.764286041259766,15.764286041259766,13.396980285644531,322515200,0.0,0.0
2013-03-01,15.64285659790039,15.649286270141602,15.356429100036621,15.373929023742676,13.065240859985352,552448400,0.0,0.0
2013-03-04,15.278571128845215,15.29285717010498,14.964285850524902,15.001786231994629,12.748982429504395,582755600,0.0,0.0
2013-03-05,15.052857398986816,15.542499542236328,15.026785850524902,15.397856712341309,13.085576057434082,638433600,0.0,0.0
2013-03-06,15.518214225769043,15.54464340209961,15.15821361541748,15.202142715454102,12.919252395629883,460250000,0.0,0.0
2013-03-07,15.160714149475098,15.428929328918457,15.037857055664062,15.377857208251953,13.06857967376709,468473600,0.0,0.0
2013-03-08,15.350000381469727,15.551071166992188,15.307499885559082,15.418571472167969,13.103178977966309,391482000,0.0,0.0
2013-03-11,15.348214149475098,15.678929328918457,15.183570861816406,15.638214111328125,13.289841651916504,474236000,0.0,0.0
2013-03-12,15.557143211364746,15.674285888671875,15.270357131958008,15.301071166992188,13.003323554992676,465911600,0.0,0.0
2013-03-13,15.301786422729492,15.51785659790039,15.191429138183594,15.298213958740234,13.000897407531738,405549200,0.0,0.0
2013-03-14,15.458213806152344,15.522856712341309,15.373213768005371,15.446429252624512,13.126856803894043,303875600,0.0,0.0
2013-03-15,15.64035701751709,15.865357398986816,15.616070747375488,15.845000267028809,13.46557331085205,643960800,0.0,0.0
2013-03-18,15.766071319580078,16.33785629272461,15.757143020629883,16.275714874267578,13.831607818603516,606197200,0.0,0.0
2013-03-19,16.41071319580078,16.463214874267578,16.01785659790039,16.231786727905273,13.79427719116211,526775200,0.0,0.0
2013-03-20,16.336429595947266,16.343929290771484,16.056785583496094,16.145713806152344,13.7211275100708,308660800,0.0,0.0
2013-03-21,16.079286575317383,16.356428146362305,16.075000762939453,16.168928146362305,13.740856170654297,383255600,0.0,0.0
2013-03-22,16.235000610351562,16.503570556640625,16.1825008392334,16.49678611755371,14.019476890563965,395105200,0.0,0.0
2013-03-25,16.596071243286133,16.7839298248291,16.492143630981445,16.556428909301758,14.070169448852539,501135600,0.0,0.0
2013-03-26,16.62285614013672,16.637142181396484,16.447500228881836,16.46928596496582,13.996109962463379,294294000,0.0,0.0
2013-03-27,16.302143096923828,16.314285278320312,16.09749984741211,16.145713806152344,13.7211275100708,331237200,0.0,0.0
2013-03-28,16.065000534057617,16.136428833007812,15.772143363952637,15.809286117553711,13.435222625732422,442839600,0.0,0.0
2013-04-01,15.782142639160156,15.846428871154785,15.276429176330566,15.318214416503906,13.017891883850098,389732000,0.0,0.0
2013-04-02,15.271429061889648,15.647856712341309,15.228570938110352,15.349642753601074,13.044602394104004,529519200,0.0,0.0
2013-04-03,15.406070709228516,15.617142677307129,15.368213653564453,15.428214073181152,13.111373901367188,363216000,0.0,0.0
2013-04-04,15.491429328918457,15.535714149475098,15.1875,15.275713920593262,12.981775283813477,358447600,0.0,0.0
2013-04-05,15.160714149475098,15.176786422729492,14.988571166992188,15.114286422729492,12.844589233398438,383695200,0.0,0.0
2013-04-08,15.173213958740234,15.26785659790039,15.088929176330566,15.221785545349121,12.935941696166992,300829200,0.0,0.0
2013-04-09,15.227143287658691,15.303570747375488,15.098214149475098,15.249285697937012,12.95931339263916,306614000,0.0,0.0
2013-04-10,15.289285659790039,15.609286308288574,15.214642524719238,15.560357093811035,13.223672866821289,375928000,0.0,0.0
2013-04-11,15.489999771118164,15.642499923706055,15.399999618530273,15.511786460876465,13.182392120361328,328364400,0.0,0.0
2013-04-12,15.505356788635254,15.505356788635254,15.3246431350708,15.350000381469727,13.044904708862305,238613200,0.0,0.0
2013-04-15,15.25,15.28178596496582,14.983928680419922,14.994643211364746,12.74290943145752,317520000,0.0,0.0
2013-04-16,15.056071281433105,15.23607063293457,15.020357131958008,15.222857475280762,12.936851501464844,305771200,0.0,0.0
2013-04-17,15.009642601013184,15.021429061889648,14.21821403503418,14.385713577270508,12.225424766540527,945056000,0.0,0.0
2013-04-18,14.463929176330566,14.492500305175781,13.919285774230957,14.001786231994629,11.899150848388672,666299200,0.0,0.0
2013-04-19,13.856071472167969,14.271429061889648,13.753570556640625,13.947500228881836,11.853017807006836,609274400,0.0,0.0
2013-04-22,14.022856712341309,14.364286422729492,13.973929405212402,14.238213539123535,12.100075721740723,429920400,0.0,0.0
2013-04-23,14.428214073181152,14.585000038146973,14.243213653564453,14.504643440246582,12.326494216918945,664238400,0.0,0.0
2013-04-24,14.055000305175781,14.83035659790039,14.01785659790039,14.480713844299316,12.306159019470215,969651200,0.0,0.0
2013-04-25,14.686785697937012,14.783571243286133,14.535714149475098,14.585000038146973,12.39478588104248,384837600,0.0,0.0
2013-04-26,14.63607120513916,14.956070899963379,14.58035659790039,14.899999618530273,12.662480354309082,764097600,0.0,0.0
2013-04-29,15.016071319580078,15.486429214477539,15.0,15.361429214477539,13.05461597442627,640326400,0.0,0.0
2013-04-30,15.539285659790039,15.901785850524902,15.431071281433105,15.813570976257324,13.438861846923828,691538400,0.0,0.0
2013-05-01,15.873571395874023,15.89035701751709,15.51392936706543,15.688928604125977,13.33293628692627,506909200,0.0,0.0
2013-05-02,15.777856826782227,16.02107048034668,15.736785888671875,15.911429405212402,13.522022247314453,421828400,0.0,0.0
2013-05-03,16.118213653564453,16.186786651611328,16.04107093811035,16.070714950561523,13.657390594482422,361300800,0.0,0.0
2013-05-06,16.27535629272461,16.507143020629883,16.225357055664062,16.453929901123047,13.983061790466309,496641600,0.0,0.0
2013-05-07,16.60607147216797,16.633928298950195,16.203571319580078,16.380714416503906,13.920839309692383,483753200,0.0,0.0
2013-05-08,16.394285202026367,16.620357513427734,16.278928756713867,16.56571388244629,14.078056335449219,472598000,0.0,0.0
2013-05-09,16.421785354614258,16.53571319580078,16.270713806152344,16.313213348388672,13.955239295959473,398487600,0.108929,0.0
2013-05-10,16.35607147216797,16.418214797973633,16.088571548461914,16.177499771118164,13.839141845703125,334852000,0.0,0.0
2013-05-13,16.125356674194336,16.35357093811035,16.125,16.240713119506836,13.893218994140625,316948800,0.0,0.0
2013-05-14,16.20892906188965,16.257143020629883,15.791070938110352,15.852143287658691,13.560811996459961,447118000,0.0,0.0
2013-05-15,15.684286117553711,15.75,15.084285736083984,15.316070556640625,13.102227210998535,741613600,0.0,0.0
2013-05-16,15.115714073181152,15.637499809265137,14.960714340209961,15.520713806152344,13.277291297912598,603204000,0.0,0.0
2013-05-17,15.680356979370117,15.717499732971191,15.393214225769043,15.473570823669434,13.236959457397461,427904400,0.0,0.0
2013-05-20,15.4253568649292,15.921428680419922,15.360713958740234,15.818928718566895,13.53239631652832,451578400,0.0,0.0
2013-05-21,15.648214340209961,15.90999984741211,15.507143020629883,15.702142715454102,13.432494163513184,456022000,0.0,0.0
2013-05-22,15.858928680419922,16.012500762939453,15.650713920593262,15.762499809265137,13.484127044677734,443038400,0.0,0.0
2013-05-23,15.569643020629883,15.934286117553711,15.563928604125977,15.790714263916016,13.508265495300293,353021200,0.0,0.0
2013-05-24,15.744643211364746,15.916428565979004,15.727143287658691,15.898214340209961,13.60022258758545,276166800,0.0,0.0
2013-05-28,16.06785774230957,16.11107063293457,15.744643211364746,15.765713691711426,13.486879348754883,386145200,0.0,0.0
2013-05-29,15.714285850524902,15.98214340209961,15.692856788635254,15.891071319580078,13.594114303588867,330576400,0.0,0.0
2013-05-30,15.916070938110352,16.23214340209961,15.875356674194336,16.127857208251953,13.796674728393555,353519600,0.0,0.0
2013-05-31,16.16071319580078,16.325000762939453,16.053571701049805,16.061786651611328,13.740156173706055,384302800,0.0,0.0
2013-06-03,16.09749984741211,16.15571403503418,15.802857398986816,16.097143173217773,13.770398139953613,372352400,0.0,0.0
2013-06-04,16.18642807006836,16.229642868041992,15.978214263916016,16.046785354614258,13.727317810058594,292728800,0.0,0.0
2013-06-05,15.916070938110352,16.097143173217773,15.846785545349121,15.896785736083984,13.599003791809082,290589600,0.0,0.0
2013-06-06,15.909643173217773,15.964285850524902,15.501786231994629,15.659285545349121,13.395833969116211,416934000,0.0,0.0
2013-06-07,15.589285850524902,15.829999923706055,15.456070899963379,15.778928756713867,13.498178482055664,404535600,0.0,0.0
2013-06-10,15.883213996887207,16.038570404052734,15.600000381469727,15.674642562866211,13.408968925476074,450153200,0.0,0.0
2013-06-11,15.562143325805664,15.812856674194336,15.475713729858398,15.628570556640625,13.369555473327637,286112400,0.0,0.0
2013-06-12,15.696429252624512,15.758929252624512,15.410714149475098,15.435357093811035,13.204269409179688,265227200,0.0,0.0
2013-06-13,15.446429252624512,15.612142562866211,15.3125,15.569999694824219,13.319451332092285,285832400,0.0,0.0
2013-06-14,15.550000190734863,15.581786155700684,15.303570747375488,15.358928680419922,13.13888931274414,271866000,0.0,0.0
2013-06-17,15.408571243286133,15.560713768005371,15.369999885559082,15.428570747375488,13.198466300964355,259414400,0.0,0.0
2013-06-18,15.412857055664062,15.532142639160156,15.364643096923828,15.420356750488281,13.191438674926758,195025600,0.0,0.0
2013-06-19,15.407142639160156,15.416428565979004,15.10714340209961,15.10714340209961,12.923497200012207,310940000,0.0,0.0
2013-06-20,14.975000381469727,15.213570594787598,14.827500343322754,14.8871431350708,12.735298156738281,357310800,0.0,0.0
2013-06-21,14.946070671081543,15.0,14.574999809265137,14.76785659790039,12.63325023651123,481118400,0.0,0.0
2013-06-24,14.550000190734863,14.595000267028809,14.216071128845215,14.376428604125977,12.298404693603516,480746000,0.0,0.0
2013-06-25,14.489286422729492,14.563928604125977,14.243928909301758,14.379643440246582,12.30115795135498,314162800,0.0,0.0
2013-06-26,14.425000190734863,14.456786155700684,14.130714416503906,14.21678638458252,12.161834716796875,367724000,0.0,0.0
2013-06-27,14.258929252624512,14.335356712341309,14.055000305175781,14.063570976257324,12.030769348144531,337246000,0.0,0.0
2013-06-28,13.977143287658691,14.295356750488281,13.888214111328125,14.161786079406738,12.114784240722656,578516400,0.0,0.0
2013-07-01,14.381786346435547,14.723929405212402,14.329285621643066,14.614999771118164,12.50249195098877,391053600,0.0,0.0
2013-07-02,14.64142894744873,15.05821418762207,14.623929023742676,14.946070671081543,12.785709381103516,469865200,0.0,0.0
2013-07-03,15.03071403503418,15.106429100036621,14.908928871154785,15.028571128845215,12.856287002563477,240928800,0.0,0.0
2013-07-05,15.01392936706543,15.117500305175781,14.833929061889648,14.907856941223145,12.753020286560059,274024800,0.0,0.0
2013-07-08,15.003929138183594,15.035714149475098,14.666070938110352,14.823213577270508,12.680606842041016,298138400,0.0,0.0
2013-07-09,14.771429061889648,15.125,14.656429290771484,15.083929061889648,12.903636932373047,352584400,0.0,0.0
2013-07-10,14.985713958740234,15.171428680419922,14.9375,15.026070594787598,12.854146003723145,281405600,0.0,0.0
2013-07-11,15.10535717010498,15.29464340209961,15.041786193847656,15.260356903076172,13.054567337036133,326292400,0.0,0.0
2013-07-12,15.273214340209961,15.349642753601074,15.121786117553711,15.232500076293945,13.03073787689209,279563200,0.0,0.0
2013-07-15,15.178929328918457,15.409285545349121,15.171428680419922,15.265713691711426,13.059151649475098,241917200,0.0,0.0
2013-07-16,15.232856750488281,15.382499694824219,15.14892864227295,15.364286422729492,13.14346981048584,216538000,0.0,0.0
2013-07-17,15.346428871154785,15.436429023742676,15.293571472167969,15.368213653564453,13.146832466125488,198990400,0.0,0.0
2013-07-18,15.477856636047363,15.531070709228516,15.378929138183594,15.420000076293945,13.191130638122559,218878800,0.0,0.0
2013-07-19,15.467857360839844,15.499285697937012,15.155357360839844,15.176786422729492,12.983073234558105,268721600,0.0,0.0
2013-07-22,15.337857246398926,15.348214149475098,15.195357322692871,15.225357055664062,13.02462387084961,207796400,0.0,0.0
2013-07-23,15.214285850524902,15.248571395874023,14.95392894744873,14.963929176330566,12.800985336303711,369395600,0.0,0.0
2013-07-24,15.676071166992188,15.878213882446289,15.545000076293945,15.732500076293945,13.458464622497559,591936800,0.0,0.0
2013-07-25,15.739286422729492,15.764286041259766,15.564642906188965,15.660714149475098,13.397052764892578,229493600,0.0,0.0
2013-07-26,15.546428680419922,15.751428604125977,15.5121431350708,15.749643325805664,13.473129272460938,200152400,0.0,0.0
2013-07-29,15.742856979370117,16.07107162475586,15.721428871154785,15.992500305175781,13.68088436126709,248057600,0.0,0.0
2013-07-30,16.06999969482422,16.326786041259766,16.043928146362305,16.190000534057617,13.849835395812988,309422400,0.0,0.0
2013-07-31,16.249643325805664,16.33357048034668,16.051071166992188,16.161785125732422,13.82569694519043,322957600,0.0,0.0
2013-08-01,16.27678680419922,16.314285278320312,16.187856674194336,16.309999465942383,13.952491760253906,206250800,0.0,0.0
2013-08-02,16.357500076293945,16.530357360839844,16.30928611755371,16.519285202026367,14.131525039672852,274783600,0.0,0.0
2013-08-05,16.596071243286133,16.809642791748047,16.50535774230957,16.766071319580078,14.34264087677002,318855600,0.0,0.0
2013-08-06,16.71500015258789,16.853214263916016,16.506071090698242,16.616071701049805,14.214315414428711,334857600,0.0,0.0
2013-08-07,16.564285278320312,16.678571701049805,16.491785049438477,16.606428146362305,14.206068992614746,298858000,0.0,0.0
2013-08-08,16.566429138183594,16.575000762939453,16.355356216430664,16.464643478393555,14.177773475646973,255777200,0.108929,0.0
2013-08-09,16.3799991607666,16.44499969482422,16.201786041259766,16.230356216430664,13.976028442382812,266865200,0.0,0.0
2013-08-12,16.316429138183594,16.737499237060547,16.30821418762207,16.691429138183594,14.373063087463379,364434000,0.0,0.0
2013-08-13,16.819286346435547,17.66642951965332,16.7160701751709,17.484643936157227,15.056105613708496,881941200,0.0,0.0
2013-08-14,17.781429290771484,18.008928298950195,17.621429443359375,17.803571701049805,15.33073616027832,756372400,0.0,0.0
2013-08-15,17.729286193847656,17.94285774230957,17.46714210510254,17.782499313354492,15.312589645385742,490294000,0.0,0.0
2013-08-16,17.862499237060547,17.962142944335938,17.816429138183594,17.940357208251953,15.448519706726074,362306000,0.0,0.0
2013-08-19,18.012142181396484,18.347856521606445,18.0,18.13357162475586,15.614908218383789,510518400,0.0,0.0
2013-08-20,18.203929901123047,18.234643936157227,17.886428833007812,17.895357131958008,15.40977668762207,358688400,0.0,0.0
2013-08-21,17.9853572845459,18.112499237060547,17.899999618530273,17.941429138183594,15.449441909790039,335879600,0.0,0.0
2013-08-22,18.03499984741211,18.056785583496094,17.792856216430664,17.96285629272461,15.467896461486816,244207600,0.0,0.0
2013-08-23,17.973928451538086,17.97678565979004,17.83392906188965,17.893571853637695,15.408234596252441,222731600,0.0,0.0
2013-08-26,17.883928298950195,18.2214298248291,17.875,17.963214874267578,15.468201637268066,330965600,0.0,0.0
2013-08-27,17.78571319580078,17.946786880493164,17.367856979370117,17.449642181396484,15.02596378326416,424188800,0.0,0.0
2013-08-28,17.35714340209961,17.707143783569336,17.35714340209961,17.532142639160156,15.097009658813477,307608000,0.0,0.0
2013-08-29,17.558929443359375,17.73214340209961,17.54035758972168,17.560714721679688,15.12160587310791,239657600,0.0,0.0
2013-08-30,17.571428298950195,17.605356216430664,17.375,17.400714874267578,14.983827590942383,272297200,0.0,0.0
2013-09-03,17.610713958740234,17.878570556640625,17.405357360839844,17.44928550720215,15.025659561157227,331928800,0.0,0.0
2013-09-04,17.841428756713867,17.937143325805664,17.724285125732422,17.81035614013672,15.336578369140625,345032800,0.0,0.0
2013-09-05,17.866071701049805,17.88142967224121,17.6299991607666,17.688213348388672,15.231400489807129,236367600,0.0,0.0
2013-09-06,17.801429748535156,17.834999084472656,17.498214721679688,17.79357147216797,15.32211971282959,359525600,0.0,0.0
2013-09-09,18.03571319580078,18.139999389648438,17.981428146362305,18.077499389648438,15.566611289978027,340687200,0.0,0.0
2013-09-10,18.078571319580078,18.123214721679688,17.48214340209961,17.665714263916016,15.212019920349121,743195600,0.0,0.0
2013-09-11,16.67892837524414,16.917499542236328,16.600357055664062,16.703929901123047,14.38382625579834,898696400,0.0,0.0
2013-09-12,16.73214340209961,16.97857093811035,16.643213272094727,16.881786346435547,14.536982536315918,404051200,0.0,0.0
2013-09-13,16.762142181396484,16.851070404052734,16.5964298248291,16.60357093811035,14.297410011291504,298835600,0.0,0.0
2013-09-16,16.46428680419922,16.48607063293457,15.972143173217773,16.075714111328125,13.842872619628906,543706800,0.0,0.0
2013-09-17,15.998571395874023,16.418214797973633,15.98214340209961,16.261428833007812,14.002788543701172,399380800,0.0,0.0
2013-09-18,16.542142868041992,16.655357360839844,16.4521427154541,16.595714569091797,14.290642738342285,456862000,0.0,0.0
2013-09-19,16.810714721679688,16.993928909301758,16.758928298950195,16.867856979370117,14.52499008178711,404541200,0.0,0.0
2013-09-20,17.071428298950195,17.0910701751709,16.64285659790039,16.693214416503906,14.374604225158691,699302800,0.0,0.0
2013-09-23,17.717857360839844,17.74678611755371,17.235713958740234,17.522857666015625,15.08901309967041,762106800,0.0,0.0
2013-09-24,17.674285888671875,17.695356369018555,17.422143936157227,17.467857360839844,15.041648864746094,364344400,0.0,0.0
2013-09-25,17.4714298248291,17.48714256286621,17.19392967224121,17.197500228881836,14.808844566345215,316957200,0.0,0.0
2013-09-26,17.35714340209961,17.448570251464844,17.282142639160156,17.364999771118164,14.953079223632812,237221600,0.0,0.0
2013-09-27,17.277856826782227,17.309642791748047,17.16857147216797,17.241071701049805,14.846365928649902,228040400,0.0,0.0
2013-09-30,17.04464340209961,17.2021427154541,16.943214416503906,17.02678680419922,14.661840438842773,260156400,0.0,0.0
2013-10-01,17.087499618530273,17.46928596496582,17.084999084472656,17.427143096923828,15.006592750549316,353883600,0.0,0.0
2013-10-02,17.343929290771484,17.564285278320312,17.27678680419922,17.484285354614258,15.055795669555664,289184000,0.0,0.0
2013-10-03,17.518213272094727,17.58392906188965,17.169286727905273,17.2646427154541,14.86666488647461,322753200,0.0,0.0
2013-10-04,17.28071403503418,17.30714225769043,17.092857360839844,17.25107192993164,14.854974746704102,258868400,0.0,0.0
2013-10-07,17.37714385986328,17.594642639160156,17.33392906188965,17.41964340209961,15.00013256072998,312292400,0.0,0.0
2013-10-08,17.49785614013672,17.522857666015625,17.16214370727539,17.176429748535156,14.79069995880127,290917200,0.0,0.0
2013-10-09,17.308570861816406,17.421070098876953,17.08142852783203,17.37821388244629,14.964457511901855,301725200,0.0,0.0
2013-10-10,17.547143936157227,17.584999084472656,17.394285202026367,17.48714256286621,15.058247566223145,278602800,0.0,0.0
2013-10-11,17.392499923706055,17.637142181396484,17.3271427154541,17.600357055664062,15.155747413635254,267738800,0.0,0.0
2013-10-14,17.493928909301758,17.770713806152344,17.47678565979004,17.715713500976562,15.25507926940918,261898000,0.0,0.0
2013-10-15,17.768213272094727,17.928571701049805,17.6971435546875,17.809999465942383,15.336264610290527,320073600,0.0,0.0
2013-10-16,17.885356903076172,17.947500228881836,17.82964324951172,17.896785736083984,15.411003112792969,251101200,0.0,0.0
2013-10-17,17.856428146362305,18.027856826782227,17.845714569091797,18.01785659790039,15.515251159667969,253593200,0.0,0.0
2013-10-18,18.07107162475586,18.187856674194336,18.061071395874023,18.17464256286621,15.6502685546875,290542000,0.0,0.0
2013-10-21,18.27750015258789,18.725000381469727,18.268571853637695,18.6200008392334,16.033769607543945,398106800,0.0,0.0
2013-10-22,18.800357818603516,18.873214721679688,18.14392852783203,18.56678581237793,15.987955093383789,534063600,0.0,0.0
2013-10-23,18.53571319580078,18.773929595947266,18.53571319580078,18.748571395874023,16.144474029541016,313723200,0.0,0.0
2013-10-24,18.75,19.016786575317383,18.6589298248291,18.99678611755371,16.358219146728516,384764800,0.0,0.0
2013-10-25,18.9757137298584,19.043928146362305,18.753929138183594,18.784286499023438,16.175230026245117,337792000,0.0,0.0
2013-10-28,18.894285202026367,18.96428680419922,18.686071395874023,18.924285888671875,16.295793533325195,550440800,0.0,0.0
2013-10-29,19.15250015258789,19.258928298950195,18.376428604125977,18.452856063842773,15.889837265014648,635807200,0.0,0.0
2013-10-30,18.5575008392334,18.84000015258789,18.46500015258789,18.746429443359375,16.14262580871582,354163600,0.0,0.0
2013-10-31,18.75,18.83892822265625,18.616785049438477,18.667856216430664,16.074974060058594,275696400,0.0,0.0
2013-11-01,18.71500015258789,18.742856979370117,18.4228572845459,18.572500228881836,15.992868423461914,274890000,0.0,0.0
2013-11-04,18.610713958740234,18.815000534057617,18.528928756713867,18.8125,16.19952964782715,244627600,0.0,0.0
2013-11-05,18.735000610351562,18.88892936706543,18.678571701049805,18.766071319580078,16.159543991088867,265213200,0.0,0.0
2013-11-06,18.719642639160156,18.7450008392334,18.507143020629883,18.604286193847656,16.11376953125,223375600,0.108929,0.0
2013-11-07,18.556428909301758,18.68535614013672,18.299285888671875,18.303213119506836,15.852998733520508,262620400,0.0,0.0
2013-11-08,18.377857208251953,18.611785888671875,18.306785583496094,18.591428756713867,16.102632522583008,279316800,0.0,0.0
2013-11-11,18.57107162475586,18.631071090698242,18.37178611755371,18.537500381469727,16.055919647216797,227452400,0.0,0.0
2013-11-12,18.48821449279785,18.711429595947266,18.46428680419922,18.571786880493164,16.085615158081055,204276800,0.0,0.0
2013-11-13,18.5,18.65178680419922,18.46285629272461,18.593929290771484,16.104795455932617,197220800,0.0,0.0
2013-11-14,18.671785354614258,18.902856826782227,18.638214111328125,18.862857818603516,16.337722778320312,282419200,0.0,0.0
2013-11-15,18.806428909301758,18.89607048034668,18.731786727905273,18.749643325805664,16.239669799804688,317920400,0.0,0.0
2013-11-18,18.749643325805664,18.828214645385742,18.507143020629883,18.522499084472656,16.042930603027344,244944000,0.0,0.0
2013-11-19,18.536785125732422,18.692142486572266,18.49892807006836,18.555356979370117,16.071392059326172,208938800,0.0,0.0
2013-11-20,18.543928146362305,18.586429595947266,18.368928909301758,18.39285659790039,15.930644989013672,193916800,0.0,0.0
2013-11-21,18.485713958740234,18.614643096923828,18.34535789489746,18.61214256286621,16.120576858520508,262026800,0.0,0.0
2013-11-22,18.554285049438477,18.648571014404297,18.51892852783203,18.564285278320312,16.07912254333496,223725600,0.0,0.0
2013-11-25,18.60785675048828,18.781070709228516,18.60714340209961,18.704999923706055,16.200992584228516,229311600,0.0,0.0
2013-11-26,18.718570709228516,19.147857666015625,18.71428680419922,19.049999237060547,16.499814987182617,401382800,0.0,0.0
2013-11-27,19.153928756713867,19.5,19.049999237060547,19.498571395874023,16.888338088989258,363448400,0.0,0.0
2013-11-29,19.624286651611328,19.940357208251953,19.56464385986328,19.859643936157227,17.201078414916992,318127600,0.0,0.0
2013-12-02,19.928571701049805,20.15464210510254,19.672143936157227,19.686786651611328,17.051359176635742,472544800,0.0,0.0
2013-12-03,19.939285278320312,20.22785758972168,19.917142868041992,20.2257137298584,17.51814079284668,450968000,0.0,0.0
2013-12-04,20.196428298950195,20.328214645385742,20.029285430908203,20.178571701049805,17.477306365966797,377809600,0.0,0.0
2013-12-05,20.451786041259766,20.540714263916016,20.22892951965332,20.282142639160156,17.5670108795166,447580000,0.0,0.0
2013-12-06,20.206785202026367,20.241071701049805,19.984643936157227,20.000713348388672,17.32324981689453,344352400,0.0,0.0
2013-12-09,20.032142639160156,20.34214210510254,20.032142639160156,20.229642868041992,17.521543502807617,320493600,0.0,0.0
2013-12-10,20.127857208251953,20.281429290771484,20.042856216430664,20.198213577270508,17.494321823120117,278269600,0.0,0.0
2013-12-11,20.25,20.391786575317383,19.988929748535156,20.04857063293457,17.36470603942871,359718800,0.0,0.0
2013-12-12,20.07642936706543,20.19071388244629,20.00107192993164,20.019285202026367,17.339344024658203,262290000,0.0,0.0
2013-12-13,20.10178565979004,20.10285758972168,19.773929595947266,19.801071166992188,17.150344848632812,332822000,0.0,0.0
2013-12-16,19.8221435546875,20.09428596496582,19.821786880493164,19.91071319580078,17.24530601501465,282592800,0.0,0.0
2013-12-17,19.850357055664062,19.979999542236328,19.76357078552246,19.82107162475586,17.167661666870117,229902400,0.0,0.0
2013-12-18,19.632143020629883,19.694643020629883,19.242856979370117,19.67035675048828,17.037126541137695,565863200,0.0,0.0
2013-12-19,19.625,19.64285659790039,19.418928146362305,19.44499969482422,16.841941833496094,320308800,0.0,0.0
2013-12-20,19.479642868041992,19.70035743713379,19.457857131958008,19.60785675048828,16.98299217224121,436413600,0.0,0.0
2013-12-23,20.28571319580078,20.382856369018555,20.09857177734375,20.3603572845459,17.634761810302734,501306400,0.0,0.0
2013-12-24,20.353214263916016,20.424285888671875,20.215356826782227,20.273929595947266,17.559900283813477,167554800,0.0,0.0
2013-12-26,20.28928565979004,20.33928680419922,20.12071418762207,20.139286041259766,17.443279266357422,204008000,0.0,0.0
2013-12-27,20.136428833007812,20.157499313354492,19.98214340209961,20.00321388244629,17.325424194335938,225884400,0.0,0.0
2013-12-30,19.909286499023438,20.00321388244629,19.7257137298584,19.804285049438477,17.153121948242188,253629600,0.0,0.0
2013-12-31,19.791786193847656,20.045713424682617,19.78571319580078,20.036428451538086,17.35419273376465,223084400,0.0,0.0
2014-01-02,19.845714569091797,19.89392852783203,19.71500015258789,19.754642486572266,17.110132217407227,234684800,0.0,0.0
2014-01-03,19.7450008392334,19.774999618530273,19.301071166992188,19.320714950561523,16.734291076660156,392467600,0.0,0.0
2014-01-06,19.194643020629883,19.5285701751709,19.05714225769043,19.426071166992188,16.825536727905273,412610800,0.0,0.0
2014-01-07,19.440000534057617,19.498571395874023,19.211429595947266,19.28714370727539,16.705217361450195,317209200,0.0,0.0
2014-01-08,19.243213653564453,19.484285354614258,19.238929748535156,19.409286499023438,16.81100082397461,258529600,0.0,0.0
2014-01-09,19.5285701751709,19.53071403503418,19.11964225769043,19.161428451538086,16.596328735351562,279148800,0.0,0.0
2014-01-10,19.27964210510254,19.314285278320312,18.96821403503418,19.033571243286133,16.48558807373047,304976000,0.0,0.0
2014-01-13,18.925357818603516,19.375,18.924285888671875,19.133214950561523,16.571889877319336,378492800,0.0,0.0
2014-01-14,19.222143173217773,19.526071548461914,19.2021427154541,19.51392936706543,16.901639938354492,332561600,0.0,0.0
2014-01-15,19.768571853637695,20.007143020629883,19.7021427154541,19.90571403503418,17.240978240966797,391638800,0.0,0.0
2014-01-16,19.81785774230957,19.887500762939453,19.702856063842773,19.79464340209961,17.144771575927734,229278000,0.0,0.0
2014-01-17,19.695714950561523,19.716785430908203,19.282142639160156,19.309642791748047,16.724699020385742,426739600,0.0,0.0
2014-01-21,19.32107162475586,19.645357131958008,19.30071449279785,19.609643936157227,16.98453712463379,328526800,0.0,0.0
2014-01-22,19.675357818603516,19.903213500976562,19.56464385986328,19.696786880493164,17.060014724731445,379985200,0.0,0.0
2014-01-23,19.640714645385742,19.875,19.457500457763672,19.863571166992188,17.20447540283203,403239200,0.0,0.0
2014-01-24,19.78571319580078,19.843570709228516,19.45535659790039,19.502500534057617,16.891742706298828,429354800,0.0,0.0
2014-01-27,19.645357131958008,19.814285278320312,19.491071701049805,19.66071319580078,17.028770446777344,554878800,0.0,0.0
2014-01-28,18.170000076293945,18.39285659790039,17.93107032775879,18.08928680419922,15.667716979980469,1065523200,0.0,0.0
2014-01-29,17.998214721679688,18.120357513427734,17.807857513427734,17.883928298950195,15.489837646484375,502810000,0.0,0.0
2014-01-30,17.947856903076172,18.08928680419922,17.739286422729492,17.849285125732422,15.459836959838867,678501600,0.0,0.0
2014-01-31,17.684999465942383,17.911785125732422,17.626785278320312,17.878570556640625,15.48520565032959,464797200,0.0,0.0
2014-02-03,17.95035743713379,18.133214950561523,17.832143783569336,17.911785125732422,15.513967514038086,401464000,0.0,0.0
2014-02-04,18.066070556640625,18.19499969482422,17.955713272094727,18.171070098876953,15.738540649414062,376681200,0.0,0.0
2014-02-05,18.091428756713867,18.402856826782227,18.08035659790039,18.306785583496094,15.856088638305664,328344800,0.0,0.0
2014-02-06,18.216428756713867,18.33928680419922,18.136070251464844,18.30392837524414,15.948513984680176,257765200,0.108929,0.0
2014-02-07,18.62071418762207,18.676071166992188,18.47785758972168,18.559999465942383,16.171632766723633,370280400,0.0,0.0
2014-02-10,18.523571014404297,18.999643325805664,18.5,18.892499923706055,16.461345672607422,345559200,0.0,0.0
2014-02-11,18.95035743713379,19.20535659790039,18.91071319580078,19.141429901123047,16.678245544433594,282256800,0.0,0.0
2014-02-12,19.176786422729492,19.270000457763672,19.044286727905273,19.139999389648438,16.676990509033203,308100800,0.0,0.0
2014-02-13,19.094999313354492,19.45892906188965,19.078571319580078,19.44392967224121,16.941816329956055,307398000,0.0,0.0
2014-02-14,19.37392807006836,19.499286651611328,19.328929901123047,19.428213119506836,16.928131103515625,272924400,0.0,0.0
2014-02-18,19.5,19.68535614013672,19.48607063293457,19.499643325805664,16.990358352661133,260251600,0.0,0.0
2014-02-19,19.45535659790039,19.53178596496582,19.08392906188965,19.19178581237793,16.722126007080078,313768000,0.0,0.0
2014-02-20,19.035356521606445,19.178571701049805,18.89285659790039,18.969642639160156,16.528562545776367,305858000,0.0,0.0
2014-02-21,19.028213500976562,19.091785430908203,18.735713958740234,18.758928298950195,16.34496307373047,278784800,0.0,0.0
2014-02-24,18.683929443359375,18.92571449279785,18.65785789489746,18.8410701751709,16.416540145874023,288909600,0.0,0.0
2014-02-25,18.906429290771484,18.9132137298584,18.60714340209961,18.645000457763672,16.24569320678711,231952000,0.0,0.0
2014-02-26,18.70035743713379,18.75,18.41428565979004,18.47678565979004,16.099130630493164,276217200,0.0,0.0
2014-02-27,18.46928596496582,18.885000228881836,18.430356979370117,18.84535789489746,16.420270919799805,301882000,0.0,0.0
2014-02-28,18.895713806152344,19.02678680419922,18.64714241027832,18.794286727905273,16.375768661499023,371968800,0.0,0.0
2014-03-03,18.693571090698242,18.951786041259766,18.671785354614258,18.84857177734375,16.423072814941406,238781200,0.0,0.0
2014-03-04,18.96428680419922,19.022857666015625,18.848928451538086,18.972856521606445,16.531362533569336,259140000,0.0,0.0
2014-03-05,18.961429595947266,19.09821319580078,18.897499084472656,19.01285743713379,16.566219329833984,200062800,0.0,0.0
2014-03-06,19.028213500976562,19.087142944335938,18.860713958740234,18.95535659790039,16.516115188598633,185488800,0.0,0.0
2014-03-07,18.967500686645508,18.999286651611328,18.787500381469727,18.944286346435547,16.506465911865234,220729600,0.0,0.0
2014-03-10,18.8700008392334,19.047500610351562,18.869285583496094,18.961429595947266,16.521411895751953,178584000,0.0,0.0
2014-03-11,19.123214721679688,19.240713119506836,19.02107048034668,19.14607048034668,16.682289123535156,279224400,0.0,0.0
2014-03-12,19.089643478393555,19.191070556640625,19.0,19.164642333984375,16.69847297668457,199326400,0.0,0.0
2014-03-13,19.194286346435547,19.273571014404297,18.898571014404297,18.951786041259766,16.513004302978516,257742800,0.0,0.0
2014-03-14,18.885356903076172,18.960357666015625,18.678571701049805,18.738929748535156,16.327529907226562,237199200,0.0,0.0
2014-03-17,18.8464298248291,18.927499771118164,18.780357360839844,18.812143325805664,16.391332626342773,199544800,0.0,0.0
2014-03-18,18.782142639160156,18.99892807006836,18.757143020629883,18.97857093811035,16.536346435546875,209647200,0.0,0.0
2014-03-19,19.009286880493164,19.15142822265625,18.89285659790039,18.97357177734375,16.53199005126953,224756000,0.0,0.0
2014-03-20,18.92464256286621,19.023929595947266,18.83392906188965,18.882143020629883,16.452320098876953,208398400,0.0,0.0
2014-03-21,18.997499465942383,19.0625,18.797500610351562,19.031070709228516,16.58207893371582,374046400,0.0,0.0
2014-03-24,19.229286193847656,19.303571701049805,19.109285354614258,19.256786346435547,16.778757095336914,355700800,0.0,0.0
2014-03-25,19.33928680419922,19.491071701049805,19.27107048034668,19.46392822265625,16.959243774414062,282293200,0.0,0.0
2014-03-26,19.518571853637695,19.60714340209961,19.2450008392334,19.277856826782227,16.7971134185791,299768000,0.0,0.0
2014-03-27,19.286428451538086,19.33928680419922,19.11142921447754,19.19499969482422,16.724916458129883,222031600,0.0,0.0
2014-03-28,19.2257137298584,19.24785614013672,19.08035659790039,19.17357063293457,16.706247329711914,200564000,0.0,0.0
2014-03-31,19.258214950561523,19.31464385986328,19.140356063842773,19.169286727905273,16.702505111694336,168669200,0.0,0.0
2014-04-01,19.205713272094727,19.352500915527344,19.17035675048828,19.344642639160156,16.855308532714844,200760000,0.0,0.0
2014-04-02,19.37071418762207,19.40999984741211,19.295000076293945,19.376785278320312,16.88331413269043,180420800,0.0,0.0
2014-04-03,19.335357666015625,19.375,19.20142936706543,19.24250030517578,16.766305923461914,162344000,0.0,0.0
2014-04-04,19.278928756713867,19.28571319580078,18.94928550720215,18.99357032775879,16.549413681030273,275251200,0.0,0.0
2014-04-07,18.85785675048828,18.96071434020996,18.63892936706543,18.695356369018555,16.289573669433594,289850400,0.0,0.0
2014-04-08,18.756786346435547,18.790000915527344,18.524999618530273,18.694286346435547,16.288644790649414,243888400,0.0,0.0
2014-04-09,18.665714263916016,18.94607162475586,18.643571853637695,18.940000534057617,16.502742767333984,206169600,0.0,0.0
2014-04-10,18.952856063842773,19.00857162475586,18.684642791748047,18.695714950561523,16.28989028930664,239652000,0.0,0.0
2014-04-11,18.53571319580078,18.672500610351562,18.46928596496582,18.5575008392334,16.16945457458496,271717600,0.0,0.0
2014-04-14,18.639286041259766,18.648571014404297,18.471786499023438,18.63142967224121,16.233869552612305,205674000,0.0,0.0
2014-04-15,18.581071853637695,18.6299991607666,18.26178550720215,18.498571395874023,16.11811065673828,266490000,0.0,0.0
2014-04-16,18.501785278320312,18.6103572845459,18.36214256286621,18.53607177734375,16.150785446166992,214765600,0.0,0.0
2014-04-17,18.571428298950195,18.84857177734375,18.542856216430664,18.74785614013672,16.335308074951172,284334400,0.0,0.0
2014-04-21,18.762142181396484,19.0049991607666,18.71285629272461,18.97035789489746,16.529190063476562,182548800,0.0,0.0
2014-04-22,18.868213653564453,18.993928909301758,18.803571701049805,18.989286422729492,16.54568862915039,202563200,0.0,0.0
2014-04-23,18.895000457763672,18.968929290771484,18.730356216430664,18.741071701049805,16.329404830932617,394940000,0.0,0.0
2014-04-24,20.293214797973633,20.35714340209961,20.026071548461914,20.27750015258789,17.66812515258789,759911600,0.0,0.0
2014-04-25,20.161785125732422,20.428213119506836,20.141429901123047,20.426429748535156,17.797882080078125,390275200,0.0,0.0
2014-04-28,20.457143783569336,21.27678680419922,20.448213577270508,21.217500686645508,18.487159729003906,669485600,0.0,0.0
2014-04-29,21.204999923706055,21.28499984741211,21.05392837524414,21.15464210510254,18.43238067626953,337377600,0.0,0.0
2014-04-30,21.165714263916016,21.408214569091797,21.064285278320312,21.074642181396484,18.362686157226562,456640800,0.0,0.0
2014-05-01,21.14285659790039,21.242856979370117,20.941429138183594,21.124286651611328,18.40594482421875,244048000,0.0,0.0
2014-05-02,21.155000686645508,21.2214298248291,21.061071395874023,21.163570404052734,18.440168380737305,191514400,0.0,0.0
2014-05-05,21.07642936706543,21.46428680419922,21.071428298950195,21.46285629272461,18.700939178466797,287067200,0.0,0.0
2014-05-06,21.492856979370117,21.586071014404297,21.22892951965332,21.22892951965332,18.497112274169922,374564400,0.0,0.0
2014-05-07,21.258928298950195,21.331785202026367,20.9903564453125,21.15464210510254,18.43238067626953,282864400,0.0,0.0
2014-05-08,21.008928298950195,21.22892951965332,20.94285774230957,20.999643325805664,18.399532318115234,230297200,0.1175,0.0
2014-05-09,20.876428604125977,20.9375,20.726070404052734,20.91214370727539,18.32286834716797,291597600,0.0,0.0
2014-05-12,20.981786727905273,21.2021427154541,20.97857093811035,21.172500610351562,18.550989151000977,213208800,0.0,0.0
2014-05-13,21.14285659790039,21.233570098876953,21.0964298248291,21.205713272094727,18.58008575439453,159737200,0.0,0.0
2014-05-14,21.158214569091797,21.33571434020996,21.13357162475586,21.20964241027832,18.583524703979492,166404000,0.0,0.0
2014-05-15,21.239286422729492,21.30714225769043,21.001428604125977,21.029285430908203,18.425508499145508,230846000,0.0,0.0
2014-05-16,21.022499084472656,21.340356826782227,20.907142639160156,21.339643478393555,18.697433471679688,276256400,0.0,0.0
2014-05-19,21.35178565979004,21.690357208251953,21.333213806152344,21.592500686645508,18.918981552124023,317755200,0.0,0.0
2014-05-20,21.589643478393555,21.657142639160156,21.45464324951172,21.596786499023438,18.922746658325195,234836000,0.0,0.0
2014-05-21,21.565357208251953,21.667856216430664,21.50214385986328,21.653928756713867,18.972803115844727,196859600,0.0,0.0
2014-05-22,21.66428565979004,21.780357360839844,21.575000762939453,21.688213348388672,19.00284767150879,200760000,0.0,0.0
2014-05-23,21.6875,21.95464324951172,21.659643173217773,21.93321418762207,19.21750831604004,232209600,0.0,0.0
2014-05-27,21.99571418762207,22.352142333984375,21.986785888671875,22.343929290771484,19.577373504638672,348866000,0.0,0.0
2014-05-28,22.35785675048828,22.493928909301758,22.277856826782227,22.28607177734375,19.526681900024414,315481600,0.0,0.0
2014-05-29,22.423213958740234,22.745357513427734,22.42035675048828,22.692142486572266,19.88247299194336,376474000,0.0,0.0
2014-05-30,22.78499984741211,23.006071090698242,22.46071434020996,22.60714340209961,19.808002471923828,564020800,0.0,0.0
2014-06-02,22.641429901123047,22.672500610351562,22.23214340209961,22.451786041259766,19.6718807220459,369350800,0.0,0.0
2014-06-03,22.44499969482422,22.812143325805664,22.4375,22.769285202026367,19.950061798095703,292709200,0.0,0.0
2014-06-04,22.765714645385742,23.13892936706543,22.71821403503418,23.029285430908203,20.17786979675293,335482000,0.0,0.0
2014-06-05,23.078571319580078,23.19178581237793,22.95035743713379,23.11964225769043,20.25704574584961,303805600,0.0,0.0
2014-06-06,23.21071434020996,23.259286880493164,23.016786575317383,23.05607032775879,20.201339721679688,349938400,0.0,0.0
2014-06-09,23.174999237060547,23.469999313354492,22.9375,23.424999237060547,20.52459144592285,301660000,0.0,7.0
2014-06-10,23.6825008392334,23.762500762939453,23.392499923706055,23.5625,20.645063400268555,251108000,0.0,0.0
2014-06-11,23.532499313354492,23.690000534057617,23.36750030517578,23.46500015258789,20.55963706970215,182724000,0.0,0.0
2014-06-12,23.510000228881836,23.530000686645508,22.975000381469727,23.072500228881836,20.21573257446289,218996000,0.0,0.0
2014-06-13,23.049999237060547,23.110000610351562,22.719999313354492,22.81999969482422,19.994503021240234,218100000,0.0,0.0
2014-06-16,22.877500534057617,23.1875,22.862499237060547,23.049999237060547,20.196022033691406,142244000,0.0,0.0
2014-06-17,23.077499389648438,23.174999237060547,22.950000762939453,23.020000457763672,20.169736862182617,118904000,0.0,0.0
2014-06-18,23.0674991607666,23.072500228881836,22.837499618530273,23.045000076293945,20.191635131835938,134056000,0.0,0.0
2014-06-19,23.072500228881836,23.075000762939453,22.834999084472656,22.96500015258789,20.121543884277344,142112000,0.0,0.0
2014-06-20,22.962499618530273,23.137500762939453,22.725000381469727,22.727500915527344,19.913450241088867,403592000,0.0,0.0
2014-06-23,22.829999923706055,22.905000686645508,22.649999618530273,22.707500457763672,19.895931243896484,174776000,0.0,0.0
2014-06-24,22.6875,22.934999465942383,22.547500610351562,22.56999969482422,19.775453567504883,156144000,0.0,0.0
2014-06-25,22.552499771118164,22.674999237060547,22.412500381469727,22.59000015258789,19.792978286743164,147476000,0.0,0.0
2014-06-26,22.592500686645508,22.762500762939453,22.450000762939453,22.725000381469727,19.911264419555664,130516000,0.0,0.0
2014-06-27,22.704999923706055,23.0,22.6924991607666,22.9950008392334,20.147830963134766,256116000,0.0,0.0
2014-06-30,23.024999618530273,23.4325008392334,23.022499084472656,23.232500076293945,20.355920791625977,197929200,0.0,0.0
2014-07-01,23.3799991607666,23.517499923706055,23.282499313354492,23.3799991607666,20.485158920288086,152892000,0.0,0.0
2014-07-02,23.467500686645508,23.514999389648438,23.272499084472656,23.3700008392334,20.476402282714844,113860000,0.0,0.0
2014-07-03,23.417499542236328,23.524999618530273,23.299999237060547,23.50749969482422,20.59687042236328,91567200,0.0,0.0
2014-07-07,23.53499984741211,23.997499465942383,23.524999618530273,23.99250030517578,21.021821975708008,225872000,0.0,0.0
2014-07-08,24.0674991607666,24.200000762939453,23.479999542236328,23.837499618530273,20.88600730895996,260888000,0.0,0.0
2014-07-09,23.860000610351562,23.987499237060547,23.690000534057617,23.84749984741211,20.894775390625,145744000,0.0,0.0
2014-07-10,23.440000534057617,23.887500762939453,23.3799991607666,23.760000228881836,20.818111419677734,158744000,0.0,0.0
2014-07-11,23.84000015258789,23.97249984741211,23.71500015258789,23.80500030517578,20.85753631591797,136072000,0.0,0.0
2014-07-14,23.96500015258789,24.22249984741211,23.912500381469727,24.112499237060547,21.12697410583496,171240000,0.0,0.0
2014-07-15,24.200000762939453,24.212499618530273,23.75749969482422,23.829999923706055,20.879444122314453,181911600,0.0,0.0
2014-07-16,24.24250030517578,24.274999618530273,23.684999465942383,23.69499969482422,20.76116371154785,213585200,0.0,0.0
2014-07-17,23.75749969482422,23.81999969482422,23.142499923706055,23.272499084472656,20.390962600708008,229192000,0.0,0.0
2014-07-18,23.405000686645508,23.684999465942383,23.2549991607666,23.607500076293945,20.68449592590332,199952000,0.0,0.0
2014-07-21,23.747499465942383,23.75,23.43000030517578,23.485000610351562,20.577163696289062,156316000,0.0,0.0
2014-07-22,23.670000076293945,23.72249984741211,23.530000686645508,23.68000030517578,20.748008728027344,220788000,0.0,0.0
2014-07-23,23.854999542236328,24.469999313354492,23.792499542236328,24.297500610351562,21.289058685302734,371672000,0.0,0.0
2014-07-24,24.260000228881836,24.329999923706055,24.104999542236328,24.25749969482422,21.254016876220703,182916000,0.0,0.0
2014-07-25,24.212499618530273,24.459999084472656,24.15999984741211,24.417499542236328,21.39419937133789,173876000,0.0,0.0
2014-07-28,24.454999923706055,24.809999465942383,24.387500762939453,24.7549991607666,21.689916610717773,221272000,0.0,0.0
2014-07-29,24.832500457763672,24.860000610351562,24.5625,24.594999313354492,21.54972267150879,172572000,0.0,0.0
2014-07-30,24.610000610351562,24.674999237060547,24.417499542236328,24.537500381469727,21.49934196472168,132040000,0.0,0.0
2014-07-31,24.290000915527344,24.362499237060547,23.832500457763672,23.899999618530273,20.940780639648438,227372000,0.0,0.0
2014-08-01,23.725000381469727,24.155000686645508,23.702499389648438,24.032499313354492,21.056875228881836,194044000,0.0,0.0
2014-08-04,24.092500686645508,24.145000457763672,23.792499542236328,23.897499084472656,20.938575744628906,159832000,0.0,0.0
2014-08-05,23.84000015258789,23.920000076293945,23.59000015258789,23.780000686645508,20.835636138916016,223732000,0.0,0.0
2014-08-06,23.6875,23.8700008392334,23.677499771118164,23.739999771118164,20.80059051513672,154232000,0.0,0.0
2014-08-07,23.732500076293945,23.987499237060547,23.524999618530273,23.6200008392334,20.798391342163086,186844000,0.1175,0.0
2014-08-08,23.565000534057617,23.704999923706055,23.31999969482422,23.684999465942383,20.855619430541992,167460000,0.0,0.0
2014-08-11,23.8174991607666,24.020000457763672,23.709999084472656,23.997499465942383,21.130788803100586,146340000,0.0,0.0
2014-08-12,24.010000228881836,24.219999313354492,23.90250015258789,23.99250030517578,21.126384735107422,135180000,0.0,0.0
2014-08-13,24.037500381469727,24.309999465942383,24.010000228881836,24.309999465942383,21.405963897705078,127664000,0.0,0.0
2014-08-14,24.332500457763672,24.392499923706055,24.200000762939453,24.375,21.463199615478516,112464000,0.0,0.0
2014-08-15,24.475000381469727,24.547500610351562,24.21500015258789,24.4950008392334,21.56886100769043,195804000,0.0,0.0
2014-08-18,24.622499465942383,24.842500686645508,24.4950008392334,24.790000915527344,21.828617095947266,190288000,0.0,0.0
2014-08-19,24.852500915527344,25.170000076293945,24.829999923706055,25.13249969482422,22.130203247070312,277596000,0.0,0.0
2014-08-20,25.110000610351562,25.272499084472656,24.987499237060547,25.142499923706055,22.139013290405273,210796000,0.0,0.0
2014-08-21,25.142499923706055,25.235000610351562,25.02750015258789,25.145000457763672,22.141216278076172,133912000,0.0,0.0
2014-08-22,25.072500228881836,25.36750030517578,25.047500610351562,25.329999923706055,22.304113388061523,176736000,0.0,0.0
2014-08-25,25.447500228881836,25.542499542236328,25.31999969482422,25.385000228881836,22.35254669189453,161080000,0.0,0.0
2014-08-26,25.354999542236328,25.375,25.21500015258789,25.22249984741211,22.209449768066406,132608000,0.0,0.0
2014-08-27,25.2549991607666,25.642499923706055,25.174999237060547,25.532499313354492,22.482418060302734,209476000,0.0,0.0
2014-08-28,25.397499084472656,25.69499969482422,25.389999389648438,25.5625,22.50883674621582,273840000,0.0,0.0
2014-08-29,25.71500015258789,25.725000381469727,25.549999237060547,25.625,22.563873291015625,178380000,0.0,0.0
2014-09-02,25.764999389648438,25.934999465942383,25.68000030517578,25.825000762939453,22.739980697631836,214256000,0.0,0.0
2014-09-03,25.774999618530273,25.799999237060547,24.645000457763672,24.735000610351562,21.780193328857422,501684000,0.0,0.0
2014-09-04,24.712499618530273,25.022499084472656,24.447500228881836,24.530000686645508,21.599679946899414,342872000,0.0,0.0
2014-09-05,24.700000762939453,24.84749984741211,24.577499389648438,24.74250030517578,21.78679847717285,233828000,0.0,0.0
2014-09-08,24.825000762939453,24.827499389648438,24.512500762939453,24.59000015258789,21.652511596679688,185426800,0.0,0.0
2014-09-09,24.770000457763672,25.770000457763672,24.03499984741211,24.497499465942383,21.57105827331543,759385200,0.0,0.0
2014-09-10,24.502500534057617,25.27750015258789,24.440000534057617,25.25,22.23367691040039,403478400,0.0,0.0
2014-09-11,25.102500915527344,25.360000610351562,24.905000686645508,25.357500076293945,22.328323364257812,249412400,0.0,0.0
2014-09-12,25.302499771118164,25.547500610351562,25.270000457763672,25.415000915527344,22.378950119018555,250504400,0.0,0.0
2014-09-15,25.702499389648438,25.762500762939453,25.360000610351562,25.407499313354492,22.372352600097656,245266000,0.0,0.0
2014-09-16,24.950000762939453,25.315000534057617,24.72249984741211,25.21500015258789,22.202850341796875,267632400,0.0,0.0
2014-09-17,25.3174991607666,25.450000762939453,25.147499084472656,25.395000457763672,22.361351013183594,243706000,0.0,0.0
2014-09-18,25.482500076293945,25.587499618530273,25.389999389648438,25.447500228881836,22.407577514648438,149197600,0.0,0.0
2014-09-19,25.572500228881836,25.587499618530273,25.125,25.239999771118164,22.224864959716797,283609600,0.0,0.0
2014-09-22,25.450000762939453,25.53499984741211,25.145000457763672,25.264999389648438,22.246875762939453,211153600,0.0,0.0
2014-09-23,25.149999618530273,25.735000610351562,25.135000228881836,25.65999984741211,22.594694137573242,253608800,0.0,0.0
2014-09-24,25.540000915527344,25.712499618530273,25.299999237060547,25.4375,22.398767471313477,240687200,0.0,0.0
2014-09-25,25.127500534057617,25.177499771118164,24.43000030517578,24.467500686645508,21.544647216796875,400368000,0.0,0.0
2014-09-26,24.63249969482422,25.1875,24.600000381469727,25.1875,22.178640365600586,249482000,0.0,0.0
2014-09-29,24.662500381469727,25.110000610351562,24.657499313354492,25.02750015258789,22.037750244140625,199065200,0.0,0.0
2014-09-30,25.202499389648438,25.385000228881836,25.13249969482422,25.1875,22.178640365600586,221056400,0.0,0.0
2014-10-01,25.147499084472656,25.172500610351562,24.674999237060547,24.795000076293945,21.833026885986328,205965200,0.0,0.0
2014-10-02,24.8174991607666,25.05500030517578,24.510000228881836,24.975000381469727,21.991514205932617,191031200,0.0,0.0
2014-10-03,24.860000610351562,25.052499771118164,24.760000228881836,24.905000686645508,21.92988395690918,173878400,0.0,0.0
2014-10-06,24.987499237060547,25.162500381469727,24.854999542236328,24.905000686645508,21.92988395690918,148204800,0.0,0.0
2014-10-07,24.857500076293945,25.030000686645508,24.6825008392334,24.6875,21.73836898803711,168376800,0.0,0.0
2014-10-08,24.690000534057617,25.27750015258789,24.577499389648438,25.200000762939453,22.189640045166016,229618800,0.0,0.0
2014-10-09,25.385000228881836,25.594999313354492,25.15250015258789,25.2549991607666,22.238069534301758,309506000,0.0,0.0
2014-10-10,25.172500610351562,25.50749969482422,25.075000762939453,25.1825008392334,22.17423439025879,265326400,0.0,0.0
2014-10-13,25.332500457763672,25.44499969482422,24.952499389648438,24.952499389648438,21.971710205078125,214333600,0.0,0.0
2014-10-14,25.09749984741211,25.1299991607666,24.642499923706055,24.6875,21.73836898803711,254754400,0.0,0.0
2014-10-15,24.49250030517578,24.787500381469727,23.795000076293945,24.385000228881836,21.472000122070312,403734400,0.0,0.0
2014-10-16,23.887500762939453,24.43000030517578,23.852500915527344,24.065000534057617,21.190221786499023,288618000,0.0,0.0
2014-10-17,24.375,24.75,24.202499389648438,24.417499542236328,21.5006160736084,272718800,0.0,0.0
2014-10-20,24.579999923706055,24.989999771118164,24.55500030517578,24.940000534057617,21.960708618164062,310069200,0.0,0.0
2014-10-21,25.7549991607666,25.7549991607666,25.3174991607666,25.61750030517578,22.557270050048828,378495600,0.0,0.0
2014-10-22,25.709999084472656,26.02750015258789,25.649999618530273,25.747499465942383,22.67173957824707,273052400,0.0,0.0
2014-10-23,26.020000457763672,26.262500762939453,25.907499313354492,26.207500457763672,23.07678985595703,284298800,0.0,0.0
2014-10-24,26.295000076293945,26.372499465942383,26.13249969482422,26.30500030517578,23.162641525268555,188215600,0.0,0.0
2014-10-27,26.212499618530273,26.3700008392334,26.174999237060547,26.27750015258789,23.138425827026367,136750800,0.0,0.0
2014-10-28,26.350000381469727,26.684999465942383,26.337499618530273,26.684999465942383,23.497241973876953,192243600,0.0,0.0
2014-10-29,26.662500381469727,26.842500686645508,26.59000015258789,26.834999084472656,23.629329681396484,210751600,0.0,0.0
2014-10-30,26.739999771118164,26.837499618530273,26.475000381469727,26.7450008392334,23.550085067749023,162619200,0.0,0.0
2014-10-31,27.002500534057617,27.010000228881836,26.802499771118164,27.0,23.77461051940918,178557200,0.0,0.0
2014-11-03,27.05500030517578,27.575000762939453,27.002500534057617,27.350000381469727,24.08281135559082,209130400,0.0,0.0
2014-11-04,27.34000015258789,27.372499465942383,26.93000030517578,27.149999618530273,23.906696319580078,166297600,0.0,0.0
2014-11-05,27.274999618530273,27.325000762939453,27.032499313354492,27.21500015258789,23.96393394470215,149743600,0.0,0.0
2014-11-06,27.149999618530273,27.197500228881836,26.950000762939453,27.174999237060547,24.032468795776367,139874000,0.1175,0.0
2014-11-07,27.1875,27.329999923706055,27.137500762939453,27.252500534057617,24.10101318359375,134766000,0.0,0.0
2014-11-10,27.2549991607666,27.332500457763672,27.167499542236328,27.207500457763672,24.061216354370117,108782000,0.0,0.0
2014-11-11,27.174999237060547,27.4375,27.100000381469727,27.424999237060547,24.25356101989746,109769200,0.0,0.0
2014-11-12,27.344999313354492,27.857500076293945,27.342500686645508,27.8125,24.596250534057617,187769600,0.0,0.0
2014-11-13,27.950000762939453,28.362499237060547,27.899999618530273,28.204999923706055,24.943355560302734,238091600,0.0,0.0
2014-11-14,28.287500381469727,28.547500610351562,27.802499771118164,28.545000076293945,25.244047164916992,176254400,0.0,0.0
2014-11-17,28.5674991607666,29.31999969482422,28.325000762939453,28.497499465942383,25.2020320892334,186986800,0.0,0.0
2014-11-18,28.485000610351562,28.922500610351562,28.47249984741211,28.86750030517578,25.529247283935547,176896000,0.0,0.0
2014-11-19,28.860000610351562,28.934999465942383,28.450000762939453,28.667499542236328,25.352378845214844,167476800,0.0,0.0
2014-11-20,28.727500915527344,29.21500015258789,28.712499618530273,29.077499389648438,25.7149658203125,173582000,0.0,0.0
2014-11-21,29.377500534057617,29.392499923706055,29.00749969482422,29.11750030517578,25.750333786010742,228717200,0.0,0.0
2014-11-24,29.212499618530273,29.6924991607666,29.155000686645508,29.657499313354492,26.22789192199707,189803200,0.0,0.0
2014-11-25,29.767499923706055,29.9375,29.362499237060547,29.399999618530273,26.000164031982422,275361600,0.0,0.0
2014-11-26,29.485000610351562,29.774999618530273,29.457500457763672,29.75,26.309696197509766,163073200,0.0,0.0
2014-11-28,29.8174991607666,29.850000381469727,29.512500762939453,29.732500076293945,26.294218063354492,99257600,0.0,0.0
2014-12-01,29.702499389648438,29.8125,27.8174991607666,28.767499923706055,25.440813064575195,335256000,0.0,0.0
2014-12-02,28.375,28.9375,28.1875,28.657499313354492,25.34353256225586,237395600,0.0,0.0
2014-12-03,28.9375,29.087499618530273,28.77750015258789,28.982500076293945,25.630949020385742,172253600,0.0,0.0
2014-12-04,28.9424991607666,29.299999237060547,28.822500228881836,28.872499465942383,25.53367042541504,168178000,0.0,0.0
2014-12-05,28.997499465942383,29.020000457763672,28.65999984741211,28.75,25.425338745117188,153275600,0.0,0.0
2014-12-08,28.524999618530273,28.662500381469727,27.905000686645508,28.100000381469727,24.85050392150879,230659600,0.0,0.0
2014-12-09,27.547500610351562,28.575000762939453,27.337499618530273,28.530000686645508,25.23078155517578,240832000,0.0,0.0
2014-12-10,28.602500915527344,28.712499618530273,27.885000228881836,27.987499237060547,24.751020431518555,178261200,0.0,0.0
2014-12-11,28.065000534057617,28.450000762939453,27.834999084472656,27.905000686645508,24.678050994873047,165606800,0.0,0.0
2014-12-12,27.614999771118164,27.967500686645508,27.395000457763672,27.4325008392334,24.26019287109375,224112400,0.0,0.0
2014-12-15,27.674999237060547,27.899999618530273,26.587499618530273,27.0575008392334,23.928560256958008,268872400,0.0,0.0
2014-12-16,26.592500686645508,27.540000915527344,26.565000534057617,26.6875,23.601343154907227,243162800,0.0,0.0
2014-12-17,26.780000686645508,27.459999084472656,26.704999923706055,27.352500915527344,24.18944549560547,213647200,0.0,0.0
2014-12-18,27.967500686645508,28.162500381469727,27.665000915527344,28.162500381469727,24.905773162841797,236024800,0.0,0.0
2014-12-19,28.065000534057617,28.309999465942383,27.915000915527344,27.94499969482422,24.713428497314453,353719200,0.0,0.0
2014-12-22,28.040000915527344,28.372499465942383,27.99250030517578,28.235000610351562,24.969898223876953,180670000,0.0,0.0
2014-12-23,28.3075008392334,28.332500457763672,28.114999771118164,28.135000228881836,24.881458282470703,104113600,0.0,0.0
2014-12-24,28.145000457763672,28.177499771118164,28.002500534057617,28.002500534057617,24.764280319213867,57918400,0.0,0.0
2014-12-26,28.024999618530273,28.6299991607666,28.002500534057617,28.497499465942383,25.2020320892334,134884000,0.0,0.0
2014-12-29,28.447500228881836,28.6924991607666,28.424999237060547,28.477500915527344,25.184354782104492,110395600,0.0,0.0
2014-12-30,28.40999984741211,28.479999542236328,28.02750015258789,28.1299991607666,24.87702751159668,119526000,0.0,0.0
2014-12-31,28.204999923706055,28.282499313354492,27.552499771118164,27.594999313354492,24.403894424438477,165613600,0.0,0.0
2015-01-02,27.84749984741211,27.860000610351562,26.837499618530273,27.332500457763672,24.171754837036133,212818400,0.0,0.0
2015-01-05,27.072500228881836,27.162500381469727,26.352500915527344,26.5625,23.490800857543945,257142000,0.0,0.0
2015-01-06,26.635000228881836,26.857500076293945,26.157499313354492,26.565000534057617,23.49301528930664,263188400,0.0,0.0
2015-01-07,26.799999237060547,27.049999237060547,26.674999237060547,26.9375,23.822431564331055,160423600,0.0,0.0
2015-01-08,27.3075008392334,28.037500381469727,27.174999237060547,27.97249984741211,24.73775291442871,237458000,0.0,0.0
2015-01-09,28.167499542236328,28.3125,27.552499771118164,28.002500534057617,24.764280319213867,214798000,0.0,0.0
2015-01-12,28.149999618530273,28.157499313354492,27.200000762939453,27.3125,24.154067993164062,198603200,0.0,0.0
2015-01-13,27.857500076293945,28.200000762939453,27.227500915527344,27.55500030517578,24.36852264404297,268367600,0.0,0.0
2015-01-14,27.260000228881836,27.622499465942383,27.125,27.450000762939453,24.275672912597656,195826400,0.0,0.0
2015-01-15,27.5,27.514999389648438,26.665000915527344,26.704999923706055,23.616825103759766,240056000,0.0,0.0
2015-01-16,26.75749969482422,26.895000457763672,26.299999237060547,26.497499465942383,23.433319091796875,314053200,0.0,0.0
2015-01-20,26.959999084472656,27.24250030517578,26.625,27.18000030517578,24.036897659301758,199599600,0.0,0.0
2015-01-21,27.237499237060547,27.764999389648438,27.0674991607666,27.387500762939453,24.220401763916016,194303600,0.0,0.0
2015-01-22,27.565000534057617,28.11750030517578,27.43000030517578,28.100000381469727,24.85050392150879,215185600,0.0,0.0
2015-01-23,28.075000762939453,28.4375,27.88249969482422,28.2450008392334,24.97873878479004,185859200,0.0,0.0
2015-01-26,28.434999465942383,28.59000015258789,28.200000762939453,28.274999618530273,25.005271911621094,222460000,0.0,0.0
2015-01-27,28.104999542236328,28.1200008392334,27.25749969482422,27.28499984741211,24.1297550201416,382274800,0.0,0.0
2015-01-28,29.407499313354492,29.530000686645508,28.827499389648438,28.827499389648438,25.49387550354004,585908400,0.0,0.0
2015-01-29,29.079999923706055,29.797500610351562,28.889999389648438,29.725000381469727,26.287588119506836,337745600,0.0,0.0
2015-01-30,29.600000381469727,30.0,29.212499618530273,29.290000915527344,25.902894973754883,334982000,0.0,0.0
2015-02-02,29.512500762939453,29.792499542236328,29.020000457763672,29.657499313354492,26.22789192199707,250956400,0.0,0.0
2015-02-03,29.625,29.772499084472656,29.40250015258789,29.662500381469727,26.232322692871094,207662800,0.0,0.0
2015-02-04,29.625,30.127500534057617,29.577499389648438,29.889999389648438,26.433504104614258,280598800,0.0,0.0
2015-02-05,30.0049991607666,30.0575008392334,29.8125,29.985000610351562,26.62217903137207,168984800,0.1175,0.0
2015-02-06,30.0049991607666,30.0625,29.612499237060547,29.732500076293945,26.397993087768555,174826400,0.0,0.0
2015-02-09,29.637500762939453,29.959999084472656,29.607500076293945,29.93000030517578,26.57333755493164,155559200,0.0,0.0
2015-02-10,30.042499542236328,30.537500381469727,30.040000915527344,30.5049991607666,27.083850860595703,248034000,0.0,0.0
2015-02-11,30.6924991607666,31.229999542236328,30.625,31.219999313354492,27.71866798400879,294247200,0.0,0.0
2015-02-12,31.514999389648438,31.8700008392334,31.392499923706055,31.614999771118164,28.069368362426758,297898000,0.0,0.0
2015-02-13,31.81999969482422,31.81999969482422,31.412500381469727,31.770000457763672,28.20698356628418,217088800,0.0,0.0
2015-02-17,31.872499465942383,32.220001220703125,31.729999542236328,31.957500457763672,28.373464584350586,252609600,0.0,0.0
2015-02-18,31.907499313354492,32.19499969482422,31.862499237060547,32.18000030517578,28.570999145507812,179566800,0.0,0.0
2015-02-19,32.119998931884766,32.25749969482422,32.08250045776367,32.11249923706055,28.511075973510742,149449600,0.0,0.0
2015-02-20,32.154998779296875,32.375,32.01250076293945,32.375,28.744140625,195793600,0.0,0.0
2015-02-23,32.505001068115234,33.25,32.415000915527344,33.25,29.520999908447266,283896400,0.0,0.0
2015-02-24,33.23500061035156,33.400001525878906,32.79249954223633,33.04249954223633,29.336772918701172,276912400,0.0,0.0
2015-02-25,32.88999938964844,32.900001525878906,32.037498474121094,32.1974983215332,28.586544036865234,298846800,0.0,0.0
2015-02-26,32.1974983215332,32.717498779296875,31.65250015258789,32.60499954223633,28.948341369628906,365150000,0.0,0.0
2015-02-27,32.5,32.64250183105469,32.060001373291016,32.1150016784668,28.513290405273438,248059200,0.0,0.0
2015-03-02,32.3125,32.56999969482422,32.07500076293945,32.272499084472656,28.653125762939453,192386800,0.0,0.0
2015-03-03,32.2400016784668,32.380001068115234,32.022499084472656,32.34000015258789,28.71306037902832,151265200,0.0,0.0
2015-03-04,32.275001525878906,32.38999938964844,32.08000183105469,32.1349983215332,28.531044006347656,126665200,0.0,0.0
2015-03-05,32.14500045776367,32.1875,31.440000534057617,31.602500915527344,28.05826759338379,226068400,0.0,0.0
2015-03-06,32.099998474121094,32.342498779296875,31.565000534057617,31.649999618530273,28.100446701049805,291368400,0.0,0.0
2015-03-09,31.989999771118164,32.39250183105469,31.264999389648438,31.78499984741211,28.220308303833008,354114000,0.0,0.0
2015-03-10,31.602500915527344,31.80500030517578,30.950000762939453,31.127500534057617,27.636547088623047,275426400,0.0,0.0
2015-03-11,31.1875,31.1924991607666,30.52750015258789,30.559999465942383,27.1326904296875,275756000,0.0,0.0
2015-03-12,30.577499389648438,31.225000381469727,30.407499313354492,31.112499237060547,27.623228073120117,193450800,0.0,0.0
2015-03-13,31.100000381469727,31.350000381469727,30.645000457763672,30.897499084472656,27.43233871459961,207309200,0.0,0.0
2015-03-16,30.969999313354492,31.237499237060547,30.717500686645508,31.237499237060547,27.734207153320312,143497200,0.0,0.0
2015-03-17,31.475000381469727,31.829999923706055,31.412500381469727,31.760000228881836,28.19810676574707,204092400,0.0,0.0
2015-03-18,31.75,32.290000915527344,31.592500686645508,32.11750030517578,28.515514373779297,261083600,0.0,0.0
2015-03-19,32.1875,32.3125,31.850000381469727,31.875,28.300209045410156,183238000,0.0,0.0
2015-03-20,32.0625,32.099998474121094,31.290000915527344,31.475000381469727,27.945072174072266,274780400,0.0,0.0
2015-03-23,31.780000686645508,31.962499618530273,31.6299991607666,31.802499771118164,28.23583984375,150838800,0.0,0.0
2015-03-24,31.8075008392334,32.0099983215332,31.639999389648438,31.672500610351562,28.120424270629883,131369200,0.0,0.0
2015-03-25,31.635000228881836,31.704999923706055,30.844999313354492,30.844999313354492,27.385719299316406,206620800,0.0,0.0
2015-03-26,30.690000534057617,31.219999313354492,30.649999618530273,31.059999465942383,27.57661247253418,190291600,0.0,0.0
2015-03-27,31.142499923706055,31.174999237060547,30.727500915527344,30.8125,27.35687255859375,158184800,0.0,0.0
2015-03-30,31.012500762939453,31.600000381469727,31.0,31.592500686645508,28.049396514892578,188398800,0.0,0.0
2015-03-31,31.522499084472656,31.622499465942383,31.09000015258789,31.107500076293945,27.61878776550293,168362400,0.0,0.0
2015-04-01,31.204999923706055,31.280000686645508,30.774999618530273,31.0625,27.578834533691406,162485600,0.0,0.0
2015-04-02,31.25749969482422,31.389999389648438,31.047500610351562,31.329999923706055,27.816328048706055,128880400,0.0,0.0
2015-04-06,31.11750030517578,31.877500534057617,31.082500457763672,31.837499618530273,28.266910552978516,148776000,0.0,0.0
2015-04-07,31.90999984741211,32.029998779296875,31.4950008392334,31.502500534057617,27.9694881439209,140049200,0.0,0.0
2015-04-08,31.462499618530273,31.600000381469727,31.24250030517578,31.399999618530273,27.878482818603516,149316800,0.0,0.0
2015-04-09,31.462499618530273,31.645000457763672,31.165000915527344,31.639999389648438,28.091567993164062,129936000,0.0,0.0
2015-04-10,31.487499237060547,31.802499771118164,31.315000534057617,31.774999618530273,28.211423873901367,160752000,0.0,0.0
2015-04-13,32.092498779296875,32.14250183105469,31.65250015258789,31.712499618530273,28.155933380126953,145460400,0.0,0.0
2015-04-14,31.75,31.822500228881836,31.477500915527344,31.575000762939453,28.033857345581055,102098400,0.0,0.0
2015-04-15,31.602500915527344,31.782499313354492,31.502500534057617,31.69499969482422,28.140399932861328,115881600,0.0,0.0
2015-04-16,31.56999969482422,31.774999618530273,31.52750015258789,31.542499542236328,28.00499725341797,113476000,0.0,0.0
2015-04-17,31.387500762939453,31.53499984741211,31.114999771118164,31.1875,27.6898136138916,207828000,0.0,0.0
2015-04-20,31.392499923706055,32.029998779296875,31.292499542236328,31.899999618530273,28.32240867614746,188217200,0.0,0.0
2015-04-21,32.025001525878906,32.04999923706055,31.667499542236328,31.727500915527344,28.16925048828125,129740400,0.0,0.0
2015-04-22,31.747499465942383,32.217498779296875,31.579999923706055,32.154998779296875,28.548810958862305,150618000,0.0,0.0
2015-04-23,32.07500076293945,32.60499954223633,32.03499984741211,32.41749954223633,28.781869888305664,183083600,0.0,0.0
2015-04-24,32.622501373291016,32.657501220703125,32.307498931884766,32.56999969482422,28.917266845703125,178103600,0.0,0.0
2015-04-27,33.07749938964844,33.282501220703125,32.787498474121094,33.162498474121094,29.443326950073242,387816800,0.0,0.0
2015-04-28,33.6150016784668,33.6349983215332,32.39250183105469,32.63999938964844,28.979415893554688,475696000,0.0,0.0
2015-04-29,32.540000915527344,32.897499084472656,32.07500076293945,32.15999984741211,28.55324363708496,253544400,0.0,0.0
2015-04-30,32.15999984741211,32.15999984741211,31.145000457763672,31.287500381469727,27.778606414794922,332781600,0.0,0.0
2015-05-01,31.524999618530273,32.532501220703125,31.325000762939453,32.23749923706055,28.622053146362305,234050400,0.0,0.0
2015-05-04,32.375,32.64250183105469,32.064998626708984,32.17499923706055,28.566560745239258,203953200,0.0,0.0
2015-05-05,32.037498474121094,32.11249923706055,31.44499969482422,31.450000762939453,27.922876358032227,197085600,0.0,0.0
2015-05-06,31.639999389648438,31.6875,30.84000015258789,31.252500534057617,27.74752426147461,288564000,0.0,0.0
2015-05-07,31.1924991607666,31.520000457763672,31.0049991607666,31.315000534057617,27.919151306152344,175763600,0.13,0.0
2015-05-08,31.670000076293945,31.905000686645508,31.52750015258789,31.905000686645508,28.44516372680664,222201600,0.0,0.0
2015-05-11,31.84749984741211,31.889999389648438,31.407499313354492,31.579999923706055,28.155418395996094,168143200,0.0,0.0
2015-05-12,31.399999618530273,31.719999313354492,31.204999923706055,31.467500686645508,28.055110931396484,192640000,0.0,0.0
2015-05-13,31.537500381469727,31.797500610351562,31.467500686645508,31.502500534057617,28.08631706237793,138776800,0.0,0.0
2015-05-14,31.852500915527344,32.23749923706055,31.790000915527344,32.23749923706055,28.74161148071289,180814000,0.0,0.0
2015-05-15,32.26750183105469,32.372501373291016,32.0525016784668,32.192501068115234,28.701494216918945,152832000,0.0,0.0
2015-05-18,32.095001220703125,32.68000030517578,32.09000015258789,32.54750061035156,29.017993927001953,203531600,0.0,0.0
2015-05-19,32.67250061035156,32.720001220703125,32.40999984741211,32.51750183105469,28.99125099182129,178532800,0.0,0.0
2015-05-20,32.5,32.744998931884766,32.334999084472656,32.51499938964844,28.989017486572266,145819600,0.0,0.0
2015-05-21,32.51750183105469,32.907501220703125,32.45750045776367,32.84749984741211,29.285459518432617,158921600,0.0,0.0
2015-05-22,32.900001525878906,33.24250030517578,32.849998474121094,33.1349983215332,29.54178237915039,182384000,0.0,0.0
2015-05-26,33.150001525878906,33.227500915527344,32.279998779296875,32.404998779296875,28.89095115661621,282790400,0.0,0.0
2015-05-27,32.584999084472656,33.064998626708984,32.51250076293945,33.0099983215332,29.430339813232422,183332800,0.0,0.0
2015-05-28,32.96500015258789,32.98749923706055,32.775001525878906,32.94499969482422,29.372392654418945,122933200,0.0,0.0
2015-05-29,32.807498931884766,32.86249923706055,32.474998474121094,32.56999969482422,29.038057327270508,203538000,0.0,0.0
2015-06-01,32.56999969482422,32.84749984741211,32.51250076293945,32.6349983215332,29.096006393432617,128451200,0.0,0.0
2015-06-02,32.46500015258789,32.665000915527344,32.33000183105469,32.4900016784668,28.966732025146484,134670400,0.0,0.0
2015-06-03,32.665000915527344,32.73500061035156,32.474998474121094,32.529998779296875,29.002391815185547,123934000,0.0,0.0
2015-06-04,32.39500045776367,32.64500045776367,32.227500915527344,32.34000015258789,28.832998275756836,153800400,0.0,0.0
2015-06-05,32.375,32.42250061035156,32.09000015258789,32.162498474121094,28.674745559692383,142507200,0.0,0.0
2015-06-08,32.224998474121094,32.3025016784668,31.707500457763672,31.950000762939453,28.48529052734375,210699200,0.0,0.0
2015-06-09,31.674999237060547,32.02000045776367,31.405000686645508,31.854999542236328,28.400588989257812,224301600,0.0,0.0
2015-06-10,31.979999542236328,32.334999084472656,31.962499618530273,32.220001220703125,28.72601890563965,156349200,0.0,0.0
2015-06-11,32.29499816894531,32.54499816894531,32.119998931884766,32.147499084472656,28.661373138427734,141563600,0.0,0.0
2015-06-12,32.04750061035156,32.08250045776367,31.77750015258789,31.792499542236328,28.344867706298828,147544800,0.0,0.0
2015-06-15,31.524999618530273,31.809999465942383,31.427499771118164,31.729999542236328,28.28915023803711,175955600,0.0,0.0
2015-06-16,31.75749969482422,31.962499618530273,31.592500686645508,31.899999618530273,28.44071388244629,125976400,0.0,0.0
2015-06-17,31.93000030517578,31.969999313354492,31.684999465942383,31.825000762939453,28.373842239379883,131672400,0.0,0.0
2015-06-18,31.8075008392334,32.07749938964844,31.80500030517578,31.969999313354492,28.50311851501465,141628800,0.0,0.0
2015-06-19,31.927499771118164,31.954999923706055,31.600000381469727,31.649999618530273,28.217824935913086,218867600,0.0,0.0
2015-06-22,31.872499465942383,32.01499938964844,31.770000457763672,31.90250015258789,28.44293975830078,136157200,0.0,0.0
2015-06-23,31.8700008392334,31.90250015258789,31.719999313354492,31.75749969482422,28.313669204711914,121075600,0.0,0.0
2015-06-24,31.802499771118164,32.45000076293945,31.780000686645508,32.02750015258789,28.554391860961914,221123600,0.0,0.0
2015-06-25,32.21500015258789,32.29999923706055,31.875,31.875,28.418420791625977,127752400,0.0,0.0
2015-06-26,31.917499542236328,31.997499465942383,31.627500534057617,31.6875,28.25125503540039,176267200,0.0,0.0
2015-06-29,31.364999771118164,31.61750030517578,31.1200008392334,31.13249969482422,27.75644302368164,196645600,0.0,0.0
2015-06-30,31.392499923706055,31.530000686645508,31.21500015258789,31.357500076293945,27.957042694091797,177482800,0.0,0.0
2015-07-01,31.725000381469727,31.735000610351562,31.497499465942383,31.649999618530273,28.217824935913086,120955200,0.0,0.0
2015-07-02,31.607500076293945,31.672500610351562,31.4424991607666,31.610000610351562,28.182161331176758,108844000,0.0,0.0
2015-07-06,31.235000610351562,31.5575008392334,31.212499618530273,31.5,28.084083557128906,112241600,0.0,0.0
2015-07-07,31.47249984741211,31.537500381469727,30.9424991607666,31.422500610351562,28.014991760253906,187787200,0.0,0.0
2015-07-08,31.1200008392334,31.15999984741211,30.635000228881836,30.642499923706055,27.319576263427734,243046400,0.0,0.0
2015-07-09,30.962499618530273,31.014999389648438,29.80500030517578,30.017499923706055,26.762351989746094,314380000,0.0,0.0
2015-07-10,30.485000610351562,30.962499618530273,30.302499771118164,30.81999969482422,27.47783660888672,245418000,0.0,0.0
2015-07-13,31.25749969482422,31.440000534057617,31.079999923706055,31.415000915527344,28.008310317993164,165762000,0.0,0.0
2015-07-14,31.510000228881836,31.592500686645508,31.260000228881836,31.40250015258789,27.997161865234375,127072400,0.0,0.0
2015-07-15,31.43000030517578,31.787500381469727,31.395000457763672,31.704999923706055,28.266864776611328,134596800,0.0,0.0
2015-07-16,31.934999465942383,32.14250183105469,31.837499618530273,32.127498626708984,28.643539428710938,144889600,0.0,0.0
2015-07-17,32.27000045776367,32.404998779296875,32.07749938964844,32.404998779296875,28.89095115661621,184658800,0.0,0.0
2015-07-20,32.74250030517578,33.24250030517578,32.67499923706055,33.01750183105469,29.43703269958496,235600800,0.0,0.0
2015-07-21,33.212501525878906,33.22999954223633,32.58000183105469,32.6875,29.142812728881836,307025600,0.0,0.0
2015-07-22,30.497499465942383,31.375,30.497499465942383,31.30500030517578,27.91023063659668,461802400,0.0,0.0
2015-07-23,31.549999237060547,31.772499084472656,31.264999389648438,31.290000915527344,27.896867752075195,203998000,0.0,0.0
2015-07-24,31.329999923706055,31.434999465942383,30.975000381469727,31.125,27.749752044677734,168649200,0.0,0.0
2015-07-27,30.772499084472656,30.90250015258789,30.530000686645508,30.6924991607666,27.36414909362793,177822000,0.0,0.0
2015-07-28,30.844999313354492,30.977500915527344,30.637500762939453,30.844999313354492,27.500110626220703,134472400,0.0,0.0
2015-07-29,30.787500381469727,30.875,30.5674991607666,30.747499465942383,27.413190841674805,148046800,0.0,0.0
2015-07-30,30.579999923706055,30.642499923706055,30.427499771118164,30.592500686645508,27.27499771118164,134513200,0.0,0.0
2015-07-31,30.649999618530273,30.65999984741211,30.227500915527344,30.325000762939453,27.0365047454834,171540000,0.0,0.0
2015-08-03,30.375,30.642499923706055,29.3799991607666,29.610000610351562,26.399044036865234,279904000,0.0,0.0
2015-08-04,29.354999542236328,29.424999237060547,28.3125,28.65999984741211,25.552064895629883,496554400,0.0,0.0
2015-08-05,28.237499237060547,29.360000610351562,28.024999618530273,28.850000381469727,25.721460342407227,397250400,0.0,0.0
2015-08-06,28.99250030517578,29.125,28.530000686645508,28.782499313354492,25.77743148803711,211612000,0.13,0.0
2015-08-07,28.645000457763672,29.0625,28.625,28.8799991607666,25.8647518157959,154681600,0.0,0.0
2015-08-10,29.13249969482422,29.997499465942383,29.13249969482422,29.93000030517578,26.805124282836914,219806400,0.0,0.0
2015-08-11,29.452499389648438,29.545000076293945,28.332500457763672,28.372499465942383,25.410234451293945,388331200,0.0,0.0
2015-08-12,28.13249969482422,28.854999542236328,27.407499313354492,28.809999465942383,25.802064895629883,404870000,0.0,0.0
2015-08-13,29.010000228881836,29.100000381469727,28.635000228881836,28.787500381469727,25.781906127929688,194143200,0.0,0.0
2015-08-14,28.579999923706055,29.077499389648438,28.502500534057617,28.989999771118164,25.963266372680664,171718000,0.0,0.0
2015-08-17,29.010000228881836,29.412500381469727,28.875,29.290000915527344,26.231950759887695,163538800,0.0,0.0
2015-08-18,29.107500076293945,29.360000610351562,29.002500534057617,29.125,26.08417510986328,138242800,0.0,0.0
2015-08-19,29.024999618530273,29.1299991607666,28.670000076293945,28.752500534057617,25.750564575195312,193146000,0.0,0.0
2015-08-20,28.520000457763672,28.587499618530273,27.907499313354492,28.162500381469727,25.22216796875,274006400,0.0,0.0
2015-08-21,27.607500076293945,27.975000381469727,26.412500381469727,26.440000534057617,23.67950439453125,513102000,0.0,0.0
2015-08-24,23.717500686645508,27.200000762939453,23.0,25.780000686645508,23.08841323852539,648825200,0.0,0.0
2015-08-25,27.77750015258789,27.77750015258789,25.875,25.934999465942383,23.227222442626953,414406400,0.0,0.0
2015-08-26,26.772499084472656,27.47249984741211,26.262500762939453,27.422500610351562,24.559423446655273,387098400,0.0,0.0
2015-08-27,28.0575008392334,28.309999465942383,27.5049991607666,28.229999542236328,25.282615661621094,338464400,0.0,0.0
2015-08-28,28.042499542236328,28.327499389648438,27.885000228881836,28.322500228881836,25.36545753479004,212657600,0.0,0.0
2015-08-31,28.00749969482422,28.63249969482422,28.0,28.190000534057617,25.246795654296875,224917200,0.0,0.0
2015-09-01,27.537500381469727,27.969999313354492,26.84000015258789,26.93000030517578,24.118343353271484,307383600,0.0,0.0
2015-09-02,27.5575008392334,28.084999084472656,27.282499313354492,28.084999084472656,25.15275764465332,247555200,0.0,0.0
2015-09-03,28.122499465942383,28.19499969482422,27.510000228881836,27.592500686645508,24.7116756439209,212935600,0.0,0.0
2015-09-04,27.24250030517578,27.612499237060547,27.127500534057617,27.3174991607666,24.46538543701172,199985200,0.0,0.0
2015-09-08,27.9375,28.139999389648438,27.579999923706055,28.077499389648438,25.146034240722656,219374400,0.0,0.0
2015-09-09,28.440000534057617,28.5049991607666,27.4424991607666,27.537500381469727,24.66242218017578,340043200,0.0,0.0
2015-09-10,27.5674991607666,28.31999969482422,27.475000381469727,28.142499923706055,25.204252243041992,251571200,0.0,0.0
2015-09-11,27.947500228881836,28.552499771118164,27.940000534057617,28.552499771118164,25.57144546508789,199662000,0.0,0.0
2015-09-14,29.145000457763672,29.22249984741211,28.71500015258789,28.827499389648438,25.817733764648438,233453600,0.0,0.0
2015-09-15,28.982500076293945,29.13249969482422,28.604999542236328,29.06999969482422,26.03492546081543,173364800,0.0,0.0
2015-09-16,29.0625,29.135000228881836,28.860000610351562,29.102500915527344,26.064022064208984,148694000,0.0,0.0
2015-09-17,28.915000915527344,29.122499465942383,28.43000030517578,28.479999542236328,25.506513595581055,256450400,0.0,0.0
2015-09-18,28.052499771118164,28.575000762939453,27.967500686645508,28.362499237060547,25.40127944946289,297141200,0.0,0.0
2015-09-21,28.417499542236328,28.842500686645508,28.415000915527344,28.802499771118164,25.79534339904785,200888000,0.0,0.0
2015-09-22,28.344999313354492,28.545000076293945,28.1299991607666,28.350000381469727,25.390090942382812,201384800,0.0,0.0
2015-09-23,28.407499313354492,28.68000030517578,28.325000762939453,28.579999923706055,25.5960750579834,143026800,0.0,0.0
2015-09-24,28.3125,28.875,28.092500686645508,28.75,25.748329162597656,200878000,0.0,0.0
2015-09-25,29.110000610351562,29.172500610351562,28.5049991607666,28.677499771118164,25.683399200439453,224607600,0.0,0.0
2015-09-28,28.462499618530273,28.642499923706055,28.110000610351562,28.110000610351562,25.17514419555664,208436000,0.0,0.0
2015-09-29,28.207500457763672,28.377500534057617,26.96500015258789,27.264999389648438,24.41836929321289,293461600,0.0,0.0
2015-09-30,27.542499542236328,27.885000228881836,27.1825008392334,27.575000762939453,24.696002960205078,265892000,0.0,0.0
2015-10-01,27.267499923706055,27.405000686645508,26.827499389648438,27.395000457763672,24.5347957611084,255716400,0.0,0.0
2015-10-02,27.002500534057617,27.752500534057617,26.887500762939453,27.594999313354492,24.713909149169922,232079200,0.0,0.0
2015-10-05,27.469999313354492,27.842500686645508,27.267499923706055,27.69499969482422,24.8034725189209,208258800,0.0,0.0
2015-10-06,27.657499313354492,27.934999465942383,27.4424991607666,27.827499389648438,24.922138214111328,192787200,0.0,0.0
2015-10-07,27.934999465942383,27.9424991607666,27.352500915527344,27.69499969482422,24.8034725189209,187062400,0.0,0.0
2015-10-08,27.547500610351562,27.547500610351562,27.052499771118164,27.375,24.516883850097656,247918400,0.0,0.0
2015-10-09,27.5,28.06999969482422,27.372499465942383,28.030000686645508,25.103500366210938,211064400,0.0,0.0
2015-10-12,28.1825008392334,28.1875,27.860000610351562,27.899999618530273,24.98706817626953,121868800,0.0,0.0
2015-10-13,27.704999923706055,28.112499237060547,27.670000076293945,27.947500228881836,25.029605865478516,132197200,0.0,0.0
2015-10-14,27.822500228881836,27.8799991607666,27.389999389648438,27.552499771118164,24.675844192504883,177849600,0.0,0.0
2015-10-15,27.732500076293945,28.024999618530273,27.622499465942383,27.96500015258789,25.0452880859375,150694000,0.0,0.0
2015-10-16,27.94499969482422,28.0,27.63249969482422,27.760000228881836,24.8616943359375,156930400,0.0,0.0
2015-10-19,27.700000762939453,27.9375,27.52750015258789,27.9325008392334,25.016176223754883,119036800,0.0,0.0
2015-10-20,27.834999084472656,28.542499542236328,27.704999923706055,28.4424991607666,25.47292709350586,195871200,0.0,0.0
2015-10-21,28.5,28.895000457763672,28.424999237060547,28.440000534057617,25.470693588256836,167180800,0.0,0.0
2015-10-22,28.582500457763672,28.875,28.524999618530273,28.875,25.860271453857422,166616400,0.0,0.0
2015-10-23,29.174999237060547,29.8075008392334,29.082500457763672,29.770000457763672,26.66183090209961,237467600,0.0,0.0
2015-10-26,29.520000457763672,29.532499313354492,28.729999542236328,28.81999969482422,25.811016082763672,265335200,0.0,0.0
2015-10-27,28.850000381469727,29.135000228881836,28.497499465942383,28.637500762939453,25.647573471069336,279537600,0.0,0.0
2015-10-28,29.232500076293945,29.825000762939453,29.014999389648438,29.8174991607666,26.704374313354492,342205600,0.0,0.0
2015-10-29,29.674999237060547,30.172500610351562,29.5674991607666,30.13249969482422,26.98648452758789,204909200,0.0,0.0
2015-10-30,30.247499465942383,30.30500030517578,29.862499237060547,29.875,26.755868911743164,197461200,0.0,0.0
2015-11-02,30.200000762939453,30.34000015258789,29.90250015258789,30.295000076293945,27.132017135620117,128813200,0.0,0.0
2015-11-03,30.197500228881836,30.872499465942383,30.174999237060547,30.642499923706055,27.443241119384766,182076000,0.0,0.0
2015-11-04,30.782499313354492,30.954999923706055,30.405000686645508,30.5,27.31561279296875,179544400,0.0,0.0
2015-11-05,30.462499618530273,30.672500610351562,30.045000076293945,30.229999542236328,27.189693450927734,158210800,0.13,0.0
2015-11-06,30.27750015258789,30.452499389648438,30.155000686645508,30.264999389648438,27.221172332763672,132169200,0.0,0.0
2015-11-09,30.239999771118164,30.452499389648438,30.012500762939453,30.142499923706055,27.110994338989258,135485600,0.0,0.0
2015-11-10,29.225000381469727,29.517499923706055,29.014999389648438,29.1924991607666,26.25653839111328,236511600,0.0,0.0
2015-11-11,29.092500686645508,29.354999542236328,28.802499771118164,29.02750015258789,26.108137130737305,180872000,0.0,0.0
2015-11-12,29.065000534057617,29.204999923706055,28.912500381469727,28.93000030517578,26.020435333251953,130102400,0.0,0.0
2015-11-13,28.799999237060547,28.892499923706055,28.0674991607666,28.084999084472656,25.260417938232422,183249600,0.0,0.0
2015-11-16,27.844999313354492,28.559999465942383,27.75,28.545000076293945,25.674156188964844,152426800,0.0,0.0
2015-11-17,28.729999542236328,28.762500762939453,28.329999923706055,28.422500610351562,25.563980102539062,110467600,0.0,0.0
2015-11-18,28.940000534057617,29.372499465942383,28.875,29.322500228881836,26.37346649169922,186698800,0.0,0.0
2015-11-19,29.40999984741211,29.9375,29.190000534057617,29.69499969482422,26.70850372314453,173183200,0.0,0.0
2015-11-20,29.799999237060547,29.979999542236328,29.712499618530273,29.825000762939453,26.82542610168457,137148400,0.0,0.0
2015-11-23,29.8174991607666,29.9325008392334,29.334999084472656,29.4375,26.476900100708008,129930000,0.0,0.0
2015-11-24,29.332500457763672,29.837499618530273,29.280000686645508,29.719999313354492,26.730985641479492,171212800,0.0,0.0
2015-11-25,29.802499771118164,29.8075008392334,29.479999542236328,29.50749969482422,26.539859771728516,85553200,0.0,0.0
2015-11-27,29.572500228881836,29.602500915527344,29.399999618530273,29.452499389648438,26.490392684936523,52185600,0.0,0.0
2015-11-30,29.497499465942383,29.852500915527344,29.4375,29.575000762939453,26.600568771362305,156721200,0.0,0.0
2015-12-01,29.6875,29.702499389648438,29.21500015258789,29.334999084472656,26.38471031188965,139409600,0.0,0.0
2015-12-02,29.334999084472656,29.52750015258789,29.020000457763672,29.06999969482422,26.14635467529297,133546400,0.0,0.0
2015-12-03,29.137500762939453,29.197500228881836,28.55500030517578,28.799999237060547,25.90351676940918,166278000,0.0,0.0
2015-12-04,28.822500228881836,29.8125,28.77750015258789,29.75749969482422,26.76471710205078,231108000,0.0,0.0
2015-12-07,29.7450008392334,29.96500015258789,29.452499389648438,29.56999969482422,26.5960693359375,128336800,0.0,0.0
2015-12-08,29.3799991607666,29.649999618530273,29.21500015258789,29.5575008392334,26.58482551574707,137238000,0.0,0.0
2015-12-09,29.40999984741211,29.422500610351562,28.770000457763672,28.905000686645508,25.997953414916992,185445600,0.0,0.0
2015-12-10,29.010000228881836,29.235000610351562,28.877500534057617,29.042499542236328,26.121618270874023,116850800,0.0,0.0
2015-12-11,28.797500610351562,28.84749984741211,28.212499618530273,28.295000076293945,25.449302673339844,187544800,0.0,0.0
2015-12-14,28.045000076293945,28.170000076293945,27.447500228881836,28.1200008392334,25.29190444946289,257274800,0.0,0.0
2015-12-15,27.985000610351562,28.200000762939453,27.587499618530273,27.622499465942383,24.844438552856445,213292400,0.0,0.0
2015-12-16,27.767499923706055,27.997499465942383,27.200000762939453,27.834999084472656,25.035560607910156,224954000,0.0,0.0
2015-12-17,28.0049991607666,28.0625,27.2450008392334,27.2450008392334,24.50490951538086,179091200,0.0,0.0
2015-12-18,27.227500915527344,27.3799991607666,26.452499389648438,26.50749969482422,23.84157371520996,385813200,0.0,0.0
2015-12-21,26.81999969482422,26.842500686645508,26.392499923706055,26.832500457763672,24.133893966674805,190362400,0.0,0.0
2015-12-22,26.850000381469727,26.93000030517578,26.612499237060547,26.8075008392334,24.111408233642578,131157600,0.0,0.0
2015-12-23,26.8174991607666,27.212499618530273,26.799999237060547,27.15250015258789,24.421707153320312,130629600,0.0,0.0
2015-12-24,27.25,27.25,26.987499237060547,27.00749969482422,24.291290283203125,54281600,0.0,0.0
2015-12-28,26.897499084472656,26.922500610351562,26.545000076293945,26.704999923706055,24.019214630126953,106816800,0.0,0.0
2015-12-29,26.739999771118164,27.357500076293945,26.71500015258789,27.184999465942383,24.450931549072266,123724800,0.0,0.0
2015-12-30,27.145000457763672,27.174999237060547,26.795000076293945,26.829999923706055,24.13163948059082,100855200,0.0,0.0
2015-12-31,26.752500534057617,26.75749969482422,26.204999923706055,26.315000534057617,23.668434143066406,163649200,0.0,0.0
2016-01-04,25.65250015258789,26.342500686645508,25.5,26.337499618530273,23.688671112060547,270597600,0.0,0.0
2016-01-05,26.4375,26.462499618530273,25.602500915527344,25.677499771118164,23.09505844116211,223164000,0.0,0.0
2016-01-06,25.139999389648438,25.592500686645508,24.967500686645508,25.174999237060547,22.643091201782227,273829600,0.0,0.0
2016-01-07,24.670000076293945,25.032499313354492,24.107500076293945,24.112499237060547,21.687450408935547,324377600,0.0,0.0
2016-01-08,24.637500762939453,24.77750015258789,24.190000534057617,24.239999771118164,21.802125930786133,283192000,0.0,0.0
2016-01-11,24.74250030517578,24.764999389648438,24.334999084472656,24.63249969482422,22.155149459838867,198957600,0.0,0.0
2016-01-12,25.137500762939453,25.172500610351562,24.709999084472656,24.989999771118164,22.47669219970703,196616800,0.0,0.0
2016-01-13,25.079999923706055,25.297500610351562,24.325000762939453,24.34749984741211,21.89881706237793,249758400,0.0,0.0
2016-01-14,24.489999771118164,25.1200008392334,23.934999465942383,24.8799991607666,22.37775993347168,252680400,0.0,0.0
2016-01-15,24.049999237060547,24.427499771118164,23.84000015258789,24.282499313354492,21.84035301208496,319335600,0.0,0.0
2016-01-19,24.602500915527344,24.662500381469727,23.875,24.165000915527344,21.734668731689453,212350800,0.0,0.0
2016-01-20,23.774999618530273,24.547500610351562,23.354999542236328,24.197500228881836,21.763896942138672,289337600,0.0,0.0
2016-01-21,24.264999389648438,24.469999313354492,23.735000610351562,24.075000762939453,21.653715133666992,208646000,0.0,0.0
2016-01-22,24.657499313354492,25.364999771118164,24.592500686645508,25.354999542236328,22.804988861083984,263202000,0.0,0.0
2016-01-25,25.3799991607666,25.38249969482422,24.802499771118164,24.860000610351562,22.35976791381836,207178000,0.0,0.0
2016-01-26,24.982500076293945,25.219999313354492,24.517499923706055,24.997499465942383,22.483448028564453,300308000,0.0,0.0
2016-01-27,24.010000228881836,24.157499313354492,23.334999084472656,23.354999542236328,21.00612449645996,533478800,0.0,0.0
2016-01-28,23.447500228881836,23.6299991607666,23.09749984741211,23.522499084472656,21.156780242919922,222715200,0.0,0.0
2016-01-29,23.697500228881836,24.334999084472656,23.587499618530273,24.334999084472656,21.88756561279297,257666000,0.0,0.0
2016-02-01,24.11750030517578,24.177499771118164,23.850000381469727,24.107500076293945,21.682950973510742,163774000,0.0,0.0
2016-02-02,23.854999542236328,24.010000228881836,23.56999969482422,23.6200008392334,21.244474411010742,149428800,0.0,0.0
2016-02-03,23.75,24.209999084472656,23.520000457763672,24.087499618530273,21.664960861206055,183857200,0.0,0.0
2016-02-04,23.96500015258789,24.332500457763672,23.797500610351562,24.149999618530273,21.83904457092285,185886800,0.13,0.0
2016-02-05,24.1299991607666,24.229999542236328,23.422500610351562,23.5049991607666,21.255762100219727,185672400,0.0,0.0
2016-02-08,23.282499313354492,23.924999237060547,23.260000228881836,23.752500534057617,21.479581832885742,216085600,0.0,0.0
2016-02-09,23.572500228881836,23.985000610351562,23.482500076293945,23.747499465942383,21.475061416625977,177324800,0.0,0.0
2016-02-10,23.979999542236328,24.087499618530273,23.524999618530273,23.5674991607666,21.31228256225586,169374400,0.0,0.0
2016-02-11,23.447500228881836,23.68000030517578,23.147499084472656,23.424999237060547,21.18341636657715,200298800,0.0,0.0
2016-02-12,23.547500610351562,23.625,23.252500534057617,23.497499465942383,21.248981475830078,161405600,0.0,0.0
2016-02-16,23.7549991607666,24.212499618530273,23.65250015258789,24.15999984741211,21.84809112548828,196231600,0.0,0.0
2016-02-17,24.167499542236328,24.552499771118164,24.037500381469727,24.530000686645508,22.18268394470215,179452800,0.0,0.0
2016-02-18,24.709999084472656,24.72249984741211,24.022499084472656,24.065000534057617,21.762168884277344,156084000,0.0,0.0
2016-02-19,24.0,24.190000534057617,23.950000762939453,24.010000228881836,21.712446212768555,141496800,0.0,0.0
2016-02-22,24.077499389648438,24.225000381469727,23.979999542236328,24.219999313354492,21.90233612060547,137123200,0.0,0.0
2016-02-23,24.100000381469727,24.125,23.637500762939453,23.672500610351562,21.407238006591797,127770400,0.0,0.0
2016-02-24,23.4950008392334,24.094999313354492,23.329999923706055,24.024999618530273,21.726003646850586,145022800,0.0,0.0
2016-02-25,24.012500762939453,24.190000534057617,23.8125,24.190000534057617,21.875213623046875,110330800,0.0,0.0
2016-02-26,24.299999237060547,24.5049991607666,24.145000457763672,24.227500915527344,21.90912628173828,115964400,0.0,0.0
2016-02-29,24.21500015258789,24.5575008392334,24.162500381469727,24.172500610351562,21.85938835144043,140865200,0.0,0.0
2016-03-01,24.412500381469727,25.1924991607666,24.354999542236328,25.13249969482422,22.727523803710938,201628400,0.0,0.0
2016-03-02,25.127500534057617,25.22249984741211,24.90999984741211,25.1875,22.777259826660156,132678400,0.0,0.0
2016-03-03,25.145000457763672,25.427499771118164,25.112499237060547,25.375,22.946819305419922,147822800,0.0,0.0
2016-03-04,25.592500686645508,25.9375,25.342500686645508,25.752500534057617,23.288190841674805,184220400,0.0,0.0
2016-03-07,25.59749984741211,25.707500457763672,25.239999771118164,25.467500686645508,23.030466079711914,143315600,0.0,0.0
2016-03-08,25.19499969482422,25.440000534057617,25.100000381469727,25.25749969482422,22.84056282043457,126247600,0.0,0.0
2016-03-09,25.327499389648438,25.395000457763672,25.0674991607666,25.280000686645508,22.860904693603516,108806800,0.0,0.0
2016-03-10,25.352500915527344,25.559999465942383,25.037500381469727,25.292499542236328,22.872209548950195,134054400,0.0,0.0
2016-03-11,25.559999465942383,25.56999969482422,25.375,25.565000534057617,23.11863899230957,109632800,0.0,0.0
2016-03-14,25.477500915527344,25.727500915527344,25.44499969482422,25.6299991607666,23.177412033081055,100304400,0.0,0.0
2016-03-15,25.989999771118164,26.295000076293945,25.962499618530273,26.145000457763672,23.643131256103516,160270800,0.0,0.0
2016-03-16,26.15250015258789,26.577499389648438,26.147499084472656,26.49250030517578,23.957378387451172,153214000,0.0,0.0
2016-03-17,26.3799991607666,26.61750030517578,26.239999771118164,26.450000762939453,23.9189453125,137682800,0.0,0.0
2016-03-18,26.584999084472656,26.625,26.297500610351562,26.479999542236328,23.94608497619629,176820800,0.0,0.0
2016-03-21,26.482500076293945,26.912500381469727,26.28499984741211,26.477500915527344,23.94381332397461,142010800,0.0,0.0
2016-03-22,26.3125,26.822500228881836,26.302499771118164,26.68000030517578,24.126937866210938,129777600,0.0,0.0
2016-03-23,26.6200008392334,26.767499923706055,26.475000381469727,26.532499313354492,23.993555068969727,102814000,0.0,0.0
2016-03-24,26.36750030517578,26.5625,26.22249984741211,26.417499542236328,23.889556884765625,104532000,0.0,0.0
2016-03-28,26.5,26.547500610351562,26.264999389648438,26.297500610351562,23.781036376953125,77645600,0.0,0.0
2016-03-29,26.22249984741211,26.947500228881836,26.219999313354492,26.920000076293945,24.34397315979004,124760400,0.0,0.0
2016-03-30,27.162500381469727,27.604999542236328,27.149999618530273,27.389999389648438,24.768997192382812,182404400,0.0,0.0
2016-03-31,27.43000030517578,27.475000381469727,27.219999313354492,27.247499465942383,24.6401309967041,103553600,0.0,0.0
2016-04-01,27.19499969482422,27.5,27.049999237060547,27.497499465942383,24.866209030151367,103496000,0.0,0.0
2016-04-04,27.604999542236328,28.047500610351562,27.5674991607666,27.780000686645508,25.121679306030273,149424800,0.0,0.0
2016-04-05,27.377500534057617,27.6825008392334,27.354999542236328,27.452499389648438,24.825515747070312,106314800,0.0,0.0
2016-04-06,27.5575008392334,27.7450008392334,27.299999237060547,27.739999771118164,25.085512161254883,105616400,0.0,0.0
2016-04-07,27.487499237060547,27.604999542236328,27.030000686645508,27.135000228881836,24.53839683532715,127207600,0.0,0.0
2016-04-08,27.227500915527344,27.4424991607666,27.042499542236328,27.165000915527344,24.565526962280273,94326800,0.0,0.0
2016-04-11,27.24250030517578,27.65250015258789,27.207500457763672,27.2549991607666,24.646921157836914,117630000,0.0,0.0
2016-04-12,27.334999084472656,27.625,27.165000915527344,27.610000610351562,24.967945098876953,108929200,0.0,0.0
2016-04-13,27.700000762939453,28.084999084472656,27.700000762939453,28.010000228881836,25.329666137695312,133029200,0.0,0.0
2016-04-14,27.905000686645508,28.09749984741211,27.832500457763672,28.024999618530273,25.343231201171875,101895600,0.0,0.0
2016-04-15,28.02750015258789,28.075000762939453,27.4325008392334,27.462499618530273,24.83455467224121,187756000,0.0,0.0
2016-04-18,27.22249984741211,27.237499237060547,26.735000610351562,26.8700008392334,24.29875946044922,243286000,0.0,0.0
2016-04-19,26.969999313354492,27.0,26.5575008392334,26.727500915527344,24.169898986816406,129539600,0.0,0.0
2016-04-20,26.65999984741211,27.022499084472656,26.514999389648438,26.782499313354492,24.21962547302246,122444000,0.0,0.0
2016-04-21,26.732500076293945,26.732500076293945,26.3799991607666,26.49250030517578,23.957378387451172,126210000,0.0,0.0
2016-04-22,26.252500534057617,26.6200008392334,26.155000686645508,26.420000076293945,23.891817092895508,134732400,0.0,0.0
2016-04-25,26.25,26.412500381469727,26.127500534057617,26.270000457763672,23.756174087524414,112126400,0.0,0.0
2016-04-26,25.977500915527344,26.325000762939453,25.977500915527344,26.087499618530273,23.59113883972168,224064800,0.0,0.0
2016-04-27,24.0,24.677499771118164,23.920000076293945,24.454999923706055,22.114850997924805,458408400,0.0,0.0
2016-04-28,24.40250015258789,24.469999313354492,23.5625,23.707500457763672,21.438879013061523,328970800,0.0,0.0
2016-04-29,23.497499465942383,23.68000030517578,23.127500534057617,23.434999465942383,21.192462921142578,274126000,0.0,0.0
2016-05-02,23.49250030517578,23.520000457763672,23.100000381469727,23.40999984741211,21.169849395751953,192640400,0.0,0.0
2016-05-03,23.549999237060547,23.934999465942383,23.420000076293945,23.795000076293945,21.51800537109375,227325200,0.0,0.0
2016-05-04,23.799999237060547,23.975000381469727,23.454999923706055,23.547500610351562,21.294191360473633,164102000,0.0,0.0
2016-05-05,23.5,23.517499923706055,23.170000076293945,23.309999465942383,21.20775604248047,143562000,0.1425,0.0
2016-05-06,23.342500686645508,23.362499237060547,22.962499618530273,23.18000030517578,21.0894832611084,174799600,0.0,0.0
2016-05-09,23.25,23.4424991607666,23.147499084472656,23.197500228881836,21.105411529541016,131745600,0.0,0.0
2016-05-10,23.332500457763672,23.392499923706055,23.02750015258789,23.354999542236328,21.248703002929688,134747200,0.0,0.0
2016-05-11,23.3700008392334,23.392499923706055,23.114999771118164,23.127500534057617,21.04172706604004,114876400,0.0,0.0
2016-05-12,23.18000030517578,23.19499969482422,22.36750030517578,22.584999084472656,20.548145294189453,305258800,0.0,0.0
2016-05-13,22.5,22.917499542236328,22.5,22.6299991607666,20.589086532592773,177571200,0.0,0.0
2016-05-16,23.09749984741211,23.59749984741211,22.912500381469727,23.469999313354492,21.35332679748535,245039200,0.0,0.0
2016-05-17,23.637500762939453,23.674999237060547,23.252500534057617,23.372499465942383,21.264625549316406,187667600,0.0,0.0
2016-05-18,23.540000915527344,23.802499771118164,23.47249984741211,23.639999389648438,21.507997512817383,168249600,0.0,0.0
2016-05-19,23.65999984741211,23.65999984741211,23.392499923706055,23.549999237060547,21.426115036010742,121768400,0.0,0.0
2016-05-20,23.65999984741211,23.857500076293945,23.6299991607666,23.80500030517578,21.658117294311523,128104000,0.0,0.0
2016-05-23,23.967500686645508,24.297500610351562,23.917499542236328,24.107500076293945,21.933334350585938,152074400,0.0,0.0
2016-05-24,24.30500030517578,24.522499084472656,24.209999084472656,24.475000381469727,22.267698287963867,140560800,0.0,0.0
2016-05-25,24.667499542236328,24.934999465942383,24.52750015258789,24.905000686645508,22.65891456604004,152675200,0.0,0.0
2016-05-26,24.920000076293945,25.1825008392334,24.65999984741211,25.102500915527344,22.838603973388672,225324800,0.0,0.0
2016-05-27,24.860000610351562,25.11750030517578,24.8125,25.087499618530273,22.824953079223633,145364800,0.0,0.0
2016-05-31,24.899999618530273,25.100000381469727,24.704999923706055,24.96500015258789,22.713504791259766,169228800,0.0,0.0
2016-06-01,24.7549991607666,24.885000228881836,24.582500457763672,24.614999771118164,22.395071029663086,116693200,0.0,0.0
2016-06-02,24.399999618530273,24.459999084472656,24.157499313354492,24.43000030517578,22.226755142211914,160766400,0.0,0.0
2016-06-03,24.447500228881836,24.5674991607666,24.362499237060547,24.479999542236328,22.272245407104492,114019600,0.0,0.0
2016-06-06,24.497499465942383,25.47249984741211,24.387500762939453,24.657499313354492,22.43372917175293,93170000,0.0,0.0
2016-06-07,24.8125,24.967500686645508,24.739999771118164,24.75749969482422,22.524717330932617,89638000,0.0,0.0
2016-06-08,24.7549991607666,24.889999389648438,24.670000076293945,24.735000610351562,22.504249572753906,83392400,0.0,0.0
2016-06-09,24.625,24.997499465942383,24.614999771118164,24.912500381469727,22.665739059448242,106405600,0.0,0.0
2016-06-10,24.63249969482422,24.837499618530273,24.6200008392334,24.707500457763672,22.479232788085938,126851600,0.0,0.0
2016-06-13,24.672500610351562,24.780000686645508,24.274999618530273,24.334999084472656,22.140316009521484,152082000,0.0,0.0
2016-06-14,24.329999923706055,24.6200008392334,24.1875,24.364999771118164,22.167619705200195,127727600,0.0,0.0
2016-06-15,24.454999923706055,24.602500915527344,24.25749969482422,24.28499984741211,22.094829559326172,117780800,0.0,0.0
2016-06-16,24.112499237060547,24.4375,24.017499923706055,24.387500762939453,22.18808364868164,125307200,0.0,0.0
2016-06-17,24.155000686645508,24.162500381469727,23.825000762939453,23.832500457763672,21.68313980102539,244032800,0.0,0.0
2016-06-20,24.0,24.142499923706055,23.75749969482422,23.774999618530273,21.630815505981445,137647600,0.0,0.0
2016-06-21,23.735000610351562,24.087499618530273,23.670000076293945,23.977500915527344,21.8150691986084,142185600,0.0,0.0
2016-06-22,24.0625,24.22249984741211,23.837499618530273,23.887500762939453,21.733179092407227,116876400,0.0,0.0
2016-06-23,23.985000610351562,24.072500228881836,23.8125,24.024999618530273,21.858280181884766,128960800,0.0,0.0
2016-06-24,23.227500915527344,23.665000915527344,23.162500381469727,23.350000381469727,21.244155883789062,301245600,0.0,0.0
2016-06-27,23.25,23.262500762939453,22.875,23.010000228881836,20.934825897216797,181958400,0.0,0.0
2016-06-28,23.225000381469727,23.415000915527344,23.03499984741211,23.397499084472656,21.2873592376709,161779600,0.0,0.0
2016-06-29,23.49250030517578,23.637500762939453,23.407499313354492,23.600000381469727,21.47161102294922,146124000,0.0,0.0
2016-06-30,23.610000610351562,23.9424991607666,23.575000762939453,23.899999618530273,21.74455451965332,143345600,0.0,0.0
2016-07-01,23.872499465942383,24.11750030517578,23.832500457763672,23.97249984741211,21.810514450073242,104106000,0.0,0.0
2016-07-05,23.84749984741211,23.850000381469727,23.614999771118164,23.747499465942383,21.605810165405273,110820800,0.0,0.0
2016-07-06,23.649999618530273,23.915000915527344,23.592500686645508,23.88249969482422,21.7286319732666,123796400,0.0,0.0
2016-07-07,23.924999237060547,24.125,23.905000686645508,23.985000610351562,21.821884155273438,100558400,0.0,0.0
2016-07-08,24.122499465942383,24.22249984741211,24.012500762939453,24.170000076293945,21.990201950073242,115648400,0.0,0.0
2016-07-11,24.1875,24.412500381469727,24.1825008392334,24.2450008392334,22.058435440063477,95179600,0.0,0.0
2016-07-12,24.292499542236328,24.424999237060547,24.280000686645508,24.354999542236328,22.15852165222168,96670000,0.0,0.0
2016-07-13,24.352500915527344,24.417499542236328,24.209999084472656,24.217500686645508,22.033416748046875,103568800,0.0,0.0
2016-07-14,24.34749984741211,24.747499465942383,24.329999923706055,24.697500228881836,22.47012710571289,155676000,0.0,0.0
2016-07-15,24.729999542236328,24.825000762939453,24.625,24.69499969482422,22.46785545349121,120548000,0.0,0.0
2016-07-18,24.674999237060547,25.032499313354492,24.649999618530273,24.957500457763672,22.70667839050293,145975600,0.0,0.0
2016-07-19,24.889999389648438,25.0,24.834999084472656,24.967500686645508,22.715778350830078,95119600,0.0,0.0
2016-07-20,25.0,25.114999771118164,24.934999465942383,24.989999771118164,22.73625373840332,105104000,0.0,0.0
2016-07-21,24.957500457763672,25.25,24.782499313354492,24.857500076293945,22.615699768066406,130808000,0.0,0.0
2016-07-22,24.815000534057617,24.825000762939453,24.577499389648438,24.665000915527344,22.440561294555664,113254800,0.0,0.0
2016-07-25,24.5625,24.709999084472656,24.229999542236328,24.334999084472656,22.140316009521484,161531600,0.0,0.0
2016-07-26,24.204999923706055,24.49250030517578,24.104999542236328,24.167499542236328,21.98792839050293,224959200,0.0,0.0
2016-07-27,26.0674991607666,26.087499618530273,25.6875,25.737499237060547,23.416332244873047,369379200,0.0,0.0
2016-07-28,25.707500457763672,26.112499237060547,25.704999923706055,26.084999084472656,23.73249053955078,159479200,0.0,0.0
2016-07-29,26.047500610351562,26.137500762939453,25.920000076293945,26.052499771118164,23.702930450439453,110934800,0.0,0.0
2016-08-01,26.102500915527344,26.537500381469727,26.102500915527344,26.512500762939453,24.121435165405273,152671600,0.0,0.0
2016-08-02,26.512500762939453,26.517499923706055,26.0,26.1200008392334,23.764341354370117,135266400,0.0,0.0
2016-08-03,26.202499389648438,26.459999084472656,26.1924991607666,26.447500228881836,24.062305450439453,120810400,0.0,0.0
2016-08-04,26.395000457763672,26.5,26.31999969482422,26.467500686645508,24.210948944091797,109634800,0.1425,0.0
2016-08-05,26.5674991607666,26.912500381469727,26.545000076293945,26.8700008392334,24.579132080078125,162213600,0.0,0.0
2016-08-08,26.8799991607666,27.092500686645508,26.790000915527344,27.092500686645508,24.78266143798828,112148800,0.0,0.0
2016-08-09,27.0575008392334,27.235000610351562,27.002500534057617,27.202499389648438,24.883283615112305,105260800,0.0,0.0
2016-08-10,27.177499771118164,27.225000381469727,26.940000534057617,27.0,24.698047637939453,96034000,0.0,0.0
2016-08-11,27.1299991607666,27.232500076293945,26.962499618530273,26.982500076293945,24.682039260864258,109938000,0.0,0.0
2016-08-12,26.94499969482422,27.110000610351562,26.94499969482422,27.045000076293945,24.739212036132812,74641600,0.0,0.0
2016-08-15,27.03499984741211,27.385000228881836,27.020000457763672,27.3700008392334,25.036502838134766,103472800,0.0,0.0
2016-08-16,27.407499313354492,27.5575008392334,27.302499771118164,27.344999313354492,25.013629913330078,135177600,0.0,0.0
2016-08-17,27.274999618530273,27.342500686645508,27.084999084472656,27.30500030517578,24.97704315185547,101424000,0.0,0.0
2016-08-18,27.3075008392334,27.399999618530273,27.2549991607666,27.270000457763672,24.94503402709961,87938800,0.0,0.0
2016-08-19,27.1924991607666,27.422500610351562,27.09000015258789,27.34000015258789,25.009065628051758,101472400,0.0,0.0
2016-08-22,27.21500015258789,27.274999618530273,26.962499618530273,27.127500534057617,24.814687728881836,103280800,0.0,0.0
2016-08-23,27.147499084472656,27.329999923706055,27.13249969482422,27.212499618530273,24.892425537109375,85030800,0.0,0.0
2016-08-24,27.142499923706055,27.1875,26.920000076293945,27.00749969482422,24.70490837097168,94700400,0.0,0.0
2016-08-25,26.84749984741211,26.969999313354492,26.670000076293945,26.892499923706055,24.599708557128906,100344800,0.0,0.0
2016-08-26,26.852500915527344,26.987499237060547,26.577499389648438,26.735000610351562,24.45564079284668,111065200,0.0,0.0
2016-08-29,26.655000686645508,26.860000610351562,26.572500228881836,26.704999923706055,24.428197860717773,99881200,0.0,0.0
2016-08-30,26.450000762939453,26.625,26.375,26.5,24.240676879882812,99455600,0.0,0.0
2016-08-31,26.415000915527344,26.642499923706055,26.40999984741211,26.524999618530273,24.263547897338867,118649600,0.0,0.0
2016-09-01,26.53499984741211,26.700000762939453,26.405000686645508,26.6825008392334,24.40761947631836,106806000,0.0,0.0
2016-09-02,26.924999237060547,27.0,26.704999923706055,26.9325008392334,24.636306762695312,107210000,0.0,0.0
2016-09-06,26.975000381469727,27.075000762939453,26.877500534057617,26.924999237060547,24.62944221496582,107521600,0.0,0.0
2016-09-07,26.957500457763672,27.190000534057617,26.767499923706055,27.09000015258789,24.780376434326172,169457200,0.0,0.0
2016-09-08,26.8125,26.8174991607666,26.309999465942383,26.3799991607666,24.130910873413086,212008000,0.0,0.0
2016-09-09,26.15999984741211,26.43000030517578,25.782499313354492,25.782499313354492,23.584352493286133,186228000,0.0,0.0
2016-09-12,25.662500381469727,26.43000030517578,25.63249969482422,26.360000610351562,24.112613677978516,181171200,0.0,0.0
2016-09-13,26.877500534057617,27.197500228881836,26.809999465942383,26.987499237060547,24.68661117553711,248704800,0.0,0.0
2016-09-14,27.1825008392334,28.25749969482422,27.149999618530273,27.9424991607666,25.56019401550293,443554800,0.0,0.0
2016-09-15,28.46500015258789,28.9325008392334,28.372499465942383,28.892499923706055,26.429203033447266,359934400,0.0,0.0
2016-09-16,28.780000686645508,29.032499313354492,28.510000228881836,28.729999542236328,26.28055763244629,319547600,0.0,0.0
2016-09-19,28.797500610351562,29.045000076293945,28.3125,28.395000457763672,25.97411346435547,188092000,0.0,0.0
2016-09-20,28.262500762939453,28.530000686645508,28.127500534057617,28.392499923706055,25.971832275390625,138057200,0.0,0.0
2016-09-21,28.462499618530273,28.497499465942383,28.110000610351562,28.387500762939453,25.967256546020508,144012800,0.0,0.0
2016-09-22,28.587499618530273,28.735000610351562,28.5,28.655000686645508,26.211952209472656,124296000,0.0,0.0
2016-09-23,28.604999542236328,28.697500228881836,27.887500762939453,28.177499771118164,25.775161743164062,209924800,0.0,0.0
2016-09-26,27.90999984741211,28.34749984741211,27.887500762939453,28.219999313354492,25.81403923034668,119477600,0.0,0.0
2016-09-27,28.25,28.295000076293945,28.084999084472656,28.272499084472656,25.862056732177734,98429600,0.0,0.0
2016-09-28,28.422500610351562,28.65999984741211,28.357500076293945,28.487499237060547,26.058727264404297,118564400,0.0,0.0
2016-09-29,28.290000915527344,28.450000762939453,27.950000762939453,28.045000076293945,25.653953552246094,143548000,0.0,0.0
2016-09-30,28.114999771118164,28.342500686645508,27.950000762939453,28.262500762939453,25.852914810180664,145516400,0.0,0.0
2016-10-03,28.177499771118164,28.262500762939453,28.06999969482422,28.1299991607666,25.731708526611328,86807200,0.0,0.0
2016-10-04,28.264999389648438,28.577499389648438,28.157499313354492,28.25,25.841472625732422,118947200,0.0,0.0
2016-10-05,28.350000381469727,28.415000915527344,28.172500610351562,28.262500762939453,25.852914810180664,85812400,0.0,0.0
2016-10-06,28.424999237060547,28.584999084472656,28.282499313354492,28.47249984741211,26.045007705688477,115117200,0.0,0.0
2016-10-07,28.577499389648438,28.639999389648438,28.377500534057617,28.514999389648438,26.083885192871094,97433600,0.0,0.0
2016-10-10,28.7549991607666,29.1875,28.68000030517578,29.012500762939453,26.538970947265625,144944000,0.0,0.0
2016-10-11,29.424999237060547,29.672500610351562,29.049999237060547,29.075000762939453,26.596139907836914,256164000,0.0,0.0
2016-10-12,29.337499618530273,29.4950008392334,29.1875,29.334999084472656,26.833969116210938,150347200,0.0,0.0
2016-10-13,29.197500228881836,29.360000610351562,28.93000030517578,29.2450008392334,26.751649856567383,140769600,0.0,0.0
2016-10-14,29.469999313354492,29.542499542236328,29.282499313354492,29.407499313354492,26.900287628173828,142608800,0.0,0.0
2016-10-17,29.332500457763672,29.459999084472656,29.19499969482422,29.387500762939453,26.881996154785156,94499600,0.0,0.0
2016-10-18,29.545000076293945,29.552499771118164,29.362499237060547,29.36750030517578,26.863698959350586,98214000,0.0,0.0
2016-10-19,29.3125,29.440000534057617,28.450000762939453,29.280000686645508,26.783668518066406,80138400,0.0,0.0
2016-10-20,29.21500015258789,29.344999313354492,29.082500457763672,29.264999389648438,26.76993179321289,96503200,0.0,0.0
2016-10-21,29.202499389648438,29.227500915527344,29.06999969482422,29.149999618530273,26.664743423461914,92770800,0.0,0.0
2016-10-24,29.274999618530273,29.434999465942383,29.25,29.412500381469727,26.90486717224121,94154800,0.0,0.0
2016-10-25,29.487499237060547,29.59000015258789,29.327499389648438,29.5625,27.04207992553711,192516000,0.0,0.0
2016-10-26,28.577499389648438,28.924999237060547,28.327499389648438,28.897499084472656,26.433774948120117,264536800,0.0,0.0
2016-10-27,28.84749984741211,28.96500015258789,28.524999618530273,28.6200008392334,26.179931640625,138248000,0.0,0.0
2016-10-28,28.467500686645508,28.802499771118164,28.362499237060547,28.43000030517578,26.006132125854492,151446800,0.0,0.0
2016-10-31,28.412500381469727,28.5575008392334,28.299999237060547,28.385000228881836,25.964962005615234,105677600,0.0,0.0
2016-11-01,28.364999771118164,28.4424991607666,27.63249969482422,27.872499465942383,25.496158599853516,175303200,0.0,0.0
2016-11-02,27.850000381469727,28.087499618530273,27.8075008392334,27.897499084472656,25.519025802612305,113326800,0.0,0.0
2016-11-03,27.7450008392334,27.864999771118164,27.387500762939453,27.457500457763672,25.24549674987793,107730400,0.1425,0.0
2016-11-04,27.13249969482422,27.5625,27.02750015258789,27.209999084472656,25.017929077148438,123348000,0.0,0.0
2016-11-07,27.520000457763672,27.627500534057617,27.364999771118164,27.602500915527344,25.378822326660156,130240000,0.0,0.0
2016-11-08,27.577499389648438,27.93000030517578,27.424999237060547,27.764999389648438,25.52822494506836,97016800,0.0,0.0
2016-11-09,27.469999313354492,27.829999923706055,27.012500762939453,27.719999313354492,25.486852645874023,236705600,0.0,0.0
2016-11-10,27.772499084472656,27.772499084472656,26.457500457763672,26.947500228881836,24.776586532592773,228538000,0.0,0.0
2016-11-11,26.780000686645508,27.217500686645508,26.637500762939453,27.107500076293945,24.923688888549805,136575600,0.0,0.0
2016-11-14,26.927499771118164,26.952499389648438,26.020000457763672,26.427499771118164,24.298477172851562,204702000,0.0,0.0
2016-11-15,26.642499923706055,26.920000076293945,26.540000915527344,26.77750015258789,24.620277404785156,129058000,0.0,0.0
2016-11-16,26.674999237060547,27.5575008392334,26.649999618530273,27.497499465942383,25.28227424621582,235362000,0.0,0.0
2016-11-17,27.452499389648438,27.587499618530273,27.207500457763672,27.487499237060547,25.27307891845703,110528000,0.0,0.0
2016-11-18,27.43000030517578,27.635000228881836,27.415000915527344,27.514999389648438,25.298362731933594,113715600,0.0,0.0
2016-11-21,27.530000686645508,27.997499465942383,27.502500534057617,27.9325008392334,25.68222999572754,117058400,0.0,0.0
2016-11-22,27.987499237060547,28.104999542236328,27.850000381469727,27.950000762939453,25.698326110839844,103862000,0.0,0.0
2016-11-23,27.84000015258789,27.877500534057617,27.582500457763672,27.8075008392334,25.567304611206055,109705600,0.0,0.0
2016-11-25,27.782499313354492,27.967500686645508,27.737499237060547,27.947500228881836,25.696016311645508,45903600,0.0,0.0
2016-11-28,27.857500076293945,28.11750030517578,27.84749984741211,27.892499923706055,25.64545440673828,108776000,0.0,0.0
2016-11-29,27.69499969482422,28.00749969482422,27.517499923706055,27.864999771118164,25.62016487121582,114115200,0.0,0.0
2016-11-30,27.899999618530273,28.049999237060547,27.5674991607666,27.6299991607666,25.404094696044922,144649200,0.0,0.0
2016-12-01,27.592500686645508,27.735000610351562,27.25749969482422,27.372499465942383,25.167343139648438,148347600,0.0,0.0
2016-12-02,27.292499542236328,27.522499084472656,27.212499618530273,27.475000381469727,25.261594772338867,106112000,0.0,0.0
2016-12-05,27.5,27.50749969482422,27.0625,27.27750015258789,25.07999610900879,137298000,0.0,0.0
2016-12-06,27.375,27.59000015258789,27.297500610351562,27.487499237060547,25.27307891845703,104782000,0.0,0.0
2016-12-07,27.315000534057617,27.797500610351562,27.290000915527344,27.75749969482422,25.521326065063477,119994800,0.0,0.0
2016-12-08,27.71500015258789,28.107500076293945,27.649999618530273,28.030000686645508,25.771879196166992,108273200,0.0,0.0
2016-12-09,28.077499389648438,28.674999237060547,28.077499389648438,28.487499237060547,26.192520141601562,137610400,0.0,0.0
2016-12-12,28.322500228881836,28.75,28.122499465942383,28.325000762939453,26.043109893798828,105497600,0.0,0.0
2016-12-13,28.459999084472656,28.979999542236328,28.4375,28.797500610351562,26.477542877197266,174935200,0.0,0.0
2016-12-14,28.760000228881836,29.049999237060547,28.7450008392334,28.797500610351562,26.477542877197266,136127200,0.0,0.0
2016-12-15,28.844999313354492,29.1825008392334,28.8075008392334,28.954999923706055,26.62236213684082,186098000,0.0,0.0
2016-12-16,29.11750030517578,29.125,28.912500381469727,28.99250030517578,26.656835556030273,177404400,0.0,0.0
2016-12-19,28.950000762939453,29.344999313354492,28.9375,29.15999984741211,26.810840606689453,111117600,0.0,0.0
2016-12-20,29.184999465942383,29.375,29.170000076293945,29.237499237060547,26.88210105895996,85700000,0.0,0.0
2016-12-21,29.200000762939453,29.350000381469727,29.19499969482422,29.264999389648438,26.907377243041992,95132800,0.0,0.0
2016-12-22,29.087499618530273,29.127500534057617,28.90999984741211,29.072500228881836,26.730388641357422,104343600,0.0,0.0
2016-12-23,28.897499084472656,29.1299991607666,28.897499084472656,29.1299991607666,26.783262252807617,56998000,0.0,0.0
2016-12-27,29.1299991607666,29.450000762939453,29.122499465942383,29.315000534057617,26.953357696533203,73187600,0.0,0.0
2016-12-28,29.3799991607666,29.5049991607666,29.049999237060547,29.190000534057617,26.838424682617188,83623600,0.0,0.0
2016-12-29,29.112499237060547,29.27750015258789,29.100000381469727,29.1825008392334,26.831531524658203,60158000,0.0,0.0
2016-12-30,29.162500381469727,29.299999237060547,28.857500076293945,28.954999923706055,26.62236213684082,122345200,0.0,0.0
2017-01-03,28.950000762939453,29.082500457763672,28.690000534057617,29.037500381469727,26.69821548461914,115127600,0.0,0.0
2017-01-04,28.962499618530273,29.127500534057617,28.9375,29.0049991607666,26.6683292388916,84472400,0.0,0.0
2017-01-05,28.979999542236328,29.21500015258789,28.952499389648438,29.15250015258789,26.803945541381836,88774400,0.0,0.0
2017-01-06,29.19499969482422,29.540000915527344,29.11750030517578,29.477500915527344,27.10276222229004,127007600,0.0,0.0
2017-01-09,29.487499237060547,29.857500076293945,29.485000610351562,29.747499465942383,27.351015090942383,134247600,0.0,0.0
2017-01-10,29.6924991607666,29.844999313354492,29.575000762939453,29.77750015258789,27.378599166870117,97848400,0.0,0.0
2017-01-11,29.684999465942383,29.982500076293945,29.649999618530273,29.9375,27.52570915222168,110354400,0.0,0.0
2017-01-12,29.725000381469727,29.825000762939453,29.552499771118164,29.8125,27.41077423095703,108344800,0.0,0.0
2017-01-13,29.77750015258789,29.905000686645508,29.702499389648438,29.760000228881836,27.36250877380371,104447600,0.0,0.0
2017-01-17,29.584999084472656,30.059999465942383,29.55500030517578,30.0,27.58316993713379,137759200,0.0,0.0
2017-01-18,30.0,30.125,29.927499771118164,29.997499465942383,27.580873489379883,94852000,0.0,0.0
2017-01-19,29.850000381469727,30.022499084472656,29.842500686645508,29.94499969482422,27.53260612487793,102389200,0.0,0.0
2017-01-20,30.112499237060547,30.112499237060547,29.9325008392334,30.0,27.58316993713379,130391600,0.0,0.0
2017-01-23,30.0,30.202499389648438,29.9424991607666,30.020000457763672,27.6015567779541,88200800,0.0,0.0
2017-01-24,29.887500762939453,30.024999618530273,29.875,29.99250030517578,27.57627296447754,92844000,0.0,0.0
2017-01-25,30.104999542236328,30.524999618530273,30.06999969482422,30.469999313354492,28.015304565429688,129510400,0.0,0.0
2017-01-26,30.417499542236328,30.610000610351562,30.399999618530273,30.485000610351562,28.02910614013672,105350400,0.0,0.0
2017-01-27,30.53499984741211,30.587499618530273,30.399999618530273,30.487499237060547,28.031391143798828,82251600,0.0,0.0
2017-01-30,30.232500076293945,30.407499313354492,30.165000915527344,30.407499313354492,27.957839965820312,121510000,0.0,0.0
2017-01-31,30.287500381469727,30.34749984741211,30.155000686645508,30.337499618530273,27.893478393554688,196804000,0.0,0.0
2017-02-01,31.75749969482422,32.622501373291016,31.752500534057617,32.1875,29.594444274902344,447940000,0.0,0.0
2017-02-02,31.9950008392334,32.34749984741211,31.94499969482422,32.13249969482422,29.543880462646484,134841600,0.0,0.0
2017-02-03,32.07749938964844,32.29750061035156,32.040000915527344,32.27000045776367,29.67029571533203,98029200,0.0,0.0
2017-02-06,32.282501220703125,32.625,32.224998474121094,32.5724983215332,29.94842529296875,107383600,0.0,0.0
2017-02-07,32.6349983215332,33.022499084472656,32.61249923706055,32.88249969482422,30.233461380004883,152735200,0.0,0.0
2017-02-08,32.837501525878906,33.05500030517578,32.80500030517578,33.0099983215332,30.35068130493164,92016400,0.0,0.0
2017-02-09,32.912498474121094,33.11249923706055,32.779998779296875,33.10499954223633,30.569995880126953,113399600,0.1425,0.0
2017-02-10,33.1150016784668,33.23500061035156,33.01250076293945,33.029998779296875,30.500743865966797,80262000,0.0,0.0
2017-02-13,33.27000045776367,33.45500183105469,33.1875,33.3224983215332,30.770841598510742,92141600,0.0,0.0
2017-02-14,33.36750030517578,33.772499084472656,33.3125,33.755001068115234,31.170230865478516,132904800,0.0,0.0
2017-02-15,33.880001068115234,34.067501068115234,33.654998779296875,33.877498626708984,31.283334732055664,142492400,0.0,0.0
2017-02-16,33.91749954223633,33.974998474121094,33.709999084472656,33.837501525878906,31.24641227722168,90338400,0.0,0.0
2017-02-17,33.775001525878906,33.95750045776367,33.775001525878906,33.93000030517578,31.331825256347656,88792800,0.0,0.0
2017-02-21,34.057498931884766,34.1875,33.994998931884766,34.17499923706055,31.558061599731445,98028800,0.0,0.0
2017-02-22,34.10749816894531,34.279998779296875,34.02750015258789,34.27750015258789,31.6527099609375,83347600,0.0,0.0
2017-02-23,34.345001220703125,34.369998931884766,34.07500076293945,34.13249969482422,31.518815994262695,83152800,0.0,0.0
2017-02-24,33.977500915527344,34.165000915527344,33.81999969482422,34.165000915527344,31.548824310302734,87106400,0.0,0.0
2017-02-27,34.28499984741211,34.36000061035156,34.06999969482422,34.23249816894531,31.61115074157715,81029600,0.0,0.0
2017-02-28,34.27000045776367,34.36000061035156,34.17499923706055,34.247501373291016,31.62501335144043,93931600,0.0,0.0
2017-03-01,34.47249984741211,35.037498474121094,34.400001525878906,34.9474983215332,32.27140808105469,145658400,0.0,0.0
2017-03-02,35.0,35.06999969482422,34.689998626708984,34.7400016784668,32.07979965209961,104844000,0.0,0.0
2017-03-03,34.69499969482422,34.95750045776367,34.647499084472656,34.94499969482422,32.26909637451172,84432400,0.0,0.0
2017-03-06,34.842498779296875,34.942501068115234,34.650001525878906,34.834999084472656,32.16752243041992,87000000,0.0,0.0
2017-03-07,34.76499938964844,34.994998931884766,34.6974983215332,34.880001068115234,32.209083557128906,69785200,0.0,0.0
2017-03-08,34.73749923706055,34.95000076293945,34.70500183105469,34.75,32.08903121948242,74828800,0.0,0.0
2017-03-09,34.685001373291016,34.6974983215332,34.26250076293945,34.66999816894531,32.015167236328125,88623600,0.0,0.0
2017-03-10,34.8125,34.84000015258789,34.65999984741211,34.78499984741211,32.12134552001953,78451200,0.0,0.0
2017-03-13,34.712501525878906,34.85749816894531,34.70500183105469,34.79999923706055,32.135196685791016,69686800,0.0,0.0
2017-03-14,34.82500076293945,34.912498474121094,34.709999084472656,34.747501373291016,32.08672332763672,61236400,0.0,0.0
2017-03-15,34.852500915527344,35.1875,34.75749969482422,35.1150016784668,32.42608642578125,102767200,0.0,0.0
2017-03-16,35.18000030517578,35.255001068115234,35.064998626708984,35.17250061035156,32.47917556762695,76928000,0.0,0.0
2017-03-17,35.25,35.25,34.97249984741211,34.997501373291016,32.31758117675781,175540000,0.0,0.0
2017-03-20,35.099998474121094,35.375,35.057498931884766,35.3650016784668,32.65694046020508,86168000,0.0,0.0
2017-03-21,35.52750015258789,35.70000076293945,34.932498931884766,34.959999084472656,32.28294372558594,158119600,0.0,0.0
2017-03-22,34.962501525878906,35.400001525878906,34.939998626708984,35.35499954223633,32.64769744873047,103440800,0.0,0.0
2017-03-23,35.314998626708984,35.39500045776367,35.15250015258789,35.22999954223633,32.532264709472656,81385200,0.0,0.0
2017-03-24,35.375,35.435001373291016,35.087501525878906,35.15999984741211,32.46763610839844,89582400,0.0,0.0
2017-03-27,34.84749984741211,35.30500030517578,34.654998779296875,35.220001220703125,32.52304458618164,94300400,0.0,0.0
2017-03-28,35.227500915527344,36.0099983215332,35.154998779296875,35.95000076293945,33.19713592529297,133499200,0.0,0.0
2017-03-29,35.91999816894531,36.122501373291016,35.79750061035156,36.029998779296875,33.27100372314453,116760000,0.0,0.0
2017-03-30,36.04750061035156,36.125,35.875,35.98249816894531,33.2271614074707,84829200,0.0,0.0
2017-03-31,35.93000030517578,36.067501068115234,35.752498626708984,35.915000915527344,33.164825439453125,78646800,0.0,0.0
2017-04-03,35.9275016784668,36.029998779296875,35.76250076293945,35.92499923706055,33.174049377441406,79942800,0.0,0.0
2017-04-04,35.8125,36.22249984741211,35.79249954223633,36.192501068115234,33.42107391357422,79565600,0.0,0.0
2017-04-05,36.05500030517578,36.3650016784668,35.95249938964844,36.005001068115234,33.247920989990234,110871600,0.0,0.0
2017-04-06,36.0724983215332,36.130001068115234,35.86249923706055,35.915000915527344,33.164825439453125,84596000,0.0,0.0
2017-04-07,35.932498931884766,36.04499816894531,35.817501068115234,35.834999084472656,33.0909423828125,66688800,0.0,0.0
2017-04-10,35.900001525878906,35.970001220703125,35.724998474121094,35.79249954223633,33.05168533325195,75733600,0.0,0.0
2017-04-11,35.73500061035156,35.837501525878906,35.01499938964844,35.407501220703125,32.6961784362793,121517600,0.0,0.0
2017-04-12,35.400001525878906,35.537498474121094,35.252498626708984,35.45000076293945,32.73542785644531,81400000,0.0,0.0
2017-04-13,35.477500915527344,35.595001220703125,35.26250076293945,35.26250076293945,32.562278747558594,71291600,0.0,0.0
2017-04-17,35.369998931884766,35.470001220703125,35.217498779296875,35.45750045776367,32.742347717285156,66328400,0.0,0.0
2017-04-18,35.352500915527344,35.5099983215332,35.27750015258789,35.29999923706055,32.59691619873047,58790000,0.0,0.0
2017-04-19,35.470001220703125,35.5,35.11249923706055,35.16999816894531,32.476863861083984,69313600,0.0,0.0
2017-04-20,35.30500030517578,35.72999954223633,35.290000915527344,35.61000061035156,32.883182525634766,93278400,0.0,0.0
2017-04-21,35.61000061035156,35.66999816894531,35.462501525878906,35.567501068115234,32.84394073486328,69283600,0.0,0.0
2017-04-24,35.875,35.98749923706055,35.79499816894531,35.90999984741211,33.16020584106445,68537200,0.0,0.0
2017-04-25,35.977500915527344,36.224998474121094,35.967498779296875,36.13249969482422,33.365684509277344,75486000,0.0,0.0
2017-04-26,36.11750030517578,36.150001525878906,35.845001220703125,35.91999816894531,33.16943359375,80164800,0.0,0.0
2017-04-27,35.97999954223633,36.040000915527344,35.82749938964844,35.9474983215332,33.194828033447266,56985200,0.0,0.0
2017-04-28,36.022499084472656,36.07500076293945,35.817501068115234,35.912498474121094,33.16251754760742,83441600,0.0,0.0
2017-05-01,36.275001525878906,36.79999923706055,36.2400016784668,36.64500045776367,33.83892059326172,134411600,0.0,0.0
2017-05-02,36.8849983215332,37.022499084472656,36.709999084472656,36.877498626708984,34.05360412597656,181408800,0.0,0.0
2017-05-03,36.397499084472656,36.872501373291016,36.067501068115234,36.76499938964844,33.94973373413086,182788000,0.0,0.0
2017-05-04,36.630001068115234,36.78499984741211,36.45249938964844,36.63249969482422,33.82737731933594,93487600,0.0,0.0
2017-05-05,36.689998626708984,37.244998931884766,36.689998626708984,37.2400016784668,34.38835906982422,109310800,0.0,0.0
2017-05-08,37.25749969482422,38.42499923706055,37.25749969482422,38.252498626708984,35.32332229614258,195009600,0.0,0.0
2017-05-09,38.467498779296875,38.720001220703125,38.36249923706055,38.497501373291016,35.549556732177734,156521600,0.0,0.0
2017-05-10,38.407501220703125,38.48500061035156,38.02750015258789,38.314998626708984,35.38103485107422,103222800,0.0,0.0
2017-05-11,38.11249923706055,38.51750183105469,38.07749938964844,38.48749923706055,35.68703079223633,109020400,0.1575,0.0
2017-05-12,38.67499923706055,39.10499954223633,38.66749954223633,39.025001525878906,36.185420989990234,130108000,0.0,0.0
2017-05-15,39.002498626708984,39.162498474121094,38.76250076293945,38.92499923706055,36.09269714355469,104038800,0.0,0.0
2017-05-16,38.98500061035156,39.01499938964844,38.68000030517578,38.86750030517578,36.03938674926758,80194000,0.0,0.0
2017-05-17,38.400001525878906,38.64250183105469,37.4275016784668,37.5625,34.82933807373047,203070800,0.0,0.0
2017-05-18,37.817501068115234,38.334999084472656,37.782501220703125,38.1349983215332,35.36017608642578,134272800,0.0,0.0
2017-05-19,38.345001220703125,38.494998931884766,38.157501220703125,38.26499938964844,35.480735778808594,107843200,0.0,0.0
2017-05-22,38.5,38.64500045776367,38.227500915527344,38.497501373291016,35.69629669189453,91865600,0.0,0.0
2017-05-23,38.724998474121094,38.724998474121094,38.32749938964844,38.45000076293945,35.65227508544922,79675600,0.0,0.0
2017-05-24,38.459999084472656,38.54249954223633,38.16749954223633,38.334999084472656,35.545631408691406,76712000,0.0,0.0
2017-05-25,38.432498931884766,38.587501525878906,38.25749969482422,38.467498779296875,35.6684684753418,76942400,0.0,0.0
2017-05-26,38.5,38.560001373291016,38.32749938964844,38.40250015258789,35.60821533203125,87710400,0.0,0.0
2017-05-30,38.35499954223633,38.60749816894531,38.33250045776367,38.41749954223633,35.62212371826172,80507600,0.0,0.0
2017-05-31,38.49250030517578,38.54249954223633,38.095001220703125,38.189998626708984,35.41118240356445,97804800,0.0,0.0
2017-06-01,38.29249954223633,38.33250045776367,38.05500030517578,38.29499816894531,35.5085334777832,65616400,0.0,0.0
2017-06-02,38.39500045776367,38.86249923706055,38.22249984741211,38.86249923706055,36.03474426269531,111082800,0.0,0.0
2017-06-05,38.584999084472656,38.61249923706055,38.3650016784668,38.48249816894531,35.68238830566406,101326800,0.0,0.0
2017-06-06,38.474998474121094,38.95249938964844,38.44499969482422,38.61249923706055,35.802940368652344,106499600,0.0,0.0
2017-06-07,38.755001068115234,38.994998931884766,38.619998931884766,38.842498779296875,36.01620101928711,84278400,0.0,0.0
2017-06-08,38.8125,38.8849983215332,38.599998474121094,38.747501373291016,35.92810821533203,85003200,0.0,0.0
2017-06-09,38.79750061035156,38.79750061035156,36.505001068115234,37.244998931884766,34.53494644165039,259530800,0.0,0.0
2017-06-12,36.435001373291016,36.522499084472656,35.627498626708984,36.35499954223633,33.709678649902344,289229200,0.0,0.0
2017-06-13,36.790000915527344,36.86249923706055,36.287498474121094,36.647499084472656,33.98092269897461,136661600,0.0,0.0
2017-06-14,36.875,36.875,35.959999084472656,36.290000915527344,33.64943313598633,126124800,0.0,0.0
2017-06-15,35.83000183105469,36.119998931884766,35.5525016784668,36.0724983215332,33.4477424621582,128661600,0.0,0.0
2017-06-16,35.94499969482422,36.125,35.54999923706055,35.567501068115234,32.97951126098633,201444400,0.0,0.0
2017-06-19,35.915000915527344,36.685001373291016,35.915000915527344,36.584999084472656,33.92295837402344,130165600,0.0,0.0
2017-06-20,36.717498779296875,36.717498779296875,36.23500061035156,36.252498626708984,33.61465835571289,99600400,0.0,0.0
2017-06-21,36.380001068115234,36.51750183105469,36.15250015258789,36.467498779296875,33.81401824951172,85063200,0.0,0.0
2017-06-22,36.442501068115234,36.67499923706055,36.279998779296875,36.407501220703125,33.75836944580078,76425200,0.0,0.0
2017-06-23,36.282501220703125,36.790000915527344,36.27750015258789,36.56999969482422,33.9090461730957,141757600,0.0,0.0
2017-06-26,36.79249954223633,37.06999969482422,36.345001220703125,36.45500183105469,33.802425384521484,102769600,0.0,0.0
2017-06-27,36.252498626708984,36.540000915527344,35.904998779296875,35.932498931884766,33.31793975830078,99047600,0.0,0.0
2017-06-28,36.122501373291016,36.52750015258789,35.790000915527344,36.45750045776367,33.80474090576172,88329600,0.0,0.0
2017-06-29,36.1775016784668,36.282501220703125,35.56999969482422,35.91999816894531,33.30635070800781,125997600,0.0,0.0
2017-06-30,36.11249923706055,36.2400016784668,35.94499969482422,36.005001068115234,33.385154724121094,92096400,0.0,0.0
2017-07-03,36.220001220703125,36.32500076293945,35.775001525878906,35.875,33.26462936401367,57111200,0.0,0.0
2017-07-05,35.92250061035156,36.1974983215332,35.68000030517578,36.022499084472656,33.40138626098633,86278400,0.0,0.0
2017-07-06,35.755001068115234,35.875,35.602500915527344,35.682498931884766,33.086124420166016,96515200,0.0,0.0
2017-07-07,35.724998474121094,36.1875,35.724998474121094,36.04499816894531,33.4222526550293,76806800,0.0,0.0
2017-07-10,36.02750015258789,36.48749923706055,35.842498779296875,36.26499938964844,33.62625503540039,84362400,0.0,0.0
2017-07-11,36.182498931884766,36.462501525878906,36.095001220703125,36.38249969482422,33.735191345214844,79127200,0.0,0.0
2017-07-12,36.467498779296875,36.54499816894531,36.20500183105469,36.435001373291016,33.78388214111328,99538000,0.0,0.0
2017-07-13,36.375,37.122501373291016,36.36000061035156,36.942501068115234,34.25444793701172,100797600,0.0,0.0
2017-07-14,36.99250030517578,37.33250045776367,36.83250045776367,37.2599983215332,34.54884338378906,80528400,0.0,0.0
2017-07-17,37.20500183105469,37.724998474121094,37.14250183105469,37.38999938964844,34.66938781738281,95174000,0.0,0.0
2017-07-18,37.29999923706055,37.532501220703125,37.16749954223633,37.52000045776367,34.78993606567383,71475200,0.0,0.0
2017-07-19,37.619998931884766,37.85499954223633,37.48749923706055,37.755001068115234,35.00782775878906,83692000,0.0,0.0
2017-07-20,37.875,37.935001373291016,37.54750061035156,37.584999084472656,34.85019302368164,68974800,0.0,0.0
2017-07-21,37.497501373291016,37.61000061035156,37.220001220703125,37.567501068115234,34.833980560302734,105010400,0.0,0.0
2017-07-24,37.64500045776367,38.11000061035156,37.474998474121094,38.022499084472656,35.255859375,85972800,0.0,0.0
2017-07-25,37.95000076293945,38.459999084472656,37.95000076293945,38.185001373291016,35.40653610229492,75415600,0.0,0.0
2017-07-26,38.337501525878906,38.48249816894531,38.26499938964844,38.3650016784668,35.573448181152344,63124000,0.0,0.0
2017-07-27,38.4375,38.497501373291016,36.82500076293945,37.63999938964844,34.90119552612305,129905200,0.0,0.0
2017-07-28,37.47249984741211,37.557498931884766,37.29750061035156,37.375,34.65547561645508,68854800,0.0,0.0
2017-07-31,37.474998474121094,37.58250045776367,37.032501220703125,37.182498931884766,34.47700500488281,79383600,0.0,0.0
2017-08-01,37.275001525878906,37.55500030517578,37.102500915527344,37.51250076293945,34.78297424316406,141474400,0.0,0.0
2017-08-02,39.81999969482422,39.9375,39.040000915527344,39.28499984741211,36.42650604248047,279747200,0.0,0.0
2017-08-03,39.26250076293945,39.3025016784668,38.755001068115234,38.89250183105469,36.062564849853516,108389200,0.0,0.0
2017-08-04,39.01750183105469,39.349998474121094,38.92250061035156,39.09749984741211,36.25263977050781,82239600,0.0,0.0
2017-08-07,39.26499938964844,39.72999954223633,39.16749954223633,39.70249938964844,36.81361770629883,87481200,0.0,0.0
2017-08-08,39.650001525878906,40.45750045776367,39.567501068115234,40.02000045776367,37.10801696777344,144823600,0.0,0.0
2017-08-09,39.814998626708984,40.317501068115234,39.77750015258789,40.26499938964844,37.33519744873047,104526000,0.0,0.0
2017-08-10,39.974998474121094,40.0,38.657501220703125,38.83000183105469,36.14599609375,163217200,0.1575,0.0
2017-08-11,39.150001525878906,39.64250183105469,39.01750183105469,39.369998931884766,36.64866256713867,105028400,0.0,0.0
2017-08-14,39.83000183105469,40.0525016784668,39.6875,39.962501525878906,37.20022201538086,88490800,0.0,0.0
2017-08-15,40.165000915527344,40.54999923706055,40.03499984741211,40.400001525878906,37.607479095458984,117862000,0.0,0.0
2017-08-16,40.48500061035156,40.627498626708984,40.037498474121094,40.23749923706055,37.456214904785156,110686400,0.0,0.0
2017-08-17,40.130001068115234,40.1775016784668,39.459999084472656,39.46500015258789,36.737098693847656,111762400,0.0,0.0
2017-08-18,39.46500015258789,39.875,39.18000030517578,39.375,36.6533317565918,109712400,0.0,0.0
2017-08-21,39.375,39.47249984741211,38.77750015258789,39.3025016784668,36.585838317871094,105474000,0.0,0.0
2017-08-22,39.557498931884766,40.0,39.505001068115234,39.94499969482422,37.18392562866211,86418400,0.0,0.0
2017-08-23,39.76750183105469,40.11750030517578,39.720001220703125,39.994998931884766,37.230464935302734,77596400,0.0,0.0
2017-08-24,40.10749816894531,40.185001373291016,39.63750076293945,39.817501068115234,37.065250396728516,79275600,0.0,0.0
2017-08-25,39.912498474121094,40.13999938964844,39.817501068115234,39.96500015258789,37.202537536621094,101920400,0.0,0.0
2017-08-28,40.03499984741211,40.5,39.98249816894531,40.36750030517578,37.57722854614258,103864000,0.0,0.0
2017-08-29,40.025001525878906,40.779998779296875,40.0,40.727500915527344,37.91232681274414,118067600,0.0,0.0
2017-08-30,40.95000076293945,40.97249984741211,40.65250015258789,40.837501525878906,38.01474380493164,109078400,0.0,0.0
2017-08-31,40.90999984741211,41.130001068115234,40.869998931884766,41.0,38.16600036621094,107140400,0.0,0.0
2017-09-01,41.20000076293945,41.23500061035156,40.907501220703125,41.01250076293945,38.177635192871094,66364400,0.0,0.0
2017-09-05,40.9375,41.0625,40.13999938964844,40.52000045776367,37.719181060791016,117874000,0.0,0.0
2017-09-06,40.6775016784668,40.747501373291016,40.130001068115234,40.477500915527344,37.67962646484375,86606800,0.0,0.0
2017-09-07,40.522499084472656,40.560001373291016,40.09000015258789,40.314998626708984,37.528343200683594,87714000,0.0,0.0
2017-09-08,40.21500015258789,40.287498474121094,39.63249969482422,39.657501220703125,36.91630554199219,114446000,0.0,0.0
2017-09-11,40.125,40.51250076293945,39.97249984741211,40.375,37.58420181274414,126323200,0.0,0.0
2017-09-12,40.65250015258789,40.9900016784668,39.692501068115234,40.21500015258789,37.43526840209961,286856000,0.0,0.0
2017-09-13,39.967498779296875,39.9900016784668,39.477500915527344,39.912498474121094,37.153663635253906,179629600,0.0,0.0
2017-09-14,39.747501373291016,39.849998474121094,39.522499084472656,39.56999969482422,36.8348503112793,95042800,0.0,0.0
2017-09-15,39.61750030517578,40.24250030517578,39.5,39.970001220703125,37.20719528198242,196458400,0.0,0.0
2017-09-18,40.02750015258789,40.125,39.5,39.66749954223633,36.92561340332031,113077600,0.0,0.0
2017-09-19,39.877498626708984,39.942501068115234,39.61000061035156,39.682498931884766,36.9395637512207,83242400,0.0,0.0
2017-09-20,39.474998474121094,39.564998626708984,38.45750045776367,39.01750183105469,36.32053756713867,211805600,0.0,0.0
2017-09-21,38.95000076293945,38.95000076293945,38.1875,38.34749984741211,35.69684982299805,150046800,0.0,0.0
2017-09-22,37.8849983215332,38.067501068115234,37.63999938964844,37.97249984741211,35.34775924682617,186581600,0.0,0.0
2017-09-25,37.497501373291016,37.95750045776367,37.290000915527344,37.63750076293945,35.03592300415039,177549200,0.0,0.0
2017-09-26,37.94499969482422,38.47999954223633,37.92250061035156,38.28499984741211,35.638675689697266,146640000,0.0,0.0
2017-09-27,38.45000076293945,38.68000030517578,38.3849983215332,38.557498931884766,35.89231872558594,102016800,0.0,0.0
2017-09-28,38.47249984741211,38.56999969482422,38.17499923706055,38.31999969482422,35.671241760253906,88022000,0.0,0.0
2017-09-29,38.3025016784668,38.532501220703125,38.0,38.529998779296875,35.86673355102539,105199200,0.0,0.0
2017-10-02,38.564998626708984,38.61249923706055,38.18000030517578,38.45249938964844,35.794586181640625,74795200,0.0,0.0
2017-10-03,38.502498626708984,38.772499084472656,38.477500915527344,38.619998931884766,35.95051574707031,64921200,0.0,0.0
2017-10-04,38.407501220703125,38.46500015258789,38.1150016784668,38.369998931884766,35.71778869628906,80655200,0.0,0.0
2017-10-05,38.54499816894531,38.86000061035156,38.51250076293945,38.84749984741211,36.162288665771484,85135200,0.0,0.0
2017-10-06,38.74250030517578,38.872501373291016,38.63999938964844,38.82500076293945,36.1413459777832,69630400,0.0,0.0
2017-10-09,38.95249938964844,39.182498931884766,38.872501373291016,38.959999084472656,36.267005920410156,65051600,0.0,0.0
2017-10-10,39.01499938964844,39.5,38.775001525878906,38.974998474121094,36.280982971191406,62468000,0.0,0.0
2017-10-11,38.99250030517578,39.244998931884766,38.9375,39.13750076293945,36.432247161865234,67622400,0.0,0.0
2017-10-12,39.087501525878906,39.342498779296875,38.932498931884766,39.0,36.30424499511719,64500400,0.0,0.0
2017-10-13,39.182498931884766,39.31999969482422,39.102500915527344,39.247501373291016,36.534637451171875,65576800,0.0,0.0
2017-10-16,39.474998474121094,40.0,39.412498474121094,39.970001220703125,37.20719528198242,96486000,0.0,0.0
2017-10-17,39.94499969482422,40.217498779296875,39.807498931884766,40.11750030517578,37.344505310058594,75989200,0.0,0.0
2017-10-18,40.10499954223633,40.1775016784668,39.900001525878906,39.939998626708984,37.17927551269531,65496800,0.0,0.0
2017-10-19,39.1875,39.27000045776367,38.755001068115234,38.994998931884766,36.29959487915039,170336800,0.0,0.0
2017-10-20,39.15250015258789,39.4375,38.9900016784668,39.0625,36.36243438720703,95896400,0.0,0.0
2017-10-23,39.22249984741211,39.42250061035156,38.875,39.04249954223633,36.34382247924805,87937200,0.0,0.0
2017-10-24,39.0724983215332,39.35499954223633,39.04999923706055,39.275001525878906,36.560245513916016,71028800,0.0,0.0
2017-10-25,39.227500915527344,39.38750076293945,38.817501068115234,39.102500915527344,36.399662017822266,84828400,0.0,0.0
2017-10-26,39.307498931884766,39.45750045776367,39.19499969482422,39.352500915527344,36.63237380981445,68002000,0.0,0.0
2017-10-27,39.8224983215332,40.900001525878906,39.67499923706055,40.76250076293945,37.944923400878906,177816800,0.0,0.0
2017-10-30,40.97249984741211,42.01750183105469,40.93000030517578,41.68000030517578,38.79899978637695,178803200,0.0,0.0
2017-10-31,41.974998474121094,42.412498474121094,41.73500061035156,42.2599983215332,39.338897705078125,144187200,0.0,0.0
2017-11-01,42.467498779296875,42.48500061035156,41.40250015258789,41.72249984741211,38.83856964111328,134551200,0.0,0.0
2017-11-02,41.650001525878906,42.125,41.31999969482422,42.02750015258789,39.12248611450195,165573600,0.0,0.0
2017-11-03,43.5,43.564998626708984,42.779998779296875,43.125,40.14412307739258,237594400,0.0,0.0
2017-11-06,43.092498779296875,43.747501373291016,42.93000030517578,43.5625,40.55137634277344,140105200,0.0,0.0
2017-11-07,43.477500915527344,43.8125,43.400001525878906,43.70249938964844,40.681705474853516,97446000,0.0,0.0
2017-11-08,43.665000915527344,44.060001373291016,43.58250045776367,44.060001373291016,41.01450729370117,97638000,0.0,0.0
2017-11-09,43.77750015258789,44.025001525878906,43.28499984741211,43.970001220703125,40.93070983886719,117930400,0.0,0.0
2017-11-10,43.77750015258789,43.845001220703125,43.567501068115234,43.66749954223633,40.79524612426758,100582000,0.1575,0.0
2017-11-13,43.375,43.625,43.349998474121094,43.49250030517578,40.631771087646484,67928400,0.0,0.0
2017-11-14,43.2599983215332,43.369998931884766,42.79499816894531,42.834999084472656,40.01750946044922,99130000,0.0,0.0
2017-11-15,42.49250030517578,42.58000183105469,42.095001220703125,42.27000045776367,39.48967361450195,116632400,0.0,0.0
2017-11-16,42.79499816894531,42.967498779296875,42.57500076293945,42.775001525878906,39.96145248413086,94550000,0.0,0.0
2017-11-17,42.7599983215332,42.84749984741211,42.40999984741211,42.537498474121094,39.73956298828125,87598000,0.0,0.0
2017-11-20,42.5724983215332,42.63999938964844,42.38999938964844,42.494998931884766,39.699859619140625,65049600,0.0,0.0
2017-11-21,42.69499969482422,43.42499923706055,42.69499969482422,43.28499984741211,40.437904357910156,100525200,0.0,0.0
2017-11-22,43.34000015258789,43.75,43.26250076293945,43.7400016784668,40.86298370361328,102355600,0.0,0.0
2017-11-24,43.775001525878906,43.875,43.662498474121094,43.74250030517578,40.865318298339844,56106800,0.0,0.0
2017-11-27,43.76250076293945,43.77000045776367,43.334999084472656,43.522499084472656,40.65979766845703,82867200,0.0,0.0
2017-11-28,43.57500076293945,43.717498779296875,42.96500015258789,43.26750183105469,40.42156219482422,105715200,0.0,0.0
2017-11-29,43.157501220703125,43.22999954223633,41.790000915527344,42.369998931884766,39.58308410644531,166665600,0.0,0.0
2017-11-30,42.60749816894531,43.03499984741211,42.11000061035156,42.962501525878906,40.136634826660156,166108800,0.0,0.0
2017-12-01,42.48749923706055,42.91749954223633,42.125,42.76250076293945,39.94976806640625,159037200,0.0,0.0
2017-12-04,43.119998931884766,43.154998779296875,42.407501220703125,42.45000076293945,39.6578254699707,130169600,0.0,0.0
2017-12-05,42.26499938964844,42.880001068115234,42.099998474121094,42.40999984741211,39.62047576904297,109400800,0.0,0.0
2017-12-06,41.875,42.54999923706055,41.6150016784668,42.252498626708984,39.47332763671875,114240000,0.0,0.0
2017-12-07,42.25749969482422,42.61000061035156,42.227500915527344,42.33000183105469,39.54573059082031,102693200,0.0,0.0
2017-12-08,42.622501373291016,42.75,42.20500183105469,42.342498779296875,39.557395935058594,93420800,0.0,0.0
2017-12-11,42.29999923706055,43.22249984741211,42.1974983215332,43.16749954223633,40.32814025878906,141095200,0.0,0.0
2017-12-12,43.037498474121094,43.09749984741211,42.8650016784668,42.92499923706055,40.10157775878906,77636800,0.0,0.0
2017-12-13,43.125,43.3849983215332,43.0,43.067501068115234,40.23471450805664,95273600,0.0,0.0
2017-12-14,43.099998474121094,43.282501220703125,42.912498474121094,43.05500030517578,40.22304153442383,81906000,0.0,0.0
2017-12-15,43.407501220703125,43.54249954223633,43.1150016784668,43.49250030517578,40.631771087646484,160677200,0.0,0.0
2017-12-18,43.720001220703125,44.29999923706055,43.71500015258789,44.10499954223633,41.20397186279297,117684400,0.0,0.0
2017-12-19,43.75749969482422,43.84749984741211,43.522499084472656,43.6349983215332,40.7648811340332,109745600,0.0,0.0
2017-12-20,43.717498779296875,43.85499954223633,43.3125,43.587501525878906,40.72050094604492,93902400,0.0,0.0
2017-12-21,43.54249954223633,44.005001068115234,43.525001525878906,43.752498626708984,40.874656677246094,83799600,0.0,0.0
2017-12-22,43.66999816894531,43.85499954223633,43.625,43.752498626708984,40.874656677246094,65397600,0.0,0.0
2017-12-26,42.70000076293945,42.86750030517578,42.41999816894531,42.64250183105469,39.837669372558594,132742000,0.0,0.0
2017-12-27,42.525001525878906,42.69499969482422,42.4275016784668,42.650001525878906,39.84467315673828,85992800,0.0,0.0
2017-12-28,42.75,42.962501525878906,42.619998931884766,42.77000045776367,39.95677185058594,65920800,0.0,0.0
2017-12-29,42.630001068115234,42.647499084472656,42.30500030517578,42.307498931884766,39.52470779418945,103999600,0.0,0.0
2018-01-02,42.540000915527344,43.07500076293945,42.314998626708984,43.064998626708984,40.23237609863281,102223600,0.0,0.0
2018-01-03,43.13249969482422,43.63750076293945,42.9900016784668,43.057498931884766,40.22537612915039,118071600,0.0,0.0
2018-01-04,43.1349983215332,43.36750030517578,43.02000045776367,43.25749969482422,40.4122200012207,89738400,0.0,0.0
2018-01-05,43.36000061035156,43.842498779296875,43.26250076293945,43.75,40.872318267822266,94640000,0.0,0.0
2018-01-08,43.587501525878906,43.90250015258789,43.48249816894531,43.587501525878906,40.72050094604492,82271200,0.0,0.0
2018-01-09,43.63750076293945,43.76499938964844,43.352500915527344,43.58250045776367,40.715843200683594,86336000,0.0,0.0
2018-01-10,43.290000915527344,43.57500076293945,43.25,43.5724983215332,40.706504821777344,95839600,0.0,0.0
2018-01-11,43.647499084472656,43.872501373291016,43.622501373291016,43.81999969482422,40.937721252441406,74670800,0.0,0.0
2018-01-12,44.04499816894531,44.34000015258789,43.912498474121094,44.272499084472656,41.36044692993164,101672400,0.0,0.0
2018-01-16,44.474998474121094,44.84749984741211,44.03499984741211,44.04750061035156,41.15024948120117,118263600,0.0,0.0
2018-01-17,44.037498474121094,44.8125,43.76750183105469,44.775001525878906,41.82991027832031,137547200,0.0,0.0
2018-01-18,44.842498779296875,45.025001525878906,44.5625,44.814998626708984,41.867271423339844,124773600,0.0,0.0
2018-01-19,44.65250015258789,44.89500045776367,44.352500915527344,44.6150016784668,41.680416107177734,129700400,0.0,0.0
2018-01-22,44.32500076293945,44.44499969482422,44.150001525878906,44.25,41.33944320678711,108434400,0.0,0.0
2018-01-23,44.32500076293945,44.86000061035156,44.20500183105469,44.2599983215332,41.3487663269043,130756400,0.0,0.0
2018-01-24,44.3125,44.32500076293945,43.29999923706055,43.55500030517578,40.690147399902344,204420400,0.0,0.0
2018-01-25,43.627498626708984,43.73749923706055,42.63249969482422,42.77750015258789,39.963783264160156,166116000,0.0,0.0
2018-01-26,43.0,43.0,42.51499938964844,42.877498626708984,40.05720901489258,156572000,0.0,0.0
2018-01-29,42.540000915527344,42.540000915527344,41.76750183105469,41.9900016784668,39.228084564208984,202561600,0.0,0.0
2018-01-30,41.38249969482422,41.842498779296875,41.17499923706055,41.74250030517578,38.99687194824219,184192800,0.0,0.0
2018-01-31,41.717498779296875,42.11000061035156,41.625,41.85749816894531,39.104305267333984,129915600,0.0,0.0
2018-02-01,41.79249954223633,42.154998779296875,41.689998626708984,41.94499969482422,39.18604278564453,188923200,0.0,0.0
2018-02-02,41.5,41.70000076293945,40.025001525878906,40.125,37.48575973510742,346375200,0.0,0.0
2018-02-05,39.775001525878906,40.970001220703125,39.0,39.122501373291016,36.54920196533203,290954000,0.0,0.0
2018-02-06,38.70750045776367,40.93000030517578,38.5,40.75749969482422,38.076663970947266,272975200,0.0,0.0
2018-02-07,40.772499084472656,40.849998474121094,39.76750183105469,39.8849983215332,37.261539459228516,206434400,0.0,0.0
2018-02-08,40.0724983215332,40.25,38.75749969482422,38.787498474121094,36.236228942871094,217562000,0.0,0.0
2018-02-09,39.26750183105469,39.47249984741211,37.560001373291016,39.102500915527344,36.67945098876953,282690400,0.1575,0.0
2018-02-12,39.625,40.97249984741211,39.377498626708984,40.6775016784668,38.1568489074707,243278000,0.0,0.0
2018-02-13,40.48749923706055,41.1875,40.412498474121094,41.084999084472656,38.539100646972656,130196800,0.0,0.0
2018-02-14,40.7599983215332,41.8849983215332,40.720001220703125,41.842498779296875,39.24966049194336,162579600,0.0,0.0
2018-02-15,42.4474983215332,43.272499084472656,42.25,43.247501373291016,40.567604064941406,204588800,0.0,0.0
2018-02-16,43.09000015258789,43.70500183105469,42.942501068115234,43.10749816894531,40.436275482177734,160704400,0.0,0.0
2018-02-20,43.01250076293945,43.564998626708984,42.85499954223633,42.962501525878906,40.300270080566406,135722000,0.0,0.0
2018-02-21,43.20750045776367,43.529998779296875,42.752498626708984,42.76750183105469,40.11735153198242,149886400,0.0,0.0
2018-02-22,42.95000076293945,43.48749923706055,42.9275016784668,43.125,40.452701568603516,123967600,0.0,0.0
2018-02-23,43.41749954223633,43.912498474121094,43.3849983215332,43.875,41.15621566772461,135249600,0.0,0.0
2018-02-26,44.087501525878906,44.84749984741211,44.0525016784668,44.74250030517578,41.96995544433594,152648800,0.0,0.0
2018-02-27,44.775001525878906,45.119998931884766,44.540000915527344,44.59749984741211,41.83395004272461,155712400,0.0,0.0
2018-02-28,44.814998626708984,45.154998779296875,44.51250076293945,44.529998779296875,41.770626068115234,151128400,0.0,0.0
2018-03-01,44.6349983215332,44.94499969482422,43.165000915527344,43.75,41.03895568847656,195208000,0.0,0.0
2018-03-02,43.20000076293945,44.07500076293945,43.11249923706055,44.0525016784668,41.32270812988281,153816000,0.0,0.0
2018-03-05,43.8025016784668,44.435001373291016,43.630001068115234,44.20500183105469,41.46575927734375,113605600,0.0,0.0
2018-03-06,44.477500915527344,44.5625,44.032501220703125,44.16749954223633,41.43059539794922,95154000,0.0,0.0
2018-03-07,43.73500061035156,43.962501525878906,43.567501068115234,43.75749969482422,41.04599380493164,126814000,0.0,0.0
2018-03-08,43.869998931884766,44.279998779296875,43.76750183105469,44.23500061035156,41.49390411376953,95096400,0.0,0.0
2018-03-09,44.4900016784668,45.0,44.34749984741211,44.994998931884766,42.20681381225586,128740800,0.0,0.0
2018-03-12,45.0724983215332,45.59749984741211,45.0525016784668,45.43000030517578,42.61485290527344,128828400,0.0,0.0
2018-03-13,45.647499084472656,45.875,44.810001373291016,44.99250030517578,42.20448303222656,126774000,0.0,0.0
2018-03-14,45.08000183105469,45.130001068115234,44.45249938964844,44.61000061035156,41.84567642211914,117473600,0.0,0.0
2018-03-15,44.625,45.060001373291016,44.51750183105469,44.662498474121094,41.894920349121094,90975200,0.0,0.0
2018-03-16,44.662498474121094,44.779998779296875,44.404998779296875,44.505001068115234,41.74716567993164,157618800,0.0,0.0
2018-03-19,44.33000183105469,44.36750030517578,43.415000915527344,43.82500076293945,41.10932159423828,133787200,0.0,0.0
2018-03-20,43.810001373291016,44.20000076293945,43.73500061035156,43.810001373291016,41.09524917602539,78597600,0.0,0.0
2018-03-21,43.7599983215332,43.772499084472656,42.814998626708984,42.817501068115234,40.16425323486328,148219600,0.0,0.0
2018-03-22,42.5,43.16999816894531,42.150001525878906,42.212501525878906,39.59674072265625,165963200,0.0,0.0
2018-03-23,42.09749984741211,42.47999954223633,41.23500061035156,41.23500061035156,38.679805755615234,164115200,0.0,0.0
2018-03-26,42.01750183105469,43.275001525878906,41.61000061035156,43.192501068115234,40.51601791381836,150164800,0.0,0.0
2018-03-27,43.41999816894531,43.787498474121094,41.72999954223633,42.084999084472656,39.477142333984375,163690400,0.0,0.0
2018-03-28,41.8125,42.505001068115234,41.29750061035156,41.619998931884766,39.04096221923828,166674000,0.0,0.0
2018-03-29,41.95249938964844,42.9375,41.724998474121094,41.94499969482422,39.34580993652344,153594000,0.0,0.0
2018-04-02,41.65999984741211,42.23500061035156,41.11750030517578,41.66999816894531,39.087860107421875,150347200,0.0,0.0
2018-04-03,41.90999984741211,42.1875,41.220001220703125,42.09749984741211,39.488861083984375,121112000,0.0,0.0
2018-04-04,41.220001220703125,43.002498626708984,41.192501068115234,42.90250015258789,40.243980407714844,138422000,0.0,0.0
2018-04-05,43.14500045776367,43.557498931884766,43.02000045776367,43.20000076293945,40.52304458618164,107732800,0.0,0.0
2018-04-06,42.74250030517578,43.119998931884766,42.04999923706055,42.095001220703125,39.486515045166016,140021200,0.0,0.0
2018-04-09,42.470001220703125,43.272499084472656,42.462501525878906,42.51250076293945,39.878143310546875,116070800,0.0,0.0
2018-04-10,43.25,43.5,42.88249969482422,43.3125,40.62856674194336,113634400,0.0,0.0
2018-04-11,43.057498931884766,43.47999954223633,42.92499923706055,43.11000061035156,40.438621520996094,89726400,0.0,0.0
2018-04-12,43.352500915527344,43.75,43.2599983215332,43.53499984741211,40.83728790283203,91557200,0.0,0.0
2018-04-13,43.69499969482422,43.959999084472656,43.462501525878906,43.682498931884766,40.975650787353516,100497200,0.0,0.0
2018-04-16,43.75749969482422,44.04750061035156,43.70750045776367,43.95500183105469,41.23126983642578,86313600,0.0,0.0
2018-04-17,44.122501373291016,44.73500061035156,44.102500915527344,44.560001373291016,41.79876708984375,106421600,0.0,0.0
2018-04-18,44.45249938964844,44.70500183105469,44.220001220703125,44.459999084472656,41.7049674987793,83018000,0.0,0.0
2018-04-19,43.439998626708984,43.84749984741211,43.165000915527344,43.20000076293945,40.52304458618164,139235200,0.0,0.0
2018-04-20,42.650001525878906,42.80500030517578,41.35749816894531,41.43000030517578,38.86273193359375,261964400,0.0,0.0
2018-04-23,41.70750045776367,41.72999954223633,41.022499084472656,41.310001373291016,38.75015640258789,146062000,0.0,0.0
2018-04-24,41.41749954223633,41.58250045776367,40.30500030517578,40.73500061035156,38.210777282714844,134768000,0.0,0.0
2018-04-25,40.654998779296875,41.35499954223633,40.602500915527344,40.912498474121094,38.377296447753906,113528400,0.0,0.0
2018-04-26,41.029998779296875,41.432498931884766,40.842498779296875,41.05500030517578,38.51095962524414,111852000,0.0,0.0
2018-04-27,41.0,41.08250045776367,40.157501220703125,40.58000183105469,38.06539535522461,142623200,0.0,0.0
2018-04-30,40.532501220703125,41.814998626708984,40.459999084472656,41.314998626708984,38.754859924316406,169709600,0.0,0.0
2018-05-01,41.602500915527344,42.29999923706055,41.317501068115234,42.275001525878906,39.655372619628906,214277600,0.0,0.0
2018-05-02,43.807498931884766,44.4375,43.45000076293945,44.14250183105469,41.40715408325195,266157600,0.0,0.0
2018-05-03,43.970001220703125,44.375,43.61000061035156,44.22249984741211,41.4821891784668,136272800,0.0,0.0
2018-05-04,44.5625,46.0625,44.54249954223633,45.95750045776367,43.10968017578125,224805200,0.0,0.0
2018-05-07,46.29499816894531,46.91749954223633,46.1875,46.290000915527344,43.42157745361328,169805600,0.0,0.0
2018-05-08,46.247501373291016,46.55500030517578,45.91749954223633,46.51250076293945,43.630287170410156,113611200,0.0,0.0
2018-05-09,46.63750076293945,46.849998474121094,46.30500030517578,46.84000015258789,43.93748474121094,92844800,0.0,0.0
2018-05-10,46.935001373291016,47.592498779296875,46.912498474121094,47.5099983215332,44.56596374511719,111957200,0.0,0.0
2018-05-11,47.372501373291016,47.51499938964844,46.86249923706055,47.147499084472656,44.3964729309082,104848800,0.1825,0.0
2018-05-14,47.252498626708984,47.38249969482422,46.96500015258789,47.037498474121094,44.29289245605469,83115200,0.0,0.0
2018-05-15,46.69499969482422,46.76750183105469,46.275001525878906,46.61000061035156,43.89033126831055,94780800,0.0,0.0
2018-05-16,46.51750183105469,47.1150016784668,46.5,47.04499816894531,44.299949645996094,76732400,0.0,0.0
2018-05-17,47.0,47.227500915527344,46.59000015258789,46.747501373291016,44.01980209350586,69176000,0.0,0.0
2018-05-18,46.79750061035156,46.95249938964844,46.532501220703125,46.57749938964844,43.8597297668457,73190800,0.0,0.0
2018-05-21,47.0,47.317501068115234,46.727500915527344,46.907501220703125,44.17048263549805,73603200,0.0,0.0
2018-05-22,47.095001220703125,47.220001220703125,46.69499969482422,46.790000915527344,44.0598258972168,60962800,0.0,0.0
2018-05-23,46.587501525878906,47.125,46.439998626708984,47.09000015258789,44.34231948852539,80233600,0.0,0.0
2018-05-24,47.192501068115234,47.209999084472656,46.5525016784668,47.037498474121094,44.29289245605469,92936000,0.0,0.0
2018-05-25,47.057498931884766,47.412498474121094,46.912498474121094,47.14500045776367,44.394126892089844,69844000,0.0,0.0
2018-05-29,46.900001525878906,47.1875,46.717498779296875,46.974998474121094,44.234046936035156,90056400,0.0,0.0
2018-05-30,46.93000030517578,47.0,46.69499969482422,46.875,44.13987350463867,74762000,0.0,0.0
2018-05-31,46.80500030517578,47.057498931884766,46.53499984741211,46.717498779296875,43.99155044555664,109931200,0.0,0.0
2018-06-01,46.997501373291016,47.564998626708984,46.9375,47.560001373291016,44.784915924072266,93770000,0.0,0.0
2018-06-04,47.90999984741211,48.35499954223633,47.837501525878906,47.95750045776367,45.159202575683594,105064800,0.0,0.0
2018-06-05,48.26750183105469,48.48500061035156,48.09000015258789,48.32749938964844,45.50761032104492,86264000,0.0,0.0
2018-06-06,48.407501220703125,48.52000045776367,47.97999954223633,48.494998931884766,45.665348052978516,83734400,0.0,0.0
2018-06-07,48.53499984741211,48.54999923706055,48.084999084472656,48.3650016784668,45.542930603027344,85388800,0.0,0.0
2018-06-08,47.79249954223633,48.0,47.442501068115234,47.92499923706055,45.12860107421875,106627200,0.0,0.0
2018-06-11,47.837501525878906,47.99250030517578,47.5525016784668,47.807498931884766,45.0179557800293,73234000,0.0,0.0
2018-06-12,47.84749984741211,48.15250015258789,47.787498474121094,48.06999969482422,45.26515579223633,67644400,0.0,0.0
2018-06-13,48.10499954223633,48.220001220703125,47.61000061035156,47.67499923706055,44.893192291259766,86553600,0.0,0.0
2018-06-14,47.88750076293945,47.89250183105469,47.55500030517578,47.70000076293945,44.9167366027832,86440400,0.0,0.0
2018-06-15,47.50749969482422,47.540000915527344,47.064998626708984,47.209999084472656,44.455322265625,246876800,0.0,0.0
2018-06-18,46.970001220703125,47.30500030517578,46.79999923706055,47.185001373291016,44.43177795410156,73939600,0.0,0.0
2018-06-19,46.28499984741211,46.58250045776367,45.86249923706055,46.42250061035156,43.71377182006836,134314000,0.0,0.0
2018-06-20,46.587501525878906,46.79999923706055,46.432498931884766,46.625,43.904449462890625,82514800,0.0,0.0
2018-06-21,46.8125,47.087501525878906,46.23500061035156,46.3650016784668,43.65962600708008,102847600,0.0,0.0
2018-06-22,46.529998779296875,46.537498474121094,46.17499923706055,46.22999954223633,43.53251266479492,108801600,0.0,0.0
2018-06-25,45.849998474121094,46.22999954223633,45.182498931884766,45.54249954223633,42.885128021240234,126652400,0.0,0.0
2018-06-26,45.747501373291016,46.63249969482422,45.6349983215332,46.10749816894531,43.417152404785156,98276800,0.0,0.0
2018-06-27,46.307498931884766,46.81999969482422,46.00749969482422,46.040000915527344,43.35358810424805,101141200,0.0,0.0
2018-06-28,46.025001525878906,46.5525016784668,45.95000076293945,46.375,43.66905975341797,69460800,0.0,0.0
2018-06-29,46.5724983215332,46.79750061035156,45.727500915527344,46.27750015258789,43.57723617553711,90950800,0.0,0.0
2018-07-02,45.95500183105469,46.82500076293945,45.85499954223633,46.79499816894531,44.06452560424805,70925200,0.0,0.0
2018-07-03,46.9474983215332,46.98749923706055,45.8849983215332,45.97999954223633,43.297088623046875,55819200,0.0,0.0
2018-07-05,46.314998626708984,46.602500915527344,46.06999969482422,46.349998474121094,43.645511627197266,66416800,0.0,0.0
2018-07-06,46.35499954223633,47.10749816894531,46.29999923706055,46.99250030517578,44.250518798828125,69940800,0.0,0.0
2018-07-09,47.375,47.66999816894531,47.32500076293945,47.64500045776367,44.86494445800781,79026400,0.0,0.0
2018-07-10,47.6775016784668,47.81999969482422,47.54499816894531,47.587501525878906,44.81079864501953,63756400,0.0,0.0
2018-07-11,47.125,47.44499969482422,46.90250015258789,46.970001220703125,44.22933578491211,75326000,0.0,0.0
2018-07-12,47.38249969482422,47.852500915527344,47.32749938964844,47.75749969482422,44.97086715698242,72164400,0.0,0.0
2018-07-13,47.77000045776367,47.959999084472656,47.724998474121094,47.83250045776367,45.04151153564453,50055600,0.0,0.0
2018-07-16,47.880001068115234,48.162498474121094,47.60499954223633,47.727500915527344,44.94261932373047,60172400,0.0,0.0
2018-07-17,47.4375,47.967498779296875,47.29999923706055,47.86249923706055,45.06974411010742,62138000,0.0,0.0
2018-07-18,47.94499969482422,47.95000076293945,47.48249816894531,47.599998474121094,44.82256317138672,65573600,0.0,0.0
2018-07-19,47.42250061035156,48.13750076293945,47.42250061035156,47.970001220703125,45.17097854614258,81147200,0.0,0.0
2018-07-20,47.94499969482422,48.10749816894531,47.54249954223633,47.86000061035156,45.0673942565918,82704800,0.0,0.0
2018-07-23,47.66999816894531,47.9900016784668,47.38999938964844,47.90250015258789,45.107418060302734,63957600,0.0,0.0
2018-07-24,48.11249923706055,48.415000915527344,48.01250076293945,48.25,45.43463897705078,74791600,0.0,0.0
2018-07-25,48.26499938964844,48.712501525878906,48.10749816894531,48.70500183105469,45.863101959228516,66839600,0.0,0.0
2018-07-26,48.65250015258789,48.9900016784668,48.40250015258789,48.5525016784668,45.71949005126953,76304000,0.0,0.0
2018-07-27,48.747501373291016,48.79750061035156,47.525001525878906,47.744998931884766,44.95912551879883,96096000,0.0,0.0
2018-07-30,47.974998474121094,48.04999923706055,47.26750183105469,47.477500915527344,44.707218170166016,84118000,0.0,0.0
2018-07-31,47.57500076293945,48.03499984741211,47.334999084472656,47.5724983215332,44.79666519165039,157492000,0.0,0.0
2018-08-01,49.782501220703125,50.439998626708984,49.32749938964844,50.375,47.43564987182617,271742800,0.0,0.0
2018-08-02,50.14500045776367,52.095001220703125,50.087501525878906,51.84749984741211,48.822227478027344,249616000,0.0,0.0
2018-08-03,51.75749969482422,52.185001373291016,51.369998931884766,51.997501373291016,48.96347427368164,133789600,0.0,0.0
2018-08-06,52.0,52.3125,51.76750183105469,52.26750183105469,49.21772003173828,101701600,0.0,0.0
2018-08-07,52.33000183105469,52.375,51.689998626708984,51.77750015258789,48.75630187988281,102349600,0.0,0.0
2018-08-08,51.51250076293945,51.95249938964844,51.130001068115234,51.8125,48.78927993774414,90102000,0.0,0.0
2018-08-09,52.38249969482422,52.44499969482422,51.79999923706055,52.220001220703125,49.17300033569336,93970400,0.0,0.0
2018-08-10,51.84000015258789,52.275001525878906,51.66749954223633,51.88249969482422,49.026527404785156,98444800,0.1825,0.0
2018-08-13,52.32749938964844,52.73749923706055,51.92499923706055,52.217498779296875,49.343074798583984,103563600,0.0,0.0
2018-08-14,52.540000915527344,52.63999938964844,52.064998626708984,52.4375,49.55096435546875,82992000,0.0,0.0
2018-08-15,52.30500030517578,52.685001373291016,52.08250045776367,52.560001373291016,49.6667366027832,115230400,0.0,0.0
2018-08-16,52.9375,53.45249938964844,52.86750030517578,53.33000183105469,50.39434814453125,114001600,0.0,0.0
2018-08-17,53.36000061035156,54.48749923706055,53.290000915527344,54.39500045776367,51.40073013305664,141708000,0.0,0.0
2018-08-20,54.525001525878906,54.79499816894531,53.77750015258789,53.8650016784668,50.89989471435547,121150800,0.0,0.0
2018-08-21,54.20000076293945,54.29750061035156,53.50749969482422,53.7599983215332,50.800682067871094,104639200,0.0,0.0
2018-08-22,53.525001525878906,54.09000015258789,53.459999084472656,53.76250076293945,50.803035736083984,76072400,0.0,0.0
2018-08-23,53.662498474121094,54.26250076293945,53.650001525878906,53.872501373291016,50.90697479248047,75532800,0.0,0.0
2018-08-24,54.150001525878906,54.224998474121094,53.77750015258789,54.040000915527344,51.06526565551758,73905600,0.0,0.0
2018-08-27,54.287498474121094,54.685001373291016,54.08250045776367,54.48500061035156,51.485774993896484,82100400,0.0,0.0
2018-08-28,54.752498626708984,55.1349983215332,54.72999954223633,54.92499923706055,51.90154266357422,91107200,0.0,0.0
2018-08-29,55.037498474121094,55.872501373291016,54.852500915527344,55.744998931884766,52.676414489746094,109019200,0.0,0.0
2018-08-30,55.8125,57.064998626708984,55.599998474121094,56.25749969482422,53.16069793701172,195175200,0.0,0.0
2018-08-31,56.627498626708984,57.217498779296875,56.5,56.907501220703125,53.774906158447266,173360400,0.0,0.0
2018-09-04,57.102500915527344,57.29499816894531,56.657501220703125,57.09000015258789,53.94737243652344,109560400,0.0,0.0
2018-09-05,57.247501373291016,57.41749954223633,56.275001525878906,56.717498779296875,53.59537124633789,133332000,0.0,0.0
2018-09-06,56.557498931884766,56.837501525878906,55.32500076293945,55.775001525878906,52.70476150512695,137160000,0.0,0.0
2018-09-07,55.462501525878906,56.342498779296875,55.1775016784668,55.32500076293945,52.27951431274414,150479200,0.0,0.0
2018-09-10,55.23749923706055,55.462501525878906,54.11750030517578,54.58250045776367,51.577903747558594,158066000,0.0,0.0
2018-09-11,54.502498626708984,56.07500076293945,54.13999938964844,55.962501525878906,52.88193130493164,142996000,0.0,0.0
2018-09-12,56.23500061035156,56.25,54.959999084472656,55.26750183105469,52.22519302368164,197114800,0.0,0.0
2018-09-13,55.880001068115234,57.087501525878906,55.64250183105469,56.602500915527344,53.48670959472656,166825600,0.0,0.0
2018-09-14,56.4375,56.709999084472656,55.630001068115234,55.959999084472656,52.87957000732422,127997200,0.0,0.0
2018-09-17,55.537498474121094,55.73749923706055,54.317501068115234,54.470001220703125,51.47159194946289,148780400,0.0,0.0
2018-09-18,54.4474983215332,55.462501525878906,54.279998779296875,54.560001373291016,51.55665588378906,126286800,0.0,0.0
2018-09-19,54.625,54.904998779296875,53.82500076293945,54.592498779296875,51.58734893798828,108495200,0.0,0.0
2018-09-20,55.060001373291016,55.56999969482422,54.787498474121094,55.00749969482422,51.97951889038086,106435200,0.0,0.0
2018-09-21,55.19499969482422,55.34000015258789,54.3224983215332,54.415000915527344,51.419612884521484,384986800,0.0,0.0
2018-09-24,54.20500183105469,55.314998626708984,54.157501220703125,55.1974983215332,52.15904998779297,110773600,0.0,0.0
2018-09-25,54.9375,55.70500183105469,54.92499923706055,55.54750061035156,52.48978805541992,98217600,0.0,0.0
2018-09-26,55.25,55.9375,54.939998626708984,55.10499954223633,52.071632385253906,95938800,0.0,0.0
2018-09-27,55.95500183105469,56.61000061035156,55.8849983215332,56.23749923706055,53.14179229736328,120724800,0.0,0.0
2018-09-28,56.1974983215332,56.459999084472656,56.005001068115234,56.435001373291016,53.328433990478516,91717600,0.0,0.0
2018-10-01,56.98749923706055,57.35499954223633,56.587501525878906,56.814998626708984,53.68750762939453,94403200,0.0,0.0
2018-10-02,56.8125,57.5,56.657501220703125,57.31999969482422,54.16470718383789,99152800,0.0,0.0
2018-10-03,57.51250076293945,58.36750030517578,57.44499969482422,58.01750183105469,54.82381820678711,114619200,0.0,0.0
2018-10-04,57.69499969482422,58.087501525878906,56.682498931884766,56.997501373291016,53.859962463378906,128168000,0.0,0.0
2018-10-05,56.9900016784668,57.102500915527344,55.14500045776367,56.0724983215332,52.98588562011719,134322000,0.0,0.0
2018-10-08,55.5525016784668,56.20000076293945,55.04999923706055,55.942501068115234,52.863040924072266,118655600,0.0,0.0
2018-10-09,55.90999984741211,56.817501068115234,55.5625,56.717498779296875,53.59537124633789,107564000,0.0,0.0
2018-10-10,56.3650016784668,56.587501525878906,54.01250076293945,54.09000015258789,51.112518310546875,167962400,0.0,0.0
2018-10-11,53.630001068115234,54.875,53.08000183105469,53.61249923706055,50.66129684448242,212497600,0.0,0.0
2018-10-12,55.10499954223633,55.720001220703125,54.209999084472656,55.52750015258789,52.47087097167969,161351600,0.0,0.0
2018-10-15,55.290000915527344,55.45750045776367,54.317501068115234,54.34000015258789,51.3487548828125,123164000,0.0,0.0
2018-10-16,54.73249816894531,55.747501373291016,54.189998626708984,55.537498474121094,52.48033142089844,116736000,0.0,0.0
2018-10-17,55.57500076293945,55.65999984741211,54.834999084472656,55.29750061035156,52.25354766845703,91541600,0.0,0.0
2018-10-18,54.46500015258789,54.935001373291016,53.25,54.005001068115234,51.03219985961914,130325200,0.0,0.0
2018-10-19,54.51499938964844,55.314998626708984,54.35749816894531,54.82749938964844,51.809417724609375,132314800,0.0,0.0
2018-10-22,54.9474983215332,55.84000015258789,54.73500061035156,55.162498474121094,52.125972747802734,115168400,0.0,0.0
2018-10-23,53.95750045776367,55.8125,53.67499923706055,55.682498931884766,52.61735534667969,155071200,0.0,0.0
2018-10-24,55.650001525878906,56.057498931884766,53.6349983215332,53.772499084472656,50.81248474121094,163702000,0.0,0.0
2018-10-25,54.4275016784668,55.345001220703125,54.1875,54.95000076293945,51.925174713134766,119423200,0.0,0.0
2018-10-26,53.974998474121094,55.04750061035156,53.16749954223633,54.07500076293945,51.09833526611328,189033600,0.0,0.0
2018-10-29,54.79750061035156,54.92250061035156,51.522499084472656,53.060001373291016,50.13921356201172,183742000,0.0,0.0
2018-10-30,52.787498474121094,53.79499816894531,52.317501068115234,53.32500076293945,50.38962173461914,146640000,0.0,0.0
2018-10-31,54.220001220703125,55.11249923706055,54.154998779296875,54.71500015258789,51.70310592651367,153435600,0.0,0.0
2018-11-01,54.76250076293945,55.59000015258789,54.20249938964844,55.55500030517578,52.49686050415039,233292800,0.0,0.0
2018-11-02,52.38750076293945,53.412498474121094,51.35749816894531,51.869998931884766,49.01470947265625,365314800,0.0,0.0
2018-11-05,51.07500076293945,51.09749984741211,49.54249954223633,50.397499084472656,47.62327575683594,264654800,0.0,0.0
2018-11-06,50.47999954223633,51.18000030517578,50.42250061035156,50.942501068115234,48.138275146484375,127531600,0.0,0.0
2018-11-07,51.49250030517578,52.51499938964844,51.032501220703125,52.48749923706055,49.59822463989258,133697600,0.0,0.0
2018-11-08,52.494998931884766,52.529998779296875,51.6875,52.122501373291016,49.4251823425293,101450400,0.1825,0.0
2018-11-09,51.38750076293945,51.502498626708984,50.5625,51.11750030517578,48.47216796875,137463200,0.0,0.0
2018-11-12,49.75,49.962501525878906,48.4474983215332,48.54249954223633,46.030433654785156,204542000,0.0,0.0
2018-11-13,47.907501220703125,49.29499816894531,47.86249923706055,48.057498931884766,45.570533752441406,187531600,0.0,0.0
2018-11-14,48.474998474121094,48.619998931884766,46.48249816894531,46.70000076293945,44.28327941894531,243204000,0.0,0.0
2018-11-15,47.09749984741211,47.99250030517578,46.724998474121094,47.852500915527344,45.37614440917969,185915200,0.0,0.0
2018-11-16,47.625,48.74250030517578,47.3650016784668,48.38249969482422,45.87871170043945,147713200,0.0,0.0
2018-11-19,47.5,47.67499923706055,46.247501373291016,46.46500015258789,44.06044387817383,167701200,0.0,0.0
2018-11-20,44.592498779296875,45.36750030517578,43.877498626708984,44.244998931884766,41.9553337097168,271300800,0.0,0.0
2018-11-21,44.932498931884766,45.067501068115234,44.13750076293945,44.19499969482422,41.90792465209961,124496800,0.0,0.0
2018-11-23,43.73500061035156,44.150001525878906,43.025001525878906,43.0724983215332,40.84351348876953,94496000,0.0,0.0
2018-11-26,43.560001373291016,43.73749923706055,42.564998626708984,43.654998779296875,41.39586639404297,179994000,0.0,0.0
2018-11-27,42.877498626708984,43.692501068115234,42.720001220703125,43.560001373291016,41.305782318115234,165549600,0.0,0.0
2018-11-28,44.182498931884766,45.3224983215332,43.73249816894531,45.23500061035156,42.89409255981445,184250000,0.0,0.0
2018-11-29,45.665000915527344,45.70000076293945,44.42499923706055,44.88750076293945,42.56458282470703,167080000,0.0,0.0
2018-11-30,45.0724983215332,45.08250045776367,44.25749969482422,44.64500045776367,42.334632873535156,158126000,0.0,0.0
2018-12-03,46.1150016784668,46.23500061035156,45.3025016784668,46.20500183105469,43.813899993896484,163210000,0.0,0.0
2018-12-04,45.23749923706055,45.59749984741211,44.067501068115234,44.17250061035156,41.88657760620117,165377200,0.0,0.0
2018-12-06,42.939998626708984,43.69499969482422,42.60499954223633,43.68000030517578,41.4195671081543,172393600,0.0,0.0
2018-12-07,43.372501373291016,43.622501373291016,42.07500076293945,42.122501373291016,39.94267654418945,169126400,0.0,0.0
2018-12-10,41.25,42.522499084472656,40.83250045776367,42.400001525878906,40.205814361572266,248104000,0.0,0.0
2018-12-11,42.915000915527344,42.9474983215332,41.75,42.157501220703125,39.97585678100586,189126800,0.0,0.0
2018-12-12,42.599998474121094,42.97999954223633,42.255001068115234,42.275001525878906,40.087276458740234,142510800,0.0,0.0
2018-12-13,42.622501373291016,43.14250183105469,42.38750076293945,42.73749923706055,40.52583312988281,127594400,0.0,0.0
2018-12-14,42.25,42.27000045776367,41.31999969482422,41.369998931884766,39.229103088378906,162814800,0.0,0.0
2018-12-17,41.36249923706055,42.087501525878906,40.682498931884766,40.98500061035156,38.86404037475586,177151600,0.0,0.0
2018-12-18,41.345001220703125,41.88249969482422,41.09749984741211,41.51750183105469,39.368980407714844,135366000,0.0,0.0
2018-12-19,41.5,41.86249923706055,39.772499084472656,40.22249984741211,38.14099884033203,196189200,0.0,0.0
2018-12-20,40.099998474121094,40.52750015258789,38.82500076293945,39.20750045776367,37.17851257324219,259092000,0.0,0.0
2018-12-21,39.21500015258789,39.540000915527344,37.407501220703125,37.682498931884766,35.73244094848633,382978400,0.0,0.0
2018-12-24,37.037498474121094,37.88750076293945,36.647499084472656,36.70750045776367,34.80789566040039,148676800,0.0,0.0
2018-12-26,37.07500076293945,39.307498931884766,36.68000030517578,39.29249954223633,37.259124755859375,234330000,0.0,0.0
2018-12-27,38.959999084472656,39.192501068115234,37.51750183105469,39.037498474121094,37.01731872558594,212468400,0.0,0.0
2018-12-28,39.375,39.630001068115234,38.63750076293945,39.057498931884766,37.03628158569336,169165600,0.0,0.0
2018-12-31,39.63249969482422,39.84000015258789,39.119998931884766,39.435001373291016,37.394248962402344,140014000,0.0,0.0
2019-01-02,38.72249984741211,39.712501525878906,38.557498931884766,39.47999954223633,37.436912536621094,148158800,0.0,0.0
2019-01-03,35.994998931884766,36.43000030517578,35.5,35.54750061035156,33.707923889160156,365248800,0.0,0.0
2019-01-04,36.13249969482422,37.13750076293945,35.95000076293945,37.064998626708984,35.14688491821289,234428400,0.0,0.0
2019-01-07,37.17499923706055,37.20750045776367,36.474998474121094,36.98249816894531,35.06866455078125,219111200,0.0,0.0
2019-01-08,37.38999938964844,37.95500183105469,37.130001068115234,37.6875,35.73717498779297,164101200,0.0,0.0
2019-01-09,37.8224983215332,38.63249969482422,37.407501220703125,38.32749938964844,36.34406661987305,180396400,0.0,0.0
2019-01-10,38.125,38.49250030517578,37.71500015258789,38.45000076293945,36.46022033691406,143122800,0.0,0.0
2019-01-11,38.220001220703125,38.42499923706055,37.877498626708984,38.0724983215332,36.10225296020508,108092800,0.0,0.0
2019-01-14,37.712501525878906,37.817501068115234,37.30500030517578,37.5,35.559383392333984,129756800,0.0,0.0
2019-01-15,37.567501068115234,38.34749984741211,37.51250076293945,38.26750183105469,36.28716278076172,114843600,0.0,0.0
2019-01-16,38.27000045776367,38.970001220703125,38.25,38.73500061035156,36.73047637939453,122278800,0.0,0.0
2019-01-17,38.54999923706055,39.415000915527344,38.314998626708984,38.96500015258789,36.94856262207031,119284800,0.0,0.0
2019-01-18,39.375,39.470001220703125,38.994998931884766,39.20500183105469,37.176143646240234,135004000,0.0,0.0
2019-01-22,39.102500915527344,39.182498931884766,38.154998779296875,38.32500076293945,36.341697692871094,121576000,0.0,0.0
2019-01-23,38.537498474121094,38.78499984741211,37.92499923706055,38.47999954223633,36.48866271972656,92522400,0.0,0.0
2019-01-24,38.52750015258789,38.619998931884766,37.935001373291016,38.17499923706055,36.19944381713867,101766000,0.0,0.0
2019-01-25,38.869998931884766,39.532501220703125,38.58000183105469,39.439998626708984,37.39899444580078,134142000,0.0,0.0
2019-01-28,38.9474983215332,39.08250045776367,38.415000915527344,39.07500076293945,37.05286407470703,104768400,0.0,0.0
2019-01-29,39.0625,39.532501220703125,38.52750015258789,38.66999816894531,36.668827056884766,166348800,0.0,0.0
2019-01-30,40.8125,41.537498474121094,40.057498931884766,41.3125,39.174583435058594,244439200,0.0,0.0
2019-01-31,41.52750015258789,42.25,41.13999938964844,41.61000061035156,39.45668411254883,162958400,0.0,0.0
2019-02-01,41.7400016784668,42.244998931884766,41.48249816894531,41.630001068115234,39.47565841674805,130672400,0.0,0.0
2019-02-04,41.852500915527344,42.915000915527344,41.81999969482422,42.8125,40.596961975097656,125982000,0.0,0.0
2019-02-05,43.21500015258789,43.77000045776367,43.087501525878906,43.54499816894531,41.29154968261719,144406400,0.0,0.0
2019-02-06,43.662498474121094,43.89250183105469,43.212501525878906,43.560001373291016,41.305782318115234,112958400,0.0,0.0
2019-02-07,43.099998474121094,43.48500061035156,42.584999084472656,42.73500061035156,40.523460388183594,126966800,0.0,0.0
2019-02-08,42.247501373291016,42.665000915527344,42.10499954223633,42.602500915527344,40.57109832763672,95280000,0.1825,0.0
2019-02-11,42.76250076293945,42.8025016784668,42.3125,42.35749816894531,40.33777618408203,83973600,0.0,0.0
2019-02-12,42.525001525878906,42.75,42.42499923706055,42.72249984741211,40.68536376953125,89134000,0.0,0.0
2019-02-13,42.84749984741211,43.119998931884766,42.47999954223633,42.54499816894531,40.51633071899414,89960800,0.0,0.0
2019-02-14,42.4275016784668,42.814998626708984,42.345001220703125,42.70000076293945,40.663936614990234,87342800,0.0,0.0
2019-02-15,42.8125,42.92499923706055,42.4375,42.60499954223633,40.573463439941406,98507200,0.0,0.0
2019-02-19,42.4275016784668,42.86000061035156,42.372501373291016,42.73249816894531,40.69488525390625,75891200,0.0,0.0
2019-02-20,42.79750061035156,43.33000183105469,42.747501373291016,43.00749969482422,40.956764221191406,104457600,0.0,0.0
2019-02-21,42.95000076293945,43.092498779296875,42.57500076293945,42.76499938964844,40.72584533691406,68998800,0.0,0.0
2019-02-22,42.89500045776367,43.25,42.845001220703125,43.24250030517578,41.180572509765625,75652800,0.0,0.0
2019-02-25,43.540000915527344,43.967498779296875,43.48749923706055,43.557498931884766,41.480552673339844,87493600,0.0,0.0
2019-02-26,43.4275016784668,43.82500076293945,43.29249954223633,43.58250045776367,41.504356384277344,68280800,0.0,0.0
2019-02-27,43.3025016784668,43.75,43.182498931884766,43.717498779296875,41.6329231262207,111341600,0.0,0.0
2019-02-28,43.58000183105469,43.727500915527344,43.22999954223633,43.287498474121094,41.22343444824219,112861600,0.0,0.0
2019-03-01,43.56999969482422,43.787498474121094,43.22249984741211,43.74250030517578,41.65672302246094,103544800,0.0,0.0
2019-03-04,43.92250061035156,44.4375,43.49250030517578,43.962501525878906,41.86623764038086,109744800,0.0,0.0
2019-03-05,43.98500061035156,44.0,43.6349983215332,43.88249969482422,41.790042877197266,78949600,0.0,0.0
2019-03-06,43.66749954223633,43.872501373291016,43.48500061035156,43.630001068115234,41.54959487915039,83241600,0.0,0.0
2019-03-07,43.467498779296875,43.61000061035156,43.005001068115234,43.125,41.06866455078125,99185600,0.0,0.0
2019-03-08,42.58000183105469,43.26750183105469,42.375,43.227500915527344,41.16628646850586,95997600,0.0,0.0
2019-03-11,43.872501373291016,44.779998779296875,43.837501525878906,44.724998474121094,42.592384338378906,128044000,0.0,0.0
2019-03-12,45.0,45.66749954223633,44.842498779296875,45.227500915527344,43.0709228515625,129870400,0.0,0.0
2019-03-13,45.5625,45.82500076293945,45.22999954223633,45.4275016784668,43.26139450073242,124130000,0.0,0.0
2019-03-14,45.974998474121094,46.025001525878906,45.63999938964844,45.932498931884766,43.74229431152344,94318000,0.0,0.0
2019-03-15,46.212501525878906,46.83250045776367,45.935001373291016,46.529998779296875,44.31131362915039,156171600,0.0,0.0
2019-03-18,46.45000076293945,47.09749984741211,46.4474983215332,47.005001068115234,44.76365661621094,104879200,0.0,0.0
2019-03-19,47.087501525878906,47.247501373291016,46.47999954223633,46.63249969482422,44.40892028808594,126585600,0.0,0.0
2019-03-20,46.557498931884766,47.372501373291016,46.182498931884766,47.040000915527344,44.797000885009766,124140800,0.0,0.0
2019-03-21,47.505001068115234,49.08250045776367,47.45249938964844,48.772499084472656,46.44688034057617,204136800,0.0,0.0
2019-03-22,48.834999084472656,49.42250061035156,47.69499969482422,47.76250076293945,45.48503112792969,169630800,0.0,0.0
2019-03-25,47.877498626708984,47.994998931884766,46.650001525878906,47.185001373291016,44.9350700378418,175381200,0.0,0.0
2019-03-26,47.915000915527344,48.220001220703125,46.14500045776367,46.6974983215332,44.470821380615234,199202000,0.0,0.0
2019-03-27,47.1875,47.439998626708984,46.63750076293945,47.11750030517578,44.87080383300781,119393600,0.0,0.0
2019-03-28,47.23749923706055,47.38999938964844,46.88249969482422,47.18000030517578,44.9303092956543,83121600,0.0,0.0
2019-03-29,47.45750045776367,47.52000045776367,47.1349983215332,47.48749923706055,45.22315979003906,94256000,0.0,0.0
2019-04-01,47.90999984741211,47.91999816894531,47.095001220703125,47.810001373291016,45.53028106689453,111448000,0.0,0.0
2019-04-02,47.772499084472656,48.6150016784668,47.76250076293945,48.505001068115234,46.192142486572266,91062800,0.0,0.0
2019-04-03,48.3125,49.125,48.287498474121094,48.837501525878906,46.508785247802734,93087200,0.0,0.0
2019-04-04,48.6974983215332,49.092498779296875,48.28499984741211,48.92250061035156,46.58974075317383,76457200,0.0,0.0
2019-04-05,49.11249923706055,49.275001525878906,48.98249816894531,49.25,46.901607513427734,74106400,0.0,0.0
2019-04-08,49.10499954223633,50.057498931884766,49.084999084472656,50.025001525878906,47.63965606689453,103526800,0.0,0.0
2019-04-09,50.08000183105469,50.712501525878906,49.807498931884766,49.875,47.49681091308594,143072800,0.0,0.0
2019-04-10,49.66999816894531,50.185001373291016,49.54499816894531,50.154998779296875,47.76345443725586,86781200,0.0,0.0
2019-04-11,50.212501525878906,50.25,49.61000061035156,49.73749923706055,47.3658561706543,83603200,0.0,0.0
2019-04-12,49.79999923706055,50.03499984741211,49.0525016784668,49.717498779296875,47.346824645996094,111042800,0.0,0.0
2019-04-15,49.64500045776367,49.962501525878906,49.502498626708984,49.807498931884766,47.432533264160156,70146400,0.0,0.0
2019-04-16,49.8650016784668,50.342498779296875,49.63999938964844,49.8125,47.437286376953125,102785600,0.0,0.0
2019-04-17,49.8849983215332,50.845001220703125,49.65250015258789,50.782501220703125,48.36103820800781,115627200,0.0,0.0
2019-04-18,50.779998779296875,51.037498474121094,50.630001068115234,50.96500015258789,48.53484344482422,96783200,0.0,0.0
2019-04-22,50.70750045776367,51.23500061035156,50.584999084472656,51.13249969482422,48.6943473815918,77758000,0.0,0.0
2019-04-23,51.10749816894531,51.9375,50.974998474121094,51.869998931884766,49.39668273925781,93292000,0.0,0.0
2019-04-24,51.84000015258789,52.119998931884766,51.76250076293945,51.790000915527344,49.320499420166016,70162400,0.0,0.0
2019-04-25,51.70750045776367,51.939998626708984,51.279998779296875,51.31999969482422,48.87291717529297,74172800,0.0,0.0
2019-04-26,51.224998474121094,51.25,50.529998779296875,51.07500076293945,48.639591217041016,74596400,0.0,0.0
2019-04-29,51.099998474121094,51.49250030517578,50.96500015258789,51.15250015258789,48.71340560913086,88818800,0.0,0.0
2019-04-30,50.76499938964844,50.849998474121094,49.77750015258789,50.16749954223633,47.775367736816406,186139600,0.0,0.0
2019-05-01,52.470001220703125,53.82749938964844,52.307498931884766,52.630001068115234,50.12043762207031,259309200,0.0,0.0
2019-05-02,52.459999084472656,53.162498474121094,52.032501220703125,52.287498474121094,49.794281005859375,127985200,0.0,0.0
2019-05-03,52.72249984741211,52.959999084472656,52.557498931884766,52.9375,50.41328811645508,83569600,0.0,0.0
2019-05-06,51.0724983215332,52.209999084472656,50.875,52.119998931884766,49.634761810302734,129772400,0.0,0.0
2019-05-07,51.470001220703125,51.85499954223633,50.20750045776367,50.71500015258789,48.29676055908203,155054800,0.0,0.0
2019-05-08,50.474998474121094,51.334999084472656,50.4375,50.724998474121094,48.3062744140625,105358000,0.0,0.0
2019-05-09,50.099998474121094,50.41999816894531,49.165000915527344,50.18000030517578,47.78726577758789,139634400,0.0,0.0
2019-05-10,49.35499954223633,49.712501525878906,48.192501068115234,49.29499816894531,47.12525177001953,164834800,0.1925,0.0
2019-05-13,46.9275016784668,47.369998931884766,45.712501525878906,46.43000030517578,44.3863525390625,229722400,0.0,0.0
2019-05-14,46.602500915527344,47.42499923706055,46.352500915527344,47.165000915527344,45.08900833129883,146118800,0.0,0.0
2019-05-15,46.567501068115234,47.9375,46.505001068115234,47.72999954223633,45.629127502441406,106178800,0.0,0.0
2019-05-16,47.477500915527344,48.11750030517578,47.209999084472656,47.52000045776367,45.428382873535156,132125600,0.0,0.0
2019-05-17,46.73249816894531,47.724998474121094,46.689998626708984,47.25,45.17027282714844,131516400,0.0,0.0
2019-05-20,45.880001068115234,46.087501525878906,45.06999969482422,45.772499084472656,43.75779724121094,154449200,0.0,0.0
2019-05-21,46.30500030517578,47.0,46.17499923706055,46.650001525878906,44.59666442871094,113459200,0.0,0.0
2019-05-22,46.165000915527344,46.4275016784668,45.63750076293945,45.69499969482422,43.6837043762207,118994400,0.0,0.0
2019-05-23,44.95000076293945,45.1349983215332,44.45249938964844,44.915000915527344,42.938045501708984,146118800,0.0,0.0
2019-05-24,45.04999923706055,45.53499984741211,44.654998779296875,44.74250030517578,42.77313232421875,94858800,0.0,0.0
2019-05-28,44.72999954223633,45.147499084472656,44.477500915527344,44.557498931884766,42.59627151489258,111792800,0.0,0.0
2019-05-29,44.10499954223633,44.837501525878906,44.0,44.345001220703125,42.393131256103516,113924800,0.0,0.0
2019-05-30,44.48749923706055,44.807498931884766,44.16749954223633,44.57500076293945,42.61301040649414,84873600,0.0,0.0
2019-05-31,44.057498931884766,44.497501373291016,43.747501373291016,43.76750183105469,41.841064453125,108174400,0.0,0.0
2019-06-03,43.900001525878906,44.47999954223633,42.567501068115234,43.32500076293945,41.41802978515625,161584400,0.0,0.0
2019-06-04,43.86000061035156,44.95750045776367,43.630001068115234,44.90999984741211,42.933258056640625,123872000,0.0,0.0
2019-06-05,46.06999969482422,46.247501373291016,45.28499984741211,45.6349983215332,43.6263542175293,119093600,0.0,0.0
2019-06-06,45.77000045776367,46.36750030517578,45.537498474121094,46.30500030517578,44.26686096191406,90105200,0.0,0.0
2019-06-07,46.627498626708984,47.97999954223633,46.442501068115234,47.537498474121094,45.445106506347656,122737600,0.0,0.0
2019-06-10,47.95249938964844,48.842498779296875,47.904998779296875,48.14500045776367,46.0258674621582,104883600,0.0,0.0
2019-06-11,48.71500015258789,49.0,48.400001525878906,48.70249938964844,46.55883026123047,107731600,0.0,0.0
2019-06-12,48.48749923706055,48.99250030517578,48.34749984741211,48.54750061035156,46.41066360473633,73012800,0.0,0.0
2019-06-13,48.67499923706055,49.1974983215332,48.400001525878906,48.537498474121094,46.401084899902344,86698400,0.0,0.0
2019-06-14,47.88750076293945,48.397499084472656,47.57500076293945,48.185001373291016,46.064109802246094,75046000,0.0,0.0
2019-06-17,48.224998474121094,48.7400016784668,48.04249954223633,48.47249984741211,46.33894729614258,58676400,0.0,0.0
2019-06-18,49.01250076293945,50.0724983215332,48.8025016784668,49.61249923706055,47.42877960205078,106204000,0.0,0.0
2019-06-19,49.91999816894531,49.970001220703125,49.32749938964844,49.467498779296875,47.2901496887207,84496800,0.0,0.0
2019-06-20,50.092498779296875,50.15250015258789,49.50749969482422,49.8650016784668,47.670169830322266,86056000,0.0,0.0
2019-06-21,49.70000076293945,50.212501525878906,49.537498474121094,49.69499969482422,47.50764846801758,191202400,0.0,0.0
2019-06-24,49.6349983215332,50.040000915527344,49.54249954223633,49.64500045776367,47.45984649658203,72881600,0.0,0.0
2019-06-25,49.60749816894531,49.814998626708984,48.8224983215332,48.89250183105469,46.74047088623047,84281200,0.0,0.0
2019-06-26,49.442501068115234,50.247501373291016,49.337501525878906,49.95000076293945,47.75142288208008,104270000,0.0,0.0
2019-06-27,50.0724983215332,50.39250183105469,49.89250183105469,49.935001373291016,47.73707962036133,83598800,0.0,0.0
2019-06-28,49.66999816894531,49.875,49.26250076293945,49.47999954223633,47.30210876464844,124442400,0.0,0.0
2019-07-01,50.79249954223633,51.122501373291016,50.162498474121094,50.38750076293945,48.169673919677734,109012000,0.0,0.0
2019-07-02,50.352500915527344,50.782501220703125,50.34000015258789,50.682498931884766,48.45168685913086,67740800,0.0,0.0
2019-07-03,50.81999969482422,51.11000061035156,50.67250061035156,51.102500915527344,48.85320281982422,45448000,0.0,0.0
2019-07-05,50.837501525878906,51.27000045776367,50.724998474121094,51.057498931884766,48.81018829345703,69062000,0.0,0.0
2019-07-08,50.20249938964844,50.349998474121094,49.602500915527344,50.005001068115234,47.803993225097656,101354400,0.0,0.0
2019-07-09,49.79999923706055,50.377498626708984,49.70249938964844,50.310001373291016,48.095584869384766,82312000,0.0,0.0
2019-07-10,50.462501525878906,50.932498931884766,50.38999938964844,50.807498931884766,48.57118225097656,71588400,0.0,0.0
2019-07-11,50.82749938964844,51.09749984741211,50.4275016784668,50.4375,48.21747589111328,80767200,0.0,0.0
2019-07-12,50.61249923706055,51.0,50.54999923706055,50.82500076293945,48.587890625,70380800,0.0,0.0
2019-07-15,51.022499084472656,51.467498779296875,51.0,51.3025016784668,49.044395446777344,67789600,0.0,0.0
2019-07-16,51.147499084472656,51.52750015258789,50.875,51.125,48.87470245361328,67467200,0.0,0.0
2019-07-17,51.01250076293945,51.272499084472656,50.817501068115234,50.837501525878906,48.599857330322266,56430000,0.0,0.0
2019-07-18,51.0,51.470001220703125,50.92499923706055,51.415000915527344,49.15193557739258,74162400,0.0,0.0
2019-07-19,51.4474983215332,51.625,50.59000015258789,50.647499084472656,48.418212890625,83717200,0.0,0.0
2019-07-22,50.912498474121094,51.807498931884766,50.90250015258789,51.80500030517578,49.52477264404297,89111600,0.0,0.0
2019-07-23,52.1150016784668,52.227500915527344,51.8224983215332,52.209999084472656,49.91194534301758,73420800,0.0,0.0
2019-07-24,51.91749954223633,52.287498474121094,51.79249954223633,52.16749954223633,49.871315002441406,59966400,0.0,0.0
2019-07-25,52.22249984741211,52.310001373291016,51.682498931884766,51.755001068115234,49.47697067260742,55638400,0.0,0.0
2019-07-26,51.869998931884766,52.432498931884766,51.78499984741211,51.935001373291016,49.64905548095703,70475600,0.0,0.0
2019-07-29,52.1150016784668,52.65999984741211,52.11000061035156,52.41999816894531,50.112693786621094,86693600,0.0,0.0
2019-07-30,52.189998626708984,52.540000915527344,51.82749938964844,52.19499969482422,49.89760971069336,135742800,0.0,0.0
2019-07-31,54.10499954223633,55.342498779296875,52.82500076293945,53.2599983215332,50.91572570800781,277125600,0.0,0.0
2019-08-01,53.474998474121094,54.50749969482422,51.685001373291016,52.10749816894531,49.81394958496094,216071600,0.0,0.0
2019-08-02,51.38249969482422,51.60749816894531,50.407501220703125,51.005001068115234,48.75998306274414,163448400,0.0,0.0
2019-08-05,49.497501373291016,49.662498474121094,48.14500045776367,48.334999084472656,46.20749282836914,209572000,0.0,0.0
2019-08-06,49.07749938964844,49.51750183105469,48.5099983215332,49.25,47.08222579956055,143299200,0.0,0.0
2019-08-07,48.852500915527344,49.88999938964844,48.45500183105469,49.7599983215332,47.569786071777344,133457600,0.0,0.0
2019-08-08,50.04999923706055,50.88249969482422,49.84749984741211,50.85749816894531,48.61897659301758,108038000,0.0,0.0
2019-08-09,50.32500076293945,50.689998626708984,49.8224983215332,50.247501373291016,48.21834182739258,98478800,0.1925,0.0
2019-08-12,49.904998779296875,50.51250076293945,49.787498474121094,50.119998931884766,48.09598922729492,89927600,0.0,0.0
2019-08-13,50.255001068115234,53.03499984741211,50.119998931884766,52.24250030517578,50.132774353027344,188874000,0.0,0.0
2019-08-14,50.790000915527344,51.61000061035156,50.647499084472656,50.6875,48.640560150146484,146189600,0.0,0.0
2019-08-15,50.8650016784668,51.28499984741211,49.91749954223633,50.435001373291016,48.39827346801758,108909600,0.0,0.0
2019-08-16,51.06999969482422,51.790000915527344,50.959999084472656,51.625,49.54020690917969,110481600,0.0,0.0
2019-08-19,52.654998779296875,53.182498931884766,52.50749969482422,52.587501525878906,50.46384811401367,97654400,0.0,0.0
2019-08-20,52.720001220703125,53.337501525878906,52.58000183105469,52.59000015258789,50.466243743896484,107537200,0.0,0.0
2019-08-21,53.247501373291016,53.412498474121094,52.900001525878906,53.15999984741211,51.013221740722656,86141600,0.0,0.0
2019-08-22,53.29750061035156,53.61000061035156,52.6875,53.1150016784668,50.97003936767578,89014800,0.0,0.0
2019-08-23,52.35749816894531,53.01250076293945,50.25,50.65999984741211,48.61418533325195,187272000,0.0,0.0
2019-08-26,51.46500015258789,51.79750061035156,51.26499938964844,51.622501373291016,49.53782653808594,104174400,0.0,0.0
2019-08-27,51.96500015258789,52.13750076293945,50.88249969482422,51.040000915527344,48.97883605957031,103493200,0.0,0.0
2019-08-28,51.025001525878906,51.43000030517578,50.83000183105469,51.38249969482422,49.30750274658203,63755200,0.0,0.0
2019-08-29,52.125,52.33000183105469,51.665000915527344,52.252498626708984,50.142364501953125,83962000,0.0,0.0
2019-08-30,52.540000915527344,52.61249923706055,51.79999923706055,52.185001373291016,50.07759094238281,84573600,0.0,0.0
2019-09-03,51.60749816894531,51.744998931884766,51.05500030517578,51.42499923706055,49.34828567504883,80092000,0.0,0.0
2019-09-04,52.09749984741211,52.369998931884766,51.83000183105469,52.29750061035156,50.1855583190918,76752400,0.0,0.0
2019-09-05,53.0,53.49250030517578,52.877498626708984,53.31999969482422,51.166751861572266,95654800,0.0,0.0
2019-09-06,53.51250076293945,53.60499954223633,53.127498626708984,53.314998626708984,51.161949157714844,77449200,0.0,0.0
2019-09-09,53.709999084472656,54.11000061035156,52.76750183105469,53.54249954223633,51.38026428222656,109237600,0.0,0.0
2019-09-10,53.46500015258789,54.19499969482422,52.9275016784668,54.17499923706055,51.98723220825195,127111600,0.0,0.0
2019-09-11,54.51750183105469,55.9275016784668,54.432498931884766,55.897499084472656,53.640167236328125,177158400,0.0,0.0
2019-09-12,56.20000076293945,56.60499954223633,55.71500015258789,55.772499084472656,53.52021026611328,128906800,0.0,0.0
2019-09-13,55.0,55.1974983215332,54.255001068115234,54.6875,52.47903060913086,159053200,0.0,0.0
2019-09-16,54.432498931884766,55.032501220703125,54.38999938964844,54.974998474121094,52.75492858886719,84632400,0.0,0.0
2019-09-17,54.9900016784668,55.20500183105469,54.779998779296875,55.17499923706055,52.94684982299805,73274800,0.0,0.0
2019-09-18,55.26499938964844,55.712501525878906,54.86000061035156,55.692501068115234,53.443450927734375,101360000,0.0,0.0
2019-09-19,55.502498626708984,55.939998626708984,55.092498779296875,55.2400016784668,53.00922775268555,88242400,0.0,0.0
2019-09-20,55.345001220703125,55.63999938964844,54.36750030517578,54.432498931884766,52.23432540893555,221652400,0.0,0.0
2019-09-23,54.73749923706055,54.959999084472656,54.412498474121094,54.68000030517578,52.47183609008789,76662000,0.0,0.0
2019-09-24,55.25749969482422,55.622501373291016,54.29750061035156,54.41999816894531,52.22233581542969,124763200,0.0,0.0
2019-09-25,54.63750076293945,55.375,54.28499984741211,55.25749969482422,53.02601623535156,87613600,0.0,0.0
2019-09-26,55.0,55.23500061035156,54.70750045776367,54.97249984741211,52.752525329589844,75334000,0.0,0.0
2019-09-27,55.1349983215332,55.2400016784668,54.31999969482422,54.70500183105469,52.495819091796875,101408000,0.0,0.0
2019-09-30,55.224998474121094,56.14500045776367,55.1974983215332,55.99250030517578,53.73134231567383,103909600,0.0,0.0
2019-10-01,56.26750183105469,57.05500030517578,56.04999923706055,56.147499084472656,53.88007736206055,139223200,0.0,0.0
2019-10-02,55.76499938964844,55.89500045776367,54.48249816894531,54.7400016784668,52.5294075012207,138449200,0.0,0.0
2019-10-03,54.60749816894531,55.2400016784668,53.782501220703125,55.20500183105469,52.97563552856445,114426000,0.0,0.0
2019-10-04,56.40999984741211,56.872501373291016,55.97249984741211,56.752498626708984,54.46064758300781,138478800,0.0,0.0
2019-10-07,56.567501068115234,57.48249816894531,56.459999084472656,56.76499938964844,54.47264099121094,122306000,0.0,0.0
2019-10-08,56.45500183105469,57.01499938964844,56.08250045776367,56.099998474121094,53.83449935913086,111820000,0.0,0.0
2019-10-09,56.75749969482422,56.9474983215332,56.40999984741211,56.75749969482422,54.4654426574707,74770400,0.0,0.0
2019-10-10,56.98249816894531,57.61000061035156,56.82500076293945,57.522499084472656,55.19953918457031,113013600,0.0,0.0
2019-10-11,58.23749923706055,59.40999984741211,58.07749938964844,59.0525016784668,56.66777038574219,166795600,0.0,0.0
2019-10-14,58.724998474121094,59.532501220703125,58.66749954223633,58.967498779296875,56.58618927001953,96427600,0.0,0.0
2019-10-15,59.09749984741211,59.412498474121094,58.720001220703125,58.83000183105469,56.45424270629883,87360000,0.0,0.0
2019-10-16,58.342498779296875,58.810001373291016,58.29999923706055,58.592498779296875,56.226341247558594,73903200,0.0,0.0
2019-10-17,58.772499084472656,59.037498474121094,58.380001068115234,58.81999969482422,56.44465255737305,67585200,0.0,0.0
2019-10-18,58.647499084472656,59.39500045776367,58.5724983215332,59.102500915527344,56.71575927734375,97433600,0.0,0.0
2019-10-21,59.380001068115234,60.247501373291016,59.33000183105469,60.127498626708984,57.69934844970703,87247200,0.0,0.0
2019-10-22,60.290000915527344,60.54999923706055,59.904998779296875,59.9900016784668,57.56740188598633,82293600,0.0,0.0
2019-10-23,60.525001525878906,60.810001373291016,60.30500030517578,60.79499816894531,58.33989334106445,75828800,0.0,0.0
2019-10-24,61.127498626708984,61.20000076293945,60.45249938964844,60.89500045776367,58.435848236083984,69275200,0.0,0.0
2019-10-25,60.790000915527344,61.682498931884766,60.720001220703125,61.64500045776367,59.15557098388672,73477200,0.0,0.0
2019-10-28,61.85499954223633,62.3125,61.68000030517578,62.26250076293945,59.74812698364258,96572800,0.0,0.0
2019-10-29,62.24250030517578,62.4375,60.64250183105469,60.8224983215332,58.36628341674805,142839600,0.0,0.0
2019-10-30,61.189998626708984,61.32500076293945,60.3025016784668,60.814998626708984,58.35908126831055,124522000,0.0,0.0
2019-10-31,61.810001373291016,62.29249954223633,59.314998626708984,62.189998626708984,59.678550720214844,139162000,0.0,0.0
2019-11-01,62.3849983215332,63.98249816894531,62.290000915527344,63.95500183105469,61.372283935546875,151125200,0.0,0.0
2019-11-04,64.3324966430664,64.4625015258789,63.845001220703125,64.375,61.77532196044922,103272000,0.0,0.0
2019-11-05,64.26249694824219,64.54750061035156,64.08000183105469,64.28250122070312,61.68656539916992,79897600,0.0,0.0
2019-11-06,64.19249725341797,64.37249755859375,63.842498779296875,64.30999755859375,61.71294403076172,75864400,0.0,0.0
2019-11-07,64.68499755859375,65.0875015258789,64.52749633789062,64.85749816894531,62.42518997192383,94940400,0.1925,0.0
2019-11-08,64.67250061035156,65.11000061035156,64.2125015258789,65.03500366210938,62.596031188964844,69986400,0.0,0.0
2019-11-11,64.57499694824219,65.61750030517578,64.56999969482422,65.55000305175781,63.09172439575195,81821200,0.0,0.0
2019-11-12,65.38749694824219,65.69750213623047,65.2300033569336,65.48999786376953,63.03397750854492,87388800,0.0,0.0
2019-11-13,65.28250122070312,66.19499969482422,65.26750183105469,66.11750030517578,63.6379280090332,102734400,0.0,0.0
2019-11-14,65.9375,66.22000122070312,65.5250015258789,65.66000366210938,63.197608947753906,89182800,0.0,0.0
2019-11-15,65.91999816894531,66.44499969482422,65.75250244140625,66.44000244140625,63.9483528137207,100206400,0.0,0.0
2019-11-18,66.44999694824219,66.85749816894531,66.05750274658203,66.7750015258789,64.27075958251953,86703200,0.0,0.0
2019-11-19,66.9749984741211,67.0,66.34750366210938,66.57250213623047,64.07586669921875,76167200,0.0,0.0
2019-11-20,66.38500213623047,66.5199966430664,65.0999984741211,65.79750061035156,63.329933166503906,106234400,0.0,0.0
2019-11-21,65.92250061035156,66.00250244140625,65.29499816894531,65.50250244140625,63.0460090637207,121395200,0.0,0.0
2019-11-22,65.64749908447266,65.79499816894531,65.20999908447266,65.44499969482422,62.990665435791016,65325200,0.0,0.0
2019-11-25,65.67749786376953,66.61000061035156,65.62999725341797,66.59249877929688,64.09515380859375,84020400,0.0,0.0
2019-11-26,66.73500061035156,66.79000091552734,65.625,66.07250213623047,63.5946159362793,105207600,0.0,0.0
2019-11-27,66.3949966430664,66.99500274658203,66.32749938964844,66.95999908447266,64.4488525390625,65235600,0.0,0.0
2019-11-29,66.6500015258789,67.0,66.4749984741211,66.8125,64.3068618774414,46617600,0.0,0.0
2019-12-02,66.81749725341797,67.0625,65.86250305175781,66.04000091552734,63.563350677490234,94487200,0.0,0.0
2019-12-03,64.57749938964844,64.88249969482422,64.07250213623047,64.86250305175781,62.429996490478516,114430400,0.0,0.0
2019-12-04,65.26750183105469,65.82749938964844,65.16999816894531,65.43499755859375,62.98102951049805,67181600,0.0,0.0
2019-12-05,65.94750213623047,66.47250366210938,65.68250274658203,66.3949966430664,63.905025482177734,74424400,0.0,0.0
2019-12-06,66.87000274658203,67.75,66.82499694824219,67.67749786376953,65.13941955566406,106075600,0.0,0.0
2019-12-09,67.5,67.69999694824219,66.22750091552734,66.7300033569336,64.22747802734375,128042400,0.0,0.0
2019-12-10,67.1500015258789,67.51750183105469,66.46499633789062,67.12000274658203,64.60285949707031,90420400,0.0,0.0
2019-12-11,67.20249938964844,67.7750015258789,67.125,67.69249725341797,65.15385437011719,78756800,0.0,0.0
2019-12-12,66.94499969482422,68.13999938964844,66.83000183105469,67.86499786376953,65.31989288330078,137310400,0.0,0.0
2019-12-13,67.86499786376953,68.82499694824219,67.73249816894531,68.7874984741211,66.20781707763672,133587600,0.0,0.0
2019-12-16,69.25,70.19750213623047,69.24500274658203,69.96499633789062,67.34114074707031,128186000,0.0,0.0
2019-12-17,69.89250183105469,70.44249725341797,69.69999694824219,70.10250091552734,67.47351837158203,114158400,0.0,0.0
2019-12-18,69.94999694824219,70.4749984741211,69.77999877929688,69.93499755859375,67.3122787475586,116028400,0.0,0.0
2019-12-19,69.875,70.29499816894531,69.73750305175781,70.00499725341797,67.379638671875,98369200,0.0,0.0
2019-12-20,70.55750274658203,70.6624984741211,69.63999938964844,69.86000061035156,67.2400894165039,275978000,0.0,0.0
2019-12-23,70.13249969482422,71.0625,70.09249877929688,71.0,68.33736419677734,98572000,0.0,0.0
2019-12-24,71.17250061035156,71.22250366210938,70.7300033569336,71.06749725341797,68.40230560302734,48478800,0.0,0.0
2019-12-26,71.20500183105469,72.49500274658203,71.17500305175781,72.47750091552734,69.7594223022461,93121200,0.0,0.0
2019-12-27,72.77999877929688,73.49250030517578,72.02999877929688,72.44999694824219,69.73294067382812,146266000,0.0,0.0
2019-12-30,72.36499786376953,73.17250061035156,71.30500030517578,72.87999725341797,70.14683532714844,144114400,0.0,0.0
2019-12-31,72.48249816894531,73.41999816894531,72.37999725341797,73.4124984741211,70.65937042236328,100805600,0.0,0.0
2020-01-02,74.05999755859375,75.1500015258789,73.79750061035156,75.0875015258789,72.27153015136719,135480400,0.0,0.0
2020-01-03,74.2874984741211,75.1449966430664,74.125,74.35749816894531,71.56890869140625,146322800,0.0,0.0
2020-01-06,73.44750213623047,74.98999786376953,73.1875,74.94999694824219,72.13919830322266,118387200,0.0,0.0
2020-01-07,74.95999908447266,75.2249984741211,74.37000274658203,74.59750366210938,71.79991912841797,108872000,0.0,0.0
2020-01-08,74.29000091552734,76.11000061035156,74.29000091552734,75.79750061035156,72.95490264892578,132079200,0.0,0.0
2020-01-09,76.80999755859375,77.60749816894531,76.55000305175781,77.40750122070312,74.50453186035156,170108400,0.0,0.0
2020-01-10,77.6500015258789,78.1675033569336,77.0625,77.5824966430664,74.67296600341797,140644800,0.0,0.0
2020-01-13,77.91000366210938,79.26750183105469,77.7874984741211,79.23999786376953,76.26831817626953,121532000,0.0,0.0
2020-01-14,79.17500305175781,79.39250183105469,78.0425033569336,78.16999816894531,75.23843383789062,161954400,0.0,0.0
2020-01-15,77.9625015258789,78.875,77.38749694824219,77.83499908447266,74.91600036621094,121923600,0.0,0.0
2020-01-16,78.39749908447266,78.92500305175781,78.02249908447266,78.80999755859375,75.85443878173828,108829200,0.0,0.0
2020-01-17,79.06749725341797,79.68499755859375,78.75,79.68250274658203,76.6942367553711,137816400,0.0,0.0
2020-01-21,79.29750061035156,79.75499725341797,79.0,79.14250183105469,76.17446899414062,110843200,0.0,0.0
2020-01-22,79.6449966430664,79.99749755859375,79.32749938964844,79.42500305175781,76.44638061523438,101832400,0.0,0.0
2020-01-23,79.4800033569336,79.88999938964844,78.9124984741211,79.80750274658203,76.81454467773438,104472000,0.0,0.0
2020-01-24,80.0625,80.8324966430664,79.37999725341797,79.57749938964844,76.59317016601562,146537600,0.0,0.0
2020-01-27,77.51499938964844,77.94249725341797,76.22000122070312,77.23750305175781,74.34093475341797,161940000,0.0,0.0
2020-01-28,78.1500015258789,79.5999984741211,78.04750061035156,79.42250061035156,76.44396209716797,162234000,0.0,0.0
2020-01-29,81.11250305175781,81.9625015258789,80.34500122070312,81.08499908447266,78.04411315917969,216229200,0.0,0.0
2020-01-30,80.13500213623047,81.02249908447266,79.6875,80.96749877929688,77.93101501464844,126743200,0.0,0.0
2020-01-31,80.23249816894531,80.66999816894531,77.07250213623047,77.37750244140625,74.47565460205078,199588400,0.0,0.0
2020-02-03,76.07499694824219,78.37249755859375,75.55500030517578,77.16500091552734,74.2711181640625,173788400,0.0,0.0
2020-02-04,78.82749938964844,79.91000366210938,78.40750122070312,79.7125015258789,76.72309112548828,136616400,0.0,0.0
2020-02-05,80.87999725341797,81.19000244140625,79.73750305175781,80.36250305175781,77.34871673583984,118826800,0.0,0.0
2020-02-06,80.64250183105469,81.30500030517578,80.06500244140625,81.30249786376953,78.25346374511719,105425600,0.0,0.0
2020-02-07,80.59249877929688,80.8499984741211,79.5,80.00749969482422,77.18980407714844,117684000,0.1925,0.0
2020-02-10,78.54499816894531,80.38749694824219,78.4625015258789,80.38749694824219,77.55641174316406,109348800,0.0,0.0
2020-02-11,80.9000015258789,80.9749984741211,79.67749786376953,79.90249633789062,77.08848571777344,94323200,0.0,0.0
2020-02-12,80.36750030517578,81.80500030517578,80.36750030517578,81.80000305175781,78.9191665649414,113730400,0.0,0.0
2020-02-13,81.04750061035156,81.55500030517578,80.8375015258789,81.21749877929688,78.35718536376953,94747600,0.0,0.0
2020-02-14,81.18499755859375,81.49500274658203,80.7125015258789,81.23750305175781,78.3764877319336,80113600,0.0,0.0
2020-02-18,78.83999633789062,79.9375,78.65249633789062,79.75,76.94136047363281,152531200,0.0,0.0
2020-02-19,80.0,81.14250183105469,80.0,80.90499877929688,78.05567169189453,93984000,0.0,0.0
2020-02-20,80.65750122070312,81.1624984741211,79.55249786376953,80.07499694824219,77.25493621826172,100566000,0.0,0.0
2020-02-21,79.65499877929688,80.11250305175781,77.625,78.26249694824219,75.50625610351562,129554000,0.0,0.0
2020-02-24,74.31500244140625,76.04499816894531,72.30750274658203,74.54499816894531,71.91967010498047,222195200,0.0,0.0
2020-02-25,75.23750305175781,75.63249969482422,71.53250122070312,72.0199966430664,69.48358154296875,230673600,0.0,0.0
2020-02-26,71.63249969482422,74.47000122070312,71.625,73.1624984741211,70.58586120605469,198054800,0.0,0.0
2020-02-27,70.2750015258789,71.5,68.23999786376953,68.37999725341797,65.97178649902344,320605600,0.0,0.0
2020-02-28,64.31500244140625,69.60250091552734,64.09249877929688,68.33999633789062,65.93318939208984,426510000,0.0,0.0
2020-03-02,70.56999969482422,75.36000061035156,69.43000030517578,74.70249938964844,72.07162475585938,341397200,0.0,0.0
2020-03-03,75.9175033569336,76.0,71.44999694824219,72.33000183105469,69.78269958496094,319475600,0.0,0.0
2020-03-04,74.11000061035156,75.8499984741211,73.28250122070312,75.68499755859375,73.01952362060547,219178400,0.0,0.0
2020-03-05,73.87999725341797,74.88749694824219,72.85250091552734,73.2300033569336,70.6509780883789,187572800,0.0,0.0
2020-03-06,70.5,72.70500183105469,70.30750274658203,72.25749969482422,69.71271514892578,226176800,0.0,0.0
2020-03-09,65.9375,69.52249908447266,65.75,66.5425033569336,64.1989974975586,286744800,0.0,0.0
2020-03-10,69.28500366210938,71.61000061035156,67.34249877929688,71.33499908447266,68.82272338867188,285290000,0.0,0.0
2020-03-11,69.34750366210938,70.30500030517578,67.96499633789062,68.85749816894531,66.43248748779297,255598800,0.0,0.0
2020-03-12,63.98500061035156,67.5,62.0,62.057498931884766,59.87195587158203,418474000,0.0,0.0
2020-03-13,66.22250366210938,69.9800033569336,63.23749923706055,69.49250030517578,67.04510498046875,370732000,0.0,0.0
2020-03-16,60.48749923706055,64.7699966430664,60.0,60.5525016784668,58.41995620727539,322423600,0.0,0.0
2020-03-17,61.877498626708984,64.40249633789062,59.599998474121094,63.21500015258789,60.98868179321289,324056000,0.0,0.0
2020-03-18,59.942501068115234,62.5,59.279998779296875,61.66749954223633,59.49568557739258,300233600,0.0,0.0
2020-03-19,61.84749984741211,63.209999084472656,60.65250015258789,61.19499969482422,59.03984451293945,271857200,0.0,0.0
2020-03-20,61.79499816894531,62.95750045776367,57.0,57.310001373291016,55.291656494140625,401693200,0.0,0.0
2020-03-23,57.02000045776367,57.125,53.15250015258789,56.092498779296875,54.11703109741211,336752800,0.0,0.0
2020-03-24,59.09000015258789,61.92250061035156,58.57500076293945,61.720001220703125,59.54634475708008,287531200,0.0,0.0
2020-03-25,62.6875,64.5625,61.07500076293945,61.380001068115234,59.21833038330078,303602000,0.0,0.0
2020-03-26,61.630001068115234,64.66999816894531,61.59000015258789,64.61000061035156,62.334556579589844,252087200,0.0,0.0
2020-03-27,63.1875,63.967498779296875,61.76250076293945,61.935001373291016,59.75376892089844,204216800,0.0,0.0
2020-03-30,62.685001373291016,63.880001068115234,62.349998474121094,63.70249938964844,61.45901870727539,167976400,0.0,0.0
2020-03-31,63.900001525878906,65.62249755859375,63.0,63.5724983215332,61.33359146118164,197002000,0.0,0.0
2020-04-01,61.625,62.18000030517578,59.782501220703125,60.227500915527344,58.10640335083008,176218400,0.0,0.0
2020-04-02,60.084999084472656,61.287498474121094,59.224998474121094,61.23249816894531,59.076011657714844,165934000,0.0,0.0
2020-04-03,60.70000076293945,61.42499923706055,59.74250030517578,60.352500915527344,58.22700119018555,129880000,0.0,0.0
2020-04-06,62.724998474121094,65.77749633789062,62.345001220703125,65.61750030517578,63.306583404541016,201820400,0.0,0.0
2020-04-07,67.69999694824219,67.92500305175781,64.75,64.85749816894531,62.57333755493164,202887200,0.0,0.0
2020-04-08,65.68499755859375,66.84249877929688,65.30750274658203,66.51750183105469,64.17488861083984,168895200,0.0,0.0
2020-04-09,67.17500305175781,67.51750183105469,66.17500305175781,66.99749755859375,64.63796997070312,161834800,0.0,0.0
2020-04-13,67.07749938964844,68.42500305175781,66.4574966430664,68.3125,65.90664672851562,131022800,0.0,0.0
2020-04-14,70.0,72.0625,69.51249694824219,71.76249694824219,69.23516845703125,194994800,0.0,0.0
2020-04-15,70.5999984741211,71.5824966430664,70.15750122070312,71.10749816894531,68.60324096679688,131154400,0.0,0.0
2020-04-16,71.84500122070312,72.05000305175781,70.5875015258789,71.67250061035156,69.14832305908203,157125200,0.0,0.0
2020-04-17,71.17250061035156,71.73750305175781,69.21499633789062,70.69999694824219,68.21009063720703,215250000,0.0,0.0
2020-04-20,69.48750305175781,70.41999816894531,69.2125015258789,69.23249816894531,66.79425048828125,130015200,0.0,0.0
2020-04-21,69.06999969482422,69.3125,66.35749816894531,67.09249877929688,64.72964477539062,180991600,0.0,0.0
2020-04-22,68.40249633789062,69.4749984741211,68.05000305175781,69.0250015258789,66.59407806396484,116862400,0.0,0.0
2020-04-23,68.96749877929688,70.4375,68.71749877929688,68.75749969482422,66.33599090576172,124814400,0.0,0.0
2020-04-24,69.30000305175781,70.75250244140625,69.25,70.74250030517578,68.25109100341797,126161200,0.0,0.0
2020-04-27,70.44999694824219,71.13500213623047,69.98750305175781,70.7925033569336,68.2993392944336,117087600,0.0,0.0
2020-04-28,71.2699966430664,71.4574966430664,69.55000305175781,69.6449966430664,67.19223022460938,112004800,0.0,0.0
2020-04-29,71.18250274658203,72.4175033569336,70.97250366210938,71.93250274658203,69.39917755126953,137280800,0.0,0.0
2020-04-30,72.48999786376953,73.63249969482422,72.0875015258789,73.44999694824219,70.86323547363281,183064000,0.0,0.0
2020-05-01,71.5625,74.75,71.4625015258789,72.26750183105469,69.7223892211914,240616800,0.0,0.0
2020-05-04,72.2925033569336,73.42250061035156,71.58000183105469,73.29000091552734,70.70885467529297,133568000,0.0,0.0
2020-05-05,73.76499938964844,75.25,73.61499786376953,74.38999938964844,71.77014923095703,147751200,0.0,0.0
2020-05-06,75.11499786376953,75.80999755859375,74.71749877929688,75.15750122070312,72.51058959960938,142333600,0.0,0.0
2020-05-07,75.80500030517578,76.2925033569336,75.49250030517578,75.93499755859375,73.26072692871094,115215200,0.0,0.0
2020-05-08,76.41000366210938,77.5875015258789,76.07250213623047,77.53250122070312,75.00445556640625,133838400,0.205,0.0
2020-05-11,77.0250015258789,79.26249694824219,76.80999755859375,78.75250244140625,76.18465423583984,145946400,0.0,0.0
2020-05-12,79.4574966430664,79.92250061035156,77.72750091552734,77.85250091552734,75.31401062011719,162301200,0.0,0.0
2020-05-13,78.0374984741211,78.98750305175781,75.80249786376953,76.9124984741211,74.4046630859375,200622400,0.0,0.0
2020-05-14,76.12750244140625,77.44750213623047,75.38249969482422,77.38500213623047,74.86174774169922,158929200,0.0,0.0
2020-05-15,75.0875015258789,76.9749984741211,75.05249786376953,76.92749786376953,74.41915893554688,166348400,0.0,0.0
2020-05-18,78.2925033569336,79.125,77.58000183105469,78.73999786376953,76.17257690429688,135178400,0.0,0.0
2020-05-19,78.75749969482422,79.62999725341797,78.25250244140625,78.28500366210938,75.73240661621094,101729600,0.0,0.0
2020-05-20,79.16999816894531,79.87999725341797,79.12999725341797,79.80750274658203,77.20527648925781,111504800,0.0,0.0
2020-05-21,79.66500091552734,80.22250366210938,78.96749877929688,79.2125015258789,76.6296615600586,102688800,0.0,0.0
2020-05-22,78.94249725341797,79.80750274658203,78.8375015258789,79.72250366210938,77.12303161621094,81803200,0.0,0.0
2020-05-26,80.875,81.05999755859375,79.125,79.18250274658203,76.60063934326172,125522000,0.0,0.0
2020-05-27,79.03500366210938,79.67749786376953,78.27249908447266,79.52749633789062,76.93439483642578,112945200,0.0,0.0
2020-05-28,79.19249725341797,80.86000061035156,78.90750122070312,79.5625,76.96825408935547,133560800,0.0,0.0
2020-05-29,79.8125,80.2874984741211,79.11750030517578,79.48500061035156,76.89328002929688,153532400,0.0,0.0
2020-06-01,79.4375,80.5875015258789,79.30249786376953,80.4625015258789,77.83890533447266,80791200,0.0,0.0
2020-06-02,80.1875,80.86000061035156,79.73249816894531,80.83499908447266,78.19925689697266,87642800,0.0,0.0
2020-06-03,81.16500091552734,81.55000305175781,80.57499694824219,81.27999877929688,78.62975311279297,104491200,0.0,0.0
2020-06-04,81.09750366210938,81.40499877929688,80.19499969482422,80.58000183105469,77.95258331298828,87560400,0.0,0.0
2020-06-05,80.8375015258789,82.9375,80.80750274658203,82.875,80.17273712158203,137250400,0.0,0.0
2020-06-08,82.5625,83.4000015258789,81.83000183105469,83.36499786376953,80.64677429199219,95654400,0.0,0.0
2020-06-09,83.03500366210938,86.40249633789062,83.00250244140625,85.99749755859375,83.19344329833984,147712400,0.0,0.0
2020-06-10,86.9749984741211,88.69249725341797,86.52249908447266,88.20999908447266,85.33379364013672,166651600,0.0,0.0
2020-06-11,87.32749938964844,87.76499938964844,83.87000274658203,83.9749984741211,81.23687744140625,201662400,0.0,0.0
2020-06-12,86.18000030517578,86.94999694824219,83.55500030517578,84.69999694824219,81.93821716308594,200146000,0.0,0.0
2020-06-15,83.3125,86.41999816894531,83.1449966430664,85.74749755859375,82.95157623291016,138808800,0.0,0.0
2020-06-16,87.86499786376953,88.30000305175781,86.18000030517578,88.0199966430664,85.14999389648438,165428800,0.0,0.0
2020-06-17,88.7874984741211,88.8499984741211,87.77249908447266,87.89749908447266,85.03147888183594,114406400,0.0,0.0
2020-06-18,87.85250091552734,88.36250305175781,87.30500030517578,87.93250274658203,85.06534576416016,96820400,0.0,0.0
2020-06-19,88.66000366210938,89.13999938964844,86.2874984741211,87.43000030517578,84.57923126220703,264476000,0.0,0.0
2020-06-22,87.83499908447266,89.86499786376953,87.7874984741211,89.71749877929688,86.79212188720703,135445200,0.0,0.0
2020-06-23,91.0,93.09500122070312,90.56749725341797,91.63249969482422,88.64470672607422,212155600,0.0,0.0
2020-06-24,91.25,92.19750213623047,89.62999725341797,90.01499938964844,87.0799560546875,192623200,0.0,0.0
2020-06-25,90.17500305175781,91.25,89.39250183105469,91.20999908447266,88.2359848022461,137522400,0.0,0.0
2020-06-26,91.10250091552734,91.33000183105469,88.25499725341797,88.40750122070312,85.52483367919922,205256800,0.0,0.0
2020-06-29,88.3125,90.5425033569336,87.81999969482422,90.44499969482422,87.49590301513672,130646000,0.0,0.0
2020-06-30,90.0199966430664,91.49500274658203,90.0,91.19999694824219,88.22628021240234,140223200,0.0,0.0
2020-07-01,91.27999877929688,91.83999633789062,90.97750091552734,91.02749633789062,88.05941772460938,110737200,0.0,0.0
2020-07-02,91.9625015258789,92.61750030517578,90.91000366210938,91.02749633789062,88.05941772460938,114041600,0.0,0.0
2020-07-06,92.5,93.94499969482422,92.46749877929688,93.4625015258789,90.4150161743164,118655600,0.0,0.0
2020-07-07,93.85250091552734,94.65499877929688,93.05750274658203,93.17250061035156,90.13446807861328,112424400,0.0,0.0
2020-07-08,94.18000030517578,95.375,94.08999633789062,95.34249877929688,92.23372650146484,117092000,0.0,0.0
2020-07-09,96.26249694824219,96.31749725341797,94.67250061035156,95.75250244140625,92.63037109375,125642800,0.0,0.0
2020-07-10,95.33499908447266,95.9800033569336,94.70500183105469,95.91999816894531,92.79240417480469,90257200,0.0,0.0
2020-07-13,97.26499938964844,99.95500183105469,95.25749969482422,95.47750091552734,92.36432647705078,191649200,0.0,0.0
2020-07-14,94.83999633789062,97.25499725341797,93.87750244140625,97.05750274658203,93.89281463623047,170989200,0.0,0.0
2020-07-15,98.98999786376953,99.24749755859375,96.48999786376953,97.7249984741211,94.53852844238281,153198000,0.0,0.0
2020-07-16,96.5625,97.40499877929688,95.90499877929688,96.52249908447266,93.37523651123047,110577600,0.0,0.0
2020-07-17,96.98750305175781,97.14749908447266,95.83999633789062,96.32749938964844,93.18659210205078,92186800,0.0,0.0
2020-07-20,96.4175033569336,98.5,96.0625,98.35749816894531,95.15040588378906,90318000,0.0,0.0
2020-07-21,99.17250061035156,99.25,96.74250030517578,97.0,93.83716583251953,103433200,0.0,0.0
2020-07-22,96.69249725341797,97.9749984741211,96.60250091552734,97.27249908447266,94.1008071899414,89001600,0.0,0.0
2020-07-23,96.99749755859375,97.07749938964844,92.01000213623047,92.84500122070312,89.81766510009766,197004400,0.0,0.0
2020-07-24,90.98750305175781,92.97000122070312,89.1449966430664,92.61499786376953,89.59514617919922,185438800,0.0,0.0
2020-07-27,93.70999908447266,94.90499877929688,93.4800033569336,94.80999755859375,91.71857452392578,121214000,0.0,0.0
2020-07-28,94.36750030517578,94.55000305175781,93.24749755859375,93.25250244140625,90.21187591552734,103625600,0.0,0.0
2020-07-29,93.75,95.2300033569336,93.7125015258789,95.04000091552734,91.94108581542969,90329200,0.0,0.0
2020-07-30,94.1875,96.29750061035156,93.76750183105469,96.19000244140625,93.0535888671875,158130000,0.0,0.0
2020-07-31,102.88500213623047,106.41500091552734,100.82499694824219,106.26000213623047,102.79524993896484,374336800,0.0,0.0
2020-08-03,108.19999694824219,111.63749694824219,107.89250183105469,108.9375,105.38544464111328,308151200,0.0,0.0
2020-08-04,109.13249969482422,110.79000091552734,108.38749694824219,109.66500091552734,106.08922576904297,173071600,0.0,0.0
2020-08-05,109.37750244140625,110.39250183105469,108.89749908447266,110.0625,106.47374725341797,121776800,0.0,0.0
2020-08-06,110.40499877929688,114.4124984741211,109.79750061035156,113.90249633789062,110.18855285644531,202428800,0.0,0.0
2020-08-07,113.20500183105469,113.67500305175781,110.2925033569336,111.11250305175781,107.68331146240234,198045600,0.205,0.0
2020-08-10,112.5999984741211,113.7750015258789,110.0,112.72750091552734,109.24848175048828,212403600,0.0,0.0
2020-08-11,111.97000122070312,112.48249816894531,109.10749816894531,109.375,105.99945831298828,187902400,0.0,0.0
2020-08-12,110.49749755859375,113.2750015258789,110.29750061035156,113.01000213623047,109.52224731445312,165598000,0.0,0.0
2020-08-13,114.43000030517578,116.0425033569336,113.92749786376953,115.01000213623047,111.46054077148438,210082000,0.0,0.0
2020-08-14,114.83000183105469,115.0,113.04499816894531,114.90750122070312,111.36119079589844,165565200,0.0,0.0
2020-08-17,116.0625,116.0875015258789,113.9625015258789,114.60749816894531,111.07044982910156,119561600,0.0,0.0
2020-08-18,114.35250091552734,116.0,114.00749969482422,115.5625,111.99598693847656,105633600,0.0,0.0
2020-08-19,115.98249816894531,117.1624984741211,115.61000061035156,115.7074966430664,112.13650512695312,145538000,0.0,0.0
2020-08-20,115.75,118.39250183105469,115.73249816894531,118.2750015258789,114.62477111816406,126907200,0.0,0.0
2020-08-21,119.26249694824219,124.86750030517578,119.25,124.37000274658203,120.53166961669922,338054800,0.0,0.0
2020-08-24,128.69749450683594,128.78500366210938,123.9375,125.85749816894531,121.97325897216797,345937600,0.0,0.0
2020-08-25,124.69750213623047,125.18000030517578,123.05249786376953,124.82499694824219,120.97262573242188,211495600,0.0,0.0
2020-08-26,126.18000030517578,126.99250030517578,125.0824966430664,126.52249908447266,122.61772918701172,163022400,0.0,0.0
2020-08-27,127.14250183105469,127.48500061035156,123.8324966430664,125.01000213623047,121.15193939208984,155552400,0.0,0.0
2020-08-28,126.01249694824219,126.44249725341797,124.57749938964844,124.80750274658203,120.9556655883789,187630000,0.0,0.0
2020-08-31,127.58000183105469,131.0,126.0,129.0399932861328,125.0575180053711,225702700,0.0,4.0
2020-09-01,132.75999450683594,134.8000030517578,130.52999877929688,134.17999267578125,130.0388641357422,151948100,0.0,0.0
2020-09-02,137.58999633789062,137.97999572753906,127.0,131.39999389648438,127.34468841552734,200119000,0.0,0.0
2020-09-03,126.91000366210938,128.83999633789062,120.5,120.87999725341797,117.14938354492188,257599600,0.0,0.0
2020-09-04,120.06999969482422,123.69999694824219,110.88999938964844,120.95999908447266,117.22689819335938,332607200,0.0,0.0
2020-09-08,113.94999694824219,118.98999786376953,112.68000030517578,112.81999969482422,109.33811950683594,231366600,0.0,0.0
2020-09-09,117.26000213623047,119.13999938964844,115.26000213623047,117.31999969482422,113.69925689697266,176940500,0.0,0.0
2020-09-10,120.36000061035156,120.5,112.5,113.48999786376953,109.98745727539062,182274400,0.0,0.0
2020-09-11,114.56999969482422,115.2300033569336,110.0,112.0,108.54341888427734,180860300,0.0,0.0
2020-09-14,114.72000122070312,115.93000030517578,112.80000305175781,115.36000061035156,111.79972076416016,140150100,0.0,0.0
2020-09-15,118.33000183105469,118.83000183105469,113.61000061035156,115.54000091552734,111.97418212890625,184642000,0.0,0.0
2020-09-16,115.2300033569336,116.0,112.04000091552734,112.12999725341797,108.6694107055664,154679000,0.0,0.0
2020-09-17,109.72000122070312,112.19999694824219,108.70999908447266,110.33999633789062,106.93467712402344,178011000,0.0,0.0
2020-09-18,110.4000015258789,110.87999725341797,106.08999633789062,106.83999633789062,103.54267883300781,287104900,0.0,0.0
2020-09-21,104.54000091552734,110.19000244140625,103.0999984741211,110.08000183105469,106.68267059326172,195713800,0.0,0.0
2020-09-22,112.68000030517578,112.86000061035156,109.16000366210938,111.80999755859375,108.35929107666016,183055400,0.0,0.0
2020-09-23,111.62000274658203,112.11000061035156,106.7699966430664,107.12000274658203,103.81404876708984,150718700,0.0,0.0
2020-09-24,105.16999816894531,110.25,105.0,108.22000122070312,104.88008880615234,167743300,0.0,0.0
2020-09-25,108.43000030517578,112.44000244140625,107.66999816894531,112.27999877929688,108.81480407714844,149981400,0.0,0.0
2020-09-28,115.01000213623047,115.31999969482422,112.77999877929688,114.95999908447266,111.41209411621094,137672400,0.0,0.0
2020-09-29,114.55000305175781,115.30999755859375,113.56999969482422,114.08999633789062,110.56893920898438,99382200,0.0,0.0
2020-09-30,113.79000091552734,117.26000213623047,113.62000274658203,115.80999755859375,112.23583984375,142675200,0.0,0.0
2020-10-01,117.63999938964844,117.72000122070312,115.83000183105469,116.79000091552734,113.18560028076172,116120400,0.0,0.0
2020-10-02,112.88999938964844,115.37000274658203,112.22000122070312,113.0199966430664,109.53195190429688,144712000,0.0,0.0
2020-10-05,113.91000366210938,116.6500015258789,113.55000305175781,116.5,112.9045639038086,106243800,0.0,0.0
2020-10-06,115.69999694824219,116.12000274658203,112.25,113.16000366210938,109.66763305664062,161498200,0.0,0.0
2020-10-07,114.62000274658203,115.55000305175781,114.12999725341797,115.08000183105469,111.52837371826172,96849000,0.0,0.0
2020-10-08,116.25,116.4000015258789,114.58999633789062,114.97000122070312,111.42176055908203,83477200,0.0,0.0
2020-10-09,115.27999877929688,117.0,114.91999816894531,116.97000122070312,113.36001586914062,100506900,0.0,0.0
2020-10-12,120.05999755859375,125.18000030517578,119.27999877929688,124.4000015258789,120.56075286865234,240226800,0.0,0.0
2020-10-13,125.2699966430664,125.38999938964844,119.6500015258789,121.0999984741211,117.36259460449219,262330500,0.0,0.0
2020-10-14,121.0,123.02999877929688,119.62000274658203,121.19000244140625,117.44981384277344,150712000,0.0,0.0
2020-10-15,118.72000122070312,121.19999694824219,118.1500015258789,120.70999908447266,116.984619140625,112559200,0.0,0.0
2020-10-16,121.27999877929688,121.55000305175781,118.80999755859375,119.0199966430664,115.34679412841797,115393800,0.0,0.0
2020-10-19,119.95999908447266,120.41999816894531,115.66000366210938,115.9800033569336,112.40060424804688,120639300,0.0,0.0
2020-10-20,116.19999694824219,118.9800033569336,115.62999725341797,117.51000213623047,113.88338470458984,124423700,0.0,0.0
2020-10-21,116.66999816894531,118.70999908447266,116.44999694824219,116.87000274658203,113.26314544677734,89946000,0.0,0.0
2020-10-22,117.44999694824219,118.04000091552734,114.58999633789062,115.75,112.17770385742188,101988000,0.0,0.0
2020-10-23,116.38999938964844,116.55000305175781,114.27999877929688,115.04000091552734,111.48961639404297,82572600,0.0,0.0
2020-10-26,114.01000213623047,116.55000305175781,112.87999725341797,115.05000305175781,111.49927520751953,111850700,0.0,0.0
2020-10-27,115.48999786376953,117.27999877929688,114.54000091552734,116.5999984741211,113.00146484375,92276800,0.0,0.0
2020-10-28,115.05000305175781,115.43000030517578,111.0999984741211,111.19999694824219,107.76814270019531,143937800,0.0,0.0
2020-10-29,112.37000274658203,116.93000030517578,112.19999694824219,115.31999969482422,111.760986328125,146129200,0.0,0.0
2020-10-30,111.05999755859375,111.98999786376953,107.72000122070312,108.86000061035156,105.50035858154297,190272600,0.0,0.0
2020-11-02,109.11000061035156,110.68000030517578,107.31999969482422,108.7699966430664,105.4131088256836,122866900,0.0,0.0
2020-11-03,109.66000366210938,111.48999786376953,108.7300033569336,110.44000244140625,107.03157806396484,107624400,0.0,0.0
2020-11-04,114.13999938964844,115.58999633789062,112.3499984741211,114.94999694824219,111.40240478515625,138235500,0.0,0.0
2020-11-05,117.94999694824219,119.62000274658203,116.87000274658203,119.02999877929688,115.35648345947266,126387100,0.0,0.0
2020-11-06,118.31999969482422,119.19999694824219,116.12999725341797,118.69000244140625,115.22541046142578,114457900,0.205,0.0
2020-11-09,120.5,121.98999786376953,116.05000305175781,116.31999969482422,112.92460632324219,154515300,0.0,0.0
2020-11-10,115.55000305175781,117.58999633789062,114.12999725341797,115.97000122070312,112.58480072021484,138023400,0.0,0.0
2020-11-11,117.19000244140625,119.62999725341797,116.44000244140625,119.48999786376953,116.00206756591797,112295000,0.0,0.0
2020-11-12,119.62000274658203,120.52999877929688,118.56999969482422,119.20999908447266,115.73023986816406,103162300,0.0,0.0
2020-11-13,119.44000244140625,119.66999816894531,117.87000274658203,119.26000213623047,115.77876281738281,81581900,0.0,0.0
2020-11-16,118.91999816894531,120.98999786376953,118.1500015258789,120.30000305175781,116.78842163085938,91183000,0.0,0.0
2020-11-17,119.55000305175781,120.66999816894531,118.95999908447266,119.38999938964844,115.90499114990234,74271000,0.0,0.0
2020-11-18,118.61000061035156,119.81999969482422,118.0,118.02999877929688,114.58466339111328,76322100,0.0,0.0
2020-11-19,117.58999633789062,119.05999755859375,116.80999755859375,118.63999938964844,115.17687225341797,74113000,0.0,0.0
2020-11-20,118.63999938964844,118.7699966430664,117.29000091552734,117.33999633789062,113.91483306884766,73604300,0.0,0.0
2020-11-23,117.18000030517578,117.62000274658203,113.75,113.8499984741211,110.52667999267578,127959300,0.0,0.0
2020-11-24,113.91000366210938,115.8499984741211,112.58999633789062,115.16999816894531,111.80816650390625,113874200,0.0,0.0
2020-11-25,115.55000305175781,116.75,115.16999816894531,116.02999877929688,112.64305877685547,76499200,0.0,0.0
2020-11-27,116.56999969482422,117.48999786376953,116.22000122070312,116.58999633789062,113.18670654296875,46691300,0.0,0.0
2020-11-30,116.97000122070312,120.97000122070312,116.80999755859375,119.05000305175781,115.57489776611328,169410200,0.0,0.0
2020-12-01,121.01000213623047,123.47000122070312,120.01000213623047,122.72000122070312,119.13776397705078,127728200,0.0,0.0
2020-12-02,122.0199966430664,123.37000274658203,120.88999938964844,123.08000183105469,119.48731231689453,89004200,0.0,0.0
2020-12-03,123.5199966430664,123.77999877929688,122.20999908447266,122.94000244140625,119.35134887695312,78967600,0.0,0.0
2020-12-04,122.5999984741211,122.86000061035156,121.5199966430664,122.25,118.6814956665039,78260400,0.0,0.0
2020-12-07,122.30999755859375,124.56999969482422,122.25,123.75,120.13771057128906,86712000,0.0,0.0
2020-12-08,124.37000274658203,124.9800033569336,123.08999633789062,124.37999725341797,120.74930572509766,82225500,0.0,0.0
2020-12-09,124.52999877929688,125.94999694824219,121.0,121.77999877929688,118.2252197265625,115089200,0.0,0.0
2020-12-10,120.5,123.87000274658203,120.1500015258789,123.23999786376953,119.6426010131836,81312200,0.0,0.0
2020-12-11,122.43000030517578,122.76000213623047,120.55000305175781,122.41000366210938,118.83684539794922,86939800,0.0,0.0
2020-12-14,122.5999984741211,123.3499984741211,121.54000091552734,121.77999877929688,118.2252197265625,79184500,0.0,0.0
2020-12-15,124.33999633789062,127.9000015258789,124.12999725341797,127.87999725341797,124.14717102050781,157243700,0.0,0.0
2020-12-16,127.41000366210938,128.3699951171875,126.55999755859375,127.80999755859375,124.07918548583984,98208600,0.0,0.0
2020-12-17,128.89999389648438,129.5800018310547,128.0399932861328,128.6999969482422,124.94322204589844,94359800,0.0,0.0
2020-12-18,128.9600067138672,129.10000610351562,126.12000274658203,126.66000366210938,122.96278381347656,192541500,0.0,0.0
2020-12-21,125.0199966430664,128.30999755859375,123.44999694824219,128.22999572753906,124.48693084716797,121251600,0.0,0.0
2020-12-22,131.61000061035156,134.41000366210938,129.64999389648438,131.8800048828125,128.03041076660156,168904800,0.0,0.0
2020-12-23,132.16000366210938,132.42999267578125,130.77999877929688,130.9600067138672,127.13725280761719,88223700,0.0,0.0
2020-12-24,131.32000732421875,133.4600067138672,131.10000610351562,131.97000122070312,128.11773681640625,54930100,0.0,0.0
2020-12-28,133.99000549316406,137.33999633789062,133.50999450683594,136.69000244140625,132.6999969482422,124486200,0.0,0.0
2020-12-29,138.0500030517578,138.7899932861328,134.33999633789062,134.8699951171875,130.93312072753906,121047300,0.0,0.0
2020-12-30,135.5800018310547,135.99000549316406,133.39999389648438,133.72000122070312,129.8166961669922,96452100,0.0,0.0
2020-12-31,134.0800018310547,134.74000549316406,131.72000122070312,132.69000244140625,128.81675720214844,99116600,0.0,0.0
2021-01-04,133.52000427246094,133.61000061035156,126.76000213623047,129.41000366210938,125.63249969482422,143301900,0.0,0.0
2021-01-05,128.88999938964844,131.74000549316406,128.42999267578125,131.00999450683594,127.18580627441406,97664900,0.0,0.0
2021-01-06,127.72000122070312,131.0500030517578,126.37999725341797,126.5999984741211,122.9045181274414,155088000,0.0,0.0
2021-01-07,128.36000061035156,131.6300048828125,127.86000061035156,130.9199981689453,127.098388671875,109578200,0.0,0.0
2021-01-08,132.42999267578125,132.6300048828125,130.22999572753906,132.0500030517578,128.19544982910156,105158200,0.0,0.0
2021-01-11,129.19000244140625,130.1699981689453,128.5,128.97999572753906,125.21504211425781,100384500,0.0,0.0
2021-01-12,128.5,129.69000244140625,126.86000061035156,128.8000030517578,125.04029083251953,91951100,0.0,0.0
2021-01-13,128.75999450683594,131.4499969482422,128.49000549316406,130.88999938964844,127.0693130493164,88636800,0.0,0.0
2021-01-14,130.8000030517578,131.0,128.75999450683594,128.91000366210938,125.14708709716797,90221800,0.0,0.0
2021-01-15,128.77999877929688,130.22000122070312,127.0,127.13999938964844,123.42875671386719,111598500,0.0,0.0
2021-01-19,127.77999877929688,128.7100067138672,126.94000244140625,127.83000183105469,124.09861755371094,90757300,0.0,0.0
2021-01-20,128.66000366210938,132.49000549316406,128.5500030517578,132.02999877929688,128.176025390625,104319500,0.0,0.0
2021-01-21,133.8000030517578,139.6699981689453,133.58999633789062,136.8699951171875,132.87472534179688,120150900,0.0,0.0
2021-01-22,136.27999877929688,139.85000610351562,135.02000427246094,139.07000732421875,135.01051330566406,114459400,0.0,0.0
2021-01-25,143.07000732421875,145.08999633789062,136.5399932861328,142.9199981689453,138.74810791015625,157611700,0.0,0.0
2021-01-26,143.60000610351562,144.3000030517578,141.3699951171875,143.16000366210938,138.9811248779297,98390600,0.0,0.0
2021-01-27,143.42999267578125,144.3000030517578,140.41000366210938,142.05999755859375,137.91326904296875,140843800,0.0,0.0
2021-01-28,139.52000427246094,141.99000549316406,136.6999969482422,137.08999633789062,133.0883026123047,142621100,0.0,0.0
2021-01-29,135.8300018310547,136.74000549316406,130.2100067138672,131.9600067138672,128.10806274414062,177523800,0.0,0.0
2021-02-01,133.75,135.3800048828125,130.92999267578125,134.13999938964844,130.22442626953125,106239800,0.0,0.0
2021-02-02,135.72999572753906,136.30999755859375,134.61000061035156,134.99000549316406,131.04962158203125,83305400,0.0,0.0
2021-02-03,135.75999450683594,135.77000427246094,133.61000061035156,133.94000244140625,130.03028869628906,89880900,0.0,0.0
2021-02-04,136.3000030517578,137.39999389648438,134.58999633789062,137.38999938964844,133.37954711914062,84183100,0.0,0.0
2021-02-05,137.35000610351562,137.4199981689453,135.86000061035156,136.75999450683594,132.96641540527344,75693800,0.205,0.0
2021-02-08,136.02999877929688,136.9600067138672,134.9199981689453,136.91000366210938,133.1121826171875,71297200,0.0,0.0
2021-02-09,136.6199951171875,137.8800048828125,135.85000610351562,136.00999450683594,132.23715209960938,76774200,0.0,0.0
2021-02-10,136.47999572753906,136.99000549316406,134.39999389648438,135.38999938964844,131.63436889648438,73046600,0.0,0.0
2021-02-11,135.89999389648438,136.38999938964844,133.77000427246094,135.1300048828125,131.38160705566406,64280000,0.0,0.0
2021-02-12,134.35000610351562,135.52999877929688,133.69000244140625,135.3699951171875,131.61489868164062,60145100,0.0,0.0
2021-02-16,135.49000549316406,136.00999450683594,132.7899932861328,133.19000244140625,129.495361328125,80576300,0.0,0.0
2021-02-17,131.25,132.22000122070312,129.47000122070312,130.83999633789062,127.21056365966797,97918500,0.0,0.0
2021-02-18,129.1999969482422,130.0,127.41000366210938,129.7100067138672,126.1119155883789,96856700,0.0,0.0
2021-02-19,130.24000549316406,130.7100067138672,128.8000030517578,129.8699951171875,126.26748657226562,87668800,0.0,0.0
2021-02-22,128.00999450683594,129.72000122070312,125.5999984741211,126.0,122.50482177734375,103916400,0.0,0.0
2021-02-23,123.76000213623047,126.70999908447266,118.38999938964844,125.86000061035156,122.36871337890625,158273000,0.0,0.0
2021-02-24,124.94000244140625,125.55999755859375,122.2300033569336,125.3499984741211,121.87284088134766,111039900,0.0,0.0
2021-02-25,124.68000030517578,126.45999908447266,120.54000091552734,120.98999786376953,117.63380432128906,148199500,0.0,0.0
2021-02-26,122.58999633789062,124.8499984741211,121.19999694824219,121.26000213623047,117.89630889892578,164560400,0.0,0.0
2021-03-01,123.75,127.93000030517578,122.79000091552734,127.79000091552734,124.24515533447266,116307900,0.0,0.0
2021-03-02,128.41000366210938,128.72000122070312,125.01000213623047,125.12000274658203,121.64923858642578,102260900,0.0,0.0
2021-03-03,124.80999755859375,125.70999908447266,121.83999633789062,122.05999755859375,118.67411804199219,112966300,0.0,0.0
2021-03-04,121.75,123.5999984741211,118.62000274658203,120.12999725341797,116.79767608642578,178155000,0.0,0.0
2021-03-05,120.9800033569336,121.94000244140625,117.56999969482422,121.41999816894531,118.05186462402344,153766600,0.0,0.0
2021-03-08,120.93000030517578,121.0,116.20999908447266,116.36000061035156,113.1322250366211,154376600,0.0,0.0
2021-03-09,119.02999877929688,122.05999755859375,118.79000091552734,121.08999633789062,117.73103332519531,129525800,0.0,0.0
2021-03-10,121.69000244140625,122.16999816894531,119.44999694824219,119.9800033569336,116.65180969238281,111943300,0.0,0.0
2021-03-11,122.54000091552734,123.20999908447266,121.26000213623047,121.95999908447266,118.57688903808594,103026500,0.0,0.0
2021-03-12,120.4000015258789,121.16999816894531,119.16000366210938,121.02999877929688,117.67268371582031,88105100,0.0,0.0
2021-03-15,121.41000366210938,124.0,120.41999816894531,123.98999786376953,120.55056762695312,92403800,0.0,0.0
2021-03-16,125.69999694824219,127.22000122070312,124.72000122070312,125.56999969482422,122.08675384521484,115227900,0.0,0.0
2021-03-17,124.05000305175781,125.86000061035156,122.33999633789062,124.76000213623047,121.29920959472656,111932600,0.0,0.0
2021-03-18,122.87999725341797,123.18000030517578,120.31999969482422,120.52999877929688,117.18656158447266,121229700,0.0,0.0
2021-03-19,119.9000015258789,121.43000030517578,119.68000030517578,119.98999786376953,116.6615219116211,185549500,0.0,0.0
2021-03-22,120.33000183105469,123.87000274658203,120.26000213623047,123.38999938964844,119.96722412109375,111912300,0.0,0.0
2021-03-23,123.33000183105469,124.23999786376953,122.13999938964844,122.54000091552734,119.14080047607422,95467100,0.0,0.0
2021-03-24,122.81999969482422,122.9000015258789,120.06999969482422,120.08999633789062,116.75875091552734,88530500,0.0,0.0
2021-03-25,119.54000091552734,121.66000366210938,119.0,120.58999633789062,117.2448959350586,98844700,0.0,0.0
2021-03-26,120.3499984741211,121.4800033569336,118.91999816894531,121.20999908447266,117.84770202636719,94071200,0.0,0.0
2021-03-29,121.6500015258789,122.58000183105469,120.7300033569336,121.38999938964844,118.02271270751953,80819200,0.0,0.0
2021-03-30,120.11000061035156,120.4000015258789,118.86000061035156,119.9000015258789,116.57405090332031,85671900,0.0,0.0
2021-03-31,121.6500015258789,123.5199966430664,121.1500015258789,122.1500015258789,118.76162719726562,118323800,0.0,0.0
2021-04-01,123.66000366210938,124.18000030517578,122.48999786376953,123.0,119.5880355834961,75089100,0.0,0.0
2021-04-05,123.87000274658203,126.16000366210938,123.06999969482422,125.9000015258789,122.40760040283203,88651200,0.0,0.0
2021-04-06,126.5,127.12999725341797,125.6500015258789,126.20999908447266,122.70901489257812,80171300,0.0,0.0
2021-04-07,125.83000183105469,127.91999816894531,125.13999938964844,127.9000015258789,124.35211944580078,83466700,0.0,0.0
2021-04-08,128.9499969482422,130.38999938964844,128.52000427246094,130.36000061035156,126.74385070800781,88844600,0.0,0.0
2021-04-09,129.8000030517578,133.0399932861328,129.47000122070312,133.0,129.31063842773438,106686700,0.0,0.0
2021-04-12,132.52000427246094,132.85000610351562,130.6300048828125,131.24000549316406,127.59944152832031,91420000,0.0,0.0
2021-04-13,132.44000244140625,134.66000366210938,131.92999267578125,134.42999267578125,130.70095825195312,91266500,0.0,0.0
2021-04-14,134.94000244140625,135.0,131.66000366210938,132.02999877929688,128.3675537109375,87222800,0.0,0.0
2021-04-15,133.82000732421875,135.0,133.63999938964844,134.5,130.76904296875,89347100,0.0,0.0
2021-04-16,134.3000030517578,134.6699981689453,133.27999877929688,134.16000366210938,130.43844604492188,84922400,0.0,0.0
2021-04-19,133.50999450683594,135.47000122070312,133.33999633789062,134.83999633789062,131.09962463378906,94264200,0.0,0.0
2021-04-20,135.02000427246094,135.52999877929688,131.80999755859375,133.11000061035156,129.41758728027344,94812300,0.0,0.0
2021-04-21,132.36000061035156,133.75,131.3000030517578,133.5,129.79676818847656,68847100,0.0,0.0
2021-04-22,133.0399932861328,134.14999389648438,131.41000366210938,131.94000244140625,128.28004455566406,84566500,0.0,0.0
2021-04-23,132.16000366210938,135.1199951171875,132.16000366210938,134.32000732421875,130.59400939941406,78657500,0.0,0.0
2021-04-26,134.8300018310547,135.05999755859375,133.55999755859375,134.72000122070312,130.98292541503906,66905100,0.0,0.0
2021-04-27,135.00999450683594,135.41000366210938,134.11000061035156,134.38999938964844,130.66212463378906,66015800,0.0,0.0
2021-04-28,134.30999755859375,135.02000427246094,133.0800018310547,133.5800018310547,129.8745880126953,107760100,0.0,0.0
2021-04-29,136.47000122070312,137.07000732421875,132.4499969482422,133.47999572753906,129.77735900878906,151101000,0.0,0.0
2021-04-30,131.77999877929688,133.55999755859375,131.07000732421875,131.4600067138672,127.81334686279297,109839500,0.0,0.0
2021-05-03,132.0399932861328,134.07000732421875,131.8300018310547,132.5399932861328,128.8634033203125,75135100,0.0,0.0
2021-05-04,131.19000244140625,131.49000549316406,126.69999694824219,127.8499984741211,124.30349731445312,137564700,0.0,0.0
2021-05-05,129.1999969482422,130.4499969482422,127.97000122070312,128.10000610351562,124.54658508300781,84000900,0.0,0.0
2021-05-06,127.88999938964844,129.75,127.12999725341797,129.74000549316406,126.14109802246094,78128300,0.0,0.0
2021-05-07,130.85000610351562,131.25999450683594,129.47999572753906,130.2100067138672,126.81306457519531,78973300,0.22,0.0
2021-05-10,129.41000366210938,129.5399932861328,126.80999755859375,126.8499984741211,123.54073333740234,88071200,0.0,0.0
2021-05-11,123.5,126.2699966430664,122.7699966430664,125.91000366210938,122.62527465820312,126142800,0.0,0.0
2021-05-12,123.4000015258789,124.63999938964844,122.25,122.7699966430664,119.56718444824219,112172300,0.0,0.0
2021-05-13,124.58000183105469,126.1500015258789,124.26000213623047,124.97000122070312,121.70978546142578,105861300,0.0,0.0
2021-05-14,126.25,127.88999938964844,125.8499984741211,127.44999694824219,124.1250991821289,81918000,0.0,0.0
2021-05-17,126.81999969482422,126.93000030517578,125.16999816894531,126.2699966430664,122.9758529663086,74244600,0.0,0.0
2021-05-18,126.55999755859375,126.98999786376953,124.77999877929688,124.8499984741211,121.59291076660156,63342900,0.0,0.0
2021-05-19,123.16000366210938,124.91999816894531,122.86000061035156,124.69000244140625,121.43709564208984,92612000,0.0,0.0
2021-05-20,125.2300033569336,127.72000122070312,125.0999984741211,127.30999755859375,123.98873138427734,76857100,0.0,0.0
2021-05-21,127.81999969482422,128.0,125.20999908447266,125.43000030517578,122.15778350830078,79295400,0.0,0.0
2021-05-24,126.01000213623047,127.94000244140625,125.94000244140625,127.0999984741211,123.78419494628906,63092900,0.0,0.0
2021-05-25,127.81999969482422,128.32000732421875,126.31999969482422,126.9000015258789,123.58940887451172,72009500,0.0,0.0
2021-05-26,126.95999908447266,127.38999938964844,126.41999816894531,126.8499984741211,123.54073333740234,56575900,0.0,0.0
2021-05-27,126.44000244140625,127.63999938964844,125.08000183105469,125.27999877929688,122.01170349121094,94625600,0.0,0.0
2021-05-28,125.56999969482422,125.80000305175781,124.55000305175781,124.61000061035156,121.35916137695312,71311100,0.0,0.0
2021-06-01,125.08000183105469,125.3499984741211,123.94000244140625,124.27999877929688,121.03779602050781,67637100,0.0,0.0
2021-06-02,124.27999877929688,125.23999786376953,124.05000305175781,125.05999755859375,121.79745483398438,59278900,0.0,0.0
2021-06-03,124.68000030517578,124.8499984741211,123.12999725341797,123.54000091552734,120.31707763671875,76229200,0.0,0.0
2021-06-04,124.06999969482422,126.16000366210938,123.8499984741211,125.88999938964844,122.6058120727539,75169300,0.0,0.0
2021-06-07,126.16999816894531,126.31999969482422,124.83000183105469,125.9000015258789,122.61552429199219,71057600,0.0,0.0
2021-06-08,126.5999984741211,128.4600067138672,126.20999908447266,126.73999786376953,123.43360137939453,74403800,0.0,0.0
2021-06-09,127.20999908447266,127.75,126.5199966430664,127.12999725341797,123.81342315673828,56877900,0.0,0.0
2021-06-10,127.0199966430664,128.19000244140625,125.94000244140625,126.11000061035156,122.82003021240234,71186400,0.0,0.0
2021-06-11,126.52999877929688,127.44000244140625,126.0999984741211,127.3499984741211,124.02767181396484,53522400,0.0,0.0
2021-06-14,127.81999969482422,130.5399932861328,127.06999969482422,130.47999572753906,127.0760498046875,96906500,0.0,0.0
2021-06-15,129.94000244140625,130.60000610351562,129.38999938964844,129.63999938964844,126.25794219970703,62746300,0.0,0.0
2021-06-16,130.3699951171875,130.88999938964844,128.4600067138672,130.14999389648438,126.75462341308594,91815000,0.0,0.0
2021-06-17,129.8000030517578,132.5500030517578,129.64999389648438,131.7899932861328,128.351806640625,96721700,0.0,0.0
2021-06-18,130.7100067138672,131.50999450683594,130.24000549316406,130.4600067138672,127.05656433105469,108953300,0.0,0.0
2021-06-21,130.3000030517578,132.41000366210938,129.2100067138672,132.3000030517578,128.84857177734375,79663300,0.0,0.0
2021-06-22,132.1300048828125,134.0800018310547,131.6199951171875,133.97999572753906,130.48471069335938,74783600,0.0,0.0
2021-06-23,133.77000427246094,134.32000732421875,133.22999572753906,133.6999969482422,130.2120361328125,60214200,0.0,0.0
2021-06-24,134.4499969482422,134.63999938964844,132.92999267578125,133.41000366210938,129.92958068847656,68711000,0.0,0.0
2021-06-25,133.4600067138672,133.88999938964844,132.80999755859375,133.11000061035156,129.63743591308594,70783700,0.0,0.0
2021-06-28,133.41000366210938,135.25,133.35000610351562,134.77999877929688,131.2638397216797,62111300,0.0,0.0
2021-06-29,134.8000030517578,136.49000549316406,134.35000610351562,136.3300018310547,132.77342224121094,64556100,0.0,0.0
2021-06-30,136.1699981689453,137.41000366210938,135.8699951171875,136.9600067138672,133.386962890625,63261400,0.0,0.0
2021-07-01,136.60000610351562,137.3300018310547,135.75999450683594,137.27000427246094,133.68890380859375,52485800,0.0,0.0
2021-07-02,137.89999389648438,140.0,137.75,139.9600067138672,136.30873107910156,78852600,0.0,0.0
2021-07-06,140.07000732421875,143.14999389648438,140.07000732421875,142.02000427246094,138.3149871826172,108181800,0.0,0.0
2021-07-07,143.5399932861328,144.88999938964844,142.66000366210938,144.57000732421875,140.79849243164062,104911600,0.0,0.0
2021-07-08,141.5800018310547,144.05999755859375,140.6699981689453,143.24000549316406,139.503173828125,105575500,0.0,0.0
2021-07-09,142.75,145.64999389648438,142.64999389648438,145.11000061035156,141.32437133789062,99890800,0.0,0.0
2021-07-12,146.2100067138672,146.32000732421875,144.0,144.5,140.7303009033203,76299700,0.0,0.0
2021-07-13,144.02999877929688,147.4600067138672,143.6300048828125,145.63999938964844,141.84054565429688,100827100,0.0,0.0
2021-07-14,148.10000610351562,149.57000732421875,147.67999267578125,149.14999389648438,145.2589569091797,127050800,0.0,0.0
2021-07-15,149.24000549316406,150.0,147.08999633789062,148.47999572753906,144.60643005371094,106820300,0.0,0.0
2021-07-16,148.4600067138672,149.75999450683594,145.8800048828125,146.38999938964844,142.57098388671875,93251400,0.0,0.0
2021-07-19,143.75,144.07000732421875,141.6699981689453,142.4499969482422,138.7337646484375,121434600,0.0,0.0
2021-07-20,143.4600067138672,147.10000610351562,142.9600067138672,146.14999389648438,142.3372344970703,96350000,0.0,0.0
2021-07-21,145.52999877929688,146.1300048828125,144.6300048828125,145.39999389648438,141.6068115234375,74993500,0.0,0.0
2021-07-22,145.94000244140625,148.1999969482422,145.80999755859375,146.8000030517578,142.9702911376953,77338200,0.0,0.0
2021-07-23,147.5500030517578,148.72000122070312,146.9199981689453,148.55999755859375,144.68431091308594,71447400,0.0,0.0
2021-07-26,148.27000427246094,149.8300018310547,147.6999969482422,148.99000549316406,145.10316467285156,72434100,0.0,0.0
2021-07-27,149.1199951171875,149.2100067138672,145.5500030517578,146.77000427246094,142.94105529785156,104818600,0.0,0.0
2021-07-28,144.80999755859375,146.97000122070312,142.5399932861328,144.97999572753906,141.19776916503906,118931200,0.0,0.0
2021-07-29,144.69000244140625,146.5500030517578,144.5800018310547,145.63999938964844,141.84054565429688,56699500,0.0,0.0
2021-07-30,144.3800048828125,146.3300018310547,144.11000061035156,145.86000061035156,142.0548095703125,70440600,0.0,0.0
2021-08-02,146.36000061035156,146.9499969482422,145.25,145.52000427246094,141.72369384765625,62880000,0.0,0.0
2021-08-03,145.80999755859375,148.0399932861328,145.17999267578125,147.36000061035156,143.5156707763672,64786600,0.0,0.0
2021-08-04,147.27000427246094,147.7899932861328,146.27999877929688,146.9499969482422,143.11636352539062,56368300,0.0,0.0
2021-08-05,146.97999572753906,147.83999633789062,146.1699981689453,147.05999755859375,143.2234649658203,46397700,0.0,0.0
2021-08-06,146.35000610351562,147.11000061035156,145.6300048828125,146.13999938964844,142.54075622558594,54126800,0.22,0.0
2021-08-09,146.1999969482422,146.6999969482422,145.52000427246094,146.08999633789062,142.49195861816406,48908700,0.0,0.0
2021-08-10,146.44000244140625,147.7100067138672,145.3000030517578,145.60000610351562,142.01405334472656,69023100,0.0,0.0
2021-08-11,146.0500030517578,146.72000122070312,145.52999877929688,145.86000061035156,142.2676239013672,48493500,0.0,0.0
2021-08-12,146.19000244140625,149.0500030517578,145.83999633789062,148.88999938964844,145.22303771972656,72282600,0.0,0.0
2021-08-13,148.97000122070312,149.44000244140625,148.27000427246094,149.10000610351562,145.42787170410156,59375000,0.0,0.0
2021-08-16,148.5399932861328,151.19000244140625,146.47000122070312,151.1199951171875,147.3980712890625,103296000,0.0,0.0
2021-08-17,150.22999572753906,151.67999267578125,149.08999633789062,150.19000244140625,146.490966796875,92229700,0.0,0.0
2021-08-18,149.8000030517578,150.72000122070312,146.14999389648438,146.36000061035156,142.75526428222656,86326000,0.0,0.0
2021-08-19,145.02999877929688,148.0,144.5,146.6999969482422,143.0869598388672,86960300,0.0,0.0
2021-08-20,147.44000244140625,148.5,146.77999877929688,148.19000244140625,144.54031372070312,60549600,0.0,0.0
2021-08-23,148.30999755859375,150.19000244140625,147.88999938964844,149.7100067138672,146.0228271484375,60131800,0.0,0.0
2021-08-24,149.4499969482422,150.86000061035156,149.14999389648438,149.6199951171875,145.93504333496094,48606400,0.0,0.0
2021-08-25,149.80999755859375,150.32000732421875,147.8000030517578,148.36000061035156,144.70606994628906,58991300,0.0,0.0
2021-08-26,148.35000610351562,149.1199951171875,147.50999450683594,147.5399932861328,143.90628051757812,48597200,0.0,0.0
2021-08-27,147.47999572753906,148.75,146.8300018310547,148.60000610351562,144.94015502929688,55802400,0.0,0.0
2021-08-30,149.0,153.49000549316406,148.61000061035156,153.1199951171875,149.34881591796875,90956700,0.0,0.0
2021-08-31,152.66000366210938,152.8000030517578,151.2899932861328,151.8300018310547,148.09059143066406,86453100,0.0,0.0
2021-09-01,152.8300018310547,154.97999572753906,152.33999633789062,152.50999450683594,148.7538299560547,80313700,0.0,0.0
2021-09-02,153.8699951171875,154.72000122070312,152.39999389648438,153.64999389648438,149.86575317382812,71115500,0.0,0.0
2021-09-03,153.75999450683594,154.6300048828125,153.08999633789062,154.3000030517578,150.49977111816406,57808700,0.0,0.0
2021-09-07,154.97000122070312,157.25999450683594,154.38999938964844,156.69000244140625,152.83091735839844,82278300,0.0,0.0
2021-09-08,156.97999572753906,157.0399932861328,153.97999572753906,155.11000061035156,151.289794921875,74420200,0.0,0.0
2021-09-09,155.49000549316406,156.11000061035156,153.9499969482422,154.07000732421875,150.2754364013672,57305700,0.0,0.0
2021-09-10,155.0,155.47999572753906,148.6999969482422,148.97000122070312,145.301025390625,140893200,0.0,0.0
2021-09-13,150.6300048828125,151.4199981689453,148.75,149.5500030517578,145.86676025390625,102404300,0.0,0.0
2021-09-14,150.35000610351562,151.07000732421875,146.91000366210938,148.1199951171875,144.47198486328125,109296300,0.0,0.0
2021-09-15,148.55999755859375,149.44000244140625,146.3699951171875,149.02999877929688,145.35955810546875,83281300,0.0,0.0
2021-09-16,148.44000244140625,148.97000122070312,147.22000122070312,148.7899932861328,145.12548828125,68034100,0.0,0.0
2021-09-17,148.82000732421875,148.82000732421875,145.75999450683594,146.05999755859375,142.46270751953125,129868800,0.0,0.0
2021-09-20,143.8000030517578,144.83999633789062,141.27000427246094,142.94000244140625,139.41958618164062,123478900,0.0,0.0
2021-09-21,143.92999267578125,144.60000610351562,142.77999877929688,143.42999267578125,139.89747619628906,75834000,0.0,0.0
2021-09-22,144.4499969482422,146.42999267578125,143.6999969482422,145.85000610351562,142.2578582763672,76404300,0.0,0.0
2021-09-23,146.64999389648438,147.0800018310547,145.63999938964844,146.8300018310547,143.2137451171875,64838200,0.0,0.0
2021-09-24,145.66000366210938,147.47000122070312,145.55999755859375,146.9199981689453,143.301513671875,53477900,0.0,0.0
2021-09-27,145.47000122070312,145.9600067138672,143.82000732421875,145.3699951171875,141.78970336914062,74150700,0.0,0.0
2021-09-28,143.25,144.75,141.69000244140625,141.91000366210938,138.41490173339844,108972300,0.0,0.0
2021-09-29,142.47000122070312,144.4499969482422,142.02999877929688,142.8300018310547,139.312255859375,74602000,0.0,0.0
2021-09-30,143.66000366210938,144.3800048828125,141.27999877929688,141.5,138.01504516601562,89056700,0.0,0.0
2021-10-01,141.89999389648438,142.9199981689453,139.11000061035156,142.64999389648438,139.13671875,94639600,0.0,0.0
2021-10-04,141.75999450683594,142.2100067138672,138.27000427246094,139.13999938964844,135.713134765625,98322000,0.0,0.0
2021-10-05,139.49000549316406,142.24000549316406,139.36000061035156,141.11000061035156,137.63461303710938,80861100,0.0,0.0
2021-10-06,139.47000122070312,142.14999389648438,138.3699951171875,142.0,138.50271606445312,83221100,0.0,0.0
2021-10-07,143.05999755859375,144.22000122070312,142.72000122070312,143.2899932861328,139.76092529296875,61732700,0.0,0.0
2021-10-08,144.02999877929688,144.17999267578125,142.55999755859375,142.89999389648438,139.38050842285156,58773200,0.0,0.0
2021-10-11,142.27000427246094,144.80999755859375,141.80999755859375,142.80999755859375,139.2927703857422,64452200,0.0,0.0
2021-10-12,143.22999572753906,143.25,141.0399932861328,141.50999450683594,138.0247802734375,73035900,0.0,0.0
2021-10-13,141.24000549316406,141.39999389648438,139.1999969482422,140.91000366210938,137.4395294189453,78762700,0.0,0.0
2021-10-14,142.11000061035156,143.8800048828125,141.50999450683594,143.75999450683594,140.2193603515625,69907100,0.0,0.0
2021-10-15,143.77000427246094,144.89999389648438,143.50999450683594,144.83999633789062,141.27276611328125,67940300,0.0,0.0
2021-10-18,143.4499969482422,146.83999633789062,143.16000366210938,146.5500030517578,142.94064331054688,85589200,0.0,0.0
2021-10-19,147.00999450683594,149.1699981689453,146.5500030517578,148.75999450683594,145.09625244140625,76378900,0.0,0.0
2021-10-20,148.6999969482422,149.75,148.1199951171875,149.25999450683594,145.58389282226562,58418800,0.0,0.0
2021-10-21,148.80999755859375,149.63999938964844,147.8699951171875,149.47999572753906,145.7984619140625,61421000,0.0,0.0
2021-10-22,149.69000244140625,150.17999267578125,148.63999938964844,148.69000244140625,145.0279541015625,58883400,0.0,0.0
2021-10-25,148.67999267578125,149.3699951171875,147.6199951171875,148.63999938964844,144.97915649414062,50720600,0.0,0.0
2021-10-26,149.3300018310547,150.83999633789062,149.00999450683594,149.32000732421875,145.64244079589844,60893400,0.0,0.0
2021-10-27,149.36000061035156,149.72999572753906,148.49000549316406,148.85000610351562,145.1840057373047,56094900,0.0,0.0
2021-10-28,149.82000732421875,153.1699981689453,149.72000122070312,152.57000732421875,148.81239318847656,100077900,0.0,0.0
2021-10-29,147.22000122070312,149.94000244140625,146.41000366210938,149.8000030517578,146.11056518554688,124953200,0.0,0.0
2021-11-01,148.99000549316406,149.6999969482422,147.8000030517578,148.9600067138672,145.29129028320312,74588300,0.0,0.0
2021-11-02,148.66000366210938,151.57000732421875,148.64999389648438,150.02000427246094,146.32518005371094,69122000,0.0,0.0
2021-11-03,150.38999938964844,151.97000122070312,149.82000732421875,151.49000549316406,147.75900268554688,54511500,0.0,0.0
2021-11-04,151.5800018310547,152.42999267578125,150.63999938964844,150.9600067138672,147.24205017089844,60394600,0.0,0.0
2021-11-05,151.88999938964844,152.1999969482422,150.05999755859375,151.27999877929688,147.7694854736328,65463900,0.22,0.0
2021-11-08,151.41000366210938,151.57000732421875,150.16000366210938,150.44000244140625,146.94895935058594,55020900,0.0,0.0
2021-11-09,150.1999969482422,151.42999267578125,150.05999755859375,150.80999755859375,147.31039428710938,56787900,0.0,0.0
2021-11-10,150.02000427246094,150.1300048828125,147.85000610351562,147.9199981689453,144.48745727539062,65187100,0.0,0.0
2021-11-11,148.9600067138672,149.42999267578125,147.67999267578125,147.8699951171875,144.43861389160156,41000000,0.0,0.0
2021-11-12,148.42999267578125,150.39999389648438,147.47999572753906,149.99000549316406,146.50942993164062,63804000,0.0,0.0
2021-11-15,150.3699951171875,151.8800048828125,149.42999267578125,150.0,146.51919555664062,59222800,0.0,0.0
2021-11-16,149.94000244140625,151.49000549316406,149.33999633789062,151.0,147.49598693847656,59256200,0.0,0.0
2021-11-17,151.0,155.0,150.99000549316406,153.49000549316406,149.92820739746094,88807000,0.0,0.0
2021-11-18,153.7100067138672,158.6699981689453,153.0500030517578,157.8699951171875,154.20657348632812,137827700,0.0,0.0
2021-11-19,157.64999389648438,161.02000427246094,156.52999877929688,160.5500030517578,156.82440185546875,117305600,0.0,0.0
2021-11-22,161.67999267578125,165.6999969482422,161.0,161.02000427246094,157.28346252441406,117467900,0.0,0.0
2021-11-23,161.1199951171875,161.8000030517578,159.05999755859375,161.41000366210938,157.6644287109375,96041900,0.0,0.0
2021-11-24,160.75,162.13999938964844,159.63999938964844,161.94000244140625,158.18212890625,69463600,0.0,0.0
2021-11-26,159.57000732421875,160.4499969482422,156.36000061035156,156.80999755859375,153.17117309570312,76959800,0.0,0.0
2021-11-29,159.3699951171875,161.19000244140625,158.7899932861328,160.24000549316406,156.5216064453125,88748200,0.0,0.0
2021-11-30,159.99000549316406,165.52000427246094,159.9199981689453,165.3000030517578,161.46417236328125,174048100,0.0,0.0
2021-12-01,167.47999572753906,170.3000030517578,164.52999877929688,164.77000427246094,160.94642639160156,152052500,0.0,0.0
2021-12-02,158.74000549316406,164.1999969482422,157.8000030517578,163.75999450683594,159.9598846435547,136739200,0.0,0.0
2021-12-03,164.02000427246094,164.9600067138672,159.72000122070312,161.83999633789062,158.08445739746094,118023100,0.0,0.0
2021-12-06,164.2899932861328,167.8800048828125,164.27999877929688,165.32000732421875,161.48367309570312,107497000,0.0,0.0
2021-12-07,169.0800018310547,171.5800018310547,168.33999633789062,171.17999267578125,167.2077178955078,120405400,0.0,0.0
2021-12-08,172.1300048828125,175.9600067138672,170.6999969482422,175.0800018310547,171.01718139648438,116998900,0.0,0.0
2021-12-09,174.91000366210938,176.75,173.9199981689453,174.55999755859375,170.50926208496094,108923700,0.0,0.0
2021-12-10,175.2100067138672,179.6300048828125,174.69000244140625,179.4499969482422,175.2858123779297,115402700,0.0,0.0
2021-12-13,181.1199951171875,182.1300048828125,175.52999877929688,175.74000549316406,171.661865234375,153237000,0.0,0.0
2021-12-14,175.25,177.74000549316406,172.2100067138672,174.3300018310547,170.2845916748047,139380400,0.0,0.0
2021-12-15,175.11000061035156,179.5,172.30999755859375,179.3000030517578,175.13931274414062,131063300,0.0,0.0
2021-12-16,179.27999877929688,181.13999938964844,170.75,172.25999450683594,168.26263427734375,150185800,0.0,0.0
2021-12-17,169.92999267578125,173.47000122070312,169.69000244140625,171.13999938964844,167.16860961914062,195432700,0.0,0.0
2021-12-20,168.27999877929688,170.5800018310547,167.4600067138672,169.75,165.81089782714844,107499100,0.0,0.0
2021-12-21,171.55999755859375,173.1999969482422,169.1199951171875,172.99000549316406,168.97572326660156,91185900,0.0,0.0
2021-12-22,173.0399932861328,175.86000061035156,172.14999389648438,175.63999938964844,171.56422424316406,92135300,0.0,0.0
2021-12-23,175.85000610351562,176.85000610351562,175.27000427246094,176.27999877929688,172.18939208984375,68356600,0.0,0.0
2021-12-27,177.08999633789062,180.4199981689453,177.07000732421875,180.3300018310547,176.14540100097656,74919600,0.0,0.0
2021-12-28,180.16000366210938,181.3300018310547,178.52999877929688,179.2899932861328,175.1295166015625,79144300,0.0,0.0
2021-12-29,179.3300018310547,180.6300048828125,178.13999938964844,179.3800048828125,175.2174072265625,62348900,0.0,0.0
2021-12-30,179.47000122070312,180.57000732421875,178.08999633789062,178.1999969482422,174.06480407714844,59773000,0.0,0.0
2021-12-31,178.08999633789062,179.22999572753906,177.25999450683594,177.57000732421875,173.44947814941406,64062300,0.0,0.0
2022-01-03,177.8300018310547,182.8800048828125,177.7100067138672,182.00999450683594,177.786376953125,104487900,0.0,0.0
2022-01-04,182.6300048828125,182.94000244140625,179.1199951171875,179.6999969482422,175.53001403808594,99310400,0.0,0.0
2022-01-05,179.61000061035156,180.1699981689453,174.63999938964844,174.9199981689453,170.86093139648438,94537600,0.0,0.0
2022-01-06,172.6999969482422,175.3000030517578,171.63999938964844,172.0,168.00868225097656,96904000,0.0,0.0
2022-01-07,172.88999938964844,174.13999938964844,171.02999877929688,172.1699981689453,168.17474365234375,86709100,0.0,0.0
2022-01-10,169.0800018310547,172.5,168.1699981689453,172.19000244140625,168.1942596435547,106765600,0.0,0.0
2022-01-11,172.32000732421875,175.17999267578125,170.82000732421875,175.0800018310547,171.01718139648438,76138300,0.0,0.0
2022-01-12,176.1199951171875,177.17999267578125,174.82000732421875,175.52999877929688,171.45672607421875,74805200,0.0,0.0
2022-01-13,175.77999877929688,176.6199951171875,171.7899932861328,172.19000244140625,168.1942596435547,84505800,0.0,0.0
2022-01-14,171.33999633789062,173.77999877929688,171.08999633789062,173.07000732421875,169.05384826660156,80440800,0.0,0.0
2022-01-18,171.50999450683594,172.5399932861328,169.41000366210938,169.8000030517578,165.85972595214844,90956700,0.0,0.0
2022-01-19,170.0,171.0800018310547,165.94000244140625,166.22999572753906,162.37255859375,94815000,0.0,0.0
2022-01-20,166.97999572753906,169.67999267578125,164.17999267578125,164.50999450683594,160.69253540039062,91420500,0.0,0.0
2022-01-21,164.4199981689453,166.3300018310547,162.3000030517578,162.41000366210938,158.6411895751953,122848900,0.0,0.0
2022-01-24,160.02000427246094,162.3000030517578,154.6999969482422,161.6199951171875,157.8695526123047,162294600,0.0,0.0
2022-01-25,158.97999572753906,162.75999450683594,157.02000427246094,159.77999877929688,156.07225036621094,115798400,0.0,0.0
2022-01-26,163.5,164.38999938964844,157.82000732421875,159.69000244140625,155.9843292236328,108275300,0.0,0.0
2022-01-27,162.4499969482422,163.83999633789062,158.27999877929688,159.22000122070312,155.5252227783203,121954600,0.0,0.0
2022-01-28,165.7100067138672,170.35000610351562,162.8000030517578,170.3300018310547,166.37741088867188,179935700,0.0,0.0
2022-01-31,170.16000366210938,175.0,169.50999450683594,174.77999877929688,170.72415161132812,115541600,0.0,0.0
2022-02-01,174.00999450683594,174.83999633789062,172.30999755859375,174.61000061035156,170.55810546875,86213900,0.0,0.0
2022-02-02,174.75,175.8800048828125,173.3300018310547,175.83999633789062,171.75953674316406,84914300,0.0,0.0
2022-02-03,174.47999572753906,176.24000549316406,172.1199951171875,172.89999389648438,168.88780212402344,89418100,0.0,0.0
2022-02-04,171.67999267578125,174.10000610351562,170.67999267578125,172.38999938964844,168.6041717529297,82465400,0.22,0.0
2022-02-07,172.86000061035156,173.9499969482422,170.9499969482422,171.66000366210938,167.8902130126953,77251200,0.0,0.0
2022-02-08,171.72999572753906,175.35000610351562,171.42999267578125,174.8300018310547,170.99057006835938,74829200,0.0,0.0
2022-02-09,176.0500030517578,176.64999389648438,174.89999389648438,176.27999877929688,172.40878295898438,71285000,0.0,0.0
2022-02-10,174.13999938964844,175.47999572753906,171.5500030517578,172.1199951171875,168.34005737304688,90865900,0.0,0.0
2022-02-11,172.3300018310547,173.0800018310547,168.0399932861328,168.63999938964844,164.93653869628906,98670700,0.0,0.0
2022-02-14,167.3699951171875,169.5800018310547,166.55999755859375,168.8800048828125,165.1712646484375,86185500,0.0,0.0
2022-02-15,170.97000122070312,172.9499969482422,170.25,172.7899932861328,168.99537658691406,62527400,0.0,0.0
2022-02-16,171.85000610351562,173.33999633789062,170.0500030517578,172.5500030517578,168.76065063476562,61177400,0.0,0.0
2022-02-17,171.02999877929688,171.91000366210938,168.47000122070312,168.8800048828125,165.1712646484375,69589300,0.0,0.0
2022-02-18,169.82000732421875,170.5399932861328,166.19000244140625,167.3000030517578,163.62594604492188,82772700,0.0,0.0
2022-02-22,164.97999572753906,166.69000244140625,162.14999389648438,164.32000732421875,160.7113800048828,91162800,0.0,0.0
2022-02-23,165.5399932861328,166.14999389648438,159.75,160.07000732421875,156.5547332763672,90009200,0.0,0.0
2022-02-24,152.5800018310547,162.85000610351562,152.0,162.74000549316406,159.16612243652344,141147500,0.0,0.0
2022-02-25,163.83999633789062,165.1199951171875,160.8699951171875,164.85000610351562,161.22976684570312,91974200,0.0,0.0
2022-02-28,163.05999755859375,165.4199981689453,162.42999267578125,165.1199951171875,161.49383544921875,95056600,0.0,0.0
2022-03-01,164.6999969482422,166.60000610351562,161.97000122070312,163.1999969482422,159.615966796875,83474400,0.0,0.0
2022-03-02,164.38999938964844,167.36000061035156,162.9499969482422,166.55999755859375,162.9022216796875,79724800,0.0,0.0
2022-03-03,168.47000122070312,168.91000366210938,165.5500030517578,166.22999572753906,162.5794219970703,76678400,0.0,0.0
2022-03-04,164.49000549316406,165.5500030517578,162.10000610351562,163.1699981689453,159.58665466308594,83737200,0.0,0.0
2022-03-07,163.36000061035156,165.02000427246094,159.0399932861328,159.3000030517578,155.8016357421875,96418800,0.0,0.0
2022-03-08,158.82000732421875,162.8800048828125,155.8000030517578,157.44000244140625,153.98252868652344,131148300,0.0,0.0
2022-03-09,161.47999572753906,163.41000366210938,159.41000366210938,162.9499969482422,159.37149047851562,91454900,0.0,0.0
2022-03-10,160.1999969482422,160.38999938964844,155.97999572753906,158.52000427246094,155.0387725830078,105342000,0.0,0.0
2022-03-11,158.92999267578125,159.27999877929688,154.5,154.72999572753906,151.33201599121094,96970100,0.0,0.0
2022-03-14,151.4499969482422,154.1199951171875,150.10000610351562,150.6199951171875,147.31224060058594,108732100,0.0,0.0
2022-03-15,150.89999389648438,155.57000732421875,150.3800048828125,155.08999633789062,151.68406677246094,92964300,0.0,0.0
2022-03-16,157.0500030517578,160.0,154.4600067138672,159.58999633789062,156.08526611328125,102300200,0.0,0.0
2022-03-17,158.61000061035156,161.0,157.6300048828125,160.6199951171875,157.09262084960938,75615400,0.0,0.0
2022-03-18,160.50999450683594,164.47999572753906,159.75999450683594,163.97999572753906,160.3788299560547,123511700,0.0,0.0
2022-03-21,163.50999450683594,166.35000610351562,163.00999450683594,165.3800048828125,161.7481231689453,95811400,0.0,0.0
2022-03-22,165.50999450683594,169.4199981689453,164.91000366210938,168.82000732421875,165.1125946044922,81532000,0.0,0.0
2022-03-23,167.99000549316406,172.63999938964844,167.64999389648438,170.2100067138672,166.47203063964844,98062700,0.0,0.0
2022-03-24,171.05999755859375,174.13999938964844,170.2100067138672,174.07000732421875,170.24732971191406,90131400,0.0,0.0
2022-03-25,173.8800048828125,175.27999877929688,172.75,174.72000122070312,170.88299560546875,80546200,0.0,0.0
2022-03-28,172.1699981689453,175.72999572753906,172.0,175.60000610351562,171.74366760253906,90371900,0.0,0.0
2022-03-29,176.69000244140625,179.00999450683594,176.33999633789062,178.9600067138672,175.0298614501953,100589400,0.0,0.0
2022-03-30,178.5500030517578,179.61000061035156,176.6999969482422,177.77000427246094,173.86605834960938,92633200,0.0,0.0
2022-03-31,177.83999633789062,178.02999877929688,174.39999389648438,174.61000061035156,170.77542114257812,103049300,0.0,0.0
2022-04-01,174.02999877929688,174.8800048828125,171.94000244140625,174.30999755859375,170.4819793701172,78751300,0.0,0.0
2022-04-04,174.57000732421875,178.49000549316406,174.44000244140625,178.44000244140625,174.5212860107422,76468400,0.0,0.0
2022-04-05,177.5,178.3000030517578,174.4199981689453,175.05999755859375,171.21556091308594,73401800,0.0,0.0
2022-04-06,172.36000061035156,173.6300048828125,170.1300048828125,171.8300018310547,168.05645751953125,89058800,0.0,0.0
2022-04-07,171.16000366210938,173.36000061035156,169.85000610351562,172.13999938964844,168.35964965820312,77594700,0.0,0.0
2022-04-08,171.77999877929688,171.77999877929688,169.1999969482422,170.08999633789062,166.35464477539062,76575500,0.0,0.0
2022-04-11,168.7100067138672,169.02999877929688,165.5,165.75,162.11000061035156,72246700,0.0,0.0
2022-04-12,168.02000427246094,169.8699951171875,166.63999938964844,167.66000366210938,163.9781036376953,79265200,0.0,0.0
2022-04-13,167.38999938964844,171.0399932861328,166.77000427246094,170.39999389648438,166.65786743164062,70618900,0.0,0.0
2022-04-14,170.6199951171875,171.27000427246094,165.0399932861328,165.2899932861328,161.6600799560547,75329400,0.0,0.0
2022-04-18,163.9199981689453,166.60000610351562,163.57000732421875,165.07000732421875,161.4449462890625,69023900,0.0,0.0
2022-04-19,165.02000427246094,167.82000732421875,163.91000366210938,167.39999389648438,163.7237548828125,67723800,0.0,0.0
2022-04-20,168.75999450683594,168.8800048828125,166.10000610351562,167.22999572753906,163.55746459960938,67929800,0.0,0.0
2022-04-21,168.91000366210938,171.52999877929688,165.91000366210938,166.4199981689453,162.76527404785156,87227800,0.0,0.0
2022-04-22,166.4600067138672,167.8699951171875,161.5,161.7899932861328,158.2369384765625,84882400,0.0,0.0
2022-04-25,161.1199951171875,163.1699981689453,158.4600067138672,162.8800048828125,159.30303955078125,96046400,0.0,0.0
2022-04-26,162.25,162.33999633789062,156.72000122070312,156.8000030517578,153.35655212402344,95623200,0.0,0.0
2022-04-27,155.91000366210938,159.7899932861328,155.3800048828125,156.57000732421875,153.13156127929688,88063200,0.0,0.0
2022-04-28,159.25,164.52000427246094,158.92999267578125,163.63999938964844,160.04632568359375,130216800,0.0,0.0
2022-04-29,161.83999633789062,166.1999969482422,157.25,157.64999389648438,154.18788146972656,131747600,0.0,0.0
2022-05-02,156.7100067138672,158.22999572753906,153.27000427246094,157.9600067138672,154.49107360839844,123055300,0.0,0.0
2022-05-03,158.14999389648438,160.7100067138672,156.32000732421875,159.47999572753906,155.9776611328125,88966500,0.0,0.0
2022-05-04,159.6699981689453,166.47999572753906,159.25999450683594,166.02000427246094,162.37408447265625,108256500,0.0,0.0
2022-05-05,163.85000610351562,164.0800018310547,154.9499969482422,156.77000427246094,153.32723999023438,130525300,0.0,0.0
2022-05-06,156.00999450683594,159.44000244140625,154.17999267578125,157.27999877929688,154.052001953125,116124600,0.23,0.0
2022-05-09,154.92999267578125,155.8300018310547,151.49000549316406,152.05999755859375,148.9391326904297,131577900,0.0,0.0
2022-05-10,155.52000427246094,156.74000549316406,152.92999267578125,154.50999450683594,151.33888244628906,115366700,0.0,0.0
2022-05-11,153.5,155.4499969482422,145.80999755859375,146.5,143.49327087402344,142689800,0.0,0.0
2022-05-12,142.77000427246094,146.1999969482422,138.8000030517578,142.55999755859375,139.6341094970703,182602000,0.0,0.0
2022-05-13,144.58999633789062,148.10000610351562,143.11000061035156,147.11000061035156,144.09078979492188,113990900,0.0,0.0
2022-05-16,145.5500030517578,147.52000427246094,144.17999267578125,145.5399932861328,142.55294799804688,86643800,0.0,0.0
2022-05-17,148.86000061035156,149.77000427246094,146.67999267578125,149.24000549316406,146.17701721191406,78336300,0.0,0.0
2022-05-18,146.85000610351562,147.36000061035156,139.89999389648438,140.82000732421875,137.92982482910156,109742900,0.0,0.0
2022-05-19,139.8800048828125,141.66000366210938,136.60000610351562,137.35000610351562,134.53106689453125,136095600,0.0,0.0
2022-05-20,139.08999633789062,140.6999969482422,132.61000061035156,137.58999633789062,134.76612854003906,137426100,0.0,0.0
2022-05-23,137.7899932861328,143.25999450683594,137.64999389648438,143.11000061035156,140.17282104492188,117726300,0.0,0.0
2022-05-24,140.80999755859375,141.97000122070312,137.3300018310547,140.36000061035156,137.47926330566406,104132700,0.0,0.0
2022-05-25,138.42999267578125,141.7899932861328,138.33999633789062,140.52000427246094,137.63601684570312,92482700,0.0,0.0
2022-05-26,137.38999938964844,144.33999633789062,137.13999938964844,143.77999877929688,140.82913208007812,90601500,0.0,0.0
2022-05-27,145.38999938964844,149.67999267578125,145.25999450683594,149.63999938964844,146.56881713867188,90978500,0.0,0.0
2022-05-31,149.07000732421875,150.66000366210938,146.83999633789062,148.83999633789062,145.78521728515625,103718400,0.0,0.0
2022-06-01,149.89999389648438,151.74000549316406,147.67999267578125,148.7100067138672,145.6578826904297,74286600,0.0,0.0
2022-06-02,147.8300018310547,151.27000427246094,146.86000061035156,151.2100067138672,148.1065673828125,72348100,0.0,0.0
2022-06-03,146.89999389648438,147.97000122070312,144.4600067138672,145.3800048828125,142.396240234375,88570300,0.0,0.0
2022-06-06,147.02999877929688,148.57000732421875,144.89999389648438,146.13999938964844,143.14064025878906,71598400,0.0,0.0
2022-06-07,144.35000610351562,149.0,144.10000610351562,148.7100067138672,145.6578826904297,67808200,0.0,0.0
2022-06-08,148.5800018310547,149.8699951171875,147.4600067138672,147.9600067138672,144.92332458496094,53950200,0.0,0.0
2022-06-09,147.0800018310547,147.9499969482422,142.52999877929688,142.63999938964844,139.71250915527344,69473000,0.0,0.0
2022-06-10,140.27999877929688,140.75999450683594,137.05999755859375,137.1300048828125,134.31561279296875,91437900,0.0,0.0
2022-06-13,132.8699951171875,135.1999969482422,131.44000244140625,131.8800048828125,129.17332458496094,122207100,0.0,0.0
2022-06-14,133.1300048828125,133.88999938964844,131.47999572753906,132.75999450683594,130.03524780273438,84784300,0.0,0.0
2022-06-15,134.2899932861328,137.33999633789062,132.16000366210938,135.42999267578125,132.6504669189453,91533000,0.0,0.0
2022-06-16,132.0800018310547,132.38999938964844,129.0399932861328,130.05999755859375,127.39064025878906,108123900,0.0,0.0
2022-06-17,130.07000732421875,133.0800018310547,129.80999755859375,131.55999755859375,128.85987854003906,134520300,0.0,0.0
2022-06-21,133.4199981689453,137.05999755859375,133.32000732421875,135.8699951171875,133.08143615722656,81000500,0.0,0.0
2022-06-22,134.7899932861328,137.75999450683594,133.91000366210938,135.35000610351562,132.5720977783203,73409200,0.0,0.0
2022-06-23,136.82000732421875,138.58999633789062,135.6300048828125,138.27000427246094,135.4321746826172,72433800,0.0,0.0
2022-06-24,139.89999389648438,141.91000366210938,139.77000427246094,141.66000366210938,138.75259399414062,89116800,0.0,0.0
2022-06-27,142.6999969482422,143.49000549316406,140.97000122070312,141.66000366210938,138.75259399414062,70207900,0.0,0.0
2022-06-28,142.1300048828125,143.4199981689453,137.32000732421875,137.44000244140625,134.61923217773438,67083400,0.0,0.0
2022-06-29,137.4600067138672,140.6699981689453,136.6699981689453,139.22999572753906,136.37246704101562,66242400,0.0,0.0
2022-06-30,137.25,138.3699951171875,133.77000427246094,136.72000122070312,133.9139862060547,98964500,0.0,0.0
2022-07-01,136.0399932861328,139.0399932861328,135.66000366210938,138.92999267578125,136.07861328125,71051600,0.0,0.0
2022-07-05,137.77000427246094,141.61000061035156,136.92999267578125,141.55999755859375,138.65463256835938,73353800,0.0,0.0
2022-07-06,141.35000610351562,144.1199951171875,141.0800018310547,142.9199981689453,139.9866943359375,74064300,0.0,0.0
2022-07-07,143.2899932861328,146.5500030517578,143.27999877929688,146.35000610351562,143.34634399414062,66253700,0.0,0.0
2022-07-08,145.25999450683594,147.5500030517578,145.0,147.0399932861328,144.0221710205078,64547800,0.0,0.0
2022-07-11,145.6699981689453,146.63999938964844,143.77999877929688,144.8699951171875,141.89671325683594,63141600,0.0,0.0
2022-07-12,145.75999450683594,148.4499969482422,145.0500030517578,145.86000061035156,142.8663787841797,77588800,0.0,0.0
2022-07-13,142.99000549316406,146.4499969482422,142.1199951171875,145.49000549316406,142.5039825439453,71185600,0.0,0.0
2022-07-14,144.0800018310547,148.9499969482422,143.25,148.47000122070312,145.42282104492188,78140700,0.0,0.0
2022-07-15,149.77999877929688,150.86000061035156,148.1999969482422,150.1699981689453,147.0879364013672,76259900,0.0,0.0
2022-07-18,150.74000549316406,151.57000732421875,146.6999969482422,147.07000732421875,144.0515594482422,81420900,0.0,0.0
2022-07-19,147.9199981689453,151.22999572753906,146.91000366210938,151.0,147.90089416503906,82982400,0.0,0.0
2022-07-20,151.1199951171875,153.72000122070312,150.3699951171875,153.0399932861328,149.8990478515625,64823400,0.0,0.0
2022-07-21,154.5,155.57000732421875,151.94000244140625,155.35000610351562,152.16163635253906,65086600,0.0,0.0
2022-07-22,155.38999938964844,156.27999877929688,153.41000366210938,154.08999633789062,150.92747497558594,66675400,0.0,0.0
2022-07-25,154.00999450683594,155.0399932861328,152.27999877929688,152.9499969482422,149.8108673095703,53623900,0.0,0.0
2022-07-26,152.25999450683594,153.08999633789062,150.8000030517578,151.60000610351562,148.48858642578125,55138700,0.0,0.0
2022-07-27,152.5800018310547,157.3300018310547,152.16000366210938,156.7899932861328,153.57205200195312,78620700,0.0,0.0
2022-07-28,156.97999572753906,157.63999938964844,154.41000366210938,157.35000610351562,154.12060546875,81378700,0.0,0.0
2022-07-29,161.24000549316406,163.6300048828125,159.5,162.50999450683594,159.17466735839844,101786900,0.0,0.0
2022-08-01,161.00999450683594,163.58999633789062,160.88999938964844,161.50999450683594,158.19520568847656,67829400,0.0,0.0
2022-08-02,160.10000610351562,162.41000366210938,159.6300048828125,160.00999450683594,156.72593688964844,59907000,0.0,0.0
2022-08-03,160.83999633789062,166.58999633789062,160.75,166.1300048828125,162.7203826904297,82507500,0.0,0.0
2022-08-04,166.00999450683594,167.19000244140625,164.42999267578125,165.80999755859375,162.40692138671875,55474100,0.0,0.0
2022-08-05,163.2100067138672,165.85000610351562,163.0,165.35000610351562,162.1813507080078,56697000,0.23,0.0
2022-08-08,166.3699951171875,167.80999755859375,164.1999969482422,164.8699951171875,161.71051025390625,60276900,0.0,0.0
2022-08-09,164.02000427246094,165.82000732421875,163.25,164.9199981689453,161.7595672607422,63135500,0.0,0.0
2022-08-10,167.67999267578125,169.33999633789062,166.89999389648438,169.24000549316406,165.99679565429688,70170500,0.0,0.0
2022-08-11,170.05999755859375,170.99000549316406,168.19000244140625,168.49000549316406,165.2611846923828,57149200,0.0,0.0
2022-08-12,169.82000732421875,172.1699981689453,169.39999389648438,172.10000610351562,168.80201721191406,68039400,0.0,0.0
2022-08-15,171.52000427246094,173.38999938964844,171.35000610351562,173.19000244140625,169.87110900878906,54091700,0.0,0.0
2022-08-16,172.77999877929688,173.7100067138672,171.66000366210938,173.02999877929688,169.71417236328125,56377100,0.0,0.0
2022-08-17,172.77000427246094,176.14999389648438,172.57000732421875,174.5500030517578,171.20504760742188,79542000,0.0,0.0
2022-08-18,173.75,174.89999389648438,173.1199951171875,174.14999389648438,170.8126983642578,62290100,0.0,0.0
2022-08-19,173.02999877929688,173.74000549316406,171.30999755859375,171.52000427246094,168.23309326171875,70346300,0.0,0.0
2022-08-22,169.69000244140625,169.86000061035156,167.13999938964844,167.57000732421875,164.3588104248047,69026800,0.0,0.0
2022-08-23,167.0800018310547,168.7100067138672,166.64999389648438,167.22999572753906,164.02529907226562,54147100,0.0,0.0
2022-08-24,167.32000732421875,168.11000061035156,166.25,167.52999877929688,164.319580078125,53841500,0.0,0.0
2022-08-25,168.77999877929688,170.13999938964844,168.35000610351562,170.02999877929688,166.77163696289062,51218200,0.0,0.0
2022-08-26,170.57000732421875,171.0500030517578,163.55999755859375,163.6199951171875,160.48448181152344,78961000,0.0,0.0
2022-08-29,161.14999389648438,162.89999389648438,159.82000732421875,161.3800048828125,158.28741455078125,73314000,0.0,0.0
2022-08-30,162.1300048828125,162.55999755859375,157.72000122070312,158.91000366210938,155.86473083496094,77906200,0.0,0.0
2022-08-31,160.30999755859375,160.5800018310547,157.13999938964844,157.22000122070312,154.20716857910156,87991100,0.0,0.0
2022-09-01,156.63999938964844,158.4199981689453,154.6699981689453,157.9600067138672,154.93295288085938,74229900,0.0,0.0
2022-09-02,159.75,160.36000061035156,154.97000122070312,155.80999755859375,152.82420349121094,76957800,0.0,0.0
2022-09-06,156.47000122070312,157.08999633789062,153.69000244140625,154.52999877929688,151.56866455078125,73714800,0.0,0.0
2022-09-07,154.82000732421875,156.6699981689453,153.61000061035156,155.9600067138672,152.97132873535156,87449600,0.0,0.0
2022-09-08,154.63999938964844,156.36000061035156,152.67999267578125,154.4600067138672,151.50001525878906,84923800,0.0,0.0
2022-09-09,155.47000122070312,157.82000732421875,154.75,157.3699951171875,154.354248046875,68028800,0.0,0.0
2022-09-12,159.58999633789062,164.25999450683594,159.3000030517578,163.42999267578125,160.29815673828125,104956000,0.0,0.0
2022-09-13,159.89999389648438,160.5399932861328,153.3699951171875,153.83999633789062,150.8919219970703,122656600,0.0,0.0
2022-09-14,154.7899932861328,157.10000610351562,153.61000061035156,155.30999755859375,152.333740234375,87965400,0.0,0.0
2022-09-15,154.64999389648438,155.24000549316406,151.3800048828125,152.3699951171875,149.45008850097656,90481100,0.0,0.0
2022-09-16,151.2100067138672,151.35000610351562,148.3699951171875,150.6999969482422,147.8120880126953,162278800,0.0,0.0
2022-09-19,149.30999755859375,154.55999755859375,149.10000610351562,154.47999572753906,151.51963806152344,81474200,0.0,0.0
2022-09-20,153.39999389648438,158.0800018310547,153.0800018310547,156.89999389648438,153.8932647705078,107689800,0.0,0.0
2022-09-21,157.33999633789062,158.74000549316406,153.60000610351562,153.72000122070312,150.77420043945312,101696800,0.0,0.0
2022-09-22,152.3800048828125,154.47000122070312,150.91000366210938,152.74000549316406,149.81300354003906,86652500,0.0,0.0
2022-09-23,151.19000244140625,151.47000122070312,148.55999755859375,150.42999267578125,147.54727172851562,96029900,0.0,0.0
2022-09-26,149.66000366210938,153.77000427246094,149.63999938964844,150.77000427246094,147.88076782226562,93339400,0.0,0.0
2022-09-27,152.74000549316406,154.72000122070312,149.9499969482422,151.75999450683594,148.8517608642578,84442700,0.0,0.0
2022-09-28,147.63999938964844,150.63999938964844,144.83999633789062,149.83999633789062,146.9685821533203,146691400,0.0,0.0
2022-09-29,146.10000610351562,146.72000122070312,140.67999267578125,142.47999572753906,139.74960327148438,128138200,0.0,0.0
2022-09-30,141.27999877929688,143.10000610351562,138.0,138.1999969482422,135.5516357421875,124925300,0.0,0.0
2022-10-03,138.2100067138672,143.07000732421875,137.69000244140625,142.4499969482422,139.72018432617188,114311700,0.0,0.0
2022-10-04,145.02999877929688,146.22000122070312,144.25999450683594,146.10000610351562,143.3002471923828,87830100,0.0,0.0
2022-10-05,144.07000732421875,147.3800048828125,143.00999450683594,146.39999389648438,143.594482421875,79471000,0.0,0.0
2022-10-06,145.80999755859375,147.5399932861328,145.22000122070312,145.42999267578125,142.64308166503906,68402200,0.0,0.0
2022-10-07,142.5399932861328,143.10000610351562,139.4499969482422,140.08999633789062,137.40541076660156,85925600,0.0,0.0
2022-10-10,140.4199981689453,141.88999938964844,138.57000732421875,140.4199981689453,137.72909545898438,74899000,0.0,0.0
2022-10-11,139.89999389648438,141.35000610351562,138.22000122070312,138.97999572753906,136.31668090820312,77033700,0.0,0.0
2022-10-12,139.1300048828125,140.36000061035156,138.16000366210938,138.33999633789062,135.68893432617188,70433700,0.0,0.0
2022-10-13,134.99000549316406,143.58999633789062,134.3699951171875,142.99000549316406,140.2498321533203,113224000,0.0,0.0
2022-10-14,144.30999755859375,144.52000427246094,138.19000244140625,138.3800048828125,135.72817993164062,88598000,0.0,0.0
2022-10-17,141.07000732421875,142.89999389648438,140.27000427246094,142.41000366210938,139.68096923828125,85250900,0.0,0.0
2022-10-18,145.49000549316406,146.6999969482422,140.61000061035156,143.75,140.99526977539062,99136600,0.0,0.0
2022-10-19,141.69000244140625,144.9499969482422,141.5,143.86000061035156,141.10316467285156,61758300,0.0,0.0
2022-10-20,143.02000427246094,145.88999938964844,142.64999389648438,143.38999938964844,140.64218139648438,64522000,0.0,0.0
2022-10-21,142.8699951171875,147.85000610351562,142.64999389648438,147.27000427246094,144.44784545898438,86548600,0.0,0.0
2022-10-24,147.19000244140625,150.22999572753906,146.0,149.4499969482422,146.5860595703125,75981900,0.0,0.0
2022-10-25,150.08999633789062,152.49000549316406,149.36000061035156,152.33999633789062,149.42068481445312,74732300,0.0,0.0
2022-10-26,150.9600067138672,151.99000549316406,148.0399932861328,149.35000610351562,146.4879608154297,88194300,0.0,0.0
2022-10-27,148.07000732421875,149.0500030517578,144.1300048828125,144.8000030517578,142.02516174316406,109180200,0.0,0.0
2022-10-28,148.1999969482422,157.5,147.82000732421875,155.74000549316406,152.7555389404297,164762400,0.0,0.0
2022-10-31,153.16000366210938,154.24000549316406,151.9199981689453,153.33999633789062,150.40145874023438,97943200,0.0,0.0
2022-11-01,155.0800018310547,155.4499969482422,149.1300048828125,150.64999389648438,147.76303100585938,80379300,0.0,0.0
2022-11-02,148.9499969482422,152.1699981689453,145.0,145.02999877929688,142.25074768066406,93604600,0.0,0.0
2022-11-03,142.05999755859375,142.8000030517578,138.75,138.8800048828125,136.21861267089844,97918500,0.0,0.0
2022-11-04,142.08999633789062,142.6699981689453,134.3800048828125,138.3800048828125,135.9533233642578,140814800,0.23,0.0
2022-11-07,137.11000061035156,139.14999389648438,135.6699981689453,138.9199981689453,136.48387145996094,83374600,0.0,0.0
2022-11-08,140.41000366210938,141.42999267578125,137.49000549316406,139.5,137.0537109375,89908500,0.0,0.0
2022-11-09,138.5,138.5500030517578,134.58999633789062,134.8699951171875,132.50486755371094,74917800,0.0,0.0
2022-11-10,141.24000549316406,146.8699951171875,139.5,146.8699951171875,144.29446411132812,118854000,0.0,0.0
2022-11-11,145.82000732421875,150.00999450683594,144.3699951171875,149.6999969482422,147.07484436035156,93979700,0.0,0.0
2022-11-14,148.97000122070312,150.27999877929688,147.42999267578125,148.27999877929688,145.6797332763672,73374100,0.0,0.0
2022-11-15,152.22000122070312,153.58999633789062,148.55999755859375,150.0399932861328,147.4088592529297,89868300,0.0,0.0
2022-11-16,149.1300048828125,149.8699951171875,147.2899932861328,148.7899932861328,146.1807861328125,64218300,0.0,0.0
2022-11-17,146.42999267578125,151.47999572753906,146.14999389648438,150.72000122070312,148.07693481445312,80389400,0.0,0.0
2022-11-18,152.30999755859375,152.6999969482422,149.97000122070312,151.2899932861328,148.63693237304688,74829600,0.0,0.0
2022-11-21,150.16000366210938,150.3699951171875,147.72000122070312,148.00999450683594,145.41444396972656,58724100,0.0,0.0
2022-11-22,148.1300048828125,150.4199981689453,146.92999267578125,150.17999267578125,147.54641723632812,51804100,0.0,0.0
2022-11-23,149.4499969482422,151.8300018310547,149.33999633789062,151.07000732421875,148.42080688476562,58301400,0.0,0.0
2022-11-25,148.30999755859375,148.8800048828125,147.1199951171875,148.11000061035156,145.51272583007812,35195900,0.0,0.0
2022-11-28,145.13999938964844,146.63999938964844,143.3800048828125,144.22000122070312,141.69091796875,69246000,0.0,0.0
2022-11-29,144.2899932861328,144.80999755859375,140.35000610351562,141.1699981689453,138.6944122314453,83763800,0.0,0.0
2022-11-30,141.39999389648438,148.72000122070312,140.5500030517578,148.02999877929688,145.4341278076172,111380900,0.0,0.0
2022-12-01,148.2100067138672,149.1300048828125,146.61000061035156,148.30999755859375,145.70921325683594,71250400,0.0,0.0
2022-12-02,145.9600067138672,148.0,145.64999389648438,147.80999755859375,145.21795654296875,65447400,0.0,0.0
2022-12-05,147.77000427246094,150.9199981689453,145.77000427246094,146.6300048828125,144.0586395263672,68826400,0.0,0.0
2022-12-06,147.07000732421875,147.3000030517578,141.9199981689453,142.91000366210938,140.40386962890625,64727200,0.0,0.0
2022-12-07,142.19000244140625,143.3699951171875,140.0,140.94000244140625,138.4684600830078,69721100,0.0,0.0
2022-12-08,142.36000061035156,143.52000427246094,141.10000610351562,142.64999389648438,140.14846801757812,62128300,0.0,0.0
2022-12-09,142.33999633789062,145.57000732421875,140.89999389648438,142.16000366210938,139.66705322265625,76097000,0.0,0.0
2022-12-12,142.6999969482422,144.5,141.05999755859375,144.49000549316406,141.9561767578125,70462700,0.0,0.0
2022-12-13,149.5,149.97000122070312,144.24000549316406,145.47000122070312,142.9190216064453,93886200,0.0,0.0
2022-12-14,145.35000610351562,146.66000366210938,141.16000366210938,143.2100067138672,140.6986541748047,82291200,0.0,0.0
2022-12-15,141.11000061035156,141.8000030517578,136.02999877929688,136.5,134.10629272460938,98931900,0.0,0.0
2022-12-16,136.69000244140625,137.64999389648438,133.72999572753906,134.50999450683594,132.15122985839844,160156900,0.0,0.0
2022-12-19,135.11000061035156,135.1999969482422,131.32000732421875,132.3699951171875,130.0487060546875,79592600,0.0,0.0
2022-12-20,131.38999938964844,133.25,129.88999938964844,132.3000030517578,129.97994995117188,77432800,0.0,0.0
2022-12-21,132.97999572753906,136.80999755859375,132.75,135.4499969482422,133.07472229003906,85928000,0.0,0.0
2022-12-22,134.35000610351562,134.55999755859375,130.3000030517578,132.22999572753906,129.9111785888672,77852100,0.0,0.0
2022-12-23,130.9199981689453,132.4199981689453,129.63999938964844,131.86000061035156,129.54766845703125,63814900,0.0,0.0
2022-12-27,131.3800048828125,131.41000366210938,128.72000122070312,130.02999877929688,127.74974822998047,69007800,0.0,0.0
2022-12-28,129.6699981689453,131.02999877929688,125.87000274658203,126.04000091552734,123.82971954345703,85438400,0.0,0.0
2022-12-29,127.98999786376953,130.47999572753906,127.7300033569336,129.61000061035156,127.33712005615234,75703700,0.0,0.0
2022-12-30,128.41000366210938,129.9499969482422,127.43000030517578,129.92999267578125,127.6515121459961,77034200,0.0,0.0
2023-01-03,130.27999877929688,130.89999389648438,124.16999816894531,125.06999969482422,122.8767318725586,112117500,0.0,0.0
2023-01-04,126.88999938964844,128.66000366210938,125.08000183105469,126.36000061035156,124.14411926269531,89113600,0.0,0.0
2023-01-05,127.12999725341797,127.7699966430664,124.76000213623047,125.0199966430664,122.8276138305664,80962700,0.0,0.0
2023-01-06,126.01000213623047,130.2899932861328,124.88999938964844,129.6199951171875,127.34695434570312,87754700,0.0,0.0
2023-01-09,130.47000122070312,133.41000366210938,129.88999938964844,130.14999389648438,127.86764526367188,70790800,0.0,0.0
2023-01-10,130.25999450683594,131.25999450683594,128.1199951171875,130.72999572753906,128.4375,63896200,0.0,0.0
2023-01-11,131.25,133.50999450683594,130.4600067138672,133.49000549316406,131.14906311035156,69458900,0.0,0.0
2023-01-12,133.8800048828125,134.25999450683594,131.44000244140625,133.41000366210938,131.0704803466797,71379600,0.0,0.0
2023-01-13,132.02999877929688,134.9199981689453,131.66000366210938,134.75999450683594,132.3968048095703,57809700,0.0,0.0
2023-01-17,134.8300018310547,137.2899932861328,134.1300048828125,135.94000244140625,133.5561065673828,63646600,0.0,0.0
2023-01-18,136.82000732421875,138.61000061035156,135.02999877929688,135.2100067138672,132.8389129638672,69672800,0.0,0.0
2023-01-19,134.0800018310547,136.25,133.77000427246094,135.27000427246094,132.8979034423828,58280400,0.0,0.0
2023-01-20,135.27999877929688,138.02000427246094,134.22000122070312,137.8699951171875,135.4522705078125,80223600,0.0,0.0
2023-01-23,138.1199951171875,143.32000732421875,137.89999389648438,141.11000061035156,138.6354522705078,81760300,0.0,0.0
2023-01-24,140.30999755859375,143.16000366210938,140.3000030517578,142.52999877929688,140.0305633544922,66435100,0.0,0.0
2023-01-25,140.88999938964844,142.42999267578125,138.80999755859375,141.86000061035156,139.372314453125,65799300,0.0,0.0
2023-01-26,143.1699981689453,144.25,141.89999389648438,143.9600067138672,141.4355010986328,54105100,0.0,0.0
2023-01-27,143.16000366210938,147.22999572753906,143.0800018310547,145.92999267578125,143.37094116210938,70555800,0.0,0.0
2023-01-30,144.9600067138672,145.5500030517578,142.85000610351562,143.0,140.49232482910156,64015300,0.0,0.0
2023-01-31,142.6999969482422,144.33999633789062,142.27999877929688,144.2899932861328,141.75967407226562,65874500,0.0,0.0
2023-02-01,143.97000122070312,146.61000061035156,141.32000732421875,145.42999267578125,142.87969970703125,77663600,0.0,0.0
2023-02-02,148.89999389648438,151.17999267578125,148.1699981689453,150.82000732421875,148.1751708984375,118339000,0.0,0.0
2023-02-03,148.02999877929688,157.3800048828125,147.8300018310547,154.5,151.79063415527344,154357300,0.0,0.0
2023-02-06,152.57000732421875,153.10000610351562,150.77999877929688,151.72999572753906,149.06919860839844,69858300,0.0,0.0
2023-02-07,150.63999938964844,155.22999572753906,150.63999938964844,154.64999389648438,151.93798828125,83322600,0.0,0.0
2023-02-08,153.8800048828125,154.5800018310547,151.1699981689453,151.9199981689453,149.25588989257812,64120100,0.0,0.0
2023-02-09,153.77999877929688,154.3300018310547,150.4199981689453,150.8699951171875,148.2242889404297,56007100,0.0,0.0
2023-02-10,149.4600067138672,151.33999633789062,149.22000122070312,151.00999450683594,148.58839416503906,57450700,0.23,0.0
2023-02-13,150.9499969482422,154.25999450683594,150.9199981689453,153.85000610351562,151.38284301757812,62199000,0.0,0.0
2023-02-14,152.1199951171875,153.77000427246094,150.86000061035156,153.1999969482422,150.74327087402344,61707600,0.0,0.0
2023-02-15,153.11000061035156,155.5,152.8800048828125,155.3300018310547,152.839111328125,65573800,0.0,0.0
2023-02-16,153.50999450683594,156.3300018310547,153.35000610351562,153.7100067138672,151.24508666992188,68167900,0.0,0.0
2023-02-17,152.35000610351562,153.0,150.85000610351562,152.5500030517578,150.1036834716797,59144100,0.0,0.0
2023-02-21,150.1999969482422,151.3000030517578,148.41000366210938,148.47999572753906,146.09893798828125,58867200,0.0,0.0
2023-02-22,148.8699951171875,149.9499969482422,147.16000366210938,148.91000366210938,146.5220489501953,51011300,0.0,0.0
2023-02-23,150.08999633789062,150.33999633789062,147.24000549316406,149.39999389648438,147.00421142578125,48394200,0.0,0.0
2023-02-24,147.11000061035156,147.19000244140625,145.72000122070312,146.7100067138672,144.3572998046875,55469600,0.0,0.0
2023-02-27,147.7100067138672,149.1699981689453,147.4499969482422,147.9199981689453,145.54794311523438,44998500,0.0,0.0
2023-02-28,147.0500030517578,149.0800018310547,146.8300018310547,147.41000366210938,145.0460968017578,50547000,0.0,0.0
2023-03-01,146.8300018310547,147.22999572753906,145.00999450683594,145.30999755859375,142.97979736328125,55479000,0.0,0.0
2023-03-02,144.3800048828125,146.7100067138672,143.89999389648438,145.91000366210938,143.5701446533203,52238100,0.0,0.0
2023-03-03,148.0399932861328,151.11000061035156,147.3300018310547,151.02999877929688,148.60804748535156,70732300,0.0,0.0
2023-03-06,153.7899932861328,156.3000030517578,153.4600067138672,153.8300018310547,151.36317443847656,87558000,0.0,0.0
2023-03-07,153.6999969482422,154.02999877929688,151.1300048828125,151.60000610351562,149.1689453125,56182000,0.0,0.0
2023-03-08,152.80999755859375,153.47000122070312,151.8300018310547,152.8699951171875,150.41856384277344,47204800,0.0,0.0
2023-03-09,153.55999755859375,154.5399932861328,150.22999572753906,150.58999633789062,148.1750946044922,53833600,0.0,0.0
2023-03-10,150.2100067138672,150.94000244140625,147.61000061035156,148.5,146.11862182617188,68572400,0.0,0.0
2023-03-13,147.80999755859375,153.13999938964844,147.6999969482422,150.47000122070312,148.05702209472656,84457100,0.0,0.0
2023-03-14,151.27999877929688,153.39999389648438,150.10000610351562,152.58999633789062,150.14303588867188,73695900,0.0,0.0
2023-03-15,151.19000244140625,153.25,149.9199981689453,152.99000549316406,150.53662109375,77167900,0.0,0.0
2023-03-16,152.16000366210938,156.4600067138672,151.63999938964844,155.85000610351562,153.35076904296875,76161100,0.0,0.0
2023-03-17,156.0800018310547,156.74000549316406,154.27999877929688,155.0,152.51437377929688,98944600,0.0,0.0
2023-03-20,155.07000732421875,157.82000732421875,154.14999389648438,157.39999389648438,154.87591552734375,73641400,0.0,0.0
2023-03-21,157.32000732421875,159.39999389648438,156.5399932861328,159.27999877929688,156.7257537841797,73938300,0.0,0.0
2023-03-22,159.3000030517578,162.13999938964844,157.80999755859375,157.8300018310547,155.2990264892578,75701800,0.0,0.0
2023-03-23,158.8300018310547,161.5500030517578,157.67999267578125,158.92999267578125,156.38134765625,67622100,0.0,0.0
2023-03-24,158.86000061035156,160.33999633789062,157.85000610351562,160.25,157.68020629882812,59196500,0.0,0.0
2023-03-27,159.94000244140625,160.77000427246094,157.8699951171875,158.27999877929688,155.7417755126953,52390300,0.0,0.0
2023-03-28,157.97000122070312,158.49000549316406,155.97999572753906,157.64999389648438,155.12188720703125,45992200,0.0,0.0
2023-03-29,159.3699951171875,161.0500030517578,159.35000610351562,160.77000427246094,158.19186401367188,51305700,0.0,0.0
2023-03-30,161.52999877929688,162.47000122070312,161.27000427246094,162.36000061035156,159.75636291503906,49501700,0.0,0.0
2023-03-31,162.44000244140625,165.0,161.91000366210938,164.89999389648438,162.25564575195312,68749800,0.0,0.0
2023-04-03,164.27000427246094,166.2899932861328,164.22000122070312,166.1699981689453,163.50527954101562,56976200,0.0,0.0
2023-04-04,166.60000610351562,166.83999633789062,165.11000061035156,165.6300048828125,162.9739227294922,46278300,0.0,0.0
2023-04-05,164.74000549316406,165.0500030517578,161.8000030517578,163.75999450683594,161.1339111328125,51511700,0.0,0.0
2023-04-06,162.42999267578125,164.9600067138672,162.0,164.66000366210938,162.0194854736328,45390100,0.0,0.0
2023-04-10,161.4199981689453,162.02999877929688,160.0800018310547,162.02999877929688,159.43165588378906,47716900,0.0,0.0
2023-04-11,162.35000610351562,162.36000061035156,160.50999450683594,160.8000030517578,158.2213897705078,47644200,0.0,0.0
2023-04-12,161.22000122070312,162.05999755859375,159.77999877929688,160.10000610351562,157.53260803222656,50133100,0.0,0.0
2023-04-13,161.6300048828125,165.8000030517578,161.4199981689453,165.55999755859375,162.90504455566406,68445600,0.0,0.0
2023-04-14,164.58999633789062,166.32000732421875,163.82000732421875,165.2100067138672,162.5606689453125,49386500,0.0,0.0
2023-04-17,165.08999633789062,165.38999938964844,164.02999877929688,165.22999572753906,162.580322265625,41516200,0.0,0.0
2023-04-18,166.10000610351562,167.41000366210938,165.64999389648438,166.47000122070312,163.80047607421875,49923000,0.0,0.0
2023-04-19,165.8000030517578,168.16000366210938,165.5399932861328,167.6300048828125,164.9418487548828,47720200,0.0,0.0
2023-04-20,166.08999633789062,167.8699951171875,165.55999755859375,166.64999389648438,163.97760009765625,52456400,0.0,0.0
2023-04-21,165.0500030517578,166.4499969482422,164.49000549316406,165.02000427246094,162.37371826171875,58337300,0.0,0.0
2023-04-24,165.0,165.60000610351562,163.88999938964844,165.3300018310547,162.67874145507812,41949600,0.0,0.0
2023-04-25,165.19000244140625,166.30999755859375,163.72999572753906,163.77000427246094,161.14376831054688,48714100,0.0,0.0
2023-04-26,163.05999755859375,165.27999877929688,162.8000030517578,163.75999450683594,161.1339111328125,45498800,0.0,0.0
2023-04-27,165.19000244140625,168.55999755859375,165.19000244140625,168.41000366210938,165.70938110351562,64902300,0.0,0.0
2023-04-28,168.49000549316406,169.85000610351562,167.8800048828125,169.67999267578125,166.95895385742188,55275900,0.0,0.0
2023-05-01,169.27999877929688,170.4499969482422,168.63999938964844,169.58999633789062,166.87042236328125,52472900,0.0,0.0
2023-05-02,170.08999633789062,170.35000610351562,167.5399932861328,168.5399932861328,165.83726501464844,48425700,0.0,0.0
2023-05-03,169.5,170.9199981689453,167.16000366210938,167.4499969482422,164.7647705078125,65136000,0.0,0.0
2023-05-04,164.88999938964844,167.0399932861328,164.30999755859375,165.7899932861328,163.13134765625,81235400,0.0,0.0
2023-05-05,170.97999572753906,174.3000030517578,170.75999450683594,173.57000732421875,170.78662109375,113453200,0.0,0.0
2023-05-08,172.47999572753906,173.85000610351562,172.11000061035156,173.5,170.71771240234375,55962800,0.0,0.0
2023-05-09,173.0500030517578,173.5399932861328,171.60000610351562,171.77000427246094,169.01548767089844,45326900,0.0,0.0
2023-05-10,173.02000427246094,174.02999877929688,171.89999389648438,173.55999755859375,170.77679443359375,53724500,0.0,0.0
2023-05-11,173.85000610351562,174.58999633789062,172.1699981689453,173.75,170.96372985839844,49514700,0.0,0.0
2023-05-12,173.6199951171875,174.05999755859375,171.0,172.57000732421875,170.03750610351562,45533100,0.24,0.0
2023-05-15,173.16000366210938,173.2100067138672,171.47000122070312,172.07000732421875,169.54483032226562,37266700,0.0,0.0
2023-05-16,171.99000549316406,173.13999938964844,171.8000030517578,172.07000732421875,169.54483032226562,42110300,0.0,0.0
2023-05-17,171.7100067138672,172.92999267578125,170.4199981689453,172.69000244140625,170.15576171875,57951600,0.0,0.0
2023-05-18,173.0,175.24000549316406,172.5800018310547,175.0500030517578,172.4811248779297,65496700,0.0,0.0
2023-05-19,176.38999938964844,176.38999938964844,174.94000244140625,175.16000366210938,172.5894775390625,55809500,0.0,0.0
2023-05-22,173.97999572753906,174.7100067138672,173.4499969482422,174.1999969482422,171.6436004638672,43570900,0.0,0.0
2023-05-23,173.1300048828125,173.3800048828125,171.27999877929688,171.55999755859375,169.0423126220703,50747300,0.0,0.0
2023-05-24,171.08999633789062,172.4199981689453,170.52000427246094,171.83999633789062,169.3182373046875,45143500,0.0,0.0
2023-05-25,172.41000366210938,173.89999389648438,171.69000244140625,172.99000549316406,170.4513702392578,56058300,0.0,0.0
2023-05-26,173.32000732421875,175.77000427246094,173.11000061035156,175.42999267578125,172.85552978515625,54835000,0.0,0.0
2023-05-30,176.9600067138672,178.99000549316406,176.57000732421875,177.3000030517578,174.69810485839844,55964400,0.0,0.0
2023-05-31,177.3300018310547,179.35000610351562,176.75999450683594,177.25,174.6488037109375,99625300,0.0,0.0
2023-06-01,177.6999969482422,180.1199951171875,176.92999267578125,180.08999633789062,177.44712829589844,68901800,0.0,0.0
2023-06-02,181.02999877929688,181.77999877929688,179.25999450683594,180.9499969482422,178.29452514648438,61996900,0.0,0.0
2023-06-05,182.6300048828125,184.9499969482422,178.0399932861328,179.5800018310547,176.94461059570312,121946500,0.0,0.0
2023-06-06,179.97000122070312,180.1199951171875,177.42999267578125,179.2100067138672,176.580078125,64848400,0.0,0.0
2023-06-07,178.44000244140625,181.2100067138672,177.32000732421875,177.82000732421875,175.21046447753906,61944600,0.0,0.0
2023-06-08,177.89999389648438,180.83999633789062,177.4600067138672,180.57000732421875,177.92010498046875,50214900,0.0,0.0
2023-06-09,181.5,182.22999572753906,180.6300048828125,180.9600067138672,178.3043670654297,48900000,0.0,0.0
2023-06-12,181.27000427246094,183.88999938964844,180.97000122070312,183.7899932861328,181.09283447265625,54274900,0.0,0.0
2023-06-13,182.8000030517578,184.14999389648438,182.44000244140625,183.30999755859375,180.61988830566406,54929100,0.0,0.0
2023-06-14,183.3699951171875,184.38999938964844,182.02000427246094,183.9499969482422,181.25048828125,57462900,0.0,0.0
2023-06-15,183.9600067138672,186.52000427246094,183.77999877929688,186.00999450683594,183.2802734375,65433200,0.0,0.0
2023-06-16,186.72999572753906,186.99000549316406,184.27000427246094,184.9199981689453,182.20626831054688,101256200,0.0,0.0
2023-06-20,184.41000366210938,186.10000610351562,184.41000366210938,185.00999450683594,182.29493713378906,49799100,0.0,0.0
2023-06-21,184.89999389648438,185.41000366210938,182.58999633789062,183.9600067138672,181.26039123535156,49515700,0.0,0.0
2023-06-22,183.74000549316406,187.0500030517578,183.6699981689453,187.0,184.25572204589844,51245300,0.0,0.0
2023-06-23,185.5500030517578,187.55999755859375,185.00999450683594,186.67999267578125,183.94041442871094,53117000,0.0,0.0
2023-06-26,186.8300018310547,188.0500030517578,185.22999572753906,185.27000427246094,182.5511474609375,48088700,0.0,0.0
2023-06-27,185.88999938964844,188.38999938964844,185.6699981689453,188.05999755859375,185.30018615722656,50730800,0.0,0.0
2023-06-28,187.92999267578125,189.89999389648438,187.60000610351562,189.25,186.47268676757812,51216800,0.0,0.0
2023-06-29,189.0800018310547,190.07000732421875,188.94000244140625,189.58999633789062,186.80772399902344,46347300,0.0,0.0
2023-06-30,191.6300048828125,194.47999572753906,191.25999450683594,193.97000122070312,191.12342834472656,85213200,0.0,0.0
2023-07-03,193.77999877929688,193.8800048828125,191.75999450683594,192.4600067138672,189.63563537597656,31458200,0.0,0.0
2023-07-05,191.57000732421875,192.97999572753906,190.6199951171875,191.3300018310547,188.522216796875,46920300,0.0,0.0
2023-07-06,189.83999633789062,192.02000427246094,189.1999969482422,191.80999755859375,188.99514770507812,45094300,0.0,0.0
2023-07-07,191.41000366210938,192.6699981689453,190.24000549316406,190.67999267578125,187.8817138671875,46815000,0.0,0.0
2023-07-10,189.25999450683594,189.99000549316406,187.0399932861328,188.61000061035156,185.8421173095703,59922200,0.0,0.0
2023-07-11,189.16000366210938,189.3000030517578,186.60000610351562,188.0800018310547,185.31991577148438,46638100,0.0,0.0
2023-07-12,189.67999267578125,191.6999969482422,188.47000122070312,189.77000427246094,186.98513793945312,60750200,0.0,0.0
2023-07-13,190.5,191.19000244140625,189.77999877929688,190.5399932861328,187.7437744140625,41342300,0.0,0.0
2023-07-14,190.22999572753906,191.17999267578125,189.6300048828125,190.69000244140625,187.8916015625,41616200,0.0,0.0
2023-07-17,191.89999389648438,194.32000732421875,191.80999755859375,193.99000549316406,191.1431884765625,50520200,0.0,0.0
2023-07-18,193.35000610351562,194.3300018310547,192.4199981689453,193.72999572753906,190.88694763183594,48288200,0.0,0.0
2023-07-19,193.10000610351562,198.22999572753906,192.64999389648438,195.10000610351562,192.23687744140625,80507300,0.0,0.0
2023-07-20,195.08999633789062,196.47000122070312,192.5,193.1300048828125,190.29579162597656,59581200,0.0,0.0
2023-07-21,194.10000610351562,194.97000122070312,191.22999572753906,191.94000244140625,189.12326049804688,71951700,0.0,0.0
2023-07-24,193.41000366210938,194.91000366210938,192.25,192.75,189.92135620117188,45377800,0.0,0.0
2023-07-25,193.3300018310547,194.44000244140625,192.9199981689453,193.6199951171875,190.778564453125,37283200,0.0,0.0
2023-07-26,193.6699981689453,195.63999938964844,193.32000732421875,194.5,191.6456756591797,47471900,0.0,0.0
2023-07-27,196.02000427246094,197.1999969482422,192.5500030517578,193.22000122070312,190.3844757080078,47460200,0.0,0.0
2023-07-28,194.6699981689453,196.6300048828125,194.13999938964844,195.8300018310547,192.95619201660156,48291400,0.0,0.0
2023-07-31,196.05999755859375,196.49000549316406,195.25999450683594,196.4499969482422,193.56704711914062,38824100,0.0,0.0
2023-08-01,196.24000549316406,196.72999572753906,195.27999877929688,195.61000061035156,192.73939514160156,35175100,0.0,0.0
2023-08-02,195.0399932861328,195.17999267578125,191.85000610351562,192.5800018310547,189.7538604736328,50389300,0.0,0.0
2023-08-03,191.57000732421875,192.3699951171875,190.69000244140625,191.1699981689453,188.3645477294922,61235200,0.0,0.0
2023-08-04,185.52000427246094,187.3800048828125,181.9199981689453,181.99000549316406,179.31927490234375,115956800,0.0,0.0
2023-08-07,182.1300048828125,183.1300048828125,177.35000610351562,178.85000610351562,176.22535705566406,97576100,0.0,0.0
2023-08-08,179.69000244140625,180.27000427246094,177.5800018310547,179.8000030517578,177.16139221191406,67823000,0.0,0.0
2023-08-09,180.8699951171875,180.92999267578125,177.00999450683594,178.19000244140625,175.57504272460938,60378500,0.0,0.0
2023-08-10,179.47999572753906,180.75,177.60000610351562,177.97000122070312,175.35824584960938,54686900,0.0,0.0
2023-08-11,177.32000732421875,178.6199951171875,176.5500030517578,177.7899932861328,175.41746520996094,52036700,0.24,0.0
2023-08-14,177.97000122070312,179.69000244140625,177.30999755859375,179.4600067138672,177.065185546875,43675600,0.0,0.0
2023-08-15,178.8800048828125,179.47999572753906,177.0500030517578,177.4499969482422,175.0819854736328,43622600,0.0,0.0
2023-08-16,177.1300048828125,178.5399932861328,176.5,176.57000732421875,174.21376037597656,46964900,0.0,0.0
2023-08-17,177.13999938964844,177.50999450683594,173.47999572753906,174.0,171.6780242919922,66062900,0.0,0.0
2023-08-18,172.3000030517578,175.10000610351562,171.9600067138672,174.49000549316406,172.16148376464844,61172200,0.0,0.0
2023-08-21,175.07000732421875,176.1300048828125,173.74000549316406,175.83999633789062,173.4934844970703,46311900,0.0,0.0
2023-08-22,177.05999755859375,177.67999267578125,176.25,177.22999572753906,174.86492919921875,42038900,0.0,0.0
2023-08-23,178.52000427246094,181.5500030517578,178.3300018310547,181.1199951171875,178.70303344726562,52722800,0.0,0.0
2023-08-24,180.6699981689453,181.10000610351562,176.00999450683594,176.3800048828125,174.0262908935547,54945800,0.0,0.0
2023-08-25,177.3800048828125,179.14999389648438,175.82000732421875,178.61000061035156,176.22650146484375,51449600,0.0,0.0
2023-08-28,180.08999633789062,180.58999633789062,178.5500030517578,180.19000244140625,177.78543090820312,43820700,0.0,0.0
2023-08-29,179.6999969482422,184.89999389648438,179.5,184.1199951171875,181.6629638671875,53003900,0.0,0.0
2023-08-30,184.94000244140625,187.85000610351562,184.74000549316406,187.64999389648438,185.1458740234375,60813900,0.0,0.0
2023-08-31,187.83999633789062,189.1199951171875,187.47999572753906,187.8699951171875,185.36294555664062,60794500,0.0,0.0
2023-09-01,189.49000549316406,189.9199981689453,188.27999877929688,189.4600067138672,186.93173217773438,45766500,0.0,0.0
2023-09-05,188.27999877929688,189.97999572753906,187.61000061035156,189.6999969482422,187.16851806640625,45280000,0.0,0.0
2023-09-06,188.39999389648438,188.85000610351562,181.47000122070312,182.91000366210938,180.46913146972656,81755800,0.0,0.0
2023-09-07,175.17999267578125,178.2100067138672,173.5399932861328,177.55999755859375,175.1905059814453,112488800,0.0,0.0
2023-09-08,178.35000610351562,180.24000549316406,177.7899932861328,178.17999267578125,175.80224609375,65551300,0.0,0.0
2023-09-11,180.07000732421875,180.3000030517578,177.33999633789062,179.36000061035156,176.9665069580078,58953100,0.0,0.0
2023-09-12,179.49000549316406,180.1300048828125,174.82000732421875,176.3000030517578,173.9473419189453,90370200,0.0,0.0
2023-09-13,176.50999450683594,177.3000030517578,173.97999572753906,174.2100067138672,171.88523864746094,84267900,0.0,0.0
2023-09-14,174.0,176.10000610351562,173.5800018310547,175.74000549316406,173.3948211669922,60895800,0.0,0.0
2023-09-15,176.47999572753906,176.5,173.82000732421875,175.00999450683594,172.67454528808594,109259500,0.0,0.0
2023-09-18,176.47999572753906,179.3800048828125,176.1699981689453,177.97000122070312,175.5950469970703,67257600,0.0,0.0
2023-09-19,177.52000427246094,179.6300048828125,177.1300048828125,179.07000732421875,176.6803741455078,51826900,0.0,0.0
2023-09-20,179.25999450683594,179.6999969482422,175.39999389648438,175.49000549316406,173.14817810058594,58436200,0.0,0.0
2023-09-21,174.5500030517578,176.3000030517578,173.86000061035156,173.92999267578125,171.60897827148438,63149100,0.0,0.0
2023-09-22,174.6699981689453,177.0800018310547,174.0500030517578,174.7899932861328,172.45750427246094,56725400,0.0,0.0
2023-09-25,174.1999969482422,176.97000122070312,174.14999389648438,176.0800018310547,173.73028564453125,46172700,0.0,0.0
2023-09-26,174.82000732421875,175.1999969482422,171.66000366210938,171.9600067138672,169.665283203125,64588900,0.0,0.0
2023-09-27,172.6199951171875,173.0399932861328,169.0500030517578,170.42999267578125,168.1556854248047,66921800,0.0,0.0
2023-09-28,169.33999633789062,172.02999877929688,167.6199951171875,170.69000244140625,168.41220092773438,56294400,0.0,0.0
2023-09-29,172.02000427246094,173.07000732421875,170.33999633789062,171.2100067138672,168.92526245117188,51861100,0.0,0.0
2023-10-02,171.22000122070312,174.3000030517578,170.92999267578125,173.75,171.4313507080078,52164500,0.0,0.0
2023-10-03,172.25999450683594,173.6300048828125,170.82000732421875,172.39999389648438,170.099365234375,49594600,0.0,0.0
2023-10-04,171.08999633789062,174.2100067138672,170.97000122070312,173.66000366210938,171.34255981445312,53020300,0.0,0.0
2023-10-05,173.7899932861328,175.4499969482422,172.67999267578125,174.91000366210938,172.57589721679688,48527900,0.0,0.0
2023-10-06,173.8000030517578,177.99000549316406,173.17999267578125,177.49000549316406,175.12144470214844,57266700,0.0,0.0
2023-10-09,176.80999755859375,179.0500030517578,175.8000030517578,178.99000549316406,176.6014404296875,42390800,0.0,0.0
2023-10-10,178.10000610351562,179.72000122070312,177.9499969482422,178.38999938964844,176.0094757080078,43698000,0.0,0.0
2023-10-11,178.1999969482422,179.85000610351562,177.60000610351562,179.8000030517578,177.40060424804688,47551100,0.0,0.0
2023-10-12,180.07000732421875,182.33999633789062,179.0399932861328,180.7100067138672,178.29849243164062,56743100,0.0,0.0
2023-10-13,181.4199981689453,181.92999267578125,178.13999938964844,178.85000610351562,176.46331787109375,51427100,0.0,0.0
2023-10-16,176.75,179.0800018310547,176.50999450683594,178.72000122070312,176.3350372314453,52517000,0.0,0.0
2023-10-17,176.64999389648438,178.4199981689453,174.8000030517578,177.14999389648438,174.78598022460938,57549400,0.0,0.0
2023-10-18,175.5800018310547,177.5800018310547,175.11000061035156,175.83999633789062,173.4934844970703,54764400,0.0,0.0
2023-10-19,176.0399932861328,177.83999633789062,175.19000244140625,175.4600067138672,173.11856079101562,59302900,0.0,0.0
2023-10-20,175.30999755859375,175.4199981689453,172.63999938964844,172.8800048828125,170.572998046875,64244000,0.0,0.0
2023-10-23,170.91000366210938,174.00999450683594,169.92999267578125,173.0,170.6913604736328,55980100,0.0,0.0
2023-10-24,173.0500030517578,173.6699981689453,171.4499969482422,173.44000244140625,171.12550354003906,43816600,0.0,0.0
2023-10-25,171.8800048828125,173.05999755859375,170.64999389648438,171.10000610351562,168.8167266845703,57157000,0.0,0.0
2023-10-26,170.3699951171875,171.3800048828125,165.6699981689453,166.88999938964844,164.6629180908203,70625300,0.0,0.0
2023-10-27,166.91000366210938,168.9600067138672,166.8300018310547,168.22000122070312,165.97515869140625,58499100,0.0,0.0
2023-10-30,169.02000427246094,171.1699981689453,168.8699951171875,170.2899932861328,168.01754760742188,51131000,0.0,0.0
2023-10-31,169.35000610351562,170.89999389648438,167.89999389648438,170.77000427246094,168.4911651611328,44846000,0.0,0.0
2023-11-01,171.0,174.22999572753906,170.1199951171875,173.97000122070312,171.64846801757812,56934900,0.0,0.0
2023-11-02,175.52000427246094,177.77999877929688,175.4600067138672,177.57000732421875,175.20037841796875,77334800,0.0,0.0
2023-11-03,174.24000549316406,176.82000732421875,173.35000610351562,176.64999389648438,174.2926483154297,79829200,0.0,0.0
2023-11-06,176.3800048828125,179.42999267578125,176.2100067138672,179.22999572753906,176.83824157714844,63841300,0.0,0.0
2023-11-07,179.17999267578125,182.44000244140625,178.97000122070312,181.82000732421875,179.39369201660156,70530000,0.0,0.0
2023-11-08,182.35000610351562,183.4499969482422,181.58999633789062,182.88999938964844,180.44940185546875,49340300,0.0,0.0
2023-11-09,182.9600067138672,184.1199951171875,181.80999755859375,182.41000366210938,179.97581481933594,53763500,0.0,0.0
2023-11-10,183.97000122070312,186.57000732421875,183.52999877929688,186.39999389648438,184.15484619140625,66133400,0.24,0.0
2023-11-13,185.82000732421875,186.02999877929688,184.2100067138672,184.8000030517578,182.57412719726562,43627500,0.0,0.0
2023-11-14,187.6999969482422,188.11000061035156,186.3000030517578,187.44000244140625,185.18234252929688,60108400,0.0,0.0
2023-11-15,187.85000610351562,189.5,187.77999877929688,188.00999450683594,185.74545288085938,53790500,0.0,0.0
2023-11-16,189.57000732421875,190.9600067138672,188.64999389648438,189.7100067138672,187.42498779296875,54412900,0.0,0.0
2023-11-17,190.25,190.3800048828125,188.57000732421875,189.69000244140625,187.40524291992188,50922700,0.0,0.0
2023-11-20,189.88999938964844,191.91000366210938,189.8800048828125,191.4499969482422,189.14402770996094,46505100,0.0,0.0
2023-11-21,191.41000366210938,191.52000427246094,189.74000549316406,190.63999938964844,188.3437957763672,38134500,0.0,0.0
2023-11-22,191.49000549316406,192.92999267578125,190.8300018310547,191.30999755859375,189.00572204589844,39617700,0.0,0.0
2023-11-24,190.8699951171875,190.89999389648438,189.25,189.97000122070312,187.68190002441406,24048300,0.0,0.0
2023-11-27,189.9199981689453,190.6699981689453,188.89999389648438,189.7899932861328,187.5040283203125,40552600,0.0,0.0
2023-11-28,189.77999877929688,191.0800018310547,189.39999389648438,190.39999389648438,188.10667419433594,38415400,0.0,0.0
2023-11-29,190.89999389648438,192.08999633789062,188.97000122070312,189.3699951171875,187.08908081054688,43014200,0.0,0.0
2023-11-30,189.83999633789062,190.32000732421875,188.19000244140625,189.9499969482422,187.6620635986328,48794400,0.0,0.0
2023-12-01,190.3300018310547,191.55999755859375,189.22999572753906,191.24000549316406,188.9365692138672,45704800,0.0,0.0
2023-12-04,189.97999572753906,190.0500030517578,187.4499969482422,189.42999267578125,187.14837646484375,43389500,0.0,0.0
2023-12-05,190.2100067138672,194.39999389648438,190.17999267578125,193.4199981689453,191.09030151367188,66628400,0.0,0.0
2023-12-06,194.4499969482422,194.75999450683594,192.11000061035156,192.32000732421875,190.00357055664062,41089700,0.0,0.0
2023-12-07,193.6300048828125,195.0,193.58999633789062,194.27000427246094,191.93008422851562,47477700,0.0,0.0
2023-12-08,194.1999969482422,195.99000549316406,193.6699981689453,195.7100067138672,193.3527069091797,53406400,0.0,0.0
2023-12-11,193.11000061035156,193.49000549316406,191.4199981689453,193.17999267578125,190.85317993164062,60943700,0.0,0.0
2023-12-12,193.0800018310547,194.72000122070312,191.72000122070312,194.7100067138672,192.36476135253906,52696900,0.0,0.0
2023-12-13,195.08999633789062,198.0,194.85000610351562,197.9600067138672,195.5756072998047,70404200,0.0,0.0
2023-12-14,198.02000427246094,199.6199951171875,196.16000366210938,198.11000061035156,195.72377014160156,66831600,0.0,0.0
2023-12-15,197.52999877929688,198.39999389648438,197.0,197.57000732421875,195.19032287597656,128538400,0.0,0.0
2023-12-18,196.08999633789062,196.6300048828125,194.38999938964844,195.88999938964844,193.53054809570312,55751900,0.0,0.0
2023-12-19,196.16000366210938,196.9499969482422,195.88999938964844,196.94000244140625,194.56788635253906,40714100,0.0,0.0
2023-12-20,196.89999389648438,197.67999267578125,194.8300018310547,194.8300018310547,192.48330688476562,52242800,0.0,0.0
2023-12-21,196.10000610351562,197.0800018310547,193.5,194.67999267578125,192.3351287841797,46482500,0.0,0.0
2023-12-22,195.17999267578125,195.41000366210938,192.97000122070312,193.60000610351562,191.26815795898438,37149600,0.0,0.0
2023-12-26,193.61000061035156,193.88999938964844,192.8300018310547,193.0500030517578,190.72474670410156,28919300,0.0,0.0
2023-12-27,192.49000549316406,193.5,191.08999633789062,193.14999389648438,190.82354736328125,48087700,0.0,0.0
2023-12-28,194.13999938964844,194.66000366210938,193.1699981689453,193.5800018310547,191.24835205078125,34049900,0.0,0.0
2023-12-29,193.89999389648438,194.39999389648438,191.72999572753906,192.52999877929688,190.2110137939453,42672100,0.0,0.0
2024-01-02,187.14999389648438,188.44000244140625,183.88999938964844,185.63999938964844,183.40402221679688,82488700,0.0,0.0
2024-01-03,184.22000122070312,185.8800048828125,183.42999267578125,184.25,182.03076171875,58414500,0.0,0.0
2024-01-04,182.14999389648438,183.08999633789062,180.8800048828125,181.91000366210938,179.7189483642578,71983600,0.0,0.0
2024-01-05,181.99000549316406,182.75999450683594,180.1699981689453,181.17999267578125,178.99771118164062,62379700,0.0,0.0
2024-01-08,182.08999633789062,185.60000610351562,181.5,185.55999755859375,183.32498168945312,59144500,0.0,0.0
2024-01-09,183.9199981689453,185.14999389648438,182.72999572753906,185.13999938964844,182.91001892089844,42841800,0.0,0.0
2024-01-10,184.35000610351562,186.39999389648438,183.9199981689453,186.19000244140625,183.94737243652344,46792900,0.0,0.0
2024-01-11,186.5399932861328,187.0500030517578,183.6199951171875,185.58999633789062,183.35462951660156,49128400,0.0,0.0
2024-01-12,186.05999755859375,186.74000549316406,185.19000244140625,185.9199981689453,183.68063354492188,40477800,0.0,0.0
2024-01-16,182.16000366210938,184.25999450683594,180.92999267578125,183.6300048828125,181.41824340820312,65603000,0.0,0.0
2024-01-17,181.27000427246094,182.92999267578125,180.3000030517578,182.67999267578125,180.47967529296875,47317400,0.0,0.0
2024-01-18,186.08999633789062,189.13999938964844,185.8300018310547,188.6300048828125,186.35800170898438,78005800,0.0,0.0
2024-01-19,189.3300018310547,191.9499969482422,188.82000732421875,191.55999755859375,189.25271606445312,68903000,0.0,0.0
2024-01-22,192.3000030517578,195.3300018310547,192.25999450683594,193.88999938964844,191.5546417236328,60133900,0.0,0.0
2024-01-23,195.02000427246094,195.75,193.8300018310547,195.17999267578125,192.82908630371094,42355600,0.0,0.0
2024-01-24,195.4199981689453,196.3800048828125,194.33999633789062,194.5,192.15728759765625,53631300,0.0,0.0
2024-01-25,195.22000122070312,196.27000427246094,193.11000061035156,194.1699981689453,191.8312530517578,54822100,0.0,0.0
2024-01-26,194.27000427246094,194.75999450683594,191.94000244140625,192.4199981689453,190.10232543945312,44594000,0.0,0.0
2024-01-29,192.00999450683594,192.1999969482422,189.5800018310547,191.72999572753906,189.42063903808594,47145600,0.0,0.0
2024-01-30,190.94000244140625,191.8000030517578,187.47000122070312,188.0399932861328,185.77508544921875,55859400,0.0,0.0
2024-01-31,187.0399932861328,187.10000610351562,184.35000610351562,184.39999389648438,182.17893981933594,55467800,0.0,0.0
2024-02-01,183.99000549316406,186.9499969482422,183.82000732421875,186.86000061035156,184.60931396484375,64885400,0.0,0.0
2024-02-02,179.86000061035156,187.3300018310547,179.25,185.85000610351562,183.61148071289062,102551700,0.0,0.0
2024-02-05,188.14999389648438,189.25,185.83999633789062,187.67999267578125,185.41944885253906,69668800,0.0,0.0
2024-02-06,186.86000061035156,189.30999755859375,186.77000427246094,189.3000030517578,187.01992797851562,43490800,0.0,0.0
2024-02-07,190.63999938964844,191.0500030517578,188.61000061035156,189.41000366210938,187.12860107421875,53439000,0.0,0.0
2024-02-08,189.38999938964844,189.5399932861328,187.35000610351562,188.32000732421875,186.05174255371094,40962000,0.0,0.0
2024-02-09,188.64999389648438,189.99000549316406,188.0,188.85000610351562,186.81344604492188,45155200,0.24,0.0
2024-02-12,188.4199981689453,188.6699981689453,186.7899932861328,187.14999389648438,185.13174438476562,41781900,0.0,0.0
2024-02-13,185.77000427246094,186.2100067138672,183.50999450683594,185.0399932861328,183.0445098876953,56529500,0.0,0.0
2024-02-14,185.32000732421875,185.52999877929688,182.44000244140625,184.14999389648438,182.16412353515625,54630500,0.0,0.0
2024-02-15,183.5500030517578,184.49000549316406,181.35000610351562,183.86000061035156,181.87725830078125,65434500,0.0,0.0
2024-02-16,183.4199981689453,184.85000610351562,181.6699981689453,182.30999755859375,180.3439483642578,49752500,0.0,0.0
2024-02-20,181.7899932861328,182.42999267578125,180.0,181.55999755859375,179.60203552246094,53665600,0.0,0.0
2024-02-21,181.94000244140625,182.88999938964844,180.66000366210938,182.32000732421875,180.35385131835938,41371400,0.0,0.0
2024-02-22,183.47999572753906,184.9600067138672,182.4600067138672,184.3699951171875,182.38172912597656,52292200,0.0,0.0
2024-02-23,185.00999450683594,185.0399932861328,182.22999572753906,182.52000427246094,180.55169677734375,45119700,0.0,0.0
2024-02-26,182.24000549316406,182.75999450683594,180.64999389648438,181.16000366210938,179.20639038085938,40867400,0.0,0.0
2024-02-27,181.10000610351562,183.9199981689453,179.55999755859375,182.6300048828125,180.66050720214844,54318900,0.0,0.0
2024-02-28,182.50999450683594,183.1199951171875,180.1300048828125,181.4199981689453,179.4635467529297,48953900,0.0,0.0
2024-02-29,181.27000427246094,182.57000732421875,179.52999877929688,180.75,178.80078125,136682600,0.0,0.0
2024-03-01,179.5500030517578,180.52999877929688,177.3800048828125,179.66000366210938,177.7225341796875,73563100,0.0,0.0
2024-03-04,176.14999389648438,176.89999389648438,173.7899932861328,175.10000610351562,173.2117156982422,81510100,0.0,0.0
2024-03-05,170.75999450683594,172.0399932861328,169.6199951171875,170.1199951171875,168.285400390625,95132400,0.0,0.0
2024-03-06,171.05999755859375,171.24000549316406,168.67999267578125,169.1199951171875,167.2961883544922,68587700,0.0,0.0
2024-03-07,169.14999389648438,170.72999572753906,168.49000549316406,169.0,167.17747497558594,71765100,0.0,0.0
2024-03-08,169.0,173.6999969482422,168.94000244140625,170.72999572753906,168.8888397216797,76267000,0.0,0.0
2024-03-11,172.94000244140625,174.3800048828125,172.0500030517578,172.75,170.8870391845703,60139500,0.0,0.0
2024-03-12,173.14999389648438,174.02999877929688,171.00999450683594,173.22999572753906,171.3618621826172,59825400,0.0,0.0
2024-03-13,172.77000427246094,173.19000244140625,170.75999450683594,171.1300048828125,169.28453063964844,52488700,0.0,0.0
2024-03-14,172.91000366210938,174.30999755859375,172.0500030517578,173.0,171.13436889648438,72913500,0.0,0.0
2024-03-15,171.1699981689453,172.6199951171875,170.2899932861328,172.6199951171875,170.75843811035156,121752700,0.0,0.0
2024-03-18,175.57000732421875,177.7100067138672,173.52000427246094,173.72000122070312,171.8465576171875,75604200,0.0,0.0
2024-03-19,174.33999633789062,176.61000061035156,173.02999877929688,176.0800018310547,174.18113708496094,55215200,0.0,0.0
2024-03-20,175.72000122070312,178.6699981689453,175.08999633789062,178.6699981689453,176.74322509765625,53423100,0.0,0.0
2024-03-21,177.0500030517578,177.49000549316406,170.83999633789062,171.3699951171875,169.5218963623047,106181300,0.0,0.0
2024-03-22,171.75999450683594,173.0500030517578,170.05999755859375,172.27999877929688,170.422119140625,71160100,0.0,0.0
2024-03-25,170.57000732421875,171.94000244140625,169.4499969482422,170.85000610351562,169.00750732421875,54288300,0.0,0.0
2024-03-26,170.0,171.4199981689453,169.5800018310547,169.7100067138672,167.87985229492188,57388400,0.0,0.0
2024-03-27,170.41000366210938,173.60000610351562,170.11000061035156,173.30999755859375,171.4409942626953,60273300,0.0,0.0
2024-03-28,171.75,172.22999572753906,170.50999450683594,171.47999572753906,169.63075256347656,65672700,0.0,0.0
2024-04-01,171.19000244140625,171.25,169.47999572753906,170.02999877929688,168.1963653564453,46240500,0.0,0.0
2024-04-02,169.0800018310547,169.33999633789062,168.22999572753906,168.83999633789062,167.0192108154297,49329500,0.0,0.0
2024-04-03,168.7899932861328,170.67999267578125,168.5800018310547,169.64999389648438,167.82049560546875,47691700,0.0,0.0
2024-04-04,170.2899932861328,171.9199981689453,168.82000732421875,168.82000732421875,166.99945068359375,53704400,0.0,0.0
2024-04-05,169.58999633789062,170.38999938964844,168.9499969482422,169.5800018310547,167.75123596191406,42104800,0.0,0.0
2024-04-08,169.02999877929688,169.1999969482422,168.24000549316406,168.4499969482422,166.63340759277344,37425500,0.0,0.0
2024-04-09,168.6999969482422,170.0800018310547,168.35000610351562,169.6699981689453,167.84027099609375,42373800,0.0,0.0
2024-04-10,168.8000030517578,169.08999633789062,167.11000061035156,167.77999877929688,165.9706573486328,49709300,0.0,0.0
2024-04-11,168.33999633789062,175.4600067138672,168.16000366210938,175.0399932861328,173.15232849121094,91070300,0.0,0.0
2024-04-12,174.25999450683594,178.36000061035156,174.2100067138672,176.5500030517578,174.64608764648438,101670900,0.0,0.0
2024-04-15,175.36000061035156,176.6300048828125,172.5,172.69000244140625,170.82769775390625,73531800,0.0,0.0
2024-04-16,171.75,173.75999450683594,168.27000427246094,169.3800048828125,167.55337524414062,73711200,0.0,0.0
2024-04-17,169.61000061035156,170.64999389648438,168.0,168.0,166.18829345703125,50901200,0.0,0.0
2024-04-18,168.02999877929688,168.63999938964844,166.5500030517578,167.0399932861328,165.23863220214844,43122900,0.0,0.0
2024-04-19,166.2100067138672,166.39999389648438,164.0800018310547,165.0,163.2206268310547,68149400,0.0,0.0
2024-04-22,165.52000427246094,167.25999450683594,164.77000427246094,165.83999633789062,164.05154418945312,48116400,0.0,0.0
2024-04-23,165.35000610351562,167.0500030517578,164.9199981689453,166.89999389648438,165.10012817382812,49537800,0.0,0.0
2024-04-24,166.5399932861328,169.3000030517578,166.2100067138672,169.02000427246094,167.19728088378906,48251800,0.0,0.0
2024-04-25,169.52999877929688,170.61000061035156,168.14999389648438,169.88999938964844,168.05789184570312,50558300,0.0,0.0
2024-04-26,169.8800048828125,171.33999633789062,169.17999267578125,169.3000030517578,167.47427368164062,44838400,0.0,0.0
2024-04-29,173.3699951171875,176.02999877929688,173.10000610351562,173.5,171.6289520263672,68169400,0.0,0.0
2024-04-30,173.3300018310547,174.99000549316406,170.0,170.3300018310547,168.49313354492188,65934800,0.0,0.0
2024-05-01,169.5800018310547,172.7100067138672,169.11000061035156,169.3000030517578,167.47427368164062,50383100,0.0,0.0
2024-05-02,172.50999450683594,173.4199981689453,170.88999938964844,173.02999877929688,171.1640167236328,94214900,0.0,0.0
2024-05-03,186.64999389648438,187.0,182.66000366210938,183.3800048828125,181.40240478515625,163224100,0.0,0.0
2024-05-06,182.35000610351562,184.1999969482422,180.4199981689453,181.7100067138672,179.75042724609375,78569700,0.0,0.0
2024-05-07,183.4499969482422,184.89999389648438,181.32000732421875,182.39999389648438,180.4329833984375,77305800,0.0,0.0
2024-05-08,182.85000610351562,183.07000732421875,181.4499969482422,182.74000549316406,180.7693328857422,45057100,0.0,0.0
2024-05-09,182.55999755859375,184.66000366210938,182.11000061035156,184.57000732421875,182.57960510253906,48983000,0.0,0.0
2024-05-10,184.89999389648438,185.08999633789062,182.1300048828125,183.0500030517578,181.32159423828125,50759500,0.25,0.0
2024-05-13,185.44000244140625,187.10000610351562,184.6199951171875,186.27999877929688,184.52108764648438,72044800,0.0,0.0
2024-05-14,187.50999450683594,188.3000030517578,186.2899932861328,187.42999267578125,185.6602020263672,52393600,0.0,0.0
2024-05-15,187.91000366210938,190.64999389648438,187.3699951171875,189.72000122070312,187.92860412597656,70400000,0.0,0.0
2024-05-16,190.47000122070312,191.10000610351562,189.66000366210938,189.83999633789062,188.04747009277344,52845200,0.0,0.0
2024-05-17,189.50999450683594,190.80999755859375,189.17999267578125,189.8699951171875,188.07717895507812,41282900,0.0,0.0
2024-05-20,189.3300018310547,191.9199981689453,189.00999450683594,191.0399932861328,189.23611450195312,44361300,0.0,0.0
2024-05-21,191.08999633789062,192.72999572753906,190.9199981689453,192.35000610351562,190.53375244140625,42309400,0.0,0.0
2024-05-22,192.27000427246094,192.82000732421875,190.27000427246094,190.89999389648438,189.09744262695312,34648500,0.0,0.0
2024-05-23,190.97999572753906,191.0,186.6300048828125,186.8800048828125,185.11541748046875,51005900,0.0,0.0
2024-05-24,188.82000732421875,190.5800018310547,188.0399932861328,189.97999572753906,188.18614196777344,36327000,0.0,0.0
2024-05-28,191.50999450683594,193.0,189.10000610351562,189.99000549316406,188.19606018066406,52280100,0.0,0.0
2024-05-29,189.61000061035156,192.25,189.50999450683594,190.2899932861328,188.4932098388672,53068000,0.0,0.0
2024-05-30,190.75999450683594,192.17999267578125,190.6300048828125,191.2899932861328,189.4837646484375,49889100,0.0,0.0
2024-05-31,191.44000244140625,192.57000732421875,189.91000366210938,192.25,190.43472290039062,75158300,0.0,0.0
2024-06-03,192.89999389648438,194.99000549316406,192.52000427246094,194.02999877929688,192.19790649414062,50080500,0.0,0.0
2024-06-04,194.63999938964844,195.32000732421875,193.02999877929688,194.35000610351562,192.514892578125,47471400,0.0,0.0
2024-06-05,195.39999389648438,196.89999389648438,194.8699951171875,195.8699951171875,194.0205078125,54156800,0.0,0.0
2024-06-06,195.69000244140625,196.5,194.1699981689453,194.47999572753906,192.6436309814453,41181800,0.0,0.0
2024-06-07,194.64999389648438,196.94000244140625,194.13999938964844,196.88999938964844,195.03091430664062,53103900,0.0,0.0
2024-06-10,196.89999389648438,197.3000030517578,192.14999389648438,193.1199951171875,191.29647827148438,97010200,0.0,0.0
2024-06-11,193.64999389648438,207.16000366210938,193.6300048828125,207.14999389648438,205.19398498535156,172373300,0.0,0.0
2024-06-12,207.3699951171875,220.1999969482422,206.89999389648438,213.07000732421875,211.05812072753906,198134300,0.0,0.0
2024-06-13,214.74000549316406,216.75,211.60000610351562,214.24000549316406,212.21705627441406,97862700,0.0,0.0
2024-06-14,213.85000610351562,215.1699981689453,211.3000030517578,212.49000549316406,210.48361206054688,70122700,0.0,0.0
2024-06-17,213.3699951171875,218.9499969482422,212.72000122070312,216.6699981689453,214.62411499023438,93728300,0.0,0.0
2024-06-18,217.58999633789062,218.6300048828125,213.0,214.2899932861328,212.26657104492188,79943300,0.0,0.0
2024-06-20,213.92999267578125,214.24000549316406,208.85000610351562,209.67999267578125,207.7001190185547,86172500,0.0,0.0
2024-06-21,210.38999938964844,211.88999938964844,207.11000061035156,207.49000549316406,205.53082275390625,241805100,0.0,0.0
2024-06-24,207.72000122070312,212.6999969482422,206.58999633789062,208.13999938964844,206.1746826171875,80727000,0.0,0.0
2024-06-25,209.14999389648438,211.3800048828125,208.61000061035156,209.07000732421875,207.09591674804688,55549700,0.0,0.0
2024-06-26,211.5,214.86000061035156,210.63999938964844,213.25,211.23641967773438,66213200,0.0,0.0
2024-06-27,214.69000244140625,215.74000549316406,212.35000610351562,214.10000610351562,212.07839965820312,49772700,0.0,0.0
2024-06-28,215.77000427246094,216.07000732421875,210.3000030517578,210.6199951171875,208.63124084472656,82542700,0.0,0.0
2024-07-01,212.08999633789062,217.50999450683594,211.9199981689453,216.75,214.70335388183594,60402900,0.0,0.0
2024-07-02,216.14999389648438,220.3800048828125,215.10000610351562,220.27000427246094,218.19012451171875,58046200,0.0,0.0
2024-07-03,220.0,221.5500030517578,219.02999877929688,221.5500030517578,219.45803833007812,37369800,0.0,0.0
2024-07-05,221.64999389648438,226.4499969482422,221.64999389648438,226.33999633789062,224.2028045654297,60412400,0.0,0.0
2024-07-08,227.08999633789062,227.85000610351562,223.25,227.82000732421875,225.6688690185547,59085900,0.0,0.0
2024-07-09,227.92999267578125,229.39999389648438,226.3699951171875,228.67999267578125,226.52073669433594,48076100,0.0,0.0
2024-07-10,229.3000030517578,233.0800018310547,229.25,232.97999572753906,230.7801055908203,62627700,0.0,0.0
2024-07-11,231.38999938964844,232.38999938964844,225.77000427246094,227.57000732421875,225.4211883544922,64710600,0.0,0.0
2024-07-12,228.9199981689453,232.63999938964844,228.67999267578125,230.5399932861328,228.3631591796875,53046500,0.0,0.0
2024-07-15,236.47999572753906,237.22999572753906,233.08999633789062,234.39999389648438,232.18670654296875,62631300,0.0,0.0
2024-07-16,235.0,236.27000427246094,232.3300018310547,234.82000732421875,232.60275268554688,43234300,0.0,0.0
2024-07-17,229.4499969482422,231.4600067138672,226.63999938964844,228.8800048828125,226.71884155273438,57345900,0.0,0.0
2024-07-18,230.27999877929688,230.44000244140625,222.27000427246094,224.17999267578125,222.0631866455078,66034600,0.0,0.0
2024-07-19,224.82000732421875,226.8000030517578,223.27999877929688,224.30999755859375,222.19198608398438,49151500,0.0,0.0
2024-07-22,227.00999450683594,227.77999877929688,223.08999633789062,223.9600067138672,221.84532165527344,48201800,0.0,0.0
2024-07-23,224.3699951171875,226.94000244140625,222.67999267578125,225.00999450683594,222.8853759765625,39960300,0.0,0.0
2024-07-24,224.0,224.8000030517578,217.1300048828125,218.5399932861328,216.47647094726562,61777600,0.0,0.0
2024-07-25,218.92999267578125,220.85000610351562,214.6199951171875,217.49000549316406,215.43637084960938,51391200,0.0,0.0
2024-07-26,218.6999969482422,219.49000549316406,216.00999450683594,217.9600067138672,215.90194702148438,41601300,0.0,0.0
2024-07-29,216.9600067138672,219.3000030517578,215.75,218.24000549316406,216.17930603027344,36311800,0.0,0.0
2024-07-30,219.19000244140625,220.3300018310547,216.1199951171875,218.8000030517578,216.73402404785156,41643800,0.0,0.0
2024-07-31,221.44000244140625,223.82000732421875,220.6300048828125,222.0800018310547,219.9830322265625,50036300,0.0,0.0
2024-08-01,224.3699951171875,224.47999572753906,217.02000427246094,218.36000061035156,216.2981719970703,62501000,0.0,0.0
2024-08-02,219.14999389648438,225.60000610351562,217.7100067138672,219.86000061035156,217.78399658203125,105568600,0.0,0.0
2024-08-05,199.08999633789062,213.5,196.0,209.27000427246094,207.29400634765625,119548600,0.0,0.0
2024-08-06,205.3000030517578,209.99000549316406,201.07000732421875,207.22999572753906,205.27325439453125,69660500,0.0,0.0
2024-08-07,206.89999389648438,213.63999938964844,206.38999938964844,209.82000732421875,207.83880615234375,63516400,0.0,0.0
2024-08-08,213.11000061035156,214.1999969482422,208.8300018310547,213.30999755859375,211.29583740234375,47161100,0.0,0.0
2024-08-09,212.10000610351562,216.77999877929688,211.97000122070312,216.24000549316406,214.19821166992188,42201600,0.0,0.0
2024-08-12,216.07000732421875,219.50999450683594,215.60000610351562,217.52999877929688,215.7254180908203,38028100,0.25,0.0
2024-08-13,219.00999450683594,221.88999938964844,219.00999450683594,221.27000427246094,219.4344024658203,44155300,0.0,0.0
2024-08-14,220.57000732421875,223.02999877929688,219.6999969482422,221.72000122070312,219.88067626953125,41960600,0.0,0.0
2024-08-15,224.60000610351562,225.35000610351562,222.75999450683594,224.72000122070312,222.8557586669922,46414000,0.0,0.0
2024-08-16,223.9199981689453,226.8300018310547,223.64999389648438,226.0500030517578,224.1747283935547,44340200,0.0,0.0
2024-08-19,225.72000122070312,225.99000549316406,223.0399932861328,225.88999938964844,224.01605224609375,40687800,0.0,0.0
2024-08-20,225.77000427246094,227.1699981689453,225.4499969482422,226.50999450683594,224.63092041015625,30299000,0.0,0.0
2024-08-21,226.52000427246094,227.97999572753906,225.0500030517578,226.39999389648438,224.52182006835938,34765500,0.0,0.0
2024-08-22,227.7899932861328,228.33999633789062,223.89999389648438,224.52999877929688,222.66732788085938,43695300,0.0,0.0
2024-08-23,225.66000366210938,228.22000122070312,224.3300018310547,226.83999633789062,224.95819091796875,38677300,0.0,0.0
2024-08-26,226.75999450683594,227.27999877929688,223.88999938964844,227.17999267578125,225.2953643798828,30602200,0.0,0.0
2024-08-27,226.0,228.85000610351562,224.88999938964844,228.02999877929688,226.13829040527344,35934600,0.0,0.0
2024-08-28,227.9199981689453,229.86000061035156,225.67999267578125,226.49000549316406,224.611083984375,38052200,0.0,0.0
2024-08-29,230.10000610351562,232.9199981689453,228.8800048828125,229.7899932861328,227.8837127685547,51906300,0.0,0.0
2024-08-30,230.19000244140625,230.39999389648438,227.47999572753906,229.0,227.1002655029297,52990800,0.0,0.0
2024-09-03,228.5500030517578,229.0,221.1699981689453,222.77000427246094,220.9219512939453,50190600,0.0,0.0
2024-09-04,221.66000366210938,221.77999877929688,217.47999572753906,220.85000610351562,219.01788330078125,43840200,0.0,0.0
2024-09-05,221.6300048828125,225.47999572753906,221.52000427246094,222.3800048828125,220.53518676757812,36615400,0.0,0.0
2024-09-06,223.9499969482422,225.24000549316406,219.77000427246094,220.82000732421875,218.98814392089844,48423000,0.0,0.0
2024-09-09,220.82000732421875,221.27000427246094,216.7100067138672,220.91000366210938,219.07737731933594,67180000,0.0,0.0
2024-09-10,218.9199981689453,221.47999572753906,216.72999572753906,220.11000061035156,218.2840118408203,51591000,0.0,0.0
2024-09-11,221.4600067138672,223.08999633789062,217.88999938964844,222.66000366210938,220.8128662109375,44587100,0.0,0.0
2024-09-12,222.5,223.5500030517578,219.82000732421875,222.77000427246094,220.9219512939453,37455600,0.0,0.0
2024-09-13,223.5800018310547,224.0399932861328,221.91000366210938,222.5,220.6541748046875,36766600,0.0,0.0
2024-09-16,216.5399932861328,217.22000122070312,213.9199981689453,216.32000732421875,214.5254364013672,59357400,0.0,0.0
2024-09-17,215.75,216.89999389648438,214.5,216.7899932861328,214.99154663085938,45519300,0.0,0.0
2024-09-18,217.5500030517578,222.7100067138672,217.5399932861328,220.69000244140625,218.8592071533203,59894900,0.0,0.0
2024-09-19,224.99000549316406,229.82000732421875,224.6300048828125,228.8699951171875,226.97132873535156,66781300,0.0,0.0
2024-09-20,229.97000122070312,233.08999633789062,227.6199951171875,228.1999969482422,226.306884765625,318679900,0.0,0.0
2024-09-23,227.33999633789062,229.4499969482422,225.80999755859375,226.47000122070312,224.59124755859375,54146000,0.0,0.0
2024-09-24,228.64999389648438,229.35000610351562,225.72999572753906,227.3699951171875,225.48379516601562,43556100,0.0,0.0
2024-09-25,224.92999267578125,227.2899932861328,224.02000427246094,226.3699951171875,224.49208068847656,42308700,0.0,0.0
2024-09-26,227.3000030517578,228.5,225.41000366210938,227.52000427246094,225.63253784179688,36636700,0.0,0.0
2024-09-27,228.4600067138672,229.52000427246094,227.3000030517578,227.7899932861328,225.90029907226562,34026000,0.0,0.0
2024-09-30,230.0399932861328,233.0,229.64999389648438,233.0,231.0670928955078,54541900,0.0,0.0
2024-10-01,229.52000427246094,229.64999389648438,223.74000549316406,226.2100067138672,224.3334197998047,63285000,0.0,0.0
2024-10-02,225.88999938964844,227.3699951171875,223.02000427246094,226.77999877929688,224.89869689941406,32880600,0.0,0.0
2024-10-03,225.13999938964844,226.80999755859375,223.32000732421875,225.6699981689453,223.79786682128906,34044200,0.0,0.0
2024-10-04,227.89999389648438,228.0,224.1300048828125,226.8000030517578,224.91848754882812,37245100,0.0,0.0
2024-10-07,224.5,225.69000244140625,221.3300018310547,221.69000244140625,219.8509063720703,39505400,0.0,0.0
2024-10-08,224.3000030517578,225.97999572753906,223.25,225.77000427246094,223.89706420898438,31855700,0.0,0.0
2024-10-09,225.22999572753906,229.75,224.8300018310547,229.5399932861328,227.63575744628906,33591100,0.0,0.0
2024-10-10,227.77999877929688,229.5,227.1699981689453,229.0399932861328,227.13992309570312,28183500,0.0,0.0
2024-10-11,229.3000030517578,229.41000366210938,227.33999633789062,227.5500030517578,225.66232299804688,31759200,0.0,0.0
2024-10-14,228.6999969482422,231.72999572753906,228.60000610351562,231.3000030517578,229.38121032714844,39882100,0.0,0.0
2024-10-15,233.61000061035156,237.49000549316406,232.3699951171875,233.85000610351562,231.91001892089844,64751400,0.0,0.0
2024-10-16,231.60000610351562,232.1199951171875,229.83999633789062,231.77999877929688,229.85719299316406,34082200,0.0,0.0
2024-10-17,233.42999267578125,233.85000610351562,230.52000427246094,232.14999389648438,230.22413635253906,32993800,0.0,0.0
2024-10-18,236.17999267578125,236.17999267578125,234.00999450683594,235.0,233.0504913330078,46431500,0.0,0.0
2024-10-21,234.4499969482422,236.85000610351562,234.4499969482422,236.47999572753906,234.51820373535156,36254500,0.0,0.0
2024-10-22,233.88999938964844,236.22000122070312,232.60000610351562,235.86000061035156,233.90333557128906,38846600,0.0,0.0
2024-10-23,234.0800018310547,235.13999938964844,227.75999450683594,230.75999450683594,228.8456573486328,52287000,0.0,0.0
2024-10-24,229.97999572753906,230.82000732421875,228.41000366210938,230.57000732421875,228.65725708007812,31109500,0.0,0.0
2024-10-25,229.74000549316406,233.22000122070312,229.57000732421875,231.41000366210938,229.4902801513672,38802300,0.0,0.0
2024-10-28,233.32000732421875,234.72999572753906,232.5500030517578,233.39999389648438,231.4637451171875,36087100,0.0,0.0
2024-10-29,233.10000610351562,234.3300018310547,232.32000732421875,233.6699981689453,231.73153686523438,35417200,0.0,0.0
2024-10-30,232.61000061035156,233.47000122070312,229.5500030517578,230.10000610351562,228.19113159179688,47070900,0.0,0.0
2024-10-31,229.33999633789062,229.8300018310547,225.3699951171875,225.91000366210938,224.03590393066406,64370100,0.0,0.0
2024-11-01,220.97000122070312,225.35000610351562,220.27000427246094,222.91000366210938,221.060791015625,65276700,0.0,0.0
2024-11-04,220.99000549316406,222.7899932861328,219.7100067138672,222.00999450683594,220.16822814941406,44944500,0.0,0.0
2024-11-05,221.8000030517578,223.9499969482422,221.13999938964844,223.4499969482422,221.59629821777344,28111300,0.0,0.0
2024-11-06,222.61000061035156,226.07000732421875,221.19000244140625,222.72000122070312,220.8723602294922,54561100,0.0,0.0
2024-11-07,224.6300048828125,227.8800048828125,224.57000732421875,227.47999572753906,225.59288024902344,42137700,0.0,0.0
2024-11-08,227.1699981689453,228.66000366210938,226.41000366210938,226.9600067138672,225.32481384277344,38328800,0.25,0.0
2024-11-11,225.0,225.6999969482422,221.5,224.22999572753906,222.61448669433594,42005600,0.0,0.0
2024-11-12,224.5500030517578,225.58999633789062,223.36000061035156,224.22999572753906,222.61448669433594,40398300,0.0,0.0
2024-11-13,224.00999450683594,226.64999389648438,222.75999450683594,225.1199951171875,223.49806213378906,48566200,0.0,0.0
2024-11-14,225.02000427246094,228.8699951171875,225.0,228.22000122070312,226.5757293701172,44923900,0.0,0.0
2024-11-15,226.39999389648438,226.9199981689453,224.27000427246094,225.0,223.37892150878906,47923700,0.0,0.0
2024-11-18,225.25,229.74000549316406,225.1699981689453,228.02000427246094,226.37718200683594,44633700,0.0,0.0
2024-11-19,226.97999572753906,230.16000366210938,226.66000366210938,228.27999877929688,226.63531494140625,36211800,0.0,0.0
2024-11-20,228.05999755859375,229.92999267578125,225.88999938964844,229.0,227.35012817382812,35169600,0.0,0.0
2024-11-21,228.8800048828125,230.16000366210938,225.7100067138672,228.52000427246094,226.87356567382812,42108300,0.0,0.0
2024-11-22,228.05999755859375,230.72000122070312,228.05999755859375,229.8699951171875,228.2138214111328,38168300,0.0,0.0
2024-11-25,231.4600067138672,233.25,229.74000549316406,232.8699951171875,231.19223022460938,90152800,0.0,0.0
2024-11-26,233.3300018310547,235.57000732421875,233.3300018310547,235.05999755859375,233.366455078125,45986200,0.0,0.0
2024-11-27,234.47000122070312,235.69000244140625,233.80999755859375,234.92999267578125,233.23736572265625,33498400,0.0,0.0
2024-11-29,234.80999755859375,237.80999755859375,233.97000122070312,237.3300018310547,235.62010192871094,28481400,0.0,0.0
2024-12-02,237.27000427246094,240.7899932861328,237.16000366210938,239.58999633789062,237.8638153076172,48137100,0.0,0.0
2024-12-03,239.80999755859375,242.75999450683594,238.89999389648438,242.64999389648438,240.90174865722656,38861000,0.0,0.0
2024-12-04,242.8699951171875,244.11000061035156,241.25,243.00999450683594,241.25917053222656,44383900,0.0,0.0
2024-12-05,243.99000549316406,244.5399932861328,242.1300048828125,243.0399932861328,241.28897094726562,40033900,0.0,0.0
2024-12-06,242.91000366210938,244.6300048828125,242.0800018310547,242.83999633789062,241.0904083251953,36870600,0.0,0.0
2024-12-09,241.8300018310547,247.24000549316406,241.75,246.75,244.97222900390625,44649200,0.0,0.0
2024-12-10,246.88999938964844,248.2100067138672,245.33999633789062,247.77000427246094,245.98486328125,36914800,0.0,0.0
2024-12-11,247.9600067138672,250.8000030517578,246.25999450683594,246.49000549316406,244.714111328125,45205800,0.0,0.0
2024-12-12,246.88999938964844,248.74000549316406,245.67999267578125,247.9600067138672,246.1735076904297,32777500,0.0,0.0
2024-12-13,247.82000732421875,249.2899932861328,246.24000549316406,248.1300048828125,246.34228515625,33155300,0.0,0.0
2024-12-16,247.99000549316406,251.3800048828125,247.64999389648438,251.0399932861328,249.2313232421875,51694800,0.0,0.0
2024-12-17,250.0800018310547,253.8300018310547,249.77999877929688,253.47999572753906,251.6537322998047,51356400,0.0,0.0
2024-12-18,252.16000366210938,254.27999877929688,247.74000549316406,248.0500030517578,246.2628631591797,56774100,0.0,0.0
2024-12-19,247.5,252.0,247.08999633789062,249.7899932861328,247.99029541015625,60882300,0.0,0.0
2024-12-20,248.0399932861328,255.0,245.69000244140625,254.49000549316406,252.65647888183594,147495300,0.0,0.0
2024-12-23,254.77000427246094,255.64999389648438,253.4499969482422,255.27000427246094,253.4308624267578,40858800,0.0,0.0
2024-12-24,255.49000549316406,258.2099914550781,255.2899932861328,258.20001220703125,256.3397216796875,23234700,0.0,0.0
2024-12-26,258.19000244140625,260.1000061035156,257.6300048828125,259.0199890136719,257.1538391113281,27237100,0.0,0.0
2024-12-27,257.8299865722656,258.70001220703125,253.05999755859375,255.58999633789062,253.74855041503906,42355300,0.0,0.0
2024-12-30,252.22999572753906,253.5,250.75,252.1999969482422,250.38294982910156,35557500,0.0,0.0
2024-12-31,252.44000244140625,253.27999877929688,249.42999267578125,250.4199981689453,248.6157989501953,39480700,0.0,0.0
2025-01-02,248.92999267578125,249.10000610351562,241.82000732421875,243.85000610351562,242.09312438964844,55740700,0.0,0.0
2025-01-03,243.36000061035156,244.17999267578125,241.88999938964844,243.36000061035156,241.60667419433594,40244100,0.0,0.0
2025-01-06,244.30999755859375,247.3300018310547,243.1999969482422,245.0,243.23483276367188,45045600,0.0,0.0
2025-01-07,242.97999572753906,245.5500030517578,241.35000610351562,242.2100067138672,240.46493530273438,40856000,0.0,0.0
2025-01-08,241.9199981689453,243.7100067138672,240.0500030517578,242.6999969482422,240.951416015625,37628900,0.0,0.0
2025-01-10,240.00999450683594,240.16000366210938,233.0,236.85000610351562,235.14356994628906,61710900,0.0,0.0
2025-01-13,233.52999877929688,234.6699981689453,229.72000122070312,234.39999389648438,232.71121215820312,49630700,0.0,0.0
2025-01-14,234.75,236.1199951171875,232.47000122070312,233.27999877929688,231.5992889404297,39435300,0.0,0.0
2025-01-15,234.63999938964844,238.9600067138672,234.42999267578125,237.8699951171875,236.15621948242188,39832000,0.0,0.0
2025-01-16,237.35000610351562,238.00999450683594,228.02999877929688,228.25999450683594,226.61544799804688,71759100,0.0,0.0
2025-01-17,232.1199951171875,232.2899932861328,228.47999572753906,229.97999572753906,228.32305908203125,68488300,0.0,0.0
2025-01-21,224.0,224.4199981689453,219.3800048828125,222.63999938964844,221.03591918945312,98070400,0.0,0.0
2025-01-22,219.7899932861328,224.1199951171875,219.7899932861328,223.8300018310547,222.21737670898438,64126500,0.0,0.0
2025-01-23,224.74000549316406,227.02999877929688,222.3000030517578,223.66000366210938,222.04859924316406,60234800,0.0,0.0
2025-01-24,224.77999877929688,225.6300048828125,221.41000366210938,222.77999877929688,221.1749267578125,54697900,0.0,0.0
2025-01-27,224.02000427246094,232.14999389648438,223.97999572753906,229.86000061035156,228.20391845703125,94863400,0.0,0.0
2025-01-28,230.85000610351562,240.19000244140625,230.80999755859375,238.25999450683594,236.5434112548828,75707600,0.0,0.0
2025-01-29,234.1199951171875,239.86000061035156,234.00999450683594,239.36000061035156,237.63546752929688,45486100,0.0,0.0
2025-01-30,238.6699981689453,240.7899932861328,237.2100067138672,237.58999633789062,235.87820434570312,55658300,0.0,0.0
2025-01-31,247.19000244140625,247.19000244140625,233.44000244140625,236.0,234.2996826171875,100959800,0.0,0.0
2025-02-03,229.99000549316406,231.8300018310547,225.6999969482422,228.00999450683594,226.36724853515625,73063300,0.0,0.0
2025-02-04,227.25,233.1300048828125,226.64999389648438,232.8000030517578,231.1227264404297,45067300,0.0,0.0
2025-02-05,228.52999877929688,232.6699981689453,228.27000427246094,232.47000122070312,230.79513549804688,39620300,0.0,0.0
2025-02-06,231.2899932861328,233.8000030517578,230.42999267578125,233.22000122070312,231.5397186279297,29925300,0.0,0.0
2025-02-07,232.60000610351562,234.0,227.25999450683594,227.6300048828125,225.989990234375,39707200,0.0,0.0
2025-02-10,229.57000732421875,230.58999633789062,227.1999969482422,227.64999389648438,226.25833129882812,33115600,0.25,0.0
2025-02-11,228.1999969482422,235.22999572753906,228.1300048828125,232.6199951171875,231.19793701171875,53718400,0.0,0.0
2025-02-12,231.1999969482422,236.9600067138672,230.67999267578125,236.8699951171875,235.42196655273438,45243300,0.0,0.0
2025-02-13,236.91000366210938,242.33999633789062,235.57000732421875,241.52999877929688,240.05349731445312,53614100,0.0,0.0
2025-02-14,241.25,245.5500030517578,240.99000549316406,244.60000610351562,243.104736328125,40896200,0.0,0.0
2025-02-18,244.14999389648438,245.17999267578125,241.83999633789062,244.47000122070312,242.9755096435547,48822500,0.0,0.0
2025-02-19,244.66000366210938,246.00999450683594,243.16000366210938,244.8699951171875,243.37303161621094,32204200,0.0,0.0
2025-02-20,244.94000244140625,246.77999877929688,244.2899932861328,245.8300018310547,244.3271942138672,32316900,0.0,0.0
2025-02-21,245.9499969482422,248.69000244140625,245.22000122070312,245.5500030517578,244.0489044189453,53197400,0.0,0.0
2025-02-24,244.92999267578125,248.86000061035156,244.4199981689453,247.10000610351562,245.5894317626953,51326400,0.0,0.0
2025-02-25,248.0,250.0,244.91000366210938,247.0399932861328,245.52980041503906,48013300,0.0,0.0
2025-02-26,244.3300018310547,244.97999572753906,239.1300048828125,240.36000061035156,238.89064025878906,44433600,0.0,0.0
2025-02-27,239.41000366210938,242.4600067138672,237.05999755859375,237.3000030517578,235.84933471679688,41153600,0.0,0.0
2025-02-28,236.9499969482422,242.08999633789062,230.1999969482422,241.83999633789062,240.36158752441406,56833400,0.0,0.0
2025-03-03,241.7899932861328,244.02999877929688,236.11000061035156,238.02999877929688,236.5749053955078,47184000,0.0,0.0
2025-03-04,237.7100067138672,240.07000732421875,234.67999267578125,235.92999267578125,234.4877166748047,53798100,0.0,0.0
2025-03-05,235.4199981689453,236.5500030517578,229.22999572753906,235.74000549316406,234.2989044189453,47227600,0.0,0.0
2025-03-06,234.44000244140625,237.86000061035156,233.16000366210938,235.3300018310547,233.89141845703125,45170400,0.0,0.0
2025-03-07,235.11000061035156,241.3699951171875,234.75999450683594,239.07000732421875,237.60853576660156,46273600,0.0,0.0
2025-03-10,235.5399932861328,236.16000366210938,224.22000122070312,227.47999572753906,226.08938598632812,72071200,0.0,0.0
2025-03-11,223.80999755859375,225.83999633789062,217.4499969482422,220.83999633789062,219.48997497558594,76137400,0.0,0.0
2025-03-12,220.13999938964844,221.75,214.91000366210938,216.97999572753906,215.65359497070312,62547500,0.0,0.0
2025-03-13,215.9499969482422,216.83999633789062,208.4199981689453,209.67999267578125,208.398193359375,61368300,0.0,0.0
2025-03-14,211.25,213.9499969482422,209.5800018310547,213.49000549316406,212.18490600585938,60107600,0.0,0.0
2025-03-17,213.30999755859375,215.22000122070312,209.97000122070312,214.0,212.69180297851562,48073400,0.0,0.0
2025-03-18,214.16000366210938,215.14999389648438,211.49000549316406,212.69000244140625,211.38978576660156,42432400,0.0,0.0
2025-03-19,214.22000122070312,218.75999450683594,213.75,215.24000549316406,213.92420959472656,54385400,0.0,0.0
2025-03-20,213.99000549316406,217.49000549316406,212.22000122070312,214.10000610351562,212.7911834716797,48862900,0.0,0.0
2025-03-21,211.55999755859375,218.83999633789062,211.27999877929688,218.27000427246094,216.93568420410156,94127800,0.0,0.0
2025-03-24,221.0,221.47999572753906,218.5800018310547,220.72999572753906,219.38064575195312,44299500,0.0,0.0
2025-03-25,220.77000427246094,224.10000610351562,220.0800018310547,223.75,222.3822021484375,34493600,0.0,0.0
2025-03-26,223.50999450683594,225.02000427246094,220.47000122070312,221.52999877929688,220.17576599121094,34466100,0.0,0.0
2025-03-27,221.38999938964844,224.99000549316406,220.55999755859375,223.85000610351562,222.48159790039062,37094800,0.0,0.0
2025-03-28,221.6699981689453,223.80999755859375,217.67999267578125,217.89999389648438,216.56793212890625,39818600,0.0,0.0
2025-03-31,217.00999450683594,225.6199951171875,216.22999572753906,222.1300048828125,220.7720947265625,65299300,0.0,0.0
2025-04-01,219.80999755859375,223.67999267578125,218.89999389648438,223.19000244140625,221.8256072998047,36412700,0.0,0.0
2025-04-02,221.32000732421875,225.19000244140625,221.02000427246094,223.88999938964844,222.52133178710938,35905900,0.0,0.0
2025-04-03,205.5399932861328,207.49000549316406,201.25,203.19000244140625,201.94786071777344,103419000,0.0,0.0
2025-04-04,193.88999938964844,199.8800048828125,187.33999633789062,188.3800048828125,187.22840881347656,125910900,0.0,0.0
2025-04-07,177.1999969482422,194.14999389648438,174.6199951171875,181.4600067138672,180.3507080078125,160466300,0.0,0.0
2025-04-08,186.6999969482422,190.33999633789062,169.2100067138672,172.4199981689453,171.36598205566406,120859500,0.0,0.0
2025-04-09,171.9499969482422,200.61000061035156,171.88999938964844,198.85000610351562,197.6343994140625,184395900,0.0,0.0
2025-04-10,189.07000732421875,194.77999877929688,183.0,190.4199981689453,189.25592041015625,121880000,0.0,0.0
2025-04-11,186.10000610351562,199.5399932861328,186.05999755859375,198.14999389648438,196.9386749267578,87435900,0.0,0.0
2025-04-14,211.44000244140625,212.94000244140625,201.16000366210938,202.52000427246094,201.281982421875,101352900,0.0,0.0
2025-04-15,201.86000061035156,203.50999450683594,199.8000030517578,202.13999938964844,200.90426635742188,51343900,0.0,0.0
2025-04-16,198.36000061035156,200.6999969482422,192.3699951171875,194.27000427246094,193.0823974609375,59732400,0.0,0.0
2025-04-17,197.1999969482422,198.8300018310547,194.4199981689453,196.97999572753906,195.77581787109375,52164700,0.0,0.0
2025-04-21,193.27000427246094,193.8000030517578,189.80999755859375,193.16000366210938,191.9791717529297,46742500,0.0,0.0
2025-04-22,196.1199951171875,201.58999633789062,195.97000122070312,199.74000549316406,198.51895141601562,52976400,0.0,0.0
2025-04-23,206.0,208.0,202.8000030517578,204.60000610351562,203.3492431640625,52929200,0.0,0.0
2025-04-24,204.88999938964844,208.8300018310547,202.94000244140625,208.3699951171875,207.09620666503906,47311000,0.0,0.0
2025-04-25,206.3699951171875,209.75,206.1999969482422,209.27999877929688,208.00062561035156,38222300,0.0,0.0
2025-04-28,210.0,211.5,207.4600067138672,210.13999938964844,208.85537719726562,38743100,0.0,0.0
2025-04-29,208.69000244140625,212.24000549316406,208.3699951171875,211.2100067138672,209.91885375976562,36827600,0.0,0.0
2025-04-30,209.3000030517578,213.5800018310547,206.6699981689453,212.5,211.20095825195312,52286500,0.0,0.0
2025-05-01,209.0800018310547,214.55999755859375,208.89999389648438,213.32000732421875,212.0159454345703,57365700,0.0,0.0
2025-05-02,206.08999633789062,206.99000549316406,202.16000366210938,205.35000610351562,204.09469604492188,101010600,0.0,0.0
2025-05-05,203.10000610351562,204.10000610351562,198.2100067138672,198.88999938964844,197.67413330078125,69018500,0.0,0.0
2025-05-06,198.2100067138672,200.64999389648438,197.02000427246094,198.50999450683594,197.29647827148438,51216500,0.0,0.0
2025-05-07,199.1699981689453,199.44000244140625,193.25,196.25,195.05029296875,68536700,0.0,0.0
2025-05-08,197.72000122070312,200.0500030517578,194.67999267578125,197.49000549316406,196.28271484375,50478900,0.0,0.0
2025-05-09,199.0,200.5399932861328,197.5399932861328,198.52999877929688,197.31634521484375,36453900,0.0,0.0
2025-05-12,210.97000122070312,211.27000427246094,206.75,210.7899932861328,209.776123046875,63775800,0.26,0.0
2025-05-13,210.42999267578125,213.39999389648438,209.0,212.92999267578125,211.9058380126953,51909300,0.0,0.0
2025-05-14,212.42999267578125,213.94000244140625,210.5800018310547,212.3300018310547,211.30874633789062,49325800,0.0,0.0
2025-05-15,210.9499969482422,212.9600067138672,209.5399932861328,211.4499969482422,210.43296813964844,45029500,0.0,0.0
2025-05-16,212.36000061035156,212.57000732421875,209.77000427246094,211.25999450683594,210.24388122558594,54737900,0.0,0.0
2025-05-19,207.91000366210938,209.47999572753906,204.25999450683594,208.77999877929688,207.7758026123047,46140500,0.0,0.0
2025-05-20,207.6699981689453,208.47000122070312,205.02999877929688,206.86000061035156,205.86505126953125,42496600,0.0,0.0
2025-05-21,205.1699981689453,207.0399932861328,200.7100067138672,202.08999633789062,201.1179962158203,59211800,0.0,0.0
2025-05-22,200.7100067138672,202.75,199.6999969482422,201.36000061035156,200.3914794921875,46742400,0.0,0.0
2025-05-23,193.6699981689453,197.6999969482422,193.4600067138672,195.27000427246094,194.33078002929688,78432900,0.0,0.0
2025-05-27,198.3000030517578,200.74000549316406,197.42999267578125,200.2100067138672,199.24703979492188,56288500,0.0,0.0
2025-05-28,200.58999633789062,202.72999572753906,199.89999389648438,200.4199981689453,199.45602416992188,45339700,0.0,0.0
2025-05-29,203.5800018310547,203.80999755859375,198.50999450683594,199.9499969482422,198.98828125,51396800,0.0,0.0
2025-05-30,199.3699951171875,201.9600067138672,196.77999877929688,200.85000610351562,199.8839569091797,70819900,0.0,0.0
2025-06-02,200.27999877929688,202.1300048828125,200.1199951171875,201.6999969482422,200.7298583984375,35423300,0.0,0.0
2025-06-03,201.35000610351562,203.77000427246094,200.9600067138672,203.27000427246094,202.29232788085938,46381600,0.0,0.0
2025-06-04,202.91000366210938,206.24000549316406,202.10000610351562,202.82000732421875,201.84446716308594,43604000,0.0,0.0
2025-06-05,203.5,204.75,200.14999389648438,200.6300048828125,199.6649932861328,55126100,0.0,0.0
2025-06-06,203.0,205.6999969482422,202.0500030517578,203.9199981689453,202.93917846679688,46607700,0.0,0.0
2025-06-09,204.38999938964844,206.0,200.02000427246094,201.4499969482422,200.48104858398438,72862600,0.0,0.0
2025-06-10,200.60000610351562,204.35000610351562,200.57000732421875,202.6699981689453,201.6951904296875,54672600,0.0,0.0
2025-06-11,203.5,204.5,198.41000366210938,198.77999877929688,197.82388305664062,60989900,0.0,0.0
2025-06-12,199.0800018310547,199.67999267578125,197.36000061035156,199.1999969482422,198.24188232421875,43904600,0.0,0.0
2025-06-13,199.72999572753906,200.3699951171875,195.6999969482422,196.4499969482422,195.50511169433594,51447300,0.0,0.0
2025-06-16,197.3000030517578,198.69000244140625,196.55999755859375,198.4199981689453,197.46563720703125,43020700,0.0,0.0
2025-06-17,197.1999969482422,198.38999938964844,195.2100067138672,195.63999938964844,194.69898986816406,38856200,0.0,0.0
2025-06-18,195.94000244140625,197.57000732421875,195.07000732421875,196.5800018310547,195.63449096679688,45394700,0.0,0.0
2025-06-20,198.24000549316406,201.6999969482422,196.86000061035156,201.0,200.03321838378906,96813500,0.0,0.0
2025-06-23,201.6300048828125,202.3000030517578,198.9600067138672,201.5,200.5308074951172,55814300,0.0,0.0
2025-06-24,202.58999633789062,203.44000244140625,200.1999969482422,200.3000030517578,199.3365936279297,54064000,0.0,0.0
2025-06-25,201.4499969482422,203.6699981689453,200.6199951171875,201.55999755859375,200.59051513671875,39525700,0.0,0.0
2025-06-26,201.42999267578125,202.63999938964844,199.4600067138672,201.0,200.03321838378906,50799100,0.0,0.0
2025-06-27,201.88999938964844,203.22000122070312,200.0,201.0800018310547,200.11285400390625,73188600,0.0,0.0
2025-06-30,202.00999450683594,207.38999938964844,199.25999450683594,205.1699981689453,204.18316650390625,91912800,0.0,0.0
2025-07-01,206.6699981689453,210.19000244140625,206.13999938964844,207.82000732421875,206.82041931152344,78788900,0.0,0.0
2025-07-02,208.91000366210938,213.33999633789062,208.13999938964844,212.44000244140625,211.41819763183594,67941800,0.0,0.0
2025-07-03,212.14999389648438,214.64999389648438,211.80999755859375,213.5500030517578,212.52285766601562,34955800,0.0,0.0
2025-07-07,212.67999267578125,216.22999572753906,208.8000030517578,209.9499969482422,208.94017028808594,50229000,0.0,0.0
2025-07-08,210.10000610351562,211.42999267578125,208.4499969482422,210.00999450683594,208.99989318847656,42848900,0.0,0.0
2025-07-09,209.52999877929688,211.3300018310547,207.22000122070312,211.13999938964844,210.1244659423828,48749400,0.0,0.0
2025-07-10,210.50999450683594,213.47999572753906,210.02999877929688,212.41000366210938,211.3883514404297,44443600,0.0,0.0
2025-07-11,210.57000732421875,212.1300048828125,209.86000061035156,211.16000366210938,210.14434814453125,39765800,0.0,0.0
2025-07-14,209.92999267578125,210.91000366210938,207.5399932861328,208.6199951171875,207.61656188964844,38840100,0.0,0.0
2025-07-15,209.22000122070312,211.88999938964844,208.9199981689453,209.11000061035156,208.10423278808594,42296300,0.0,0.0
2025-07-16,210.3000030517578,212.39999389648438,208.63999938964844,210.16000366210938,209.149169921875,47490500,0.0,0.0
2025-07-17,210.57000732421875,211.8000030517578,209.58999633789062,210.02000427246094,209.0098419189453,48068100,0.0,0.0
2025-07-18,210.8699951171875,211.7899932861328,209.6999969482422,211.17999267578125,210.16424560546875,48974600,0.0,0.0
2025-07-21,212.10000610351562,215.77999877929688,211.6300048828125,212.47999572753906,211.4580078125,51377400,0.0,0.0
2025-07-22,213.13999938964844,214.9499969482422,212.22999572753906,214.39999389648438,213.36875915527344,46404100,0.0,0.0
2025-07-23,215.0,215.14999389648438,212.41000366210938,214.14999389648438,213.11997985839844,46989300,0.0,0.0
2025-07-24,213.89999389648438,215.69000244140625,213.52999877929688,213.75999450683594,212.73184204101562,46022600,0.0,0.0
2025-07-25,214.6999969482422,215.24000549316406,213.39999389648438,213.8800048828125,212.8512725830078,40268800,0.0,0.0
2025-07-28,214.02999877929688,214.85000610351562,213.05999755859375,214.0500030517578,213.02047729492188,37858000,0.0,0.0
2025-07-29,214.17999267578125,214.80999755859375,210.82000732421875,211.27000427246094,210.2538299560547,51411700,0.0,0.0
2025-07-30,211.89999389648438,212.38999938964844,207.72000122070312,209.0500030517578,208.04449462890625,45512500,0.0,0.0
2025-07-31,208.49000549316406,209.83999633789062,207.16000366210938,207.57000732421875,206.57164001464844,80698400,0.0,0.0
2025-08-01,210.8699951171875,213.5800018310547,201.5,202.3800048828125,201.40658569335938,104434500,0.0,0.0
2025-08-04,204.50999450683594,207.8800048828125,201.67999267578125,203.35000610351562,202.37193298339844,75109300,0.0,0.0
2025-08-05,203.39999389648438,205.33999633789062,202.16000366210938,202.9199981689453,201.94398498535156,44155100,0.0,0.0
2025-08-06,205.6300048828125,215.3800048828125,205.58999633789062,213.25,212.22430419921875,108483100,0.0,0.0
2025-08-07,218.8800048828125,220.85000610351562,216.5800018310547,220.02999877929688,218.97169494628906,90224800,0.0,0.0
2025-08-08,220.8300018310547,231.0,219.25,229.35000610351562,228.24685668945312,113854000,0.0,0.0
2025-08-11,227.9199981689453,229.55999755859375,224.75999450683594,227.17999267578125,226.3438720703125,61806100,0.26,0.0
2025-08-12,228.00999450683594,230.8000030517578,227.07000732421875,229.64999389648438,228.80479431152344,55626200,0.0,0.0
2025-08-13,231.07000732421875,235.0,230.42999267578125,233.3300018310547,232.47125244140625,69878500,0.0,0.0
2025-08-14,234.05999755859375,235.1199951171875,230.85000610351562,232.77999877929688,231.92327880859375,51916300,0.0,0.0
2025-08-15,234.0,234.27999877929688,229.33999633789062,231.58999633789062,230.73764038085938,56038700,0.0,0.0
2025-08-18,231.6999969482422,233.1199951171875,230.11000061035156,230.88999938964844,230.0402374267578,37476200,0.0,0.0
2025-08-19,231.27999877929688,232.8699951171875,229.35000610351562,230.55999755859375,229.71144104003906,39402600,0.0,0.0
2025-08-20,229.97999572753906,230.47000122070312,225.77000427246094,226.00999450683594,225.17819213867188,42263900,0.0,0.0
2025-08-21,226.27000427246094,226.52000427246094,223.77999877929688,224.89999389648438,224.07228088378906,30621200,0.0,0.0
2025-08-22,226.1699981689453,229.08999633789062,225.41000366210938,227.75999450683594,226.9217529296875,42477800,0.0,0.0
2025-08-25,226.47999572753906,229.3000030517578,226.22999572753906,227.16000366210938,226.32395935058594,30983100,0.0,0.0
2025-08-26,226.8699951171875,229.49000549316406,224.69000244140625,229.30999755859375,228.46604919433594,54575100,0.0,0.0
2025-08-27,228.61000061035156,230.89999389648438,228.25999450683594,230.49000549316406,229.64170837402344,31259500,0.0,0.0
2025-08-28,230.82000732421875,233.41000366210938,229.33999633789062,232.55999755859375,231.7041015625,38074700,0.0,0.0
2025-08-29,232.50999450683594,233.3800048828125,231.3699951171875,232.13999938964844,231.28562927246094,39418400,0.0,0.0
2025-09-02,229.25,230.85000610351562,226.97000122070312,229.72000122070312,228.8745574951172,44075600,0.0,0.0
2025-09-03,237.2100067138672,238.85000610351562,234.36000061035156,238.47000122070312,237.59234619140625,66427800,0.0,0.0
2025-09-04,238.4499969482422,239.89999389648438,236.74000549316406,239.77999877929688,238.8975067138672,47549400,0.0,0.0
2025-09-05,240.0,241.32000732421875,238.49000549316406,239.69000244140625,238.80784606933594,54870400,0.0,0.0
2025-09-08,239.3000030517578,240.14999389648438,236.33999633789062,237.8800048828125,237.0045166015625,48999500,0.0,0.0
2025-09-09,237.0,238.77999877929688,233.36000061035156,234.35000610351562,233.4875030517578,66313900,0.0,0.0
2025-09-10,232.19000244140625,232.4199981689453,225.9499969482422,226.7899932861328,225.955322265625,83440800,0.0,0.0
2025-09-11,226.8800048828125,230.4499969482422,226.64999389648438,230.02999877929688,229.1833953857422,50208600,0.0,0.0
2025-09-12,229.22000122070312,234.50999450683594,229.02000427246094,234.07000732421875,233.2085418701172,55824200,0.0,0.0
2025-09-15,237.0,238.19000244140625,235.02999877929688,236.6999969482422,235.82884216308594,42699500,0.0,0.0
2025-09-16,237.17999267578125,241.22000122070312,236.32000732421875,238.14999389648438,237.2735137939453,63421100,0.0,0.0
2025-09-17,238.97000122070312,240.10000610351562,237.72999572753906,238.99000549316406,238.1104278564453,46508000,0.0,0.0
2025-09-18,239.97000122070312,241.1999969482422,236.64999389648438,237.8800048828125,237.0045166015625,44249600,0.0,0.0
2025-09-19,241.22999572753906,246.3000030517578,240.2100067138672,245.5,244.59645080566406,163741300,0.0,0.0
2025-09-22,248.3000030517578,256.6400146484375,248.1199951171875,256.0799865722656,255.13751220703125,105517400,0.0,0.0
2025-09-23,255.8800048828125,257.3399963378906,253.5800018310547,254.42999267578125,253.49359130859375,60275200,0.0,0.0
2025-09-24,255.22000122070312,255.74000549316406,251.0399932861328,252.30999755859375,251.3813934326172,42303700,0.0,0.0
2025-09-25,253.2100067138672,257.1700134277344,251.7100067138672,256.8699951171875,255.9246063232422,55202100,0.0,0.0
2025-09-26,254.10000610351562,257.6000061035156,253.77999877929688,255.4600067138672,254.51980590820312,46076300,0.0,0.0
2025-09-29,254.55999755859375,255.0,253.00999450683594,254.42999267578125,253.49359130859375,40127700,0.0,0.0
2025-09-30,254.86000061035156,255.9199981689453,253.11000061035156,254.6300048828125,253.69287109375,37704300,0.0,0.0
2025-10-01,255.0399932861328,258.7900085449219,254.92999267578125,255.4499969482422,254.50985717773438,48713900,0.0,0.0
2025-10-02,256.5799865722656,258.17999267578125,254.14999389648438,257.1300048828125,256.18365478515625,42630200,0.0,0.0
2025-10-03,254.6699981689453,259.239990234375,253.9499969482422,258.0199890136719,257.07037353515625,49155600,0.0,0.0
2025-10-06,257.989990234375,259.07000732421875,255.0500030517578,256.69000244140625,255.74526977539062,44664100,0.0,0.0
2025-10-07,256.80999755859375,257.3999938964844,255.42999267578125,256.4800109863281,255.53607177734375,31955800,0.0,0.0
2025-10-08,256.5199890136719,258.5199890136719,256.1099853515625,258.05999755859375,257.1102600097656,36496900,0.0,0.0
2025-10-09,257.80999755859375,258.0,253.13999938964844,254.0399932861328,253.1050262451172,38322000,0.0,0.0
2025-10-10,254.94000244140625,256.3800048828125,244.0,245.27000427246094,244.3673095703125,61999100,0.0,0.0
2025-10-13,249.3800048828125,249.69000244140625,245.55999755859375,247.66000366210938,246.74851989746094,38142900,0.0,0.0
2025-10-14,246.60000610351562,248.85000610351562,244.6999969482422,247.77000427246094,246.8581085205078,35478000,0.0,0.0
2025-10-15,249.49000549316406,251.82000732421875,247.47000122070312,249.33999633789062,248.42233276367188,33893600,0.0,0.0
2025-10-16,248.25,249.0399932861328,245.1300048828125,247.4499969482422,246.53929138183594,39777000,0.0,0.0
2025-10-17,248.02000427246094,253.3800048828125,247.27000427246094,252.2899932861328,251.36146545410156,49147000,0.0,0.0
2025-10-20,255.88999938964844,264.3800048828125,255.6300048828125,262.239990234375,261.27484130859375,90483000,0.0,0.0
2025-10-21,261.8800048828125,265.2900085449219,261.8299865722656,262.7699890136719,261.8028564453125,46695900,0.0,0.0
2025-10-22,262.6499938964844,262.8500061035156,255.42999267578125,258.45001220703125,257.4988098144531,45015300,0.0,0.0
2025-10-23,259.94000244140625,260.6199951171875,258.010009765625,259.5799865722656,258.6246032714844,32754900,0.0,0.0
2025-10-24,261.19000244140625,264.1300048828125,259.17999267578125,262.82000732421875,261.8527526855469,38253700,0.0,0.0
2025-10-27,264.8800048828125,269.1199951171875,264.6499938964844,268.80999755859375,267.8206787109375,44888200,0.0,0.0
2025-10-28,268.989990234375,269.8900146484375,268.1499938964844,269.0,268.0099792480469,41534800,0.0,0.0
2025-10-29,269.2799987792969,271.4100036621094,267.1099853515625,269.70001220703125,268.7073974609375,51086700,0.0,0.0
2025-10-30,271.989990234375,274.1400146484375,268.4800109863281,271.3999938964844,270.401123046875,69886500,0.0,0.0
2025-10-31,276.989990234375,277.32000732421875,269.1600036621094,270.3699951171875,269.37493896484375,86167100,0.0,0.0
2025-11-03,270.4200134277344,270.8500061035156,266.25,269.04998779296875,268.05975341796875,50194600,0.0,0.0
2025-11-04,268.3299865722656,271.489990234375,267.6199951171875,270.0400085449219,269.0461730957031,49274800,0.0,0.0
2025-11-05,268.6099853515625,271.70001220703125,266.92999267578125,270.1400146484375,269.14581298828125,43683100,0.0,0.0
2025-11-06,267.8900146484375,273.3999938964844,267.8900146484375,269.7699890136719,268.7771301269531,51204000,0.0,0.0
2025-11-07,269.79998779296875,272.2900085449219,266.7699890136719,268.4700012207031,267.48193359375,48227400,0.0,0.0
2025-11-10,268.9599914550781,273.7300109863281,267.4599914550781,269.42999267578125,268.6986083984375,41312400,0.26,0.0
2025-11-11,269.80999755859375,275.9100036621094,269.79998779296875,275.25,274.5028076171875,46208300,0.0,0.0
2025-11-12,275.0,275.7300109863281,271.70001220703125,273.4700012207031,272.7276306152344,48398000,0.0,0.0
2025-11-13,274.1099853515625,276.70001220703125,272.0899963378906,272.95001220703125,272.2090759277344,49602800,0.0,0.0
2025-11-14,271.04998779296875,275.9599914550781,269.6000061035156,272.4100036621094,271.6705017089844,47431300,0.0,0.0
2025-11-17,268.82000732421875,270.489990234375,265.7300109863281,267.4599914550781,266.73394775390625,45018300,0.0,0.0
2025-11-18,269.989990234375,270.7099914550781,265.32000732421875,267.44000244140625,266.71405029296875,45677300,0.0,0.0
2025-11-19,265.5299987792969,272.2099914550781,265.5,268.55999755859375,267.8309631347656,40424500,0.0,0.0
2025-11-20,270.8299865722656,275.42999267578125,265.9200134277344,266.25,265.5272521972656,45823600,0.0,0.0
2025-11-21,265.95001220703125,273.3299865722656,265.6700134277344,271.489990234375,270.75299072265625,59030800,0.0,0.0
2025-11-24,270.8999938964844,277.0,270.8999938964844,275.9200134277344,275.1710205078125,65585800,0.0,0.0
2025-11-25,275.2699890136719,280.3800048828125,275.25,276.9700012207031,276.2181701660156,46914200,0.0,0.0
2025-11-26,276.9599914550781,279.5299987792969,276.6300048828125,277.54998779296875,276.79656982421875,33431400,0.0,0.0
2025-11-28,277.260009765625,279.0,275.989990234375,278.8500061035156,278.0930480957031,20135600,0.0,0.0
2025-12-01,278.010009765625,283.4200134277344,276.1400146484375,283.1000061035156,282.3315124511719,46587700,0.0,0.0
2025-12-02,283.0,287.3999938964844,282.6300048828125,286.19000244140625,285.4131164550781,53669500,0.0,0.0
2025-12-03,286.20001220703125,288.6199951171875,283.29998779296875,284.1499938964844,283.378662109375,43538700,0.0,0.0
2025-12-04,284.1000061035156,284.7300109863281,278.5899963378906,280.70001220703125,279.9380187988281,43989100,0.0,0.0
2025-12-05,280.5400085449219,281.1400146484375,278.04998779296875,278.7799987792969,278.02325439453125,47265800,0.0,0.0
2025-12-08,278.1300048828125,279.6700134277344,276.1499938964844,277.8900146484375,277.1356506347656,38211800,0.0,0.0
2025-12-09,278.1600036621094,280.0299987792969,276.9200134277344,277.17999267578125,276.4275817871094,32193300,0.0,0.0
2025-12-10,277.75,279.75,276.44000244140625,278.7799987792969,278.02325439453125,33038300,0.0,0.0
2025-12-11,279.1000061035156,279.5899963378906,273.80999755859375,278.0299987792969,277.2752685546875,33248000,0.0,0.0
2025-12-12,277.8999938964844,279.2200012207031,276.82000732421875,278.2799987792969,277.5246276855469,39532900,0.0,0.0
2025-12-15,280.1499938964844,280.1499938964844,272.8399963378906,274.1099853515625,273.3658752441406,50409100,0.0,0.0
2025-12-16,272.82000732421875,275.5,271.7900085449219,274.6099853515625,273.8645324707031,37648600,0.0,0.0
2025-12-17,275.010009765625,276.1600036621094,271.6400146484375,271.8399963378906,271.10205078125,50138700,0.0,0.0
2025-12-18,273.6099853515625,273.6300048828125,266.95001220703125,272.19000244140625,271.4511413574219,51630700,0.0,0.0
2025-12-19,272.1499938964844,274.6000061035156,269.8999938964844,273.6700134277344,272.9271240234375,144632000,0.0,0.0
2025-12-22,272.8599853515625,273.8800048828125,270.510009765625,270.9700012207031,270.23443603515625,36571800,0.0,0.0
2025-12-23,270.8399963378906,272.5,269.55999755859375,272.3599853515625,271.62066650390625,29642000,0.0,0.0
2025-12-24,272.3399963378906,275.42999267578125,272.20001220703125,273.80999755859375,273.06671142578125,17910600,0.0,0.0
2025-12-26,274.1600036621094,275.3699951171875,272.8599853515625,273.3999938964844,272.6578063964844,21521800,0.0,0.0
2025-12-29,272.69000244140625,274.3599853515625,272.3500061035156,273.760009765625,273.0168762207031,23715200,0.0,0.0
2025-12-30,272.80999755859375,274.0799865722656,272.2799987792969,273.0799865722656,272.33868408203125,22139600,0.0,0.0
2025-12-31,273.05999755859375,273.67999267578125,271.75,271.8599853515625,271.12200927734375,27293600,0.0,0.0
2026-01-02,272.260009765625,277.8399963378906,269.0,271.010009765625,270.2743225097656,37838100,0.0,0.0
2026-01-05,270.6400146484375,271.510009765625,266.1400146484375,267.260009765625,266.5345153808594,45647200,0.0,0.0
2026-01-06,267.0,267.54998779296875,262.1199951171875,262.3599853515625,261.6477966308594,52352100,0.0,0.0
2026-01-07,263.20001220703125,263.67999267578125,259.80999755859375,260.3299865722656,259.623291015625,48309800,0.0,0.0
2026-01-08,257.0199890136719,259.2900085449219,255.6999969482422,259.0400085449219,258.3368225097656,50419300,0.0,0.0
2026-01-09,259.0799865722656,260.2099914550781,256.2200012207031,259.3699951171875,258.6659240722656,39997000,0.0,0.0
2026-01-12,259.1600036621094,261.29998779296875,256.79998779296875,260.25,259.54351806640625,45263800,0.0,0.0
2026-01-13,258.7200012207031,261.80999755859375,258.3900146484375,261.04998779296875,260.3413391113281,45730800,0.0,0.0
2026-01-14,259.489990234375,261.82000732421875,256.7099914550781,259.9599914550781,259.25433349609375,40019400,0.0,0.0
2026-01-15,260.6499938964844,261.0400085449219,257.04998779296875,258.2099914550781,257.5090637207031,39388600,0.0,0.0
2026-01-16,257.8999938964844,258.8999938964844,254.92999267578125,255.52999877929688,254.8363494873047,72142800,0.0,0.0
2026-01-20,252.72999572753906,254.7899932861328,243.4199981689453,246.6999969482422,246.0303192138672,80267500,0.0,0.0
2026-01-21,248.6999969482422,251.55999755859375,245.17999267578125,247.64999389648438,246.97775268554688,54641700,0.0,0.0
2026-01-22,249.1999969482422,251.0,248.14999389648438,248.35000610351562,247.67584228515625,39708300,0.0,0.0
2026-01-23,247.32000732421875,249.41000366210938,244.67999267578125,248.0399932861328,247.36668395996094,41689000,0.0,0.0
2026-01-26,251.47999572753906,256.55999755859375,249.8000030517578,255.41000366210938,254.7166748046875,55969200,0.0,0.0
2026-01-27,259.1700134277344,261.95001220703125,258.2099914550781,258.2699890136719,257.5688781738281,49648300,0.0,0.0
2026-01-28,257.6499938964844,258.8599853515625,254.50999450683594,256.44000244140625,255.743896484375,41288000,0.0,0.0
2026-01-29,258.0,259.6499938964844,254.41000366210938,258.2799987792969,257.5788879394531,67253000,0.0,0.0
2026-01-30,255.1699981689453,261.8999938964844,252.17999267578125,259.4800109863281,258.775634765625,92443400,0.0,0.0
2026-02-02,260.0299987792969,270.489990234375,259.2099914550781,270.010009765625,269.2770690917969,73913400,0.0,0.0
2026-02-03,269.20001220703125,271.8800048828125,267.6099853515625,269.4800109863281,268.7485046386719,64394700,0.0,0.0
2026-02-04,272.2900085449219,278.95001220703125,272.2900085449219,276.489990234375,275.7394104003906,90545700,0.0,0.0
2026-02-05,278.1300048828125,279.5,273.2300109863281,275.9100036621094,275.1610412597656,52977400,0.0,0.0
2026-02-06,277.1199951171875,280.9100036621094,276.92999267578125,278.1199951171875,277.364990234375,50453400,0.0,0.0
2026-02-09,277.9100036621094,278.20001220703125,271.70001220703125,274.6199951171875,274.13079833984375,44623400,0.26,0.0
2026-02-10,274.8900146484375,275.3699951171875,272.94000244140625,273.67999267578125,273.19244384765625,34376900,0.0,0.0
2026-02-11,274.70001220703125,280.17999267578125,274.45001220703125,275.5,275.00921630859375,51931300,0.0,0.0
2026-02-12,275.5899963378906,275.7200012207031,260.17999267578125,261.7300109863281,261.2637634277344,81077200,0.0,0.0
2026-02-13,262.010009765625,262.2300109863281,255.4499969482422,255.77999877929688,255.32435607910156,56290700,0.0,0.0
2026-02-17,258.04998779296875,266.2900085449219,255.5399932861328,263.8800048828125,263.4099426269531,58469100,0.0,0.0
2026-02-18,263.6000061035156,266.82000732421875,262.45001220703125,264.3500061035156,263.8791198730469,34203300,0.0,0.0
2026-02-19,262.6000061035156,264.4800109863281,260.04998779296875,260.5799865722656,260.11578369140625,30845300,0.0,0.0
2026-02-20,258.9700012207031,264.75,258.1600036621094,264.5799865722656,264.1086730957031,42070500,0.0,0.0
2026-02-23,263.489990234375,269.42999267578125,263.3800048828125,266.17999267578125,265.705810546875,37308200,0.0,0.0
2026-02-24,267.8599853515625,274.8900146484375,267.7099914550781,272.1400146484375,271.6552429199219,47014600,0.0,0.0
2026-02-25,271.7799987792969,274.94000244140625,271.04998779296875,274.2300109863281,273.74151611328125,33714300,0.0,0.0
2026-02-26,274.95001220703125,276.1099853515625,270.79998779296875,272.95001220703125,272.4637756347656,32345100,0.0,0.0
2026-02-27,272.80999755859375,272.80999755859375,262.8900146484375,264.17999267578125,263.70941162109375,72366500,0.0,0.0
2026-03-02,262.4100036621094,266.5299987792969,260.20001220703125,264.7200012207031,264.2484130859375,41827900,0.0,0.0
2026-03-03,263.4800109863281,265.55999755859375,260.1300048828125,263.75,263.2801818847656,38568900,0.0,0.0
2026-03-04,264.6499938964844,266.1499938964844,261.4200134277344,262.5199890136719,262.0523376464844,39803100,0.0,0.0
2026-03-05,260.7900085449219,261.55999755859375,257.25,260.2900085449219,259.8263244628906,49658600,0.0,0.0
2026-03-06,258.6300048828125,258.7699890136719,254.3699951171875,257.4599914550781,257.0013427734375,41120000,0.0,0.0
2026-03-09,255.69000244140625,261.1499938964844,253.67999267578125,259.8800048828125,259.41705322265625,38218500,0.0,0.0
2026-03-10,257.6499938964844,262.4800109863281,256.95001220703125,260.8299865722656,260.3653564453125,30590800,0.0,0.0
2026-03-11,261.0899963378906,262.1300048828125,259.54998779296875,260.80999755859375,260.34539794921875,26218900,0.0,0.0
2026-03-12,258.6600036621094,258.95001220703125,254.17999267578125,255.75999450683594,255.3043975830078,40794000,0.0,0.0
2026-03-13,255.47999572753906,256.3299865722656,249.52000427246094,250.1199951171875,249.6744384765625,36930000,0.0,0.0
2026-03-16,252.11000061035156,253.88999938964844,249.8800048828125,252.82000732421875,252.36964416503906,32074200,0.0,0.0
2026-03-17,252.9600067138672,255.1300048828125,252.17999267578125,254.22999572753906,253.77711486816406,32361600,0.0,0.0
2026-03-18,252.6300048828125,254.94000244140625,249.0,249.94000244140625,249.49476623535156,35757900,0.0,0.0
2026-03-19,249.39999389648438,251.8300018310547,247.3000030517578,248.9600067138672,248.5165252685547,34864100,0.0,0.0
2026-03-20,247.97999572753906,249.1999969482422,246.0,247.99000549316406,247.54823303222656,88331100,0.0,0.0
2026-03-23,253.97000122070312,254.60000610351562,250.27999877929688,251.49000549316406,251.04200744628906,40546100,0.0,0.0
2026-03-24,250.35000610351562,254.8300018310547,249.5500030517578,251.63999938964844,251.1917266845703,45152300,0.0,0.0
2026-03-25,254.10000610351562,255.0,251.60000610351562,252.6199951171875,252.16998291015625,28476700,0.0,0.0
2026-03-26,252.1199951171875,257.0,250.77000427246094,252.88999938964844,252.43951416015625,41796700,0.0,0.0
2026-03-27,253.89999389648438,255.49000549316406,248.07000732421875,248.8000030517578,248.35679626464844,47900000,0.0,0.0
2026-03-30,250.07000732421875,250.8699951171875,245.50999450683594,246.6300048828125,246.19065856933594,39446200,0.0,0.0
2026-03-31,247.91000366210938,255.47999572753906,247.10000610351562,253.7899932861328,253.33790588378906,49598100,0.0,0.0
2026-04-01,254.0800018310547,256.17999267578125,253.3300018310547,255.6300048828125,255.1746368408203,40059400,0.0,0.0
2026-04-02,254.1999969482422,256.1300048828125,250.64999389648438,255.9199981689453,255.464111328125,31289400,0.0,0.0
2026-04-06,256.510009765625,262.1600036621094,256.4599914550781,258.8599853515625,258.39886474609375,29329900,0.0,0.0
2026-04-07,256.1600036621094,256.20001220703125,245.6999969482422,253.5,253.0484161376953,62148000,0.0,0.0
2026-04-08,258.45001220703125,259.75,256.5299987792969,258.8999938964844,258.4388122558594,41032800,0.0,0.0
2026-04-09,259.0,261.1199951171875,256.07000732421875,260.489990234375,260.0259704589844,28121600,0.0,0.0
2026-04-10,259.9800109863281,262.19000244140625,259.0199890136719,260.4800109863281,260.0159912109375,31291500,0.0,0.0
2026-04-13,259.7300109863281,260.17999267578125,256.6600036621094,259.20001220703125,258.73828125,36234700,0.0,0.0
2026-04-14,259.25,261.92999267578125,257.19000244140625,258.8299865722656,258.3689270019531,48370700,0.0,0.0
2026-04-15,258.1600036621094,266.55999755859375,257.80999755859375,266.42999267578125,265.95538330078125,49913500,0.0,0.0
2026-04-16,266.79998779296875,267.1600036621094,261.2699890136719,263.3999938964844,262.9307861328125,43323100,0.0,0.0
2026-04-17,266.9599914550781,272.29998779296875,266.7200012207031,270.2300109863281,269.7486267089844,61436200,0.0,0.0
2026-04-20,270.3299865722656,274.2799987792969,270.2900085449219,273.04998779296875,272.5635681152344,36590200,0.0,0.0
2026-04-21,271.5,272.79998779296875,265.3999938964844,266.1700134277344,265.69586181640625,50209800,0.0,0.0
2026-04-22,267.82000732421875,273.739990234375,266.8699951171875,273.1700134277344,272.68341064453125,43249200,0.0,0.0
2026-04-23,275.04998779296875,275.7699890136719,271.6499938964844,273.42999267578125,272.9429016113281,33399600,0.0,0.0
2026-04-24,272.760009765625,273.05999755859375,269.6499938964844,271.05999755859375,270.5771179199219,38157100,0.0,0.0
2026-04-27,266.0899963378906,268.3599853515625,265.07000732421875,267.6099853515625,267.1332702636719,41466800,0.0,0.0
2026-04-28,272.3399963378906,273.2300109863281,268.6600036621094,270.7099914550781,270.2277526855469,40018900,0.0,0.0
2026-04-29,267.54998779296875,271.0400085449219,267.0400085449219,270.1700134277344,269.688720703125,30047900,0.0,0.0
2026-04-30,270.5,276.0,268.1400146484375,271.3500061035156,270.86663818359375,91848200,0.0,0.0
2026-05-01,278.8599853515625,287.2200012207031,278.3699951171875,280.1400146484375,279.6409912109375,79915400,0.0,0.0
2026-05-04,279.6600036621094,280.6300048828125,274.8599853515625,276.8299865722656,276.3368225097656,46668400,0.0,0.0
2026-05-05,276.92999267578125,284.57000732421875,276.5,284.17999267578125,283.67376708984375,49311700,0.0,0.0
2026-05-06,281.9200134277344,288.0299987792969,281.07000732421875,287.510009765625,286.99786376953125,58336100,0.0,0.0
2026-05-07,289.2699890136719,292.1300048828125,285.7799987792969,287.44000244140625,286.927978515625,45224300,0.0,0.0
2026-05-08,290.010009765625,294.760009765625,290.0,293.32000732421875,292.7974853515625,52692800,0.0,0.0
2026-05-11,291.9800109863281,293.8800048828125,290.2300109863281,292.67999267578125,292.42779541015625,42247300,0.27,0.0
2026-05-12,292.55999755859375,295.2699890136719,292.55999755859375,294.79998779296875,294.54595947265625,45748100,0.0,0.0
2026-05-13,293.5,300.9200134277344,293.5,298.8699951171875,298.6124572753906,52684300,0.0,0.0
2026-05-14,299.82000732421875,300.45001220703125,295.3800048828125,298.2099914550781,297.9530334472656,35324900,0.0,0.0
2026-05-15,297.8999938964844,303.20001220703125,296.5199890136719,300.2300109863281,299.9713134765625,54862800,0.0,0.0
2026-05-18,300.239990234375,300.6600036621094,294.9100036621094,297.8399963378906,297.5833435058594,34483000,0.0,0.0
2026-05-19,296.9700012207031,300.510009765625,296.3500061035156,298.9700012207031,298.7123718261719,42243600,0.0,0.0
2026-05-20,298.17999267578125,302.79998779296875,298.0799865722656,302.25,301.98956298828125,38229800,0.0,0.0
2026-05-21,301.05999755859375,305.5400085449219,300.3999938964844,304.989990234375,304.7271728515625,42965100,0.0,0.0
2026-05-22,306.1199951171875,311.3999938964844,305.8399963378906,308.82000732421875,308.55389404296875,43670200,0.0,0.0
2026-05-26,309.55999755859375,311.82000732421875,307.6700134277344,308.3299865722656,308.0643005371094,48000500,0.0,0.0
2026-05-27,308.3299865722656,313.260009765625,308.29998779296875,310.8500061035156,310.5821533203125,50430900,0.0,0.0
2026-05-28,310.67999267578125,312.79998779296875,309.57000732421875,312.510009765625,312.24072265625,48220400,0.0,0.0
2026-05-29,311.7799987792969,315.0,309.5299987792969,312.05999755859375,311.7911071777344,70026800,0.0,0.0
2026-06-01,309.6300048828125,310.94000244140625,305.0199890136719,306.30999755859375,306.0460510253906,48849900,0.0,0.0
2026-06-02,307.4599914550781,315.45001220703125,306.69000244140625,315.20001220703125,314.92840576171875,44534700,0.0,0.0
2026-06-03,314.17999267578125,316.94000244140625,308.8500061035156,310.260009765625,309.9926452636719,50836700,0.0,0.0
2026-06-04,313.2300109863281,313.5400085449219,309.6499938964844,311.2300109863281,310.9618225097656,44869100,0.0,0.0
2026-06-05,312.8599853515625,315.1700134277344,307.1499938964844,307.3399963378906,307.0751647949219,65310500,0.0,0.0
2026-06-08,308.739990234375,317.3999938964844,301.1700134277344,301.5400085449219,301.2801818847656,77949100,0.0,0.0
2026-06-09,300.2799987792969,300.75,287.7799987792969,290.54998779296875,290.29962158203125,70108800,0.0,0.0
2026-06-10,290.739990234375,294.75,287.3800048828125,291.5799865722656,291.3287353515625,52793300,0.0,0.0
2026-06-11,293.7200012207031,297.0,289.5899963378906,295.6300048828125,295.375244140625,42572500,0.0,0.0
2026-06-12,296.0299987792969,297.1400146484375,289.6199951171875,291.1300048828125,290.879150390625,38742100,0.0,0.0
2026-06-15,294.1199951171875,297.7799987792969,291.70001220703125,296.4200134277344,296.1645812988281,45732600,0.0,0.0
2026-06-16,295.25,300.4800109863281,293.9700012207031,299.239990234375,298.9821472167969,39874400,0.0,0.0
2026-06-17,300.8500061035156,302.07000732421875,294.3599853515625,295.95001220703125,295.6949768066406,42745100,0.0,0.0
2026-06-18,298.1099853515625,300.57000732421875,295.6199951171875,298.010009765625,297.7532043457031,85962200,0.0,0.0
2026-06-22,297.30999755859375,302.4200134277344,296.760009765625,297.010009765625,296.75408935546875,44879900,0.0,0.0
2026-06-23,297.5400085449219,301.6400146484375,294.17999267578125,294.29998779296875,294.04638671875,52010900,0.0,0.0
2026-06-24,295.3599853515625,299.70001220703125,292.94000244140625,293.0799865722656,292.8274230957031,53081900,0.0,0.0
2026-06-25,287.3999938964844,288.79998779296875,273.75,275.1499938964844,274.91290283203125,107013700,0.0,0.0
2026-06-26,275.0,285.95001220703125,274.2099914550781,283.7799987792969,283.53546142578125,261775500,0.0,0.0
2026-06-29,286.7300109863281,288.3699951171875,279.8500061035156,281.739990234375,281.4972229003906,66427000,0.0,0.0
2026-06-30,281.1700134277344,289.94000244140625,280.70001220703125,289.3599853515625,289.11065673828125,65100200,0.0,0.0
2026-07-01,293.44000244140625,296.5899963378906,289.20001220703125,294.3800048828125,294.1263427734375,50164200,0.0,0.0
2026-07-02,294.1199951171875,309.4200134277344,293.67999267578125,308.6300048828125,308.3640441894531,75352800,0.0,0.0
2026-07-06,307.3599853515625,314.20001220703125,307.0,312.6600036621094,312.3905944824219,53590000,0.0,0.0
2026-07-07,315.2900085449219,315.4800109863281,310.1499938964844,310.6600036621094,310.3923034667969,42490000,0.0,0.0
2026-07-08,311.9100036621094,314.82000732421875,307.04998779296875,313.3900146484375,313.1199645996094,41323500,0.0,0.0
2026-07-09,310.510009765625,316.5299987792969,308.1600036621094,316.2200012207031,315.947509765625,48124500,0.0,0.0
2026-07-10,314.7200012207031,316.9100036621094,312.1700134277344,315.32000732421875,315.0483093261719,34132300,0.0,0.0
2026-07-13,317.0199890136719,323.45001220703125,315.7799987792969,317.30999755859375,317.03656005859375,43257800,0.0,0.0
2026-07-14,313.760009765625,316.19000244140625,311.9100036621094,314.8599853515625,314.58868408203125,36336800,0.0,0.0
2026-07-15,317.6199951171875,328.7300109863281,317.32000732421875,327.5,327.2178039550781,60957600,0.0,0.0
2026-07-16,328.010009765625,334.67999267578125,326.7900085449219,333.260009765625,332.97283935546875,62970600,0.0,0.0
2026-07-17,331.9800109863281,334.989990234375,329.0,333.739990234375,333.452392578125,63407100,0.0,0.0
2026-07-20,333.510009765625,333.7099914550781,323.67999267578125,326.5899963378906,326.3085632324219,53468000,0.0,0.0
2026-07-21,323.1300048828125,329.6000061035156,322.2200012207031,327.739990234375,327.45758056640625,41338900,0.0,0.0
2026-07-22,327.8699951171875,329.0,323.3399963378906,325.8900146484375,325.60919189453125,38755900,0.0,0.0
2026-07-23,321.7300109863281,323.29998779296875,319.3500061035156,321.6600036621094,321.3828430175781,40840800,0.0,0.0
2026-07-24,321.7900085449219,334.3699951171875,321.6199951171875,333.0199890136719,332.7330322265625,47489400,0.0,0.0
2026-07-27,334.5400085449219,339.57000732421875,334.0199890136719,336.9100036621094,336.61968994140625,49604300,0.0,0.0
2026-07-28,340.0299987792969,342.8900146484375,335.6000061035156,340.0799865722656,339.78692626953125,51859000,0.0,0.0
2026-07-29,339.7300109863281,344.57000732421875,337.3500061035156,338.19000244140625,337.8985900878906,56090800,0.0,0.0
2026-07-30,333.1000061035156,334.75,329.5899963378906,333.42999267578125,333.1426696777344,74817800,0.0,0.0
2026-07-31,304.80999755859375,310.69000244140625,300.0,308.9100036621094,308.6438293457031,132489100,0.0,0.0
2026-08-03,309.5799865722656,311.79998779296875,302.55999755859375,303.4200134277344,303.1585693359375,75052000,0.0,0.0
2026-08-04,302.7300109863281,310.4200134277344,301.32000732421875,309.3800048828125,309.1134033203125,68001000,0.0,0.0
2026-08-05,309.3599853515625,311.7099914550781,305.6700134277344,311.0,310.7320251464844,49438800,0.0,0.0
2026-08-06,314.3399963378906,316.2900085449219,309.2300109863281,312.4100036621094,312.14080810546875,46139900,0.0,0.0
2026-08-07,311.45001220703125,314.80999755859375,310.739990234375,313.3299865722656,313.05999755859375,34437200,0.0,0.0
2026-08-10,306.8299865722656,308.260009765625,304.6099853515625,308.260009765625,308.260009765625,44812500,0.27,0.0
2026-08-11,307.75,309.9700012207031,302.7900085449219,304.9100036621094,304.9100036621094,37476700,0.0,0.0
2026-08-12,305.1000061035156,305.6600036621094,300.57000732421875,302.25,302.25,41657800,0.0,0.0
2026-08-13,304.2099914550781,306.0,302.04998779296875,305.260009765625,305.260009765625,40349300,0.0,0.0
2026-08-14,306.0,307.489990234375,304.29998779296875,305.92999267578125,305.92999267578125,28229400,0.0,0.0
2026-08-17,306.2099914550781,307.6600036621094,302.94000244140625,305.5899963378906,305.5899963378906,38169300,0.0,0.0
2026-08-18,307.5799865722656,311.489990234375,305.739990234375,310.0299987792969,310.0299987792969,53424500,0.0,0.0
2026-08-19,310.1400146484375,319.2799987792969,309.6000061035156,316.8299865722656,316.8299865722656,50505600,0.0,0.0
2026-08-20,317.4599914550781,320.2799987792969,310.6499938964844,311.29998779296875,311.29998779296875,40959200,0.0,0.0
2026-08-21,312.04998779296875,312.3800048828125,307.010009765625,309.3500061035156,309.3500061035156,46876800,0.0,0.0
2026-08-24,311.4700012207031,313.3599853515625,309.9700012207031,310.3399963378906,310.3399963378906,34673600,0.0,0.0
2026-08-25,310.7900085449219,313.5899963378906,308.2099914550781,309.8999938964844,309.8999938964844,25869800,0.0,0.0
2026-08-26,310.29998779296875,315.42999267578125,308.79998779296875,313.45001220703125,313.45001220703125,34024500,0.0,0.0
2026-08-27,310.54998779296875,315.3999938964844,309.3999938964844,314.5799865722656,314.5799865722656,32419200,0.0,0.0
2026-08-28,316.8500061035156,322.3699951171875,315.45001220703125,319.70001220703125,319.70001220703125,38649400,0.0,0.0
2026-08-31,319.6000061035156,321.239990234375,312.79998779296875,316.8500061035156,316.8500061035156,41242700,0.0,0.0
2026-09-01,316.9800109863281,327.29998779296875,314.7300109863281,325.1300048828125,325.1300048828125,53167400,0.0,0.0
2026-09-02,326.8699951171875,328.3999938964844,323.5299987792969,324.9599914550781,324.9599914550781,33776400,0.0,0.0
2026-09-03,324.8699951171875,330.80999755859375,324.1099853515625,328.2099914550781,328.2099914550781,37225800,0.0,0.0
2026-09-04,328.30999755859375,328.92999267578125,317.8599853515625,319.9700012207031,319.9700012207031,39606900,0.0,0.0
2026-09-08,317.1000061035156,320.70001220703125,314.8999938964844,316.2200012207031,316.2200012207031,35477100,0.0,0.0
2026-09-09,315.489990234375,319.1499938964844,309.8999938964844,315.3399963378906,315.3399963378906,65640000,0.0,0.0
2026-09-10,316.6700134277344,326.739990234375,316.510009765625,326.57000732421875,326.57000732421875,70011900,0.0,0.0
2026-09-11,327.45001220703125,336.2200012207031,326.29998779296875,332.2699890136719,332.2699890136719,50716900,0.0,0.0
2026-09-14,334.7900085449219,335.5,331.3399963378906,333.0799865722656,333.0799865722656,39269100,0.0,0.0
2026-09-15,330.1400146484375,331.7799987792969,328.3500061035156,331.3399963378906,331.3399963378906,31748200,0.0,0.0
2026-09-16,332.5299987792969,335.4800109863281,330.70001220703125,332.4100036621094,332.4100036621094,35981000,0.0,0.0
2026-09-17,334.7699890136719,338.3399963378906,330.17999267578125,337.0,337.0,36700200,0.0,0.0
2026-09-18,337.9100036621094,338.489990234375,332.5299987792969,336.1300048828125,336.1300048828125,86433100,0.0,0.0
