Date,Open,High,Low,Close,Adj Close,Volume,Dividends,Stock Splits
2010-01-04,30.6200008392334,31.100000381469727,30.59000015258789,30.950000762939453,22.98423957824707,38409100,0.0,0.0
2010-01-05,30.850000381469727,31.100000381469727,30.639999389648438,30.959999084472656,22.99166488647461,49749600,0.0,0.0
2010-01-06,30.8799991607666,31.079999923706055,30.520000457763672,30.770000457763672,22.850568771362305,58182400,0.0,0.0
2010-01-07,30.6299991607666,30.700000762939453,30.190000534057617,30.450000762939453,22.612926483154297,50559700,0.0,0.0
2010-01-08,30.280000686645508,30.8799991607666,30.239999771118164,30.65999984741211,22.768869400024414,51197400,0.0,0.0
2010-01-11,30.709999084472656,30.760000228881836,30.1200008392334,30.270000457763672,22.47925567626953,68754700,0.0,0.0
2010-01-12,30.149999618530273,30.399999618530273,29.90999984741211,30.06999969482422,22.330730438232422,65912100,0.0,0.0
2010-01-13,30.260000228881836,30.520000457763672,30.010000228881836,30.350000381469727,22.538673400878906,51863500,0.0,0.0
2010-01-14,30.309999465942383,31.100000381469727,30.260000228881836,30.959999084472656,22.99166488647461,63228100,0.0,0.0
2010-01-15,31.079999923706055,31.239999771118164,30.709999084472656,30.860000610351562,22.917409896850586,79913200,0.0,0.0
2010-01-19,30.75,31.239999771118164,30.68000030517578,31.100000381469727,23.095630645751953,46575700,0.0,0.0
2010-01-20,30.809999465942383,30.940000534057617,30.309999465942383,30.59000015258789,22.71689224243164,54849500,0.0,0.0
2010-01-21,30.610000610351562,30.719999313354492,30.0,30.010000228881836,22.286165237426758,73086700,0.0,0.0
2010-01-22,30.0,30.200000762939453,28.84000015258789,28.959999084472656,21.50640869140625,102004600,0.0,0.0
2010-01-25,29.239999771118164,29.65999984741211,29.100000381469727,29.31999969482422,21.773759841918945,63373000,0.0,0.0
2010-01-26,29.200000762939453,29.850000381469727,29.09000015258789,29.5,21.907434463500977,66639900,0.0,0.0
2010-01-27,29.350000381469727,29.81999969482422,29.020000457763672,29.670000076293945,22.033681869506836,63949500,0.0,0.0
2010-01-28,29.84000015258789,29.8700008392334,28.889999389648438,29.15999984741211,21.654939651489258,117513700,0.0,0.0
2010-01-29,29.899999618530273,29.920000076293945,27.65999984741211,28.18000030517578,20.927165985107422,193888500,0.0,0.0
2010-02-01,28.389999389648438,28.479999542236328,27.920000076293945,28.40999984741211,21.09798240661621,85931100,0.0,0.0
2010-02-02,28.3700008392334,28.5,28.139999389648438,28.459999084472656,21.135099411010742,54413700,0.0,0.0
2010-02-03,28.260000228881836,28.790000915527344,28.1200008392334,28.6299991607666,21.26134490966797,61397900,0.0,0.0
2010-02-04,28.3799991607666,28.5,27.809999465942383,27.84000015258789,20.674678802490234,77850000,0.0,0.0
2010-02-05,28.0,28.280000686645508,27.56999969482422,28.020000457763672,20.8083438873291,80960100,0.0,0.0
2010-02-08,28.010000228881836,28.079999923706055,27.56999969482422,27.719999313354492,20.58555793762207,52820600,0.0,0.0
2010-02-09,27.969999313354492,28.34000015258789,27.75,28.010000228881836,20.800920486450195,59195800,0.0,0.0
2010-02-10,28.030000686645508,28.239999771118164,27.84000015258789,27.989999771118164,20.78606605529785,48591300,0.0,0.0
2010-02-11,27.93000030517578,28.399999618530273,27.700000762939453,28.1200008392334,20.882610321044922,65993700,0.0,0.0
2010-02-12,27.809999465942383,28.059999465942383,27.579999923706055,27.93000030517578,20.74151039123535,81117200,0.0,0.0
2010-02-16,28.1299991607666,28.3700008392334,28.020000457763672,28.350000381469727,21.15186882019043,51935600,0.13,0.0
2010-02-17,28.530000686645508,28.649999618530273,28.360000610351562,28.59000015258789,21.33092498779297,45882900,0.0,0.0
2010-02-18,28.59000015258789,29.030000686645508,28.510000228881836,28.969999313354492,21.61444664001465,42856500,0.0,0.0
2010-02-19,28.790000915527344,28.920000076293945,28.690000534057617,28.770000457763672,21.465221405029297,44451800,0.0,0.0
2010-02-22,28.84000015258789,28.940000534057617,28.649999618530273,28.729999542236328,21.435386657714844,36707100,0.0,0.0
2010-02-23,28.68000030517578,28.829999923706055,28.09000015258789,28.329999923706055,21.13694190979004,52266200,0.0,0.0
2010-02-24,28.520000457763672,28.790000915527344,28.3799991607666,28.6299991607666,21.360767364501953,43165900,0.0,0.0
2010-02-25,28.270000457763672,28.649999618530273,28.020000457763672,28.600000381469727,21.3383846282959,48735300,0.0,0.0
2010-02-26,28.649999618530273,28.850000381469727,28.510000228881836,28.670000076293945,21.39061737060547,40370600,0.0,0.0
2010-03-01,28.770000457763672,29.049999237060547,28.530000686645508,29.020000457763672,21.651742935180664,43805400,0.0,0.0
2010-03-02,29.079999923706055,29.299999237060547,28.239999771118164,28.459999084472656,21.23394012451172,93123900,0.0,0.0
2010-03-03,28.510000228881836,28.610000610351562,28.350000381469727,28.459999084472656,21.23394012451172,48442100,0.0,0.0
2010-03-04,28.459999084472656,28.649999618530273,28.270000457763672,28.6299991607666,21.360767364501953,42890600,0.0,0.0
2010-03-05,28.65999984741211,28.68000030517578,28.420000076293945,28.59000015258789,21.33092498779297,56001800,0.0,0.0
2010-03-08,28.520000457763672,28.93000030517578,28.5,28.6299991607666,21.360767364501953,39414500,0.0,0.0
2010-03-09,28.559999465942383,29.110000610351562,28.549999237060547,28.799999237060547,21.487607955932617,50271600,0.0,0.0
2010-03-10,28.860000610351562,29.110000610351562,28.799999237060547,28.969999313354492,21.61444664001465,44891400,0.0,0.0
2010-03-11,28.889999389648438,29.190000534057617,28.850000381469727,29.18000030517578,21.77112579345703,35349700,0.0,0.0
2010-03-12,29.31999969482422,29.3799991607666,29.040000915527344,29.270000457763672,21.838281631469727,31700200,0.0,0.0
2010-03-15,29.18000030517578,29.3700008392334,29.010000228881836,29.290000915527344,21.853199005126953,37512000,0.0,0.0
2010-03-16,29.420000076293945,29.489999771118164,29.200000762939453,29.3700008392334,21.91288185119629,36723500,0.0,0.0
2010-03-17,29.5,29.8700008392334,29.399999618530273,29.6299991607666,22.10686683654785,50385700,0.0,0.0
2010-03-18,29.6299991607666,29.719999313354492,29.5,29.610000610351562,22.091949462890625,43845200,0.0,0.0
2010-03-19,29.760000228881836,29.899999618530273,29.350000381469727,29.59000015258789,22.077024459838867,81332100,0.0,0.0
2010-03-22,29.5,29.700000762939453,29.389999389648438,29.600000381469727,22.084489822387695,37718200,0.0,0.0
2010-03-23,29.59000015258789,29.899999618530273,29.40999984741211,29.8799991607666,22.29339599609375,42026600,0.0,0.0
2010-03-24,29.719999313354492,29.850000381469727,29.600000381469727,29.649999618530273,22.121797561645508,33987700,0.0,0.0
2010-03-25,29.829999923706055,30.56999969482422,29.799999237060547,30.010000228881836,22.390382766723633,73168700,0.0,0.0
2010-03-26,30.09000015258789,30.200000762939453,29.59000015258789,29.65999984741211,22.129247665405273,55595500,0.0,0.0
2010-03-29,29.709999084472656,29.81999969482422,29.549999237060547,29.59000015258789,22.077024459838867,33336000,0.0,0.0
2010-03-30,29.6299991607666,29.860000610351562,29.5,29.770000457763672,22.21133041381836,34954800,0.0,0.0
2010-03-31,29.639999389648438,29.719999313354492,29.170000076293945,29.290000915527344,21.853199005126953,63760000,0.0,0.0
2010-04-01,29.350000381469727,29.540000915527344,28.6200008392334,29.15999984741211,21.75619888305664,74768100,0.0,0.0
2010-04-05,29.1299991607666,29.43000030517578,29.030000686645508,29.270000457763672,21.838281631469727,34331200,0.0,0.0
2010-04-06,29.149999618530273,29.579999923706055,28.979999542236328,29.31999969482422,21.875577926635742,47366800,0.0,0.0
2010-04-07,29.15999984741211,29.559999465942383,29.139999389648438,29.350000381469727,21.89796257019043,58318800,0.0,0.0
2010-04-08,29.31999969482422,29.979999542236328,29.299999237060547,29.920000076293945,22.3232421875,63713800,0.0,0.0
2010-04-09,29.950000762939453,30.40999984741211,29.899999618530273,30.34000015258789,22.636600494384766,54752500,0.0,0.0
2010-04-12,30.25,30.489999771118164,30.209999084472656,30.31999969482422,22.621665954589844,37068800,0.0,0.0
2010-04-13,30.149999618530273,30.5,30.1299991607666,30.450000762939453,22.71866798400879,41374600,0.0,0.0
2010-04-14,30.790000915527344,31.0,30.65999984741211,30.81999969482422,22.994722366333008,68941200,0.0,0.0
2010-04-15,30.81999969482422,30.950000762939453,30.709999084472656,30.8700008392334,23.032032012939453,52745400,0.0,0.0
2010-04-16,30.790000915527344,30.979999542236328,30.600000381469727,30.670000076293945,22.882814407348633,88703100,0.0,0.0
2010-04-19,30.770000457763672,31.25,30.760000228881836,31.040000915527344,23.15886878967285,64970300,0.0,0.0
2010-04-20,31.219999313354492,31.440000534057617,31.1299991607666,31.360000610351562,23.39760971069336,52199500,0.0,0.0
2010-04-21,31.329999923706055,31.5,31.229999542236328,31.329999923706055,23.3752384185791,55343100,0.0,0.0
2010-04-22,31.040000915527344,31.530000686645508,30.899999618530273,31.389999389648438,23.420000076293945,84847600,0.0,0.0
2010-04-23,31.1200008392334,31.579999923706055,30.649999618530273,30.959999084472656,23.09918212890625,126766600,0.0,0.0
2010-04-26,31.0,31.280000686645508,30.860000610351562,31.110000610351562,23.211097717285156,63649300,0.0,0.0
2010-04-27,30.950000762939453,31.25,30.75,30.850000381469727,23.017101287841797,68730900,0.0,0.0
2010-04-28,30.920000076293945,31.0,30.6200008392334,30.90999984741211,23.06187629699707,64557900,0.0,0.0
2010-04-29,30.93000030517578,31.43000030517578,30.670000076293945,31.0,23.129018783569336,52665200,0.0,0.0
2010-04-30,31.06999969482422,31.079999923706055,30.520000457763672,30.540000915527344,22.78582000732422,63214800,0.0,0.0
2010-05-03,30.670000076293945,31.059999465942383,30.579999923706055,30.860000610351562,23.024574279785156,43989500,0.0,0.0
2010-05-04,30.520000457763672,30.549999237060547,29.75,30.1299991607666,22.479917526245117,82085600,0.0,0.0
2010-05-05,29.770000457763672,30.09000015258789,29.690000534057617,29.850000381469727,22.271015167236328,66833800,0.0,0.0
2010-05-06,29.59000015258789,29.8799991607666,27.90999984741211,28.979999542236328,21.621910095214844,128613000,0.0,0.0
2010-05-07,28.93000030517578,28.950000762939453,27.31999969482422,28.209999084472656,21.047414779663086,173718100,0.0,0.0
2010-05-10,29.010000228881836,29.479999542236328,28.709999084472656,28.940000534057617,21.592058181762695,86653300,0.0,0.0
2010-05-11,28.68000030517578,29.649999618530273,28.56999969482422,28.8799991607666,21.547290802001953,63789400,0.0,0.0
2010-05-12,28.979999542236328,29.579999923706055,28.920000076293945,29.440000534057617,21.965112686157227,47146800,0.0,0.0
2010-05-13,29.260000228881836,29.729999542236328,29.18000030517578,29.239999771118164,21.815887451171875,45188800,0.0,0.0
2010-05-14,29.200000762939453,29.209999084472656,28.639999389648438,28.93000030517578,21.584598541259766,63334000,0.0,0.0
2010-05-17,29.1200008392334,29.229999542236328,28.450000762939453,28.940000534057617,21.592058181762695,46053300,0.0,0.0
2010-05-18,28.8700008392334,29.0,28.399999618530273,28.600000381469727,21.43467140197754,52690600,0.13,0.0
2010-05-19,28.520000457763672,28.690000534057617,27.790000915527344,28.239999771118164,21.164875030517578,61746700,0.0,0.0
2010-05-20,27.649999618530273,27.84000015258789,27.040000915527344,27.110000610351562,20.317968368530273,87991100,0.0,0.0
2010-05-21,26.6299991607666,27.110000610351562,26.440000534057617,26.84000015258789,20.115623474121094,117596300,0.0,0.0
2010-05-24,26.850000381469727,26.860000610351562,26.260000228881836,26.270000457763672,19.688425064086914,73711700,0.0,0.0
2010-05-25,25.649999618530273,26.329999923706055,25.3799991607666,26.06999969482422,19.538530349731445,98373600,0.0,0.0
2010-05-26,26.229999542236328,26.610000610351562,24.559999465942383,25.010000228881836,18.744098663330078,176684100,0.0,0.0
2010-05-27,25.729999542236328,26.360000610351562,25.729999542236328,26.0,19.48607063293457,136433600,0.0,0.0
2010-05-28,25.84000015258789,26.1200008392334,25.65999984741211,25.799999237060547,19.33617401123047,67496900,0.0,0.0
2010-06-01,25.530000686645508,26.309999465942383,25.520000457763672,25.889999389648438,19.40363311767578,76152400,0.0,0.0
2010-06-02,26.059999465942383,26.479999542236328,25.729999542236328,26.459999084472656,19.83081817626953,65718800,0.0,0.0
2010-06-03,26.549999237060547,26.93000030517578,26.40999984741211,26.860000610351562,20.1306095123291,67837000,0.0,0.0
2010-06-04,26.100000381469727,26.56999969482422,25.6200008392334,25.790000915527344,19.328672409057617,89832200,0.0,0.0
2010-06-07,25.81999969482422,25.829999923706055,25.239999771118164,25.290000915527344,18.953947067260742,80456200,0.0,0.0
2010-06-08,25.25,25.260000228881836,24.649999618530273,25.110000610351562,18.81904411315918,87355000,0.0,0.0
2010-06-09,25.219999313354492,25.520000457763672,24.75,24.790000915527344,18.5792179107666,87794000,0.0,0.0
2010-06-10,25.1299991607666,25.149999618530273,24.780000686645508,25.0,18.736604690551758,78930900,0.0,0.0
2010-06-11,25.040000915527344,25.719999313354492,24.770000457763672,25.65999984741211,19.231246948242188,68057700,0.0,0.0
2010-06-14,25.860000610351562,25.959999084472656,25.469999313354492,25.5,19.11133575439453,50972400,0.0,0.0
2010-06-15,25.75,26.649999618530273,25.739999771118164,26.579999923706055,19.920753479003906,81641500,0.0,0.0
2010-06-16,26.469999313354492,26.579999923706055,26.229999542236328,26.31999969482422,19.72589683532715,48698000,0.0,0.0
2010-06-17,26.559999465942383,26.670000076293945,26.040000915527344,26.3700008392334,19.763364791870117,47995500,0.0,0.0
2010-06-18,26.3700008392334,26.530000686645508,26.170000076293945,26.440000534057617,19.81583023071289,52075600,0.0,0.0
2010-06-21,26.780000686645508,26.889999389648438,25.889999389648438,25.950000762939453,19.44858741760254,54625300,0.0,0.0
2010-06-22,26.15999984741211,26.450000762939453,25.760000228881836,25.770000457763672,19.313690185546875,55985400,0.0,0.0
2010-06-23,25.780000686645508,25.780000686645508,25.219999313354492,25.309999465942383,18.968936920166016,61466200,0.0,0.0
2010-06-24,25.459999084472656,25.719999313354492,24.93000030517578,25.0,18.736604690551758,85243400,0.0,0.0
2010-06-25,25.049999237060547,25.110000610351562,24.309999465942383,24.530000686645508,18.38435935974121,156256700,0.0,0.0
2010-06-28,24.510000228881836,24.610000610351562,24.1200008392334,24.309999465942383,18.219470977783203,73784800,0.0,0.0
2010-06-29,24.1299991607666,24.200000762939453,23.110000610351562,23.309999465942383,17.470003128051758,119882100,0.0,0.0
2010-06-30,23.299999237060547,23.68000030517578,22.950000762939453,23.010000228881836,17.24516487121582,81050500,0.0,0.0
2010-07-01,23.09000015258789,23.31999969482422,22.729999542236328,23.15999984741211,17.357593536376953,92239400,0.0,0.0
2010-07-02,23.360000610351562,23.479999542236328,23.049999237060547,23.270000457763672,17.440031051635742,62485100,0.0,0.0
2010-07-06,23.700000762939453,24.09000015258789,23.579999923706055,23.81999969482422,17.85223960876465,73592000,0.0,0.0
2010-07-07,23.81999969482422,24.31999969482422,23.610000610351562,24.299999237060547,18.21197509765625,79965300,0.0,0.0
2010-07-08,24.600000381469727,24.6200008392334,23.969999313354492,24.40999984741211,18.29442024230957,50758100,0.0,0.0
2010-07-09,24.329999923706055,24.40999984741211,24.149999618530273,24.270000457763672,18.189495086669922,53806100,0.0,0.0
2010-07-12,24.43000030517578,24.889999389648438,24.420000076293945,24.829999923706055,18.609195709228516,49854200,0.0,0.0
2010-07-13,25.139999389648438,25.299999237060547,24.899999618530273,25.1299991607666,18.834030151367188,61928700,0.0,0.0
2010-07-14,25.5,25.610000610351562,25.1200008392334,25.440000534057617,19.066370010375977,72808100,0.0,0.0
2010-07-15,25.5,25.59000015258789,24.979999542236328,25.510000228881836,19.118833541870117,56934700,0.0,0.0
2010-07-16,25.510000228881836,25.639999389648438,24.8799991607666,24.889999389648438,18.654163360595703,65064800,0.0,0.0
2010-07-19,24.959999084472656,25.299999237060547,24.90999984741211,25.229999542236328,18.908971786499023,38181800,0.0,0.0
2010-07-20,24.860000610351562,25.479999542236328,24.700000762939453,25.479999542236328,19.096342086791992,45530700,0.0,0.0
2010-07-21,25.600000381469727,25.649999618530273,24.979999542236328,25.1200008392334,18.826539993286133,73297300,0.0,0.0
2010-07-22,25.510000228881836,25.989999771118164,25.469999313354492,25.84000015258789,19.36614990234375,73016400,0.0,0.0
2010-07-23,25.84000015258789,26.020000457763672,25.25,25.809999465942383,19.343669891357422,108520100,0.0,0.0
2010-07-26,25.860000610351562,26.200000762939453,25.799999237060547,26.100000381469727,19.561010360717773,67249900,0.0,0.0
2010-07-27,26.139999389648438,26.239999771118164,25.959999084472656,26.15999984741211,19.60597801208496,60672100,0.0,0.0
2010-07-28,26.06999969482422,26.190000534057617,25.829999923706055,25.950000762939453,19.44858741760254,69704800,0.0,0.0
2010-07-29,26.1299991607666,26.40999984741211,25.600000381469727,26.030000686645508,19.508554458618164,69446200,0.0,0.0
2010-07-30,25.75,25.84000015258789,25.350000381469727,25.809999465942383,19.343669891357422,83534800,0.0,0.0
2010-08-02,25.989999771118164,26.3799991607666,25.75,26.329999923706055,19.7333927154541,55044600,0.0,0.0
2010-08-03,26.200000762939453,26.350000381469727,25.969999313354492,26.15999984741211,19.60597801208496,56877700,0.0,0.0
2010-08-04,26.149999618530273,26.239999771118164,25.440000534057617,25.729999542236328,19.28371238708496,78531900,0.0,0.0
2010-08-05,25.489999771118164,25.579999923706055,25.209999084472656,25.3700008392334,19.013906478881836,64922100,0.0,0.0
2010-08-06,25.18000030517578,25.559999465942383,25.020000457763672,25.549999237060547,19.148807525634766,55982100,0.0,0.0
2010-08-09,25.549999237060547,25.729999542236328,25.3700008392334,25.610000610351562,19.19377326965332,57096500,0.0,0.0
2010-08-10,25.329999923706055,25.34000015258789,24.8799991607666,25.06999969482422,18.789064407348633,87257700,0.0,0.0
2010-08-11,24.68000030517578,24.899999618530273,24.559999465942383,24.860000610351562,18.631685256958008,76746900,0.0,0.0
2010-08-12,24.420000076293945,24.68000030517578,24.360000610351562,24.489999771118164,18.354372024536133,70240500,0.0,0.0
2010-08-13,24.350000381469727,24.670000076293945,24.239999771118164,24.399999618530273,18.28692054748535,45263500,0.0,0.0
2010-08-16,24.360000610351562,24.610000610351562,24.299999237060547,24.5,18.361862182617188,40909700,0.0,0.0
2010-08-17,24.709999084472656,24.959999084472656,24.600000381469727,24.709999084472656,18.61804962158203,52912600,0.13,0.0
2010-08-18,24.68000030517578,24.950000762939453,24.40999984741211,24.81999969482422,18.700925827026367,46818900,0.0,0.0
2010-08-19,24.6200008392334,24.739999771118164,24.209999084472656,24.440000534057617,18.414615631103516,54064600,0.0,0.0
2010-08-20,24.309999465942383,24.399999618530273,24.200000762939453,24.229999542236328,18.256391525268555,49560100,0.0,0.0
2010-08-23,24.440000534057617,24.639999389648438,24.239999771118164,24.280000686645508,18.29405975341797,51643000,0.0,0.0
2010-08-24,24.09000015258789,24.350000381469727,24.0,24.040000915527344,18.11323356628418,66522500,0.0,0.0
2010-08-25,24.0,24.219999313354492,23.8700008392334,24.100000381469727,18.158437728881836,47404800,0.0,0.0
2010-08-26,24.09000015258789,24.190000534057617,23.790000915527344,23.81999969482422,17.947465896606445,49105300,0.0,0.0
2010-08-27,23.8799991607666,24.020000457763672,23.510000228881836,23.93000030517578,18.03035545349121,60939400,0.0,0.0
2010-08-30,23.739999771118164,23.81999969482422,23.600000381469727,23.639999389648438,17.811840057373047,45453100,0.0,0.0
2010-08-31,23.600000381469727,23.729999542236328,23.31999969482422,23.469999313354492,17.68375587463379,66074600,0.0,0.0
2010-09-01,23.670000076293945,23.950000762939453,23.540000915527344,23.899999618530273,18.007741928100586,65235900,0.0,0.0
2010-09-02,23.8799991607666,23.950000762939453,23.709999084472656,23.940000534057617,18.03787612915039,48837100,0.0,0.0
2010-09-03,24.239999771118164,24.450000762939453,24.200000762939453,24.290000915527344,18.30159568786621,64189100,0.0,0.0
2010-09-07,24.100000381469727,24.299999237060547,23.920000076293945,23.959999084472656,18.052955627441406,51928700,0.0,0.0
2010-09-08,24.06999969482422,24.200000762939453,23.739999771118164,23.93000030517578,18.03035545349121,65512400,0.0,0.0
2010-09-09,24.190000534057617,24.209999084472656,23.989999771118164,24.010000228881836,18.09062957763672,46028900,0.0,0.0
2010-09-10,23.979999542236328,24.030000686645508,23.790000915527344,23.850000381469727,17.970064163208008,58284300,0.0,0.0
2010-09-13,24.200000762939453,25.290000915527344,24.09000015258789,25.110000610351562,18.91942596435547,114680400,0.0,0.0
2010-09-14,25.040000915527344,25.350000381469727,24.889999389648438,25.030000686645508,18.85915184020996,87160400,0.0,0.0
2010-09-15,25.100000381469727,25.219999313354492,24.920000076293945,25.1200008392334,18.926965713500977,56201900,0.0,0.0
2010-09-16,25.059999465942383,25.3700008392334,25.049999237060547,25.329999923706055,19.085195541381836,44548300,0.0,0.0
2010-09-17,25.399999618530273,25.530000686645508,25.079999923706055,25.219999313354492,19.002315521240234,70341600,0.0,0.0
2010-09-20,25.280000686645508,25.520000457763672,25.110000610351562,25.43000030517578,19.16054344177246,49838700,0.0,0.0
2010-09-21,25.420000076293945,25.420000076293945,25.079999923706055,25.149999618530273,18.949565887451172,52675700,0.0,0.0
2010-09-22,24.889999389648438,24.969999313354492,24.360000610351562,24.610000610351562,18.542699813842773,94299400,0.0,0.0
2010-09-23,24.510000228881836,24.59000015258789,24.360000610351562,24.43000030517578,18.407079696655273,46201800,0.0,0.0
2010-09-24,24.639999389648438,24.799999237060547,24.579999923706055,24.780000686645508,18.670791625976562,51948800,0.0,0.0
2010-09-27,24.850000381469727,24.989999771118164,24.59000015258789,24.729999542236328,18.633119583129883,43603300,0.0,0.0
2010-09-28,24.799999237060547,24.899999618530273,24.350000381469727,24.68000030517578,18.595447540283203,56041200,0.0,0.0
2010-09-29,24.6299991607666,24.65999984741211,24.399999618530273,24.5,18.459819793701172,44318900,0.0,0.0
2010-09-30,24.610000610351562,24.829999923706055,24.360000610351562,24.489999771118164,18.452285766601562,61262700,0.0,0.0
2010-10-01,24.770000457763672,24.81999969482422,24.299999237060547,24.3799991607666,18.369403839111328,62672300,0.0,0.0
2010-10-04,23.959999084472656,23.989999771118164,23.780000686645508,23.90999984741211,18.01527976989746,98143400,0.0,0.0
2010-10-05,24.059999465942383,24.450000762939453,23.90999984741211,24.350000381469727,18.346805572509766,78152900,0.0,0.0
2010-10-06,24.31999969482422,24.540000915527344,24.1299991607666,24.43000030517578,18.407079696655273,50489700,0.0,0.0
2010-10-07,24.6200008392334,24.75,24.280000686645508,24.530000686645508,18.48243522644043,50096100,0.0,0.0
2010-10-08,24.6200008392334,24.649999618530273,24.3700008392334,24.56999969482422,18.51255989074707,41327800,0.0,0.0
2010-10-11,24.739999771118164,24.739999771118164,24.5,24.59000015258789,18.52762794494629,27587800,0.0,0.0
2010-10-12,24.649999618530273,24.93000030517578,24.43000030517578,24.829999923706055,18.70846176147461,50141500,0.0,0.0
2010-10-13,25.020000457763672,25.540000915527344,24.889999389648438,25.34000015258789,19.092731475830078,75336500,0.0,0.0
2010-10-14,25.290000915527344,25.34000015258789,25.0,25.229999542236328,19.009855270385742,51949100,0.0,0.0
2010-10-15,25.360000610351562,25.549999237060547,25.229999542236328,25.540000915527344,19.243423461914062,68954800,0.0,0.0
2010-10-18,25.59000015258789,25.950000762939453,25.450000762939453,25.81999969482422,19.45439338684082,48330500,0.0,0.0
2010-10-19,25.270000457763672,25.3700008392334,24.950000762939453,25.100000381469727,18.911901473999023,66150900,0.0,0.0
2010-10-20,25.260000228881836,25.399999618530273,25.100000381469727,25.309999465942383,19.070127487182617,56283600,0.0,0.0
2010-10-21,25.399999618530273,25.540000915527344,25.049999237060547,25.420000076293945,19.15300750732422,50032400,0.0,0.0
2010-10-22,25.520000457763672,25.540000915527344,25.270000457763672,25.3799991607666,19.122867584228516,25837900,0.0,0.0
2010-10-25,25.239999771118164,25.350000381469727,25.170000076293945,25.190000534057617,18.979707717895508,50912400,0.0,0.0
2010-10-26,25.1200008392334,25.969999313354492,25.059999465942383,25.899999618530273,19.51467514038086,69304200,0.0,0.0
2010-10-27,25.790000915527344,26.110000610351562,25.6200008392334,26.049999237060547,19.627683639526367,64805500,0.0,0.0
2010-10-28,26.209999084472656,26.3799991607666,25.920000076293945,26.280000686645508,19.800983428955078,80730300,0.0,0.0
2010-10-29,27.149999618530273,27.200000762939453,26.479999542236328,26.670000076293945,20.094831466674805,114193200,0.0,0.0
2010-11-01,26.8799991607666,27.219999313354492,26.700000762939453,26.950000762939453,20.30580711364746,61912100,0.0,0.0
2010-11-02,27.059999465942383,27.420000076293945,27.020000457763672,27.389999389648438,20.6373291015625,54402100,0.0,0.0
2010-11-03,27.459999084472656,27.489999771118164,26.959999084472656,27.030000686645508,20.366077423095703,110255300,0.0,0.0
2010-11-04,27.40999984741211,27.43000030517578,27.010000228881836,27.139999389648438,20.448963165283203,93599300,0.0,0.0
2010-11-05,27.170000076293945,27.190000534057617,26.530000686645508,26.850000381469727,20.230451583862305,110953700,0.0,0.0
2010-11-08,26.68000030517578,28.8700008392334,26.579999923706055,26.809999465942383,20.2003173828125,71670800,0.0,0.0
2010-11-09,26.809999465942383,27.110000610351562,26.709999084472656,26.950000762939453,20.30580711364746,58538600,0.0,0.0
2010-11-10,27.010000228881836,27.079999923706055,26.809999465942383,26.940000534057617,20.29827117919922,52277300,0.0,0.0
2010-11-11,26.68000030517578,26.719999313354492,26.280000686645508,26.68000030517578,20.102367401123047,62073100,0.0,0.0
2010-11-12,26.469999313354492,26.520000457763672,26.100000381469727,26.270000457763672,19.793455123901367,64962200,0.0,0.0
2010-11-15,26.329999923706055,26.5,26.170000076293945,26.200000762939453,19.740707397460938,51794600,0.0,0.0
2010-11-16,26.040000915527344,26.040000915527344,25.649999618530273,25.809999465942383,19.566349029541016,65339200,0.16,0.0
2010-11-17,25.899999618530273,25.90999984741211,25.549999237060547,25.56999969482422,19.38440704345703,58299700,0.0,0.0
2010-11-18,25.709999084472656,26.079999923706055,25.610000610351562,25.84000015258789,19.589082717895508,59514000,0.0,0.0
2010-11-19,25.799999237060547,25.829999923706055,25.600000381469727,25.690000534057617,19.47537612915039,52423200,0.0,0.0
2010-11-22,25.649999618530273,25.739999771118164,25.440000534057617,25.729999542236328,19.50569725036621,53350500,0.0,0.0
2010-11-23,25.56999969482422,25.600000381469727,25.09000015258789,25.1200008392334,19.043262481689453,69742500,0.0,0.0
2010-11-24,25.200000762939453,25.459999084472656,25.15999984741211,25.3700008392334,19.232784271240234,56825900,0.0,0.0
2010-11-26,25.209999084472656,25.40999984741211,25.170000076293945,25.25,19.141809463500977,21356500,0.0,0.0
2010-11-29,25.190000534057617,25.420000076293945,24.93000030517578,25.309999465942383,19.187297821044922,56603600,0.0,0.0
2010-11-30,25.049999237060547,25.469999313354492,25.0,25.260000228881836,19.149394989013672,75282100,0.0,0.0
2010-12-01,25.56999969482422,26.25,25.559999465942383,26.040000915527344,19.740703582763672,74123500,0.0,0.0
2010-12-02,26.239999771118164,26.979999542236328,26.200000762939453,26.889999389648438,20.385087966918945,91759200,0.0,0.0
2010-12-03,26.809999465942383,27.059999465942383,26.780000686645508,27.020000457763672,20.483638763427734,52622000,0.0,0.0
2010-12-06,26.93000030517578,26.979999542236328,26.760000228881836,26.84000015258789,20.347187042236328,36264200,0.0,0.0
2010-12-07,27.079999923706055,27.1299991607666,26.850000381469727,26.8700008392334,20.36992073059082,57860500,0.0,0.0
2010-12-08,26.829999923706055,27.239999771118164,26.799999237060547,27.229999542236328,20.642833709716797,41666800,0.0,0.0
2010-12-09,27.280000686645508,27.34000015258789,27.010000228881836,27.079999923706055,20.529123306274414,47148300,0.0,0.0
2010-12-10,27.190000534057617,27.399999618530273,27.110000610351562,27.34000015258789,20.72622299194336,37625800,0.0,0.0
2010-12-13,27.270000457763672,27.450000762939453,27.170000076293945,27.25,20.658002853393555,47943900,0.0,0.0
2010-12-14,27.309999465942383,27.75,27.260000228881836,27.6200008392334,20.938486099243164,64070500,0.0,0.0
2010-12-15,27.530000686645508,27.989999771118164,27.530000686645508,27.850000381469727,21.11284637451172,69634200,0.0,0.0
2010-12-16,27.760000228881836,27.989999771118164,27.65999984741211,27.989999771118164,21.218982696533203,57680200,0.0,0.0
2010-12-17,27.920000076293945,28.09000015258789,27.75,27.899999618530273,21.150754928588867,87456500,0.0,0.0
2010-12-20,27.950000762939453,27.989999771118164,27.68000030517578,27.809999465942383,21.08253288269043,52811000,0.0,0.0
2010-12-21,27.850000381469727,28.139999389648438,27.760000228881836,28.06999969482422,21.279630661010742,38153000,0.0,0.0
2010-12-22,28.010000228881836,28.399999618530273,27.979999542236328,28.190000534057617,21.370607376098633,42252300,0.0,0.0
2010-12-23,27.969999313354492,28.31999969482422,27.959999084472656,28.299999237060547,21.453990936279297,24902500,0.0,0.0
2010-12-27,28.1200008392334,28.200000762939453,27.8799991607666,28.06999969482422,21.279630661010742,21652800,0.0,0.0
2010-12-28,27.969999313354492,28.170000076293945,27.959999084472656,28.010000228881836,21.234148025512695,23042200,0.0,0.0
2010-12-29,27.940000534057617,28.1200008392334,27.8799991607666,27.969999313354492,21.203826904296875,19502500,0.0,0.0
2010-12-30,27.920000076293945,28.0,27.780000686645508,27.850000381469727,21.11284637451172,20786100,0.0,0.0
2010-12-31,27.799999237060547,27.920000076293945,27.6299991607666,27.90999984741211,21.158344268798828,24752000,0.0,0.0
2011-01-03,28.049999237060547,28.18000030517578,27.920000076293945,27.979999542236328,21.21140480041504,53443800,0.0,0.0
2011-01-04,27.940000534057617,28.170000076293945,27.850000381469727,28.09000015258789,21.29479217529297,54405600,0.0,0.0
2011-01-05,27.899999618530273,28.010000228881836,27.770000457763672,28.0,21.226566314697266,58998700,0.0,0.0
2011-01-06,28.040000915527344,28.850000381469727,27.860000610351562,28.81999969482422,21.848209381103516,88026300,0.0,0.0
2011-01-07,28.639999389648438,28.739999771118164,28.25,28.600000381469727,21.681425094604492,73762000,0.0,0.0
2011-01-10,28.260000228881836,28.399999618530273,28.040000915527344,28.219999313354492,21.393341064453125,57573600,0.0,0.0
2011-01-11,28.200000762939453,28.25,28.049999237060547,28.110000610351562,21.30995750427246,50298900,0.0,0.0
2011-01-12,28.1200008392334,28.59000015258789,28.06999969482422,28.549999237060547,21.643512725830078,52631100,0.0,0.0
2011-01-13,28.329999923706055,28.389999389648438,28.010000228881836,28.190000534057617,21.370607376098633,67077600,0.0,0.0
2011-01-14,28.079999923706055,28.3799991607666,27.90999984741211,28.299999237060547,21.453990936279297,62688400,0.0,0.0
2011-01-18,28.15999984741211,28.739999771118164,28.139999389648438,28.65999984741211,21.726909637451172,53322700,0.0,0.0
2011-01-19,28.459999084472656,28.68000030517578,28.270000457763672,28.469999313354492,21.582866668701172,50005900,0.0,0.0
2011-01-20,28.5,28.549999237060547,28.1299991607666,28.350000381469727,21.491897583007812,58613600,0.0,0.0
2011-01-21,28.399999618530273,28.43000030517578,28.020000457763672,28.020000457763672,21.241727828979492,58080300,0.0,0.0
2011-01-24,28.020000457763672,28.559999465942383,27.989999771118164,28.3799991607666,21.514638900756836,52047800,0.0,0.0
2011-01-25,28.139999389648438,28.450000762939453,28.1200008392334,28.450000762939453,21.567707061767578,42436600,0.0,0.0
2011-01-26,28.510000228881836,28.989999771118164,28.5,28.780000686645508,21.817874908447266,74628800,0.0,0.0
2011-01-27,28.75,29.459999084472656,28.489999771118164,28.8700008392334,21.8861141204834,146938600,0.0,0.0
2011-01-28,28.899999618530273,28.93000030517578,27.450000762939453,27.75,21.03704261779785,141249400,0.0,0.0
2011-01-31,27.770000457763672,27.899999618530273,27.420000076293945,27.729999542236328,21.021881103515625,65029000,0.0,0.0
2011-02-01,27.799999237060547,28.059999465942383,27.610000610351562,27.989999771118164,21.218982696533203,62810700,0.0,0.0
2011-02-02,27.93000030517578,28.110000610351562,27.8799991607666,27.940000534057617,21.18108558654785,45824000,0.0,0.0
2011-02-03,27.969999313354492,27.969999313354492,27.540000915527344,27.649999618530273,20.961233139038086,60340100,0.0,0.0
2011-02-04,27.700000762939453,27.84000015258789,27.510000228881836,27.770000457763672,21.052202224731445,40412200,0.0,0.0
2011-02-07,27.799999237060547,28.34000015258789,27.790000915527344,28.200000762939453,21.378190994262695,68980900,0.0,0.0
2011-02-08,28.100000381469727,28.34000015258789,28.049999237060547,28.280000686645508,21.438831329345703,34904200,0.0,0.0
2011-02-09,28.190000534057617,28.260000228881836,27.90999984741211,27.969999313354492,21.203826904296875,52905100,0.0,0.0
2011-02-10,27.93000030517578,27.940000534057617,27.290000915527344,27.5,20.847522735595703,76672400,0.0,0.0
2011-02-11,27.760000228881836,27.809999465942383,27.06999969482422,27.25,20.658002853393555,83939700,0.0,0.0
2011-02-14,27.209999084472656,27.270000457763672,26.950000762939453,27.229999542236328,20.642833709716797,56766200,0.0,0.0
2011-02-15,27.040000915527344,27.329999923706055,26.950000762939453,26.959999084472656,20.558961868286133,44116500,0.16,0.0
2011-02-16,27.049999237060547,27.06999969482422,26.600000381469727,27.020000457763672,20.60470962524414,70817900,0.0,0.0
2011-02-17,26.969999313354492,27.3700008392334,26.90999984741211,27.209999084472656,20.74959373474121,57207300,0.0,0.0
2011-02-18,27.1299991607666,27.209999084472656,26.989999771118164,27.059999465942383,20.635215759277344,68667800,0.0,0.0
2011-02-22,26.780000686645508,27.100000381469727,26.520000457763672,26.59000015258789,20.276796340942383,60889000,0.0,0.0
2011-02-23,26.530000686645508,26.860000610351562,26.43000030517578,26.59000015258789,20.276796340942383,60234100,0.0,0.0
2011-02-24,26.639999389648438,27.059999465942383,26.5,26.770000457763672,20.414066314697266,64494200,0.0,0.0
2011-02-25,26.90999984741211,26.950000762939453,26.5,26.549999237060547,20.246294021606445,53006300,0.0,0.0
2011-02-28,26.690000534057617,26.860000610351562,26.510000228881836,26.579999923706055,20.26917266845703,51379900,0.0,0.0
2011-03-01,26.600000381469727,26.780000686645508,26.149999618530273,26.15999984741211,19.948894500732422,60055000,0.0,0.0
2011-03-02,26.110000610351562,26.3700008392334,26.040000915527344,26.079999923706055,19.887889862060547,48658200,0.0,0.0
2011-03-03,26.260000228881836,26.399999618530273,26.18000030517578,26.200000762939453,19.979402542114258,68271500,0.0,0.0
2011-03-04,26.219999313354492,26.239999771118164,25.799999237060547,25.950000762939453,19.78874397277832,70437200,0.0,0.0
2011-03-07,26.1299991607666,26.270000457763672,25.549999237060547,25.719999313354492,19.613365173339844,64980400,0.0,0.0
2011-03-08,25.770000457763672,26.020000457763672,25.649999618530273,25.90999984741211,19.758251190185547,50549800,0.0,0.0
2011-03-09,25.809999465942383,25.979999542236328,25.65999984741211,25.889999389648438,19.743003845214844,39789100,0.0,0.0
2011-03-10,25.6200008392334,25.709999084472656,25.350000381469727,25.40999984741211,19.376962661743164,66549500,0.0,0.0
2011-03-11,25.40999984741211,25.850000381469727,25.360000610351562,25.68000030517578,19.582868576049805,49905800,0.0,0.0
2011-03-14,25.489999771118164,25.760000228881836,25.350000381469727,25.690000534057617,19.590486526489258,54473400,0.0,0.0
2011-03-15,25.079999923706055,25.469999313354492,25.0,25.389999389648438,19.361711502075195,76067300,0.0,0.0
2011-03-16,25.219999313354492,25.280000686645508,24.68000030517578,24.790000915527344,18.904172897338867,100725400,0.0,0.0
2011-03-17,25.059999465942383,25.219999313354492,24.75,24.780000686645508,18.896549224853516,62497000,0.0,0.0
2011-03-18,25.059999465942383,25.18000030517578,24.799999237060547,24.799999237060547,18.911800384521484,85486700,0.0,0.0
2011-03-21,25.18000030517578,25.579999923706055,25.149999618530273,25.329999923706055,19.315959930419922,46878100,0.0,0.0
2011-03-22,25.299999237060547,25.459999084472656,25.229999542236328,25.299999237060547,19.293081283569336,30895600,0.0,0.0
2011-03-23,25.229999542236328,25.610000610351562,25.18000030517578,25.540000915527344,19.476102828979492,43969000,0.0,0.0
2011-03-24,25.600000381469727,25.8700008392334,25.5,25.809999465942383,19.681995391845703,38696700,0.0,0.0
2011-03-25,25.93000030517578,25.950000762939453,25.59000015258789,25.6200008392334,19.537107467651367,57029800,0.0,0.0
2011-03-28,25.65999984741211,25.719999313354492,25.3799991607666,25.40999984741211,19.376962661743164,48973200,0.0,0.0
2011-03-29,25.34000015258789,25.520000457763672,25.299999237060547,25.489999771118164,19.437971115112305,40763500,0.0,0.0
2011-03-30,25.600000381469727,25.719999313354492,25.5,25.610000610351562,19.529470443725586,41999300,0.0,0.0
2011-03-31,25.600000381469727,25.68000030517578,25.34000015258789,25.389999389648438,19.361711502075195,63233700,0.0,0.0
2011-04-01,25.530000686645508,25.530000686645508,25.309999465942383,25.479999542236328,19.430349349975586,63114200,0.0,0.0
2011-04-04,25.450000762939453,25.65999984741211,25.40999984741211,25.549999237060547,19.483722686767578,35433700,0.0,0.0
2011-04-05,25.81999969482422,26.18000030517578,25.739999771118164,25.780000686645508,19.659109115600586,73651100,0.0,0.0
2011-04-06,25.979999542236328,26.309999465942383,25.860000610351562,26.149999618530273,19.941267013549805,65581400,0.0,0.0
2011-04-07,26.190000534057617,26.260000228881836,25.969999313354492,26.200000762939453,19.979402542114258,46134700,0.0,0.0
2011-04-08,26.170000076293945,26.280000686645508,25.959999084472656,26.06999969482422,19.880264282226562,39887600,0.0,0.0
2011-04-11,26.190000534057617,26.25,25.799999237060547,25.979999542236328,19.81163787841797,34286300,0.0,0.0
2011-04-12,25.829999923706055,25.850000381469727,25.549999237060547,25.639999389648438,19.552356719970703,36920400,0.0,0.0
2011-04-13,25.649999618530273,25.8700008392334,25.559999465942383,25.6299991607666,19.544729232788086,38144700,0.0,0.0
2011-04-14,25.420000076293945,25.440000534057617,25.09000015258789,25.420000076293945,19.384592056274414,55239900,0.0,0.0
2011-04-15,25.459999084472656,25.559999465942383,25.18000030517578,25.3700008392334,19.346460342407227,65080400,0.0,0.0
2011-04-18,25.100000381469727,25.280000686645508,24.719999313354492,25.079999923706055,19.125316619873047,58045100,0.0,0.0
2011-04-19,25.0,25.170000076293945,24.8700008392334,25.149999618530273,19.178688049316406,38892400,0.0,0.0
2011-04-20,25.540000915527344,26.0,25.510000228881836,25.760000228881836,19.643863677978516,61608600,0.0,0.0
2011-04-21,25.790000915527344,25.889999389648438,25.360000610351562,25.520000457763672,19.460851669311523,46892300,0.0,0.0
2011-04-25,25.559999465942383,25.6200008392334,25.34000015258789,25.610000610351562,19.529470443725586,33525100,0.0,0.0
2011-04-26,25.739999771118164,26.440000534057617,25.670000076293945,26.190000534057617,19.971769332885742,69200000,0.0,0.0
2011-04-27,26.299999237060547,26.389999389648438,26.1299991607666,26.3799991607666,20.116655349731445,52689000,0.0,0.0
2011-04-28,26.459999084472656,26.8700008392334,26.399999618530273,26.709999084472656,20.368309020996094,80200000,0.0,0.0
2011-04-29,26.549999237060547,26.639999389648438,25.360000610351562,25.920000076293945,19.765871047973633,319317900,0.0,0.0
2011-05-02,25.940000534057617,26.0,25.479999542236328,25.65999984741211,19.567607879638672,89825600,0.0,0.0
2011-05-03,25.600000381469727,25.850000381469727,25.489999771118164,25.809999465942383,19.681995391845703,71892900,0.0,0.0
2011-05-04,25.850000381469727,26.25,25.790000915527344,26.059999465942383,19.87264060974121,73292300,0.0,0.0
2011-05-05,26.049999237060547,26.079999923706055,25.68000030517578,25.790000915527344,19.666746139526367,55600000,0.0,0.0
2011-05-06,26.06999969482422,26.219999313354492,25.75,25.8700008392334,19.727752685546875,55993000,0.0,0.0
2011-05-09,25.799999237060547,25.959999084472656,25.670000076293945,25.829999923706055,19.69723892211914,38696400,0.0,0.0
2011-05-10,25.3799991607666,25.850000381469727,25.25,25.670000076293945,19.57522964477539,120798700,0.0,0.0
2011-05-11,25.649999618530273,25.65999984741211,25.209999084472656,25.360000610351562,19.33884048461914,78600000,0.0,0.0
2011-05-12,25.350000381469727,25.389999389648438,25.100000381469727,25.31999969482422,19.308340072631836,77400000,0.0,0.0
2011-05-13,25.280000686645508,25.31999969482422,24.950000762939453,25.030000686645508,19.087186813354492,66812300,0.0,0.0
2011-05-16,24.959999084472656,25.06999969482422,24.5,24.56999969482422,18.736400604248047,91350900,0.0,0.0
2011-05-17,24.399999618530273,24.700000762939453,24.270000457763672,24.520000457763672,18.820837020874023,82882100,0.16,0.0
2011-05-18,24.530000686645508,24.739999771118164,24.25,24.690000534057617,18.951322555541992,53931100,0.0,0.0
2011-05-19,24.850000381469727,24.8799991607666,24.5,24.719999313354492,18.974348068237305,37783600,0.0,0.0
2011-05-20,24.719999313354492,24.8700008392334,24.440000534057617,24.489999771118164,18.797809600830078,45451500,0.0,0.0
2011-05-23,24.209999084472656,24.25,24.030000686645508,24.170000076293945,18.55218505859375,52692500,0.0,0.0
2011-05-24,24.200000762939453,24.290000915527344,24.040000915527344,24.149999618530273,18.536836624145508,47691800,0.0,0.0
2011-05-25,24.170000076293945,24.309999465942383,24.15999984741211,24.190000534057617,18.567541122436523,34904200,0.0,0.0
2011-05-26,24.350000381469727,25.030000686645508,24.31999969482422,24.670000076293945,18.935972213745117,78016600,0.0,0.0
2011-05-27,24.68000030517578,24.899999618530273,24.649999618530273,24.760000228881836,19.005050659179688,50251000,0.0,0.0
2011-05-31,24.959999084472656,25.059999465942383,24.700000762939453,25.010000228881836,19.196945190429688,60196300,0.0,0.0
2011-06-01,24.989999771118164,25.100000381469727,24.3700008392334,24.43000030517578,18.751758575439453,74033500,0.0,0.0
2011-06-02,24.489999771118164,24.649999618530273,24.18000030517578,24.219999313354492,18.59056282043457,51487800,0.0,0.0
2011-06-03,24.049999237060547,24.139999389648438,23.84000015258789,23.90999984741211,18.352619171142578,60697700,0.0,0.0
2011-06-06,23.889999389648438,24.25,23.770000457763672,24.010000228881836,18.429380416870117,54778700,0.0,0.0
2011-06-07,24.09000015258789,24.170000076293945,23.899999618530273,24.059999465942383,18.467754364013672,41112600,0.0,0.0
2011-06-08,23.899999618530273,24.020000457763672,23.860000610351562,23.940000534057617,18.375640869140625,42205000,0.0,0.0
2011-06-09,24.010000228881836,24.040000915527344,23.81999969482422,23.959999084472656,18.39099884033203,42878700,0.0,0.0
2011-06-10,24.020000457763672,24.020000457763672,23.690000534057617,23.709999084472656,18.199106216430664,49327200,0.0,0.0
2011-06-13,23.790000915527344,24.190000534057617,23.700000762939453,24.040000915527344,18.452409744262695,47572500,0.0,0.0
2011-06-14,24.299999237060547,24.450000762939453,24.190000534057617,24.219999313354492,18.59056282043457,42894500,0.0,0.0
2011-06-15,24.0,24.010000228881836,23.670000076293945,23.739999771118164,18.222131729125977,49410200,0.0,0.0
2011-06-16,23.75,24.100000381469727,23.649999618530273,24.0,18.42169761657715,57184100,0.0,0.0
2011-06-17,24.219999313354492,24.299999237060547,23.979999542236328,24.260000228881836,18.62126922607422,83320400,0.0,0.0
2011-06-20,24.170000076293945,24.65999984741211,24.15999984741211,24.469999313354492,18.782461166381836,54338400,0.0,0.0
2011-06-21,24.520000457763672,24.860000610351562,24.399999618530273,24.760000228881836,19.005050659179688,49708700,0.0,0.0
2011-06-22,24.600000381469727,24.809999465942383,24.59000015258789,24.649999618530273,18.92061996459961,44287300,0.0,0.0
2011-06-23,24.440000534057617,24.649999618530273,24.200000762939453,24.6299991607666,18.90526580810547,59470400,0.0,0.0
2011-06-24,24.510000228881836,24.540000915527344,24.190000534057617,24.299999237060547,18.651973724365234,101387200,0.0,0.0
2011-06-27,24.229999542236328,25.459999084472656,24.229999542236328,25.200000762939453,19.342784881591797,92044200,0.0,0.0
2011-06-28,25.299999237060547,25.920000076293945,25.15999984741211,25.799999237060547,19.803329467773438,81032100,0.0,0.0
2011-06-29,25.709999084472656,25.709999084472656,25.360000610351562,25.6200008392334,19.665164947509766,66051000,0.0,0.0
2011-06-30,25.739999771118164,26.0,25.65999984741211,26.0,19.956846237182617,52535400,0.0,0.0
2011-07-01,25.93000030517578,26.170000076293945,25.84000015258789,26.020000457763672,19.97218894958496,52906200,0.0,0.0
2011-07-05,26.100000381469727,26.149999618530273,25.899999618530273,26.030000686645508,19.979869842529297,37805300,0.0,0.0
2011-07-06,25.969999313354492,26.3700008392334,25.959999084472656,26.329999923706055,20.210142135620117,48744200,0.0,0.0
2011-07-07,26.489999771118164,26.8799991607666,26.360000610351562,26.770000457763672,20.547874450683594,51946500,0.0,0.0
2011-07-08,26.540000915527344,26.979999542236328,26.510000228881836,26.920000076293945,20.663002014160156,58320700,0.0,0.0
2011-07-11,26.6200008392334,26.799999237060547,26.489999771118164,26.6299991607666,20.44041633605957,43999800,0.0,0.0
2011-07-12,26.549999237060547,26.790000915527344,26.34000015258789,26.540000915527344,20.371328353881836,47319300,0.0,0.0
2011-07-13,26.600000381469727,26.959999084472656,26.510000228881836,26.6299991607666,20.44041633605957,40861800,0.0,0.0
2011-07-14,26.6200008392334,27.010000228881836,26.360000610351562,26.469999313354492,20.317602157592773,46382300,0.0,0.0
2011-07-15,26.469999313354492,26.93000030517578,26.469999313354492,26.780000686645508,20.55555534362793,49132400,0.0,0.0
2011-07-18,26.6299991607666,26.899999618530273,26.260000228881836,26.59000015258789,20.409704208374023,44501900,0.0,0.0
2011-07-19,26.809999465942383,27.639999389648438,26.780000686645508,27.540000915527344,21.13889503479004,86730600,0.0,0.0
2011-07-20,27.280000686645508,27.350000381469727,26.979999542236328,27.059999465942383,20.770469665527344,49795400,0.0,0.0
2011-07-21,27.040000915527344,27.309999465942383,26.649999618530273,27.100000381469727,20.801162719726562,81737400,0.0,0.0
2011-07-22,26.860000610351562,27.549999237060547,26.68000030517578,27.530000686645508,21.131229400634766,76380600,0.0,0.0
2011-07-25,27.260000228881836,28.09000015258789,27.190000534057617,27.90999984741211,21.42289924621582,108482400,0.0,0.0
2011-07-26,27.81999969482422,28.149999618530273,27.780000686645508,28.079999923706055,21.553386688232422,74636500,0.0,0.0
2011-07-27,27.8799991607666,27.989999771118164,27.200000762939453,27.329999923706055,20.977712631225586,71488700,0.0,0.0
2011-07-28,27.290000915527344,28.06999969482422,27.209999084472656,27.719999313354492,21.277057647705078,83761400,0.0,0.0
2011-07-29,27.520000457763672,27.709999084472656,27.260000228881836,27.399999618530273,21.03143882751465,104394800,0.0,0.0
2011-08-01,27.510000228881836,27.690000534057617,26.75,27.270000457763672,20.931659698486328,61838400,0.0,0.0
2011-08-02,26.979999542236328,27.450000762939453,26.760000228881836,26.799999237060547,20.570898056030273,63883100,0.0,0.0
2011-08-03,26.829999923706055,27.0,26.479999542236328,26.920000076293945,20.663002014160156,64581200,0.0,0.0
2011-08-04,26.530000686645508,26.8700008392334,25.93000030517578,25.940000534057617,19.91079330444336,92949500,0.0,0.0
2011-08-05,25.969999313354492,26.100000381469727,25.229999542236328,25.68000030517578,19.711227416992188,112071700,0.0,0.0
2011-08-08,25.020000457763672,25.600000381469727,24.389999389648438,24.479999542236328,18.790124893188477,134257200,0.0,0.0
2011-08-09,24.709999084472656,25.6200008392334,24.030000686645508,25.579999923706055,19.63446807861328,126268900,0.0,0.0
2011-08-10,24.950000762939453,25.09000015258789,24.100000381469727,24.200000762939453,18.575214385986328,127819900,0.0,0.0
2011-08-11,24.5,25.3799991607666,24.399999618530273,25.190000534057617,19.335111618041992,90690100,0.0,0.0
2011-08-12,25.1299991607666,25.34000015258789,24.649999618530273,25.100000381469727,19.266029357910156,64787100,0.0,0.0
2011-08-15,25.239999771118164,25.579999923706055,25.149999618530273,25.510000228881836,19.580732345581055,56529400,0.0,0.0
2011-08-16,25.219999313354492,25.59000015258789,25.049999237060547,25.350000381469727,19.580734252929688,54251500,0.16,0.0
2011-08-17,25.25,25.700000762939453,24.93000030517578,25.25,19.503490447998047,50923700,0.0,0.0
2011-08-18,24.56999969482422,25.09000015258789,24.030000686645508,24.670000076293945,19.055490493774414,105714200,0.0,0.0
2011-08-19,24.40999984741211,24.6200008392334,23.90999984741211,24.049999237060547,18.576587677001953,77397900,0.0,0.0
2011-08-22,24.420000076293945,24.489999771118164,23.790000915527344,23.979999542236328,18.522523880004883,54721000,0.0,0.0
2011-08-23,24.030000686645508,24.75,24.030000686645508,24.719999313354492,19.09410858154297,59670600,0.0,0.0
2011-08-24,24.649999618530273,24.93000030517578,24.420000076293945,24.899999618530273,19.233144760131836,45329700,0.0,0.0
2011-08-25,25.079999923706055,25.15999984741211,24.5,24.56999969482422,18.978248596191406,48192000,0.0,0.0
2011-08-26,24.510000228881836,25.34000015258789,24.420000076293945,25.25,19.503490447998047,71957000,0.0,0.0
2011-08-29,25.530000686645508,25.860000610351562,25.3700008392334,25.84000015258789,19.959211349487305,38863200,0.0,0.0
2011-08-30,25.729999542236328,26.43000030517578,25.700000762939453,26.229999542236328,20.260459899902344,57341400,0.0,0.0
2011-08-31,26.290000915527344,26.709999084472656,26.260000228881836,26.600000381469727,20.546253204345703,59300800,0.0,0.0
2011-09-01,26.459999084472656,26.860000610351562,26.209999084472656,26.209999084472656,20.24500846862793,60510800,0.0,0.0
2011-09-02,25.780000686645508,26.0,25.65999984741211,25.799999237060547,19.92831802368164,43894400,0.0,0.0
2011-09-06,25.200000762939453,25.59000015258789,25.110000610351562,25.510000228881836,19.704317092895508,54929300,0.0,0.0
2011-09-07,25.690000534057617,26.0,25.56999969482422,26.0,20.082801818847656,41961000,0.0,0.0
2011-09-08,26.0,26.65999984741211,25.950000762939453,26.219999313354492,20.252735137939453,65811900,0.0,0.0
2011-09-09,26.0,26.18000030517578,25.5,25.739999771118164,19.881973266601562,64529200,0.0,0.0
2011-09-12,25.440000534057617,25.93000030517578,25.270000457763672,25.889999389648438,19.99784278869629,55046100,0.0,0.0
2011-09-13,25.920000076293945,26.190000534057617,25.809999465942383,26.040000915527344,20.11370277404785,48792300,0.0,0.0
2011-09-14,26.170000076293945,26.799999237060547,25.889999389648438,26.5,20.46900749206543,66739200,0.0,0.0
2011-09-15,26.729999542236328,27.030000686645508,26.309999465942383,26.989999771118164,20.847488403320312,67808300,0.0,0.0
2011-09-16,27.049999237060547,27.270000457763672,26.829999923706055,27.1200008392334,20.94791030883789,89681500,0.0,0.0
2011-09-19,26.799999237060547,27.309999465942383,26.600000381469727,27.209999084472656,21.017423629760742,52324900,0.0,0.0
2011-09-20,27.309999465942383,27.5,26.93000030517578,26.979999542236328,20.83977699279785,49211900,0.0,0.0
2011-09-21,27.049999237060547,27.059999465942383,25.969999313354492,25.989999771118164,20.075077056884766,72750700,0.0,0.0
2011-09-22,25.299999237060547,25.649999618530273,24.600000381469727,25.059999465942383,19.356733322143555,96278300,0.0,0.0
2011-09-23,24.899999618530273,25.149999618530273,24.690000534057617,25.059999465942383,19.356733322143555,64768100,0.0,0.0
2011-09-26,25.190000534057617,25.520000457763672,24.729999542236328,25.440000534057617,19.650245666503906,51057600,0.0,0.0
2011-09-27,25.65999984741211,25.920000076293945,25.450000762939453,25.670000076293945,19.827903747558594,55620700,0.0,0.0
2011-09-28,25.93000030517578,26.3700008392334,25.510000228881836,25.579999923706055,19.758392333984375,60736200,0.0,0.0
2011-09-29,25.979999542236328,26.170000076293945,25.09000015258789,25.450000762939453,19.657978057861328,63407300,0.0,0.0
2011-09-30,25.200000762939453,25.5,24.8799991607666,24.889999389648438,19.225425720214844,54060500,0.0,0.0
2011-10-03,24.719999313354492,25.34000015258789,24.520000457763672,24.530000686645508,18.947359085083008,64592500,0.0,0.0
2011-10-04,24.299999237060547,25.389999389648438,24.260000228881836,25.34000015258789,19.57301139831543,83485400,0.0,0.0
2011-10-05,25.420000076293945,26.15999984741211,25.15999984741211,25.889999389648438,19.99784278869629,94061300,0.0,0.0
2011-10-06,25.899999618530273,26.399999618530273,25.700000762939453,26.34000015258789,20.345422744750977,55111400,0.0,0.0
2011-10-07,26.34000015258789,26.510000228881836,26.200000762939453,26.25,20.275903701782227,52741600,0.0,0.0
2011-10-10,26.579999923706055,26.969999313354492,26.469999313354492,26.940000534057617,20.80887222290039,41815300,0.0,0.0
2011-10-11,26.860000610351562,27.06999969482422,26.719999313354492,27.0,20.85521125793457,38826200,0.0,0.0
2011-10-12,27.18000030517578,27.309999465942383,26.899999618530273,26.959999084472656,20.82432746887207,52489800,0.0,0.0
2011-10-13,26.760000228881836,27.200000762939453,26.6200008392334,27.18000030517578,20.99424934387207,43823500,0.0,0.0
2011-10-14,27.309999465942383,27.5,27.020000457763672,27.270000457763672,21.06376838684082,50947700,0.0,0.0
2011-10-17,27.110000610351562,27.420000076293945,26.850000381469727,26.979999542236328,20.83977699279785,39453300,0.0,0.0
2011-10-18,26.940000534057617,27.399999618530273,26.799999237060547,27.309999465942383,21.09466552734375,52487900,0.0,0.0
2011-10-19,27.3700008392334,27.469999313354492,27.010000228881836,27.1299991607666,20.955631256103516,42880000,0.0,0.0
2011-10-20,27.260000228881836,27.34000015258789,26.399999618530273,27.040000915527344,20.886112213134766,76300200,0.0,0.0
2011-10-21,27.149999618530273,27.190000534057617,26.799999237060547,27.15999984741211,20.978809356689453,76620600,0.0,0.0
2011-10-24,27.059999465942383,27.399999618530273,27.040000915527344,27.190000534057617,21.001968383789062,56897800,0.0,0.0
2011-10-25,27.079999923706055,27.229999542236328,26.719999313354492,26.809999465942383,20.708457946777344,53554600,0.0,0.0
2011-10-26,27.030000686645508,27.059999465942383,26.100000381469727,26.59000015258789,20.538528442382812,63029900,0.0,0.0
2011-10-27,27.1299991607666,27.399999618530273,26.649999618530273,27.25,21.048324584960938,74512400,0.0,0.0
2011-10-28,27.139999389648438,27.190000534057617,26.790000915527344,26.979999542236328,20.83977699279785,57712100,0.0,0.0
2011-10-31,26.760000228881836,27.0,26.6200008392334,26.6299991607666,20.569427490234375,46799000,0.0,0.0
2011-11-01,26.190000534057617,26.31999969482422,25.860000610351562,25.989999771118164,20.075077056884766,61182600,0.0,0.0
2011-11-02,26.100000381469727,26.200000762939453,25.700000762939453,26.010000228881836,20.09052848815918,53533100,0.0,0.0
2011-11-03,26.239999771118164,26.59000015258789,25.979999542236328,26.530000686645508,20.492183685302734,65836100,0.0,0.0
2011-11-04,26.3799991607666,26.399999618530273,26.0,26.25,20.275903701782227,36549200,0.0,0.0
2011-11-07,26.209999084472656,26.81999969482422,26.1299991607666,26.799999237060547,20.70073127746582,42589700,0.0,0.0
2011-11-08,27.010000228881836,27.200000762939453,26.690000534057617,27.15999984741211,20.978809356689453,47822500,0.0,0.0
2011-11-09,26.59000015258789,26.75,26.059999465942383,26.200000762939453,20.23729133605957,62950900,0.0,0.0
2011-11-10,26.469999313354492,26.5,26.1200008392334,26.280000686645508,20.29907989501953,32514400,0.0,0.0
2011-11-11,26.579999923706055,27.079999923706055,26.56999969482422,26.90999984741211,20.785701751708984,37903000,0.0,0.0
2011-11-14,26.8799991607666,27.0,26.649999618530273,26.760000228881836,20.669837951660156,34199200,0.0,0.0
2011-11-15,26.559999465942383,26.940000534057617,26.399999618530273,26.739999771118164,20.809925079345703,43874200,0.2,0.0
2011-11-16,26.469999313354492,26.510000228881836,26.040000915527344,26.06999969482422,20.288509368896484,53262800,0.0,0.0
2011-11-17,26.010000228881836,26.040000915527344,25.440000534057617,25.540000915527344,19.876033782958984,70977500,0.0,0.0
2011-11-18,25.479999542236328,25.5,25.149999618530273,25.299999237060547,19.68927001953125,47626200,0.0,0.0
2011-11-21,25.239999771118164,25.25,24.899999618530273,25.0,19.455793380737305,61882500,0.0,0.0
2011-11-22,24.889999389648438,24.959999084472656,24.649999618530273,24.790000915527344,19.29236602783203,49204500,0.0,0.0
2011-11-23,24.610000610351562,24.790000915527344,24.469999313354492,24.469999313354492,19.043333053588867,49099700,0.0,0.0
2011-11-25,24.3799991607666,24.670000076293945,24.299999237060547,24.299999237060547,18.91103172302246,26164600,0.0,0.0
2011-11-28,24.940000534057617,24.969999313354492,24.690000534057617,24.8700008392334,19.35462760925293,46766700,0.0,0.0
2011-11-29,24.81999969482422,25.040000915527344,24.75,24.84000015258789,19.33127212524414,40917100,0.0,0.0
2011-11-30,25.3700008392334,25.59000015258789,25.139999389648438,25.579999923706055,19.90717124938965,81350900,0.0,0.0
2011-12-01,25.559999465942383,25.6299991607666,25.200000762939453,25.280000686645508,19.6737060546875,48545400,0.0,0.0
2011-12-02,25.59000015258789,25.6200008392334,25.15999984741211,25.219999313354492,19.627012252807617,52293800,0.0,0.0
2011-12-05,25.780000686645508,25.799999237060547,25.5,25.700000762939453,20.000560760498047,56818400,0.0,0.0
2011-12-06,25.809999465942383,25.8700008392334,25.610000610351562,25.65999984741211,19.969430923461914,46175300,0.0,0.0
2011-12-07,25.670000076293945,25.760000228881836,25.34000015258789,25.600000381469727,19.92273712158203,62667000,0.0,0.0
2011-12-08,25.479999542236328,25.719999313354492,25.3700008392334,25.399999618530273,19.76709747314453,60522200,0.0,0.0
2011-12-09,25.520000457763672,25.8700008392334,25.5,25.700000762939453,20.000560760498047,53788500,0.0,0.0
2011-12-12,25.40999984741211,25.56999969482422,25.290000915527344,25.510000228881836,19.852691650390625,38945900,0.0,0.0
2011-12-13,25.75,26.100000381469727,25.649999618530273,25.760000228881836,20.047252655029297,54581100,0.0,0.0
2011-12-14,25.719999313354492,25.860000610351562,25.56999969482422,25.59000015258789,19.914955139160156,47926400,0.0,0.0
2011-12-15,25.719999313354492,25.8799991607666,25.540000915527344,25.559999465942383,19.8916015625,46213900,0.0,0.0
2011-12-16,25.670000076293945,26.170000076293945,25.6299991607666,26.0,20.234027862548828,101408100,0.0,0.0
2011-12-19,26.020000457763672,26.1200008392334,25.459999084472656,25.530000686645508,19.868261337280273,52258300,0.0,0.0
2011-12-20,25.860000610351562,26.100000381469727,25.809999465942383,26.030000686645508,20.25737762451172,60767600,0.0,0.0
2011-12-21,26.010000228881836,26.190000534057617,25.440000534057617,25.760000228881836,20.047252655029297,64132500,0.0,0.0
2011-12-22,25.81999969482422,25.860000610351562,25.479999542236328,25.809999465942383,20.08616065979004,35794100,0.0,0.0
2011-12-23,25.90999984741211,26.040000915527344,25.729999542236328,26.030000686645508,20.25737762451172,23205800,0.0,0.0
2011-12-27,25.959999084472656,26.139999389648438,25.93000030517578,26.040000915527344,20.26516342163086,21287200,0.0,0.0
2011-12-28,26.110000610351562,26.149999618530273,25.760000228881836,25.81999969482422,20.09394073486328,29822500,0.0,0.0
2011-12-29,25.950000762939453,26.049999237060547,25.860000610351562,26.020000457763672,20.249591827392578,22616900,0.0,0.0
2011-12-30,26.0,26.1200008392334,25.90999984741211,25.959999084472656,20.202896118164062,27395700,0.0,0.0
2012-01-03,26.549999237060547,26.959999084472656,26.389999389648438,26.770000457763672,20.833267211914062,64731500,0.0,0.0
2012-01-04,26.81999969482422,27.469999313354492,26.780000686645508,27.399999618530273,21.323549270629883,80516100,0.0,0.0
2012-01-05,27.3799991607666,27.729999542236328,27.290000915527344,27.68000030517578,21.54145050048828,56081400,0.0,0.0
2012-01-06,27.530000686645508,28.190000534057617,27.530000686645508,28.110000610351562,21.876096725463867,99455500,0.0,0.0
2012-01-09,28.049999237060547,28.100000381469727,27.719999313354492,27.739999771118164,21.58814811706543,59706800,0.0,0.0
2012-01-10,27.93000030517578,28.149999618530273,27.75,27.84000015258789,21.665977478027344,60014400,0.0,0.0
2012-01-11,27.43000030517578,27.979999542236328,27.3700008392334,27.719999313354492,21.572582244873047,65582400,0.0,0.0
2012-01-12,27.8700008392334,28.020000457763672,27.649999618530273,28.0,21.790489196777344,49370800,0.0,0.0
2012-01-13,27.93000030517578,28.25,27.790000915527344,28.25,21.985050201416016,60196100,0.0,0.0
2012-01-17,28.399999618530273,28.649999618530273,28.170000076293945,28.260000228881836,21.992830276489258,72395300,0.0,0.0
2012-01-18,28.309999465942383,28.399999618530273,27.969999313354492,28.229999542236328,21.969480514526367,64860600,0.0,0.0
2012-01-19,28.15999984741211,28.440000534057617,28.030000686645508,28.1200008392334,21.88387680053711,74053500,0.0,0.0
2012-01-20,28.81999969482422,29.739999771118164,28.75,29.709999084472656,23.12126922607422,165902900,0.0,0.0
2012-01-23,29.549999237060547,29.950000762939453,29.350000381469727,29.729999542236328,23.13683319091797,76078100,0.0,0.0
2012-01-24,29.469999313354492,29.56999969482422,29.18000030517578,29.34000015258789,22.833316802978516,51703300,0.0,0.0
2012-01-25,29.06999969482422,29.649999618530273,29.06999969482422,29.559999465942383,23.004533767700195,59231700,0.0,0.0
2012-01-26,29.610000610351562,29.700000762939453,29.399999618530273,29.5,22.957841873168945,49102800,0.0,0.0
2012-01-27,29.450000762939453,29.530000686645508,29.170000076293945,29.229999542236328,22.747722625732422,44187700,0.0,0.0
2012-01-30,28.969999313354492,29.6200008392334,28.829999923706055,29.610000610351562,23.043439865112305,51114800,0.0,0.0
2012-01-31,29.65999984741211,29.700000762939453,29.229999542236328,29.530000686645508,22.981191635131836,50572400,0.0,0.0
2012-02-01,29.790000915527344,30.049999237060547,29.760000228881836,29.889999389648438,23.26134490966797,67409900,0.0,0.0
2012-02-02,29.899999618530273,30.170000076293945,29.709999084472656,29.950000762939453,23.30804443359375,52223300,0.0,0.0
2012-02-03,30.139999389648438,30.399999618530273,30.09000015258789,30.239999771118164,23.533729553222656,41838500,0.0,0.0
2012-02-06,30.040000915527344,30.219999313354492,29.969999313354492,30.200000762939453,23.50260353088379,28039700,0.0,0.0
2012-02-07,30.149999618530273,30.489999771118164,30.049999237060547,30.350000381469727,23.619342803955078,39242400,0.0,0.0
2012-02-08,30.260000228881836,30.670000076293945,30.219999313354492,30.65999984741211,23.8605899810791,49659100,0.0,0.0
2012-02-09,30.68000030517578,30.799999237060547,30.479999542236328,30.770000457763672,23.946191787719727,50481600,0.0,0.0
2012-02-10,30.639999389648438,30.799999237060547,30.360000610351562,30.5,23.736074447631836,44605300,0.0,0.0
2012-02-13,30.6299991607666,30.770000457763672,30.43000030517578,30.579999923706055,23.798328399658203,33319800,0.0,0.0
2012-02-14,30.329999923706055,30.459999084472656,29.850000381469727,30.25,23.69649314880371,59644000,0.2,0.0
2012-02-15,30.329999923706055,30.389999389648438,30.030000686645508,30.049999237060547,23.539831161499023,43311300,0.0,0.0
2012-02-16,30.309999465942383,31.549999237060547,30.299999237060547,31.290000915527344,24.511186599731445,94705100,0.0,0.0
2012-02-17,31.200000762939453,31.31999969482422,30.950000762939453,31.25,24.47985076904297,70036500,0.0,0.0
2012-02-21,31.18000030517578,31.610000610351562,31.149999618530273,31.440000534057617,24.628684997558594,50829900,0.0,0.0
2012-02-22,31.450000762939453,31.68000030517578,31.18000030517578,31.270000457763672,24.495521545410156,49253200,0.0,0.0
2012-02-23,31.200000762939453,31.59000015258789,31.0,31.3700008392334,24.57386016845703,35034700,0.0,0.0
2012-02-24,31.479999542236328,31.5,31.239999771118164,31.479999542236328,24.660018920898438,35575400,0.0,0.0
2012-02-27,31.239999771118164,31.5,31.100000381469727,31.350000381469727,24.558189392089844,34568400,0.0,0.0
2012-02-28,31.40999984741211,31.93000030517578,31.3799991607666,31.8700008392334,24.965526580810547,45230600,0.0,0.0
2012-02-29,31.889999389648438,32.0,31.610000610351562,31.739999771118164,24.863693237304688,59323600,0.0,0.0
2012-03-01,31.93000030517578,32.38999938964844,31.850000381469727,32.290000915527344,25.294546127319336,77344100,0.0,0.0
2012-03-02,32.310001373291016,32.439998626708984,32.0,32.08000183105469,25.13003158569336,47314200,0.0,0.0
2012-03-05,32.0099983215332,32.04999923706055,31.6200008392334,31.799999237060547,24.91069984436035,45240000,0.0,0.0
2012-03-06,31.540000915527344,31.979999542236328,31.489999771118164,31.559999465942383,24.722688674926758,51932900,0.0,0.0
2012-03-07,31.670000076293945,31.920000076293945,31.530000686645508,31.84000015258789,24.9420223236084,34340400,0.0,0.0
2012-03-08,32.040000915527344,32.209999084472656,31.899999618530273,32.0099983215332,25.07520866394043,36747400,0.0,0.0
2012-03-09,32.099998474121094,32.15999984741211,31.920000076293945,31.989999771118164,25.059532165527344,34628400,0.0,0.0
2012-03-12,31.969999313354492,32.20000076293945,31.81999969482422,32.040000915527344,25.09870719909668,34073600,0.0,0.0
2012-03-13,32.2400016784668,32.689998626708984,32.150001525878906,32.66999816894531,25.592214584350586,48951700,0.0,0.0
2012-03-14,32.529998779296875,32.880001068115234,32.4900016784668,32.77000045776367,25.670551300048828,41986900,0.0,0.0
2012-03-15,32.790000915527344,32.939998626708984,32.58000183105469,32.849998474121094,25.73320960998535,49068300,0.0,0.0
2012-03-16,32.90999984741211,32.95000076293945,32.5,32.599998474121094,25.537382125854492,65626400,0.0,0.0
2012-03-19,32.540000915527344,32.61000061035156,32.150001525878906,32.20000076293945,25.224037170410156,44789200,0.0,0.0
2012-03-20,32.099998474121094,32.150001525878906,31.739999771118164,31.989999771118164,25.059532165527344,41566800,0.0,0.0
2012-03-21,31.959999084472656,32.150001525878906,31.81999969482422,31.90999984741211,24.99686050415039,37928600,0.0,0.0
2012-03-22,31.809999465942383,32.09000015258789,31.790000915527344,32.0,25.067359924316406,31749500,0.0,0.0
2012-03-23,32.099998474121094,32.11000061035156,31.719999313354492,32.0099983215332,25.07520866394043,35912200,0.0,0.0
2012-03-26,32.189998626708984,32.61000061035156,32.150001525878906,32.59000015258789,25.529541015625,36758300,0.0,0.0
2012-03-27,32.650001525878906,32.70000076293945,32.400001525878906,32.52000045776367,25.474708557128906,36274900,0.0,0.0
2012-03-28,32.52000045776367,32.70000076293945,32.040000915527344,32.189998626708984,25.216203689575195,41344800,0.0,0.0
2012-03-29,32.060001373291016,32.189998626708984,31.809999465942383,32.119998931884766,25.161367416381836,37038500,0.0,0.0
2012-03-30,32.400001525878906,32.40999984741211,32.040000915527344,32.2599983215332,25.27104377746582,31749400,0.0,0.0
2012-04-02,32.220001220703125,32.459999084472656,31.950000762939453,32.290000915527344,25.294546127319336,35853600,0.0,0.0
2012-04-03,32.15999984741211,32.189998626708984,31.65999984741211,31.940000534057617,25.020368576049805,42752100,0.0,0.0
2012-04-04,31.65999984741211,31.690000534057617,31.049999237060547,31.209999084472656,24.448514938354492,49455900,0.0,0.0
2012-04-05,31.149999618530273,31.6299991607666,31.049999237060547,31.520000457763672,24.691349029541016,50368600,0.0,0.0
2012-04-09,31.219999313354492,31.399999618530273,30.969999313354492,31.100000381469727,24.362346649169922,31056400,0.0,0.0
2012-04-10,31.059999465942383,31.190000534057617,30.299999237060547,30.469999313354492,23.868825912475586,54131300,0.0,0.0
2012-04-11,30.43000030517578,30.530000686645508,30.229999542236328,30.350000381469727,23.77483367919922,43014000,0.0,0.0
2012-04-12,30.479999542236328,31.040000915527344,30.420000076293945,30.979999542236328,24.26834487915039,38304000,0.0,0.0
2012-04-13,30.889999389648438,31.15999984741211,30.719999313354492,30.809999465942383,24.135173797607422,39749200,0.0,0.0
2012-04-16,30.989999771118164,31.190000534057617,30.770000457763672,31.079999923706055,24.346670150756836,38124800,0.0,0.0
2012-04-17,31.270000457763672,31.610000610351562,31.200000762939453,31.440000534057617,24.628684997558594,34361500,0.0,0.0
2012-04-18,31.280000686645508,31.309999465942383,31.040000915527344,31.139999389648438,24.393672943115234,40552900,0.0,0.0
2012-04-19,31.1299991607666,31.68000030517578,30.940000534057617,31.010000228881836,24.29184913635254,54781200,0.0,0.0
2012-04-20,32.150001525878906,32.88999938964844,32.04999923706055,32.41999816894531,25.396366119384766,106045000,0.0,0.0
2012-04-23,32.310001373291016,32.5,32.029998779296875,32.119998931884766,25.161367416381836,61398200,0.0,0.0
2012-04-24,32.209999084472656,32.52000045776367,31.829999923706055,31.920000076293945,25.004697799682617,40871100,0.0,0.0
2012-04-25,31.920000076293945,32.31999969482422,31.8700008392334,32.20000076293945,25.224037170410156,62495500,0.0,0.0
2012-04-26,32.119998931884766,32.22999954223633,31.920000076293945,32.11000061035156,25.153539657592773,40308100,0.0,0.0
2012-04-27,32.119998931884766,32.220001220703125,31.8799991607666,31.979999542236328,25.05170440673828,41419100,0.0,0.0
2012-04-30,31.979999542236328,32.11000061035156,31.920000076293945,32.02000045776367,25.083038330078125,35697200,0.0,0.0
2012-05-01,32.04999923706055,32.34000015258789,31.950000762939453,32.0099983215332,25.07520866394043,43832300,0.0,0.0
2012-05-02,31.850000381469727,31.93000030517578,31.639999389648438,31.799999237060547,24.91069984436035,37385300,0.0,0.0
2012-05-03,31.8799991607666,31.899999618530273,31.610000610351562,31.760000228881836,24.879364013671875,31501300,0.0,0.0
2012-05-04,31.450000762939453,31.56999969482422,30.920000076293945,30.979999542236328,24.26834487915039,57927200,0.0,0.0
2012-05-07,30.700000762939453,30.860000610351562,30.56999969482422,30.649999618530273,24.00983428955078,48641400,0.0,0.0
2012-05-08,30.479999542236328,30.780000686645508,30.170000076293945,30.5,23.892330169677734,46328300,0.0,0.0
2012-05-09,30.190000534057617,30.829999923706055,30.100000381469727,30.760000228881836,24.096006393432617,50309300,0.0,0.0
2012-05-10,30.860000610351562,31.020000457763672,30.450000762939453,30.739999771118164,24.08034324645996,43839200,0.0,0.0
2012-05-11,30.690000534057617,31.540000915527344,30.690000534057617,31.15999984741211,24.409345626831055,43459300,0.0,0.0
2012-05-14,30.81999969482422,31.040000915527344,30.639999389648438,30.68000030517578,24.033334732055664,40528900,0.0,0.0
2012-05-15,30.639999389648438,30.799999237060547,30.149999618530273,30.209999084472656,23.820436477661133,61822800,0.2,0.0
2012-05-16,30.309999465942383,30.31999969482422,29.739999771118164,29.899999618530273,23.57600975036621,60083700,0.0,0.0
2012-05-17,29.989999771118164,30.209999084472656,29.709999084472656,29.719999313354492,23.434080123901367,48484000,0.0,0.0
2012-05-18,29.790000915527344,29.809999465942383,29.170000076293945,29.270000457763672,23.079261779785156,56205300,0.0,0.0
2012-05-21,29.100000381469727,29.790000915527344,29.059999465942383,29.75,23.457735061645508,38787900,0.0,0.0
2012-05-22,29.690000534057617,29.8799991607666,29.5,29.760000228881836,23.465621948242188,39504900,0.0,0.0
2012-05-23,29.350000381469727,29.399999618530273,28.639999389648438,29.110000610351562,22.953096389770508,65171000,0.0,0.0
2012-05-24,29.15999984741211,29.299999237060547,28.760000228881836,29.06999969482422,22.921558380126953,52575000,0.0,0.0
2012-05-25,29.200000762939453,29.360000610351562,29.010000228881836,29.059999465942383,22.913667678833008,29507200,0.0,0.0
2012-05-29,29.3799991607666,29.719999313354492,29.219999313354492,29.559999465942383,23.307920455932617,37758800,0.0,0.0
2012-05-30,29.350000381469727,29.479999542236328,29.1200008392334,29.34000015258789,23.134450912475586,41585500,0.0,0.0
2012-05-31,29.299999237060547,29.420000076293945,28.940000534057617,29.190000534057617,23.016172409057617,39134000,0.0,0.0
2012-06-01,28.760000228881836,28.959999084472656,28.440000534057617,28.450000762939453,22.432693481445312,56634300,0.0,0.0
2012-06-04,28.6200008392334,28.780000686645508,28.31999969482422,28.549999237060547,22.511537551879883,47926300,0.0,0.0
2012-06-05,28.510000228881836,28.75,28.389999389648438,28.510000228881836,22.480005264282227,45715400,0.0,0.0
2012-06-06,28.8799991607666,29.3700008392334,28.809999465942383,29.350000381469727,23.142335891723633,46860500,0.0,0.0
2012-06-07,29.639999389648438,29.700000762939453,29.170000076293945,29.229999542236328,23.047719955444336,37792800,0.0,0.0
2012-06-08,29.209999084472656,29.68000030517578,29.049999237060547,29.649999618530273,23.37887954711914,42551100,0.0,0.0
2012-06-11,29.729999542236328,29.809999465942383,28.81999969482422,28.899999618530273,22.787511825561523,46361900,0.0,0.0
2012-06-12,29.100000381469727,29.299999237060547,28.84000015258789,29.290000915527344,23.095027923583984,35337900,0.0,0.0
2012-06-13,29.219999313354492,29.440000534057617,29.049999237060547,29.1299991607666,22.9688663482666,32984600,0.0,0.0
2012-06-14,29.329999923706055,29.459999084472656,28.8799991607666,29.34000015258789,23.134450912475586,39458900,0.0,0.0
2012-06-15,29.59000015258789,30.079999923706055,29.489999771118164,30.020000457763672,23.67062759399414,62314400,0.0,0.0
2012-06-18,29.989999771118164,30.030000686645508,29.709999084472656,29.84000015258789,23.528697967529297,58679900,0.0,0.0
2012-06-19,30.190000534057617,31.110000610351562,30.049999237060547,30.700000762939453,24.206811904907227,75725800,0.0,0.0
2012-06-20,30.93000030517578,31.049999237060547,30.639999389648438,30.93000030517578,24.388160705566406,36257100,0.0,0.0
2012-06-21,30.959999084472656,31.139999389648438,30.059999465942383,30.139999389648438,23.765249252319336,48456600,0.0,0.0
2012-06-22,30.299999237060547,30.729999542236328,30.030000686645508,30.700000762939453,24.206811904907227,45098100,0.0,0.0
2012-06-25,30.299999237060547,30.31999969482422,29.6200008392334,29.8700008392334,23.552358627319336,42217200,0.0,0.0
2012-06-26,30.0,30.270000457763672,29.940000534057617,30.020000457763672,23.67062759399414,38421300,0.0,0.0
2012-06-27,30.190000534057617,30.5,30.030000686645508,30.170000076293945,23.78890037536621,33781700,0.0,0.0
2012-06-28,29.979999542236328,30.049999237060547,29.420000076293945,29.90999984741211,23.583892822265625,45328400,0.0,0.0
2012-06-29,30.450000762939453,30.690000534057617,30.139999389648438,30.59000015258789,24.120071411132812,55227200,0.0,0.0
2012-07-02,30.6200008392334,30.6200008392334,30.209999084472656,30.559999465942383,24.096420288085938,30589100,0.0,0.0
2012-07-03,30.229999542236328,30.760000228881836,30.170000076293945,30.760000228881836,24.254117965698242,20938100,0.0,0.0
2012-07-05,30.59000015258789,30.780000686645508,30.3799991607666,30.700000762939453,24.206811904907227,28801900,0.0,0.0
2012-07-06,30.610000610351562,30.700000762939453,29.950000762939453,30.190000534057617,23.804676055908203,38294800,0.0,0.0
2012-07-09,30.1200008392334,30.229999542236328,29.780000686645508,30.0,23.654861450195312,30680800,0.0,0.0
2012-07-10,30.079999923706055,30.219999313354492,29.510000228881836,29.739999771118164,23.449851989746094,37534100,0.0,0.0
2012-07-11,29.709999084472656,29.739999771118164,29.110000610351562,29.299999237060547,23.102916717529297,39184900,0.0,0.0
2012-07-12,29.149999618530273,29.18000030517578,28.540000915527344,28.6299991607666,22.57461929321289,63523600,0.0,0.0
2012-07-13,28.760000228881836,29.479999542236328,28.719999313354492,29.389999389648438,23.17387580871582,39085000,0.0,0.0
2012-07-16,29.479999542236328,29.530000686645508,29.040000915527344,29.440000534057617,23.213306427001953,27900600,0.0,0.0
2012-07-17,29.639999389648438,29.860000610351562,29.200000762939453,29.65999984741211,23.38676643371582,33771300,0.0,0.0
2012-07-18,29.600000381469727,30.450000762939453,29.459999084472656,30.450000762939453,24.009685516357422,41090400,0.0,0.0
2012-07-19,30.510000228881836,30.799999237060547,30.3799991607666,30.670000076293945,24.183151245117188,46663200,0.0,0.0
2012-07-20,31.0,31.049999237060547,30.049999237060547,30.1200008392334,23.749481201171875,64021700,0.0,0.0
2012-07-23,29.56999969482422,29.579999923706055,29.010000228881836,29.280000686645508,23.087148666381836,55151900,0.0,0.0
2012-07-24,29.239999771118164,29.360000610351562,28.899999618530273,29.149999618530273,22.984636306762695,47723300,0.0,0.0
2012-07-25,29.239999771118164,29.329999923706055,28.780000686645508,28.829999923706055,22.73231315612793,45579500,0.0,0.0
2012-07-26,29.229999542236328,29.5,29.09000015258789,29.15999984741211,22.992525100708008,45301400,0.0,0.0
2012-07-27,29.479999542236328,29.850000381469727,29.18000030517578,29.760000228881836,23.465621948242188,44242600,0.0,0.0
2012-07-30,29.75,29.81999969482422,29.459999084472656,29.639999389648438,23.371004104614258,28905000,0.0,0.0
2012-07-31,29.479999542236328,29.709999084472656,29.329999923706055,29.469999313354492,23.236957550048828,37620900,0.0,0.0
2012-08-01,29.59000015258789,29.649999618530273,29.209999084472656,29.40999984741211,23.189647674560547,31721800,0.0,0.0
2012-08-02,29.209999084472656,29.530000686645508,28.969999313354492,29.190000534057617,23.016172409057617,39520500,0.0,0.0
2012-08-03,29.530000686645508,29.940000534057617,29.479999542236328,29.75,23.457735061645508,35859400,0.0,0.0
2012-08-06,30.0,30.110000610351562,29.809999465942383,29.950000762939453,23.61543083190918,27471800,0.0,0.0
2012-08-07,30.06999969482422,30.350000381469727,29.8700008392334,30.260000228881836,23.859874725341797,28002900,0.0,0.0
2012-08-08,30.209999084472656,30.469999313354492,30.110000610351562,30.329999923706055,23.915058135986328,26257600,0.0,0.0
2012-08-09,30.389999389648438,30.649999618530273,30.299999237060547,30.5,24.049102783203125,24920800,0.0,0.0
2012-08-10,30.5,30.6200008392334,30.25,30.420000076293945,23.986034393310547,27810300,0.0,0.0
2012-08-13,30.350000381469727,30.459999084472656,30.15999984741211,30.389999389648438,23.962371826171875,23049100,0.0,0.0
2012-08-14,30.299999237060547,30.389999389648438,30.010000228881836,30.1299991607666,23.914749145507812,34551400,0.2,0.0
2012-08-15,30.110000610351562,30.280000686645508,30.020000457763672,30.200000762939453,23.970314025878906,24351000,0.0,0.0
2012-08-16,30.360000610351562,30.940000534057617,30.260000228881836,30.780000686645508,24.4306697845459,35787200,0.0,0.0
2012-08-17,30.920000076293945,30.920000076293945,30.59000015258789,30.899999618530273,24.52591323852539,32589900,0.0,0.0
2012-08-20,30.81999969482422,30.850000381469727,30.579999923706055,30.739999771118164,24.39891815185547,23737700,0.0,0.0
2012-08-21,30.760000228881836,30.959999084472656,30.610000610351562,30.799999237060547,24.4465389251709,28822700,0.0,0.0
2012-08-22,30.59000015258789,30.760000228881836,30.469999313354492,30.540000915527344,24.24017906188965,33437400,0.0,0.0
2012-08-23,30.389999389648438,30.399999618530273,30.079999923706055,30.260000228881836,24.017940521240234,28355600,0.0,0.0
2012-08-24,30.25,30.6299991607666,30.18000030517578,30.559999465942383,24.25605010986328,22943300,0.0,0.0
2012-08-27,30.93000030517578,30.959999084472656,30.59000015258789,30.690000534057617,24.35923194885254,34691100,0.0,0.0
2012-08-28,30.700000762939453,30.799999237060547,30.520000457763672,30.6299991607666,24.31160545349121,23947900,0.0,0.0
2012-08-29,30.649999618530273,30.75,30.440000534057617,30.649999618530273,24.32748794555664,23346800,0.0,0.0
2012-08-30,30.530000686645508,30.610000610351562,30.219999313354492,30.31999969482422,24.06555938720703,23982100,0.0,0.0
2012-08-31,30.600000381469727,30.959999084472656,30.3799991607666,30.81999969482422,24.46241569519043,36590100,0.0,0.0
2012-09-04,30.450000762939453,30.65999984741211,30.149999618530273,30.389999389648438,24.12112045288086,48556700,0.0,0.0
2012-09-05,30.219999313354492,30.530000686645508,30.209999084472656,30.389999389648438,24.12112045288086,33650000,0.0,0.0
2012-09-06,30.5,31.360000610351562,30.459999084472656,31.350000381469727,24.88309097290039,48371700,0.0,0.0
2012-09-07,31.040000915527344,31.06999969482422,30.729999542236328,30.950000762939453,24.56559944152832,42649100,0.0,0.0
2012-09-10,30.829999923706055,30.899999618530273,30.510000228881836,30.719999313354492,24.38304901123047,40524000,0.0,0.0
2012-09-11,30.690000534057617,30.90999984741211,30.610000610351562,30.790000915527344,24.438600540161133,25191800,0.0,0.0
2012-09-12,30.940000534057617,31.18000030517578,30.729999542236328,30.780000686645508,24.4306697845459,32775800,0.0,0.0
2012-09-13,30.889999389648438,31.18000030517578,30.399999618530273,30.940000534057617,24.557661056518555,45047300,0.0,0.0
2012-09-14,31.010000228881836,31.25,30.809999465942383,31.209999084472656,24.7719669342041,51422800,0.0,0.0
2012-09-17,31.190000534057617,31.260000228881836,31.040000915527344,31.209999084472656,24.7719669342041,36488500,0.0,0.0
2012-09-18,31.100000381469727,31.209999084472656,31.030000686645508,31.18000030517578,24.748159408569336,34542700,0.0,0.0
2012-09-19,31.09000015258789,31.190000534057617,31.040000915527344,31.049999237060547,24.644975662231445,48871900,0.0,0.0
2012-09-20,30.950000762939453,31.479999542236328,30.90999984741211,31.450000762939453,24.962459564208984,45543000,0.0,0.0
2012-09-21,31.43000030517578,31.610000610351562,31.09000015258789,31.190000534057617,24.756093978881836,102348900,0.0,0.0
2012-09-24,31.0,31.06999969482422,30.639999389648438,30.780000686645508,24.4306697845459,46825900,0.0,0.0
2012-09-25,30.950000762939453,31.0,30.360000610351562,30.389999389648438,24.12112045288086,54266400,0.0,0.0
2012-09-26,30.280000686645508,30.600000381469727,30.040000915527344,30.170000076293945,23.946496963500977,54672000,0.0,0.0
2012-09-27,30.170000076293945,30.399999618530273,29.889999389648438,30.15999984741211,23.93856430053711,47129900,0.0,0.0
2012-09-28,30.18000030517578,30.260000228881836,29.739999771118164,29.760000228881836,23.621076583862305,54229300,0.0,0.0
2012-10-01,29.809999465942383,29.979999542236328,29.420000076293945,29.489999771118164,23.40677261352539,54042700,0.0,0.0
2012-10-02,29.68000030517578,29.889999389648438,29.5,29.65999984741211,23.54169464111328,43338900,0.0,0.0
2012-10-03,29.75,29.989999771118164,29.670000076293945,29.860000610351562,23.70044708251953,46655900,0.0,0.0
2012-10-04,29.969999313354492,30.030000686645508,29.56999969482422,30.030000686645508,23.83538246154785,43634900,0.0,0.0
2012-10-05,30.229999542236328,30.25,29.739999771118164,29.850000381469727,23.6925048828125,41133900,0.0,0.0
2012-10-08,29.639999389648438,29.920000076293945,29.549999237060547,29.780000686645508,23.636943817138672,29752000,0.0,0.0
2012-10-09,29.68000030517578,29.739999771118164,29.18000030517578,29.280000686645508,23.240095138549805,45121100,0.0,0.0
2012-10-10,29.149999618530273,29.309999465942383,28.950000762939453,28.979999542236328,23.001976013183594,47227100,0.0,0.0
2012-10-11,29.219999313354492,29.25,28.8700008392334,28.950000762939453,22.978160858154297,41488500,0.0,0.0
2012-10-12,28.969999313354492,29.31999969482422,28.799999237060547,29.200000762939453,23.176597595214844,46464700,0.0,0.0
2012-10-15,29.3700008392334,29.719999313354492,29.25,29.510000228881836,23.42264747619629,42440200,0.0,0.0
2012-10-16,29.450000762939453,29.739999771118164,29.31999969482422,29.489999771118164,23.40677261352539,47739400,0.0,0.0
2012-10-17,29.299999237060547,29.639999389648438,29.09000015258789,29.59000015258789,23.48613929748535,44206100,0.0,0.0
2012-10-18,29.649999618530273,29.729999542236328,29.260000228881836,29.5,23.41471290588379,59238500,0.0,0.0
2012-10-19,29.049999237060547,29.079999923706055,28.5,28.639999389648438,22.732114791870117,90470800,0.0,0.0
2012-10-22,28.729999542236328,28.829999923706055,27.829999923706055,28.0,22.224130630493164,83374000,0.0,0.0
2012-10-23,27.770000457763672,28.200000762939453,27.760000228881836,28.049999237060547,22.263813018798828,64414800,0.0,0.0
2012-10-24,28.15999984741211,28.200000762939453,27.8700008392334,27.899999618530273,22.14475440979004,53320400,0.0,0.0
2012-10-25,28.190000534057617,28.200000762939453,27.860000610351562,27.8799991607666,22.128881454467773,54084300,0.0,0.0
2012-10-26,27.860000610351562,28.34000015258789,27.84000015258789,28.209999084472656,22.39080810546875,57790000,0.0,0.0
2012-10-31,28.549999237060547,28.8799991607666,28.5,28.540000915527344,22.65273666381836,69464100,0.0,0.0
2012-11-01,28.84000015258789,29.559999465942383,28.81999969482422,29.520000457763672,23.43058204650879,72047900,0.0,0.0
2012-11-02,29.59000015258789,29.770000457763672,29.329999923706055,29.5,23.41471290588379,57131600,0.0,0.0
2012-11-05,29.6200008392334,29.739999771118164,29.329999923706055,29.6299991607666,23.51788902282715,38070800,0.0,0.0
2012-11-06,29.81999969482422,30.200000762939453,29.610000610351562,29.860000610351562,23.70044708251953,43401500,0.0,0.0
2012-11-07,29.530000686645508,29.829999923706055,29.049999237060547,29.079999923706055,23.08134651184082,57871800,0.0,0.0
2012-11-08,29.1200008392334,29.3700008392334,28.799999237060547,28.809999465942383,22.86703872680664,49841800,0.0,0.0
2012-11-09,28.8799991607666,29.190000534057617,28.809999465942383,28.829999923706055,22.882919311523438,43291200,0.0,0.0
2012-11-12,28.940000534057617,29.010000228881836,28.209999084472656,28.219999313354492,22.39874267578125,61112300,0.0,0.0
2012-11-13,27.020000457763672,27.299999237060547,26.75,27.09000015258789,21.678539276123047,131689200,0.23,0.0
2012-11-14,27.239999771118164,27.290000915527344,26.799999237060547,26.84000015258789,21.47846794128418,76086100,0.0,0.0
2012-11-15,26.8799991607666,26.969999313354492,26.6299991607666,26.65999984741211,21.334428787231445,50955600,0.0,0.0
2012-11-16,26.670000076293945,26.700000762939453,26.34000015258789,26.520000457763672,21.222396850585938,64083300,0.0,0.0
2012-11-19,26.799999237060547,26.799999237060547,26.469999313354492,26.729999542236328,21.39043617248535,57179300,0.0,0.0
2012-11-20,26.760000228881836,26.799999237060547,26.459999084472656,26.709999084472656,21.37443733215332,47070400,0.0,0.0
2012-11-21,26.709999084472656,27.170000076293945,26.670000076293945,26.950000762939453,21.56650733947754,66360300,0.0,0.0
2012-11-23,27.229999542236328,27.770000457763672,27.200000762939453,27.700000762939453,22.166683197021484,57845700,0.0,0.0
2012-11-26,27.540000915527344,27.579999923706055,27.170000076293945,27.389999389648438,21.91860008239746,85198700,0.0,0.0
2012-11-27,27.360000610351562,27.3799991607666,27.040000915527344,27.079999923706055,21.67052459716797,45018600,0.0,0.0
2012-11-28,27.010000228881836,27.389999389648438,26.770000457763672,27.360000610351562,21.89459228515625,53018400,0.0,0.0
2012-11-29,27.110000610351562,27.360000610351562,26.860000610351562,26.950000762939453,21.56650733947754,69551400,0.0,0.0
2012-11-30,27.049999237060547,27.1299991607666,26.489999771118164,26.6200008392334,21.302417755126953,83690200,0.0,0.0
2012-12-03,26.780000686645508,26.81999969482422,26.399999618530273,26.43000030517578,21.15036964416504,53173800,0.0,0.0
2012-12-04,26.5,26.6299991607666,26.34000015258789,26.3700008392334,21.10236167907715,49777500,0.0,0.0
2012-12-05,26.3799991607666,26.93000030517578,26.260000228881836,26.670000076293945,21.34242820739746,68283800,0.0,0.0
2012-12-06,26.809999465942383,26.979999542236328,26.610000610351562,26.729999542236328,21.39043617248535,39182300,0.0,0.0
2012-12-07,26.81999969482422,26.81999969482422,26.3700008392334,26.459999084472656,21.17437744140625,46162100,0.0,0.0
2012-12-10,26.559999465942383,26.969999313354492,26.520000457763672,26.940000534057617,21.558496475219727,47031100,0.0,0.0
2012-12-11,27.049999237060547,27.489999771118164,27.049999237060547,27.31999969482422,21.862585067749023,52282800,0.0,0.0
2012-12-12,27.530000686645508,27.6200008392334,27.079999923706055,27.239999771118164,21.798564910888672,43966300,0.0,0.0
2012-12-13,27.31999969482422,27.520000457763672,26.950000762939453,27.110000610351562,21.694530487060547,45080100,0.0,0.0
2012-12-14,27.110000610351562,27.1299991607666,26.700000762939453,26.809999465942383,21.454458236694336,42077500,0.0,0.0
2012-12-17,26.790000915527344,27.219999313354492,26.68000030517578,27.100000381469727,21.686532974243164,42046100,0.0,0.0
2012-12-18,27.25,27.6299991607666,27.139999389648438,27.559999465942383,22.054643630981445,50486900,0.0,0.0
2012-12-19,27.690000534057617,27.729999542236328,27.25,27.309999465942383,21.85457420349121,53519900,0.0,0.0
2012-12-20,27.360000610351562,27.68000030517578,27.149999618530273,27.68000030517578,22.15066909790039,52607300,0.0,0.0
2012-12-21,27.450000762939453,27.489999771118164,27.0,27.450000762939453,21.96661949157715,98776500,0.0,0.0
2012-12-24,27.200000762939453,27.25,27.0,27.059999465942383,21.654523849487305,20842400,0.0,0.0
2012-12-26,27.030000686645508,27.200000762939453,26.700000762939453,26.860000610351562,21.494476318359375,31631100,0.0,0.0
2012-12-27,26.889999389648438,27.09000015258789,26.56999969482422,26.959999084472656,21.574501037597656,39394000,0.0,0.0
2012-12-28,26.709999084472656,26.899999618530273,26.549999237060547,26.549999237060547,21.246389389038086,28239900,0.0,0.0
2012-12-31,26.59000015258789,26.770000457763672,26.3700008392334,26.709999084472656,21.37443733215332,42749500,0.0,0.0
2013-01-02,27.25,27.729999542236328,27.149999618530273,27.6200008392334,22.10264778137207,52899300,0.0,0.0
2013-01-03,27.6299991607666,27.649999618530273,27.15999984741211,27.25,21.80656623840332,48294400,0.0,0.0
2013-01-04,27.270000457763672,27.34000015258789,26.729999542236328,26.739999771118164,21.398447036743164,52521100,0.0,0.0
2013-01-07,26.770000457763672,26.8799991607666,26.639999389648438,26.690000534057617,21.35843276977539,37110400,0.0,0.0
2013-01-08,26.75,26.790000915527344,26.459999084472656,26.549999237060547,21.246389389038086,44703100,0.0,0.0
2013-01-09,26.719999313354492,26.75,26.559999465942383,26.700000762939453,21.36643409729004,49047900,0.0,0.0
2013-01-10,26.649999618530273,26.979999542236328,26.290000915527344,26.459999084472656,21.17437744140625,71431300,0.0,0.0
2013-01-11,26.489999771118164,26.93000030517578,26.280000686645508,26.829999923706055,21.4704647064209,55512100,0.0,0.0
2013-01-14,26.899999618530273,27.079999923706055,26.760000228881836,26.889999389648438,21.518484115600586,48324400,0.0,0.0
2013-01-15,26.829999923706055,27.290000915527344,26.829999923706055,27.209999084472656,21.77455711364746,48244500,0.0,0.0
2013-01-16,27.149999618530273,27.229999542236328,27.010000228881836,27.040000915527344,21.638519287109375,41077400,0.0,0.0
2013-01-17,27.190000534057617,27.469999313354492,27.059999465942383,27.25,21.80656623840332,51685900,0.0,0.0
2013-01-18,27.100000381469727,27.290000915527344,27.040000915527344,27.25,21.80656623840332,52167700,0.0,0.0
2013-01-22,27.299999237060547,27.450000762939453,27.0,27.149999618530273,21.726543426513672,58650600,0.0,0.0
2013-01-23,27.200000762939453,27.639999389648438,27.200000762939453,27.610000610351562,22.094655990600586,50387700,0.0,0.0
2013-01-24,27.700000762939453,28.06999969482422,27.469999313354492,27.6299991607666,22.110660552978516,101739300,0.0,0.0
2013-01-25,27.579999923706055,28.229999542236328,27.389999389648438,27.8799991607666,22.310714721679688,81847700,0.0,0.0
2013-01-28,28.010000228881836,28.229999542236328,27.760000228881836,27.90999984741211,22.334726333618164,56056500,0.0,0.0
2013-01-29,27.81999969482422,28.1299991607666,27.600000381469727,28.010000228881836,22.414749145507812,49242600,0.0,0.0
2013-01-30,28.010000228881836,28.190000534057617,27.760000228881836,27.850000381469727,22.286701202392578,43580500,0.0,0.0
2013-01-31,27.790000915527344,27.969999313354492,27.399999618530273,27.450000762939453,21.96661949157715,50530000,0.0,0.0
2013-02-01,27.670000076293945,28.049999237060547,27.549999237060547,27.93000030517578,22.350740432739258,55565900,0.0,0.0
2013-02-04,27.8700008392334,28.020000457763672,27.420000076293945,27.440000534057617,21.95861053466797,50540000,0.0,0.0
2013-02-05,27.6200008392334,27.65999984741211,27.360000610351562,27.5,22.006628036499023,35410400,0.0,0.0
2013-02-06,27.3799991607666,27.540000915527344,27.25,27.34000015258789,21.87859344482422,41889600,0.0,0.0
2013-02-07,27.350000381469727,27.389999389648438,27.100000381469727,27.280000686645508,21.830577850341797,38028300,0.0,0.0
2013-02-08,27.350000381469727,27.709999084472656,27.309999465942383,27.549999237060547,22.046634674072266,33318500,0.0,0.0
2013-02-11,27.649999618530273,27.920000076293945,27.5,27.860000610351562,22.294715881347656,32247700,0.0,0.0
2013-02-12,27.8799991607666,28.0,27.75,27.8799991607666,22.310714721679688,35990900,0.0,0.0
2013-02-13,27.93000030517578,28.110000610351562,27.8799991607666,28.030000686645508,22.43075942993164,41715600,0.0,0.0
2013-02-14,27.920000076293945,28.059999465942383,27.8700008392334,28.040000915527344,22.43876075744629,32663200,0.0,0.0
2013-02-15,28.040000915527344,28.15999984741211,27.8799991607666,28.010000228881836,22.414749145507812,49650900,0.0,0.0
2013-02-19,27.8799991607666,28.09000015258789,27.799999237060547,28.049999237060547,22.63260269165039,38781400,0.23,0.0
2013-02-20,28.1299991607666,28.200000762939453,27.829999923706055,27.8700008392334,22.487369537353516,44110200,0.0,0.0
2013-02-21,27.739999771118164,27.739999771118164,27.229999542236328,27.489999771118164,22.180763244628906,49078500,0.0,0.0
2013-02-22,27.68000030517578,27.760000228881836,27.479999542236328,27.760000228881836,22.398618698120117,31425900,0.0,0.0
2013-02-25,27.969999313354492,28.049999237060547,27.3700008392334,27.3700008392334,22.083940505981445,48011800,0.0,0.0
2013-02-26,27.3799991607666,27.600000381469727,27.34000015258789,27.3700008392334,22.083940505981445,49923300,0.0,0.0
2013-02-27,27.420000076293945,28.0,27.329999923706055,27.809999465942383,22.438949584960938,36394700,0.0,0.0
2013-02-28,27.8799991607666,27.969999313354492,27.739999771118164,27.799999237060547,22.430891036987305,35840200,0.0,0.0
2013-03-01,27.719999313354492,27.979999542236328,27.520000457763672,27.950000762939453,22.55191993713379,34849700,0.0,0.0
2013-03-04,27.850000381469727,28.149999618530273,27.700000762939453,28.149999618530273,22.713289260864258,38157500,0.0,0.0
2013-03-05,28.290000915527344,28.540000915527344,28.15999984741211,28.350000381469727,22.874664306640625,41432200,0.0,0.0
2013-03-06,28.209999084472656,28.229999542236328,27.780000686645508,28.09000015258789,22.66487693786621,51448500,0.0,0.0
2013-03-07,28.110000610351562,28.280000686645508,28.010000228881836,28.139999389648438,22.705223083496094,29196700,0.0,0.0
2013-03-08,28.25,28.329999923706055,27.959999084472656,28.0,22.592260360717773,37667800,0.0,0.0
2013-03-11,27.940000534057617,27.969999313354492,27.670000076293945,27.8700008392334,22.487369537353516,36627500,0.0,0.0
2013-03-12,27.84000015258789,27.950000762939453,27.639999389648438,27.90999984741211,22.519649505615234,39255200,0.0,0.0
2013-03-13,27.8700008392334,28.020000457763672,27.75,27.920000076293945,22.5277156829834,29093400,0.0,0.0
2013-03-14,28.0,28.15999984741211,27.93000030517578,28.139999389648438,22.705223083496094,55914800,0.0,0.0
2013-03-15,28.030000686645508,28.15999984741211,27.979999542236328,28.040000915527344,22.624540328979492,92710300,0.0,0.0
2013-03-18,27.8799991607666,28.280000686645508,27.809999465942383,28.100000381469727,22.672948837280273,44809400,0.0,0.0
2013-03-19,28.1200008392334,28.219999313354492,28.030000686645508,28.18000030517578,22.73749542236328,51901600,0.0,0.0
2013-03-20,28.34000015258789,28.489999771118164,28.18000030517578,28.31999969482422,22.85045623779297,35447800,0.0,0.0
2013-03-21,28.110000610351562,28.360000610351562,28.049999237060547,28.110000610351562,22.681020736694336,34233200,0.0,0.0
2013-03-22,28.190000534057617,28.34000015258789,28.100000381469727,28.25,22.79397964477539,28720900,0.0,0.0
2013-03-25,28.299999237060547,28.350000381469727,27.959999084472656,28.15999984741211,22.72136878967285,44154000,0.0,0.0
2013-03-26,28.239999771118164,28.34000015258789,28.110000610351562,28.15999984741211,22.72136878967285,27824300,0.0,0.0
2013-03-27,28.139999389648438,28.450000762939453,28.079999923706055,28.3700008392334,22.89080238342285,36047400,0.0,0.0
2013-03-28,28.31999969482422,28.65999984741211,28.260000228881836,28.610000610351562,23.084447860717773,55453800,0.0,0.0
2013-04-01,28.639999389648438,28.65999984741211,28.360000610351562,28.610000610351562,23.084447860717773,29201100,0.0,0.0
2013-04-02,28.59000015258789,28.850000381469727,28.520000457763672,28.799999237060547,23.237754821777344,28456500,0.0,0.0
2013-04-03,28.75,28.950000762939453,28.540000915527344,28.559999465942383,23.044111251831055,35062800,0.0,0.0
2013-04-04,28.389999389648438,28.610000610351562,28.270000457763672,28.600000381469727,23.076385498046875,45263200,0.0,0.0
2013-04-05,28.219999313354492,28.780000686645508,28.110000610351562,28.700000762939453,23.157072067260742,50927300,0.0,0.0
2013-04-08,28.729999542236328,28.729999542236328,28.469999313354492,28.59000015258789,23.068309783935547,34759500,0.0,0.0
2013-04-09,28.729999542236328,29.81999969482422,28.68000030517578,29.610000610351562,23.891311645507812,77733800,0.0,0.0
2013-04-10,29.56999969482422,30.31999969482422,29.520000457763672,30.280000686645508,24.431921005249023,71116700,0.0,0.0
2013-04-11,29.100000381469727,29.200000762939453,28.729999542236328,28.940000534057617,23.350711822509766,130923200,0.0,0.0
2013-04-12,28.850000381469727,29.020000457763672,28.65999984741211,28.790000915527344,23.229694366455078,62886300,0.0,0.0
2013-04-15,28.649999618530273,28.979999542236328,28.510000228881836,28.690000534057617,23.148998260498047,56332900,0.0,0.0
2013-04-16,28.899999618530273,29.139999389648438,28.700000762939453,28.969999313354492,23.374921798706055,52797300,0.0,0.0
2013-04-17,28.850000381469727,29.040000915527344,28.600000381469727,28.829999923706055,23.261964797973633,52840700,0.0,0.0
2013-04-18,28.950000762939453,28.979999542236328,28.5,28.790000915527344,23.229694366455078,56906600,0.0,0.0
2013-04-19,29.6200008392334,30.239999771118164,29.610000610351562,29.770000457763672,24.02041244506836,99790700,0.0,0.0
2013-04-22,30.299999237060547,31.18000030517578,30.270000457763672,30.829999923706055,24.875688552856445,137904000,0.0,0.0
2013-04-23,30.700000762939453,30.899999618530273,30.3799991607666,30.600000381469727,24.690114974975586,59126900,0.0,0.0
2013-04-24,30.6200008392334,31.920000076293945,30.600000381469727,31.760000228881836,25.62607765197754,90946600,0.0,0.0
2013-04-25,31.709999084472656,32.84000015258789,31.540000915527344,31.940000534057617,25.77131462097168,110700200,0.0,0.0
2013-04-26,31.899999618530273,31.979999542236328,31.450000762939453,31.790000915527344,25.650287628173828,47799300,0.0,0.0
2013-04-29,31.799999237060547,32.68000030517578,31.770000457763672,32.61000061035156,26.311912536621094,59116400,0.0,0.0
2013-04-30,32.560001373291016,33.11000061035156,32.279998779296875,33.099998474121094,26.707279205322266,75165200,0.0,0.0
2013-05-01,32.93000030517578,33.08000183105469,32.599998474121094,32.720001220703125,26.40068244934082,54330900,0.0,0.0
2013-05-02,32.630001068115234,33.16999816894531,32.38999938964844,33.15999984741211,26.755695343017578,46059500,0.0,0.0
2013-05-03,33.22999954223633,33.52000045776367,33.08000183105469,33.4900016784668,27.021963119506836,46784600,0.0,0.0
2013-05-06,33.41999816894531,33.90999984741211,33.25,33.75,27.231748580932617,40978300,0.0,0.0
2013-05-07,33.650001525878906,33.790000915527344,33.2400016784668,33.310001373291016,26.876726150512695,43078300,0.0,0.0
2013-05-08,33.06999969482422,33.2400016784668,32.650001525878906,32.9900016784668,26.61852264404297,51595700,0.0,0.0
2013-05-09,32.849998474121094,33.0,32.59000015258789,32.65999984741211,26.352262496948242,46417800,0.0,0.0
2013-05-10,32.66999816894531,32.720001220703125,32.31999969482422,32.689998626708984,26.376466751098633,36394900,0.0,0.0
2013-05-13,32.61000061035156,33.06999969482422,32.54999923706055,33.029998779296875,26.650798797607422,36027600,0.0,0.0
2013-05-14,32.86000061035156,33.529998779296875,32.79999923706055,33.529998779296875,27.24393081665039,56870100,0.23,0.0
2013-05-15,33.45000076293945,33.900001525878906,33.43000030517578,33.849998474121094,27.503950119018555,46303900,0.0,0.0
2013-05-16,33.63999938964844,34.150001525878906,33.54999923706055,34.08000183105469,27.69083023071289,59382900,0.0,0.0
2013-05-17,34.130001068115234,34.869998931884766,34.099998474121094,34.869998931884766,28.332727432250977,60666700,0.0,0.0
2013-05-20,34.72999954223633,35.099998474121094,34.68000030517578,35.08000183105469,28.503355026245117,54020800,0.0,0.0
2013-05-21,35.099998474121094,35.27000045776367,34.720001220703125,34.849998474121094,28.31647300720215,48702400,0.0,0.0
2013-05-22,34.790000915527344,34.84000015258789,34.36000061035156,34.61000061035156,28.12146759033203,66047500,0.0,0.0
2013-05-23,34.22999954223633,34.54999923706055,33.900001525878906,34.150001525878906,27.747709274291992,51102700,0.0,0.0
2013-05-24,33.91999816894531,34.279998779296875,33.900001525878906,34.27000045776367,27.845199584960938,33174400,0.0,0.0
2013-05-28,34.41999816894531,35.18000030517578,34.40999984741211,35.02000045776367,28.454605102539062,48212100,0.0,0.0
2013-05-29,34.7400016784668,35.02000045776367,34.56999969482422,34.880001068115234,28.34085464477539,38412200,0.0,0.0
2013-05-30,34.849998474121094,35.25,34.810001373291016,35.029998779296875,28.46272087097168,51131000,0.0,0.0
2013-05-31,34.81999969482422,35.279998779296875,34.790000915527344,34.900001525878906,28.357101440429688,56165700,0.0,0.0
2013-06-03,34.91999816894531,35.630001068115234,34.83000183105469,35.59000015258789,28.917739868164062,51252600,0.0,0.0
2013-06-04,35.619998931884766,35.7400016784668,34.77000045776367,34.9900016784668,28.43023109436035,65529500,0.0,0.0
2013-06-05,34.599998474121094,34.88999938964844,34.43000030517578,34.779998779296875,28.25959587097168,46025100,0.0,0.0
2013-06-06,34.84000015258789,35.11000061035156,34.4900016784668,34.959999084472656,28.40584945678711,37618500,0.0,0.0
2013-06-07,35.25,35.779998779296875,35.060001373291016,35.66999816894531,28.982736587524414,40757300,0.0,0.0
2013-06-10,35.5099983215332,35.650001525878906,35.13999938964844,35.470001220703125,28.82024574279785,35994500,0.0,0.0
2013-06-11,35.04999923706055,35.18000030517578,34.68000030517578,34.84000015258789,28.308347702026367,39435900,0.0,0.0
2013-06-12,35.13999938964844,35.27000045776367,34.849998474121094,35.0,28.438358306884766,37372700,0.0,0.0
2013-06-13,34.9900016784668,35.02000045776367,34.59000015258789,34.720001220703125,28.21084976196289,45654900,0.0,0.0
2013-06-14,34.54999923706055,34.689998626708984,34.25,34.400001525878906,27.950841903686523,53192600,0.0,0.0
2013-06-17,34.689998626708984,35.15999984741211,34.630001068115234,35.0,28.438358306884766,49670100,0.0,0.0
2013-06-18,34.970001220703125,35.16999816894531,34.900001525878906,34.97999954223633,28.42211151123047,28616500,0.0,0.0
2013-06-19,34.959999084472656,35.09000015258789,34.59000015258789,34.59000015258789,28.105209350585938,30816200,0.0,0.0
2013-06-20,34.2599983215332,34.33000183105469,33.369998931884766,33.4900016784668,27.211448669433594,54493700,0.0,0.0
2013-06-21,33.65999984741211,33.72999954223633,33.04999923706055,33.27000045776367,27.032682418823242,85338500,0.0,0.0
2013-06-24,32.939998626708984,34.20000076293945,32.56999969482422,33.720001220703125,27.39832878112793,56109000,0.0,0.0
2013-06-25,34.08000183105469,34.380001068115234,33.459999084472656,33.66999816894531,27.357702255249023,44073400,0.0,0.0
2013-06-26,34.119998931884766,34.47999954223633,33.88999938964844,34.349998474121094,27.91020393371582,48665900,0.0,0.0
2013-06-27,34.52000045776367,34.779998779296875,34.5,34.619998931884766,28.129596710205078,28993100,0.0,0.0
2013-06-28,34.380001068115234,34.790000915527344,34.34000015258789,34.540000915527344,28.064599990844727,65545500,0.0,0.0
2013-07-01,34.75,34.9900016784668,34.33000183105469,34.36000061035156,27.91834259033203,31055400,0.0,0.0
2013-07-02,34.40999984741211,34.439998626708984,33.630001068115234,33.939998626708984,27.57707977294922,37630000,0.0,0.0
2013-07-03,33.65999984741211,34.369998931884766,33.599998474121094,34.0099983215332,27.63395118713379,15994400,0.0,0.0
2013-07-05,34.09000015258789,34.2400016784668,33.58000183105469,34.209999084472656,27.796459197998047,26085900,0.0,0.0
2013-07-08,34.349998474121094,34.59000015258789,33.97999954223633,34.33000183105469,27.89396095275879,32396900,0.0,0.0
2013-07-09,34.58000183105469,34.599998474121094,34.13999938964844,34.349998474121094,27.91020393371582,25318500,0.0,0.0
2013-07-10,34.34000015258789,34.810001373291016,34.31999969482422,34.70000076293945,28.194595336914062,29658800,0.0,0.0
2013-07-11,35.0,35.77000045776367,34.900001525878906,35.689998626708984,28.998992919921875,53638300,0.0,0.0
2013-07-12,35.58000183105469,35.72999954223633,35.279998779296875,35.66999816894531,28.982736587524414,35501200,0.0,0.0
2013-07-15,35.65999984741211,36.220001220703125,35.58000183105469,36.16999816894531,29.38899803161621,34142600,0.0,0.0
2013-07-16,36.0099983215332,36.43000030517578,35.959999084472656,36.27000045776367,29.470256805419922,36378500,0.0,0.0
2013-07-17,36.34000015258789,36.38999938964844,35.4900016784668,35.7400016784668,29.039623260498047,37285100,0.0,0.0
2013-07-18,35.720001220703125,35.88999938964844,35.220001220703125,35.439998626708984,28.795867919921875,49547100,0.0,0.0
2013-07-19,32.400001525878906,32.66999816894531,31.020000457763672,31.399999618530273,25.513263702392578,248428500,0.0,0.0
2013-07-22,31.700000762939453,32.0099983215332,31.600000381469727,32.0099983215332,26.00890350341797,79040700,0.0,0.0
2013-07-23,31.90999984741211,32.040000915527344,31.709999084472656,31.81999969482422,25.85452651977539,65810400,0.0,0.0
2013-07-24,32.040000915527344,32.189998626708984,31.889999389648438,31.959999084472656,25.968276977539062,52803100,0.0,0.0
2013-07-25,31.6200008392334,31.649999618530273,31.25,31.389999389648438,25.505146026611328,63213000,0.0,0.0
2013-07-26,31.260000228881836,31.6200008392334,31.209999084472656,31.6200008392334,25.69202423095703,38633600,0.0,0.0
2013-07-29,31.469999313354492,31.600000381469727,31.399999618530273,31.540000915527344,25.627016067504883,28870700,0.0,0.0
2013-07-30,31.780000686645508,32.119998931884766,31.549999237060547,31.850000381469727,25.878910064697266,45799500,0.0,0.0
2013-07-31,31.969999313354492,32.04999923706055,31.709999084472656,31.84000015258789,25.870769500732422,43898400,0.0,0.0
2013-08-01,32.060001373291016,32.09000015258789,31.600000381469727,31.670000076293945,25.73264503479004,42557900,0.0,0.0
2013-08-02,31.690000534057617,31.899999618530273,31.56999969482422,31.889999389648438,25.911407470703125,29199900,0.0,0.0
2013-08-05,31.899999618530273,32.0,31.639999389648438,31.700000762939453,25.75702667236328,30984000,0.0,0.0
2013-08-06,31.549999237060547,31.670000076293945,31.3799991607666,31.579999923706055,25.659523010253906,36331500,0.0,0.0
2013-08-07,31.540000915527344,32.099998474121094,31.25,32.060001373291016,26.04953384399414,38078600,0.0,0.0
2013-08-08,32.2400016784668,33.06999969482422,32.04999923706055,32.88999938964844,26.72393035888672,59034400,0.0,0.0
2013-08-09,32.77000045776367,32.900001525878906,32.470001220703125,32.70000076293945,26.569551467895508,26800700,0.0,0.0
2013-08-12,32.459999084472656,32.970001220703125,32.459999084472656,32.869998931884766,26.70768165588379,25493700,0.0,0.0
2013-08-13,32.5099983215332,32.54999923706055,32.209999084472656,32.22999954223633,26.3721981048584,39464100,0.23,0.0
2013-08-14,32.13999938964844,33.36000061035156,31.700000762939453,32.349998474121094,26.470375061035156,48519600,0.0,0.0
2013-08-15,32.0,32.18000030517578,30.84000015258789,31.790000915527344,26.01216697692871,33338000,0.0,0.0
2013-08-16,31.790000915527344,31.989999771118164,31.65999984741211,31.799999237060547,26.020349502563477,32866300,0.0,0.0
2013-08-19,31.760000228881836,31.969999313354492,31.3799991607666,31.389999389648438,25.684864044189453,27902500,0.0,0.0
2013-08-20,31.440000534057617,31.899999618530273,31.3700008392334,31.6200008392334,25.873062133789062,22979600,0.0,0.0
2013-08-21,31.610000610351562,32.0099983215332,31.540000915527344,31.610000610351562,25.864883422851562,37409100,0.0,0.0
2013-08-22,32.189998626708984,32.4900016784668,32.099998474121094,32.38999938964844,26.503108978271484,31169900,0.0,0.0
2013-08-23,35.16999816894531,35.20000076293945,34.0,34.75,28.434192657470703,225493800,0.0,0.0
2013-08-26,34.400001525878906,34.66999816894531,34.029998779296875,34.150001525878906,27.94322967529297,72786800,0.0,0.0
2013-08-27,33.52000045776367,34.099998474121094,33.150001525878906,33.2599983215332,27.21499252319336,58522300,0.0,0.0
2013-08-28,33.38999938964844,33.599998474121094,33.0,33.02000045776367,27.01861572265625,44257400,0.0,0.0
2013-08-29,32.93000030517578,33.599998474121094,32.79999923706055,33.54999923706055,27.452281951904297,45284700,0.0,0.0
2013-08-30,33.369998931884766,33.47999954223633,33.09000015258789,33.400001525878906,27.329545974731445,42790200,0.0,0.0
2013-09-03,31.75,32.06999969482422,31.290000915527344,31.8799991607666,26.085803985595703,154507000,0.0,0.0
2013-09-04,31.389999389648438,31.469999313354492,31.110000610351562,31.200000762939453,25.52939224243164,142320600,0.0,0.0
2013-09-05,31.100000381469727,31.440000534057617,30.950000762939453,31.229999542236328,25.5539493560791,71644900,0.0,0.0
2013-09-06,31.309999465942383,31.389999389648438,31.1299991607666,31.149999618530273,25.488479614257812,75434900,0.0,0.0
2013-09-09,31.219999313354492,31.790000915527344,31.200000762939453,31.65999984741211,25.905790328979492,49628500,0.0,0.0
2013-09-10,31.899999618530273,32.400001525878906,31.790000915527344,32.38999938964844,26.503108978271484,56881200,0.0,0.0
2013-09-11,32.56999969482422,32.93000030517578,32.529998779296875,32.7400016784668,26.78950309753418,39087500,0.0,0.0
2013-09-12,32.720001220703125,32.779998779296875,32.59000015258789,32.689998626708984,26.748600006103516,32860200,0.0,0.0
2013-09-13,32.77000045776367,33.06999969482422,32.5099983215332,33.029998779296875,27.02679443359375,40899000,0.0,0.0
2013-09-16,33.380001068115234,33.5,32.72999954223633,32.79999923706055,26.838600158691406,52839700,0.0,0.0
2013-09-17,33.41999816894531,33.470001220703125,32.900001525878906,32.93000030517578,26.944974899291992,84716500,0.0,0.0
2013-09-18,32.9900016784668,33.400001525878906,32.83000183105469,33.31999969482422,27.264087677001953,64099900,0.0,0.0
2013-09-19,33.47999954223633,33.68000030517578,33.31999969482422,33.63999938964844,27.525922775268555,42026600,0.0,0.0
2013-09-20,33.40999984741211,33.47999954223633,32.689998626708984,32.790000915527344,26.830415725708008,102904900,0.0,0.0
2013-09-23,32.540000915527344,32.970001220703125,32.5,32.7400016784668,26.78950309753418,39826100,0.0,0.0
2013-09-24,32.869998931884766,32.869998931884766,32.150001525878906,32.45000076293945,26.552207946777344,40685000,0.0,0.0
2013-09-25,32.4900016784668,32.79999923706055,32.400001525878906,32.5099983215332,26.601301193237305,28907500,0.0,0.0
2013-09-26,32.63999938964844,33.0,32.59000015258789,32.77000045776367,26.814048767089844,28504000,0.0,0.0
2013-09-27,32.880001068115234,33.75,32.869998931884766,33.27000045776367,27.22317123413086,55348000,0.0,0.0
2013-09-30,33.0,33.310001373291016,32.70000076293945,33.279998779296875,27.231361389160156,39839500,0.0,0.0
2013-10-01,33.349998474121094,33.61000061035156,33.29999923706055,33.58000183105469,27.476835250854492,36718700,0.0,0.0
2013-10-02,33.36000061035156,34.029998779296875,33.290000915527344,33.91999816894531,27.755043029785156,46946800,0.0,0.0
2013-10-03,33.880001068115234,34.0,33.41999816894531,33.86000061035156,27.705944061279297,38703800,0.0,0.0
2013-10-04,33.689998626708984,33.9900016784668,33.619998931884766,33.880001068115234,27.722299575805664,33008100,0.0,0.0
2013-10-07,33.599998474121094,33.709999084472656,33.20000076293945,33.29999923706055,27.24771499633789,35069300,0.0,0.0
2013-10-08,33.310001373291016,33.33000183105469,32.79999923706055,33.0099983215332,27.01043128967285,41017600,0.0,0.0
2013-10-09,33.06999969482422,33.349998474121094,32.959999084472656,33.06999969482422,27.059532165527344,35878600,0.0,0.0
2013-10-10,33.310001373291016,33.88999938964844,33.2599983215332,33.7599983215332,27.624114990234375,42875100,0.0,0.0
2013-10-11,33.68000030517578,34.13999938964844,33.68000030517578,34.130001068115234,27.926864624023438,30033300,0.0,0.0
2013-10-14,33.900001525878906,34.5,33.779998779296875,34.45000076293945,28.18871307373047,27757900,0.0,0.0
2013-10-15,34.66999816894531,34.9900016784668,34.470001220703125,34.4900016784668,28.2214412689209,47097800,0.0,0.0
2013-10-16,34.599998474121094,34.900001525878906,34.560001373291016,34.63999938964844,28.34416961669922,35111600,0.0,0.0
2013-10-17,34.45000076293945,34.9900016784668,34.369998931884766,34.91999816894531,28.57329559326172,31359200,0.0,0.0
2013-10-18,34.81999969482422,34.9900016784668,34.33000183105469,34.959999084472656,28.606016159057617,41811700,0.0,0.0
2013-10-21,34.97999954223633,35.20000076293945,34.90999984741211,34.9900016784668,28.630556106567383,27433500,0.0,0.0
2013-10-22,35.02000045776367,35.099998474121094,34.52000045776367,34.58000183105469,28.295085906982422,40438500,0.0,0.0
2013-10-23,34.349998474121094,34.4900016784668,33.66999816894531,33.7599983215332,27.624114990234375,58600500,0.0,0.0
2013-10-24,33.81999969482422,34.099998474121094,33.56999969482422,33.720001220703125,27.59138298034668,53209700,0.0,0.0
2013-10-25,35.880001068115234,36.290000915527344,35.470001220703125,35.72999954223633,29.23607063293457,113494000,0.0,0.0
2013-10-28,35.61000061035156,35.72999954223633,35.27000045776367,35.56999969482422,29.105154037475586,38383600,0.0,0.0
2013-10-29,35.630001068115234,35.720001220703125,35.2599983215332,35.52000045776367,29.064233779907227,31702200,0.0,0.0
2013-10-30,35.529998779296875,35.790000915527344,35.43000030517578,35.540000915527344,29.080608367919922,36997700,0.0,0.0
2013-10-31,35.65999984741211,35.689998626708984,35.34000015258789,35.40999984741211,28.974231719970703,41682300,0.0,0.0
2013-11-01,35.66999816894531,35.689998626708984,35.38999938964844,35.529998779296875,29.072418212890625,40264600,0.0,0.0
2013-11-04,35.59000015258789,35.97999954223633,35.54999923706055,35.939998626708984,29.407907485961914,28060700,0.0,0.0
2013-11-05,35.790000915527344,36.709999084472656,35.77000045776367,36.63999938964844,29.980682373046875,51681900,0.0,0.0
2013-11-06,37.2400016784668,38.220001220703125,37.060001373291016,38.18000030517578,31.24079704284668,88948800,0.0,0.0
2013-11-07,37.959999084472656,38.0099983215332,37.43000030517578,37.5,30.68438148498535,60437400,0.0,0.0
2013-11-08,37.66999816894531,37.779998779296875,37.34000015258789,37.779998779296875,30.913471221923828,36737800,0.0,0.0
2013-11-11,37.689998626708984,37.779998779296875,37.349998474121094,37.59000015258789,30.758012771606445,26872500,0.0,0.0
2013-11-12,37.380001068115234,37.599998474121094,37.20000076293945,37.36000061035156,30.569826126098633,31651600,0.0,0.0
2013-11-13,36.97999954223633,38.15999984741211,36.900001525878906,38.15999984741211,31.224424362182617,44957600,0.0,0.0
2013-11-14,37.869998931884766,38.130001068115234,37.720001220703125,38.02000045776367,31.109865188598633,46183700,0.0,0.0
2013-11-15,37.95000076293945,38.02000045776367,37.720001220703125,37.84000015258789,30.962562561035156,50601300,0.0,0.0
2013-11-18,37.349998474121094,37.58000183105469,37.06999969482422,37.20000076293945,30.438892364501953,53277500,0.0,0.0
2013-11-19,36.849998474121094,37.22999954223633,36.66999816894531,36.7400016784668,30.290491104125977,44275000,0.28,0.0
2013-11-20,36.91999816894531,37.40999984741211,36.86000061035156,37.08000183105469,30.570817947387695,32229900,0.0,0.0
2013-11-21,37.27000045776367,37.529998779296875,37.2599983215332,37.400001525878906,30.83462905883789,23064700,0.0,0.0
2013-11-22,37.529998779296875,37.68000030517578,37.33000183105469,37.56999969482422,30.974803924560547,27982000,0.0,0.0
2013-11-25,37.93000030517578,37.95000076293945,37.56999969482422,37.63999938964844,31.032506942749023,30646800,0.0,0.0
2013-11-26,37.56999969482422,37.650001525878906,37.349998474121094,37.349998474121094,30.793420791625977,34465300,0.0,0.0
2013-11-27,37.56999969482422,37.7599983215332,37.4900016784668,37.599998474121094,30.999526977539062,26002100,0.0,0.0
2013-11-29,37.81999969482422,38.290000915527344,37.81999969482422,38.130001068115234,31.436473846435547,22090400,0.0,0.0
2013-12-02,38.09000015258789,38.779998779296875,38.060001373291016,38.45000076293945,31.700321197509766,42950400,0.0,0.0
2013-12-03,38.13999938964844,38.4900016784668,38.08000183105469,38.310001373291016,31.58487892150879,52109800,0.0,0.0
2013-12-04,38.209999084472656,38.97999954223633,38.119998931884766,38.939998626708984,32.10430145263672,51983600,0.0,0.0
2013-12-05,38.849998474121094,38.880001068115234,37.18000030517578,38.0,31.32930564880371,116305000,0.0,0.0
2013-12-06,38.41999816894531,38.54999923706055,37.9900016784668,38.36000061035156,31.62611198425293,36457300,0.0,0.0
2013-12-09,38.560001373291016,38.869998931884766,38.369998931884766,38.709999084472656,31.914674758911133,30286000,0.0,0.0
2013-12-10,38.61000061035156,38.900001525878906,38.02000045776367,38.11000061035156,31.42000961303711,37828600,0.0,0.0
2013-12-11,38.060001373291016,38.29999923706055,37.38999938964844,37.61000061035156,31.007780075073242,39853400,0.0,0.0
2013-12-12,37.63999938964844,37.63999938964844,37.18000030517578,37.220001220703125,30.68625259399414,36012800,0.0,0.0
2013-12-13,37.41999816894531,37.45000076293945,36.619998931884766,36.689998626708984,30.24927520751953,40066100,0.0,0.0
2013-12-16,36.72999954223633,37.0,36.540000915527344,36.88999938964844,30.41416358947754,31734200,0.0,0.0
2013-12-17,36.939998626708984,37.11000061035156,36.33000183105469,36.52000045776367,30.10911750793457,45687700,0.0,0.0
2013-12-18,36.36000061035156,36.599998474121094,35.529998779296875,36.58000183105469,30.158599853515625,63192100,0.0,0.0
2013-12-19,36.5099983215332,36.54999923706055,36.08000183105469,36.25,29.886526107788086,34160100,0.0,0.0
2013-12-20,36.20000076293945,36.93000030517578,36.189998626708984,36.79999923706055,30.339956283569336,62649100,0.0,0.0
2013-12-23,36.810001373291016,36.88999938964844,36.54999923706055,36.619998931884766,30.191556930541992,25128700,0.0,0.0
2013-12-24,36.720001220703125,37.16999816894531,36.63999938964844,37.08000183105469,30.570817947387695,14243000,0.0,0.0
2013-12-26,37.20000076293945,37.4900016784668,37.16999816894531,37.439998626708984,30.86761474609375,17612800,0.0,0.0
2013-12-27,37.58000183105469,37.619998931884766,37.16999816894531,37.290000915527344,30.74394989013672,14563000,0.0,0.0
2013-12-30,37.220001220703125,37.380001068115234,36.900001525878906,37.290000915527344,30.74394989013672,16290500,0.0,0.0
2013-12-31,37.400001525878906,37.58000183105469,37.220001220703125,37.40999984741211,30.84288787841797,17503500,0.0,0.0
2014-01-02,37.349998474121094,37.400001525878906,37.099998474121094,37.15999984741211,30.636760711669922,30632200,0.0,0.0
2014-01-03,37.20000076293945,37.220001220703125,36.599998474121094,36.90999984741211,30.430652618408203,31134800,0.0,0.0
2014-01-06,36.849998474121094,36.88999938964844,36.11000061035156,36.130001068115234,29.787586212158203,43603700,0.0,0.0
2014-01-07,36.33000183105469,36.4900016784668,36.209999084472656,36.40999984741211,30.01842498779297,35802800,0.0,0.0
2014-01-08,36.0,36.13999938964844,35.58000183105469,35.7599983215332,29.482534408569336,59971700,0.0,0.0
2014-01-09,35.880001068115234,35.90999984741211,35.400001525878906,35.529998779296875,29.292898178100586,36516300,0.0,0.0
2014-01-10,35.900001525878906,36.150001525878906,35.75,36.040000915527344,29.713380813598633,40548800,0.0,0.0
2014-01-13,35.9900016784668,36.02000045776367,34.83000183105469,34.97999954223633,28.83946418762207,45901900,0.0,0.0
2014-01-14,34.72999954223633,35.880001068115234,34.630001068115234,35.779998779296875,29.49901580810547,41623300,0.0,0.0
2014-01-15,35.900001525878906,36.790000915527344,35.849998474121094,36.7599983215332,30.306978225708008,44812600,0.0,0.0
2014-01-16,36.689998626708984,37.0,36.310001373291016,36.88999938964844,30.41416358947754,38018700,0.0,0.0
2014-01-17,36.83000183105469,36.83000183105469,36.150001525878906,36.380001068115234,29.993680953979492,46267500,0.0,0.0
2014-01-21,36.81999969482422,36.81999969482422,36.060001373291016,36.16999816894531,29.820558547973633,31567300,0.0,0.0
2014-01-22,36.2599983215332,36.31999969482422,35.75,35.93000030517578,29.6226806640625,21904300,0.0,0.0
2014-01-23,36.09000015258789,36.130001068115234,35.52000045776367,36.060001373291016,29.729873657226562,43954000,0.0,0.0
2014-01-24,37.45000076293945,37.54999923706055,36.529998779296875,36.810001373291016,30.34819793701172,76395500,0.0,0.0
2014-01-27,36.869998931884766,36.88999938964844,35.97999954223633,36.029998779296875,29.705129623413086,44420800,0.0,0.0
2014-01-28,36.119998931884766,36.38999938964844,35.75,36.27000045776367,29.902996063232422,36205500,0.0,0.0
2014-01-29,35.97999954223633,36.880001068115234,35.900001525878906,36.65999984741211,30.224531173706055,52745900,0.0,0.0
2014-01-30,36.790000915527344,36.880001068115234,36.22999954223633,36.86000061035156,30.389432907104492,35036300,0.0,0.0
2014-01-31,36.95000076293945,37.88999938964844,36.560001373291016,37.84000015258789,31.19739532470703,93162300,0.0,0.0
2014-02-03,37.7400016784668,37.9900016784668,36.43000030517578,36.47999954223633,30.076141357421875,64063100,0.0,0.0
2014-02-04,36.970001220703125,37.189998626708984,36.25,36.349998474121094,29.96897315979004,54697900,0.0,0.0
2014-02-05,36.290000915527344,36.470001220703125,35.79999923706055,35.81999969482422,29.53200340270996,55814400,0.0,0.0
2014-02-06,35.79999923706055,36.25,35.689998626708984,36.18000030517578,29.82880210876465,35351800,0.0,0.0
2014-02-07,36.31999969482422,36.59000015258789,36.0099983215332,36.560001373291016,30.142091751098633,33260500,0.0,0.0
2014-02-10,36.630001068115234,36.79999923706055,36.290000915527344,36.79999923706055,30.339956283569336,26767000,0.0,0.0
2014-02-11,36.880001068115234,37.2599983215332,36.86000061035156,37.16999816894531,30.645009994506836,32141400,0.0,0.0
2014-02-12,37.349998474121094,37.599998474121094,37.29999923706055,37.470001220703125,30.892349243164062,27051800,0.0,0.0
2014-02-13,37.33000183105469,37.86000061035156,37.33000183105469,37.61000061035156,31.007780075073242,37635500,0.0,0.0
2014-02-14,37.38999938964844,37.779998779296875,37.33000183105469,37.619998931884766,31.016027450561523,31407500,0.0,0.0
2014-02-18,37.630001068115234,37.779998779296875,37.40999984741211,37.41999816894531,31.082469940185547,32834000,0.28,0.0
2014-02-19,37.220001220703125,37.75,37.209999084472656,37.5099983215332,31.157224655151367,29750400,0.0,0.0
2014-02-20,37.56999969482422,37.869998931884766,37.400001525878906,37.75,31.3565731048584,27526100,0.0,0.0
2014-02-21,37.939998626708984,38.349998474121094,37.86000061035156,37.97999954223633,31.547637939453125,38021300,0.0,0.0
2014-02-24,37.689998626708984,37.97999954223633,37.540000915527344,37.689998626708984,31.306739807128906,32085100,0.0,0.0
2014-02-25,37.61000061035156,37.849998474121094,37.349998474121094,37.540000915527344,31.182147979736328,30736500,0.0,0.0
2014-02-26,37.58000183105469,37.7400016784668,37.189998626708984,37.470001220703125,31.12400245666504,41041800,0.0,0.0
2014-02-27,37.45000076293945,37.88999938964844,37.22999954223633,37.86000061035156,31.44794464111328,33903400,0.0,0.0
2014-02-28,37.97999954223633,38.459999084472656,37.81999969482422,38.310001373291016,31.82172393798828,41215000,0.0,0.0
2014-03-03,37.91999816894531,38.130001068115234,37.4900016784668,37.779998779296875,31.381486892700195,29717500,0.0,0.0
2014-03-04,38.20000076293945,38.47999954223633,38.06999969482422,38.40999984741211,31.90480613708496,26802400,0.0,0.0
2014-03-05,38.25,38.27000045776367,37.93000030517578,38.11000061035156,31.65561294555664,20520100,0.0,0.0
2014-03-06,38.13999938964844,38.2400016784668,37.88999938964844,38.150001525878906,31.688838958740234,23582200,0.0,0.0
2014-03-07,38.279998779296875,38.36000061035156,37.689998626708984,37.900001525878906,31.481176376342773,26591600,0.0,0.0
2014-03-10,37.9900016784668,38.0099983215332,37.720001220703125,37.81999969482422,31.414730072021484,19006600,0.0,0.0
2014-03-11,37.869998931884766,38.22999954223633,37.720001220703125,38.02000045776367,31.580852508544922,25216400,0.0,0.0
2014-03-12,37.79999923706055,38.43000030517578,37.790000915527344,38.27000045776367,31.788511276245117,30494100,0.0,0.0
2014-03-13,38.41999816894531,38.45000076293945,37.63999938964844,37.88999938964844,31.472864151000977,32169700,0.0,0.0
2014-03-14,37.650001525878906,38.13999938964844,37.5099983215332,37.70000076293945,31.315046310424805,27195600,0.0,0.0
2014-03-17,37.900001525878906,38.40999984741211,37.790000915527344,38.04999923706055,31.605764389038086,20479600,0.0,0.0
2014-03-18,38.2599983215332,39.900001525878906,38.220001220703125,39.54999923706055,32.851722717285156,64063900,0.0,0.0
2014-03-19,39.470001220703125,39.54999923706055,38.90999984741211,39.27000045776367,32.6191520690918,35597200,0.0,0.0
2014-03-20,39.25,40.650001525878906,39.2400016784668,40.33000183105469,33.4996337890625,59269800,0.0,0.0
2014-03-21,40.720001220703125,40.939998626708984,40.0099983215332,40.15999984741211,33.3584098815918,80721800,0.0,0.0
2014-03-24,40.34000015258789,40.63999938964844,39.86000061035156,40.5,33.64082717895508,46098400,0.0,0.0
2014-03-25,40.65999984741211,40.9900016784668,39.959999084472656,40.34000015258789,33.50792694091797,43193100,0.0,0.0
2014-03-26,40.47999954223633,40.709999084472656,39.599998474121094,39.790000915527344,33.051082611083984,41977500,0.0,0.0
2014-03-27,39.7400016784668,39.970001220703125,39.34000015258789,39.36000061035156,32.69389343261719,35369200,0.0,0.0
2014-03-28,39.790000915527344,40.63999938964844,39.68000030517578,40.29999923706055,33.474708557128906,43472700,0.0,0.0
2014-03-31,40.43000030517578,41.5,40.400001525878906,40.9900016784668,34.04784393310547,46886300,0.0,0.0
2014-04-01,41.150001525878906,41.59000015258789,41.06999969482422,41.41999816894531,34.4050178527832,32605000,0.0,0.0
2014-04-02,41.439998626708984,41.65999984741211,41.16999816894531,41.349998474121094,34.34687805175781,28666700,0.0,0.0
2014-04-03,41.290000915527344,41.290000915527344,40.709999084472656,41.0099983215332,34.064453125,30139600,0.0,0.0
2014-04-04,41.25,41.38999938964844,39.63999938964844,39.869998931884766,33.117523193359375,51409600,0.0,0.0
2014-04-07,39.959999084472656,40.27000045776367,39.7400016784668,39.79999923706055,33.05937957763672,37559600,0.0,0.0
2014-04-08,39.75,39.93000030517578,39.20000076293945,39.81999969482422,33.07598114013672,35918600,0.0,0.0
2014-04-09,39.93000030517578,40.54999923706055,39.880001068115234,40.470001220703125,33.61592102050781,27398700,0.0,0.0
2014-04-10,40.439998626708984,40.689998626708984,39.09000015258789,39.36000061035156,32.69389343261719,45960800,0.0,0.0
2014-04-11,39.0,39.790000915527344,39.0,39.209999084472656,32.569305419921875,34330200,0.0,0.0
2014-04-14,39.11000061035156,39.40999984741211,38.900001525878906,39.18000030517578,32.54438400268555,32006600,0.0,0.0
2014-04-15,39.34000015258789,39.959999084472656,39.04999923706055,39.75,33.01784896850586,33968700,0.0,0.0
2014-04-16,40.060001373291016,40.41999816894531,39.90999984741211,40.400001525878906,33.55777359008789,30615800,0.0,0.0
2014-04-17,40.0099983215332,40.20000076293945,39.5099983215332,40.0099983215332,33.233821868896484,36688400,0.0,0.0
2014-04-21,40.130001068115234,40.150001525878906,39.790000915527344,39.939998626708984,33.1756706237793,22221200,0.0,0.0
2014-04-22,39.959999084472656,40.13999938964844,39.83000183105469,39.9900016784668,33.217201232910156,27056700,0.0,0.0
2014-04-23,39.9900016784668,39.9900016784668,39.470001220703125,39.689998626708984,32.968017578125,24602800,0.0,0.0
2014-04-24,39.7400016784668,39.970001220703125,39.29999923706055,39.86000061035156,33.10923385620117,42381600,0.0,0.0
2014-04-25,40.290000915527344,40.68000030517578,39.75,39.90999984741211,33.1507568359375,56876800,0.0,0.0
2014-04-28,40.13999938964844,41.290000915527344,40.09000015258789,40.869998931884766,33.94816970825195,50610200,0.0,0.0
2014-04-29,41.099998474121094,41.189998626708984,40.38999938964844,40.5099983215332,33.649147033691406,29636200,0.0,0.0
2014-04-30,40.400001525878906,40.5,40.16999816894531,40.400001525878906,33.55777359008789,35458700,0.0,0.0
2014-05-01,40.2400016784668,40.36000061035156,39.95000076293945,40.0,33.225521087646484,28787400,0.0,0.0
2014-05-02,40.310001373291016,40.34000015258789,39.65999984741211,39.689998626708984,32.968017578125,43416600,0.0,0.0
2014-05-05,39.52000045776367,39.63999938964844,39.29999923706055,39.43000030517578,32.75204849243164,22460900,0.0,0.0
2014-05-06,39.290000915527344,39.349998474121094,38.95000076293945,39.060001373291016,32.444705963134766,27112400,0.0,0.0
2014-05-07,39.220001220703125,39.5099983215332,38.5099983215332,39.41999816894531,32.74374008178711,41744500,0.0,0.0
2014-05-08,39.34000015258789,39.900001525878906,38.970001220703125,39.63999938964844,32.92648696899414,32120400,0.0,0.0
2014-05-09,39.540000915527344,39.849998474121094,39.369998931884766,39.540000915527344,32.843421936035156,29647600,0.0,0.0
2014-05-12,39.7400016784668,40.02000045776367,39.650001525878906,39.970001220703125,33.200592041015625,22782600,0.0,0.0
2014-05-13,39.91999816894531,40.5,39.849998474121094,40.41999816894531,33.81123352050781,27004800,0.28,0.0
2014-05-14,40.29999923706055,40.45000076293945,40.04999923706055,40.2400016784668,33.660667419433594,18818700,0.0,0.0
2014-05-15,40.09000015258789,40.400001525878906,39.5099983215332,39.599998474121094,33.12531280517578,37793200,0.0,0.0
2014-05-16,39.66999816894531,39.84000015258789,39.27000045776367,39.83000183105469,33.317691802978516,29867100,0.0,0.0
2014-05-19,39.61000061035156,39.81999969482422,39.459999084472656,39.75,33.250789642333984,24537400,0.0,0.0
2014-05-20,39.68000030517578,39.939998626708984,39.459999084472656,39.68000030517578,33.19224166870117,21320900,0.0,0.0
2014-05-21,39.79999923706055,40.349998474121094,39.7400016784668,40.349998474121094,33.75269317626953,22398700,0.0,0.0
2014-05-22,40.290000915527344,40.349998474121094,39.849998474121094,40.099998474121094,33.54355239868164,20201800,0.0,0.0
2014-05-23,40.369998931884766,40.369998931884766,40.0,40.119998931884766,33.56028747558594,18020000,0.0,0.0
2014-05-27,40.2599983215332,40.2599983215332,39.810001373291016,40.189998626708984,33.618831634521484,26160600,0.0,0.0
2014-05-28,40.13999938964844,40.189998626708984,39.81999969482422,40.0099983215332,33.46826934814453,25711500,0.0,0.0
2014-05-29,40.150001525878906,40.349998474121094,39.90999984741211,40.34000015258789,33.74432373046875,19888200,0.0,0.0
2014-05-30,40.45000076293945,40.970001220703125,40.25,40.939998626708984,34.2462043762207,34567600,0.0,0.0
2014-06-02,40.95000076293945,41.09000015258789,40.68000030517578,40.790000915527344,34.12073516845703,18504300,0.0,0.0
2014-06-03,40.599998474121094,40.68000030517578,40.25,40.290000915527344,33.70249557495117,18068900,0.0,0.0
2014-06-04,40.209999084472656,40.369998931884766,39.86000061035156,40.31999969482422,33.72758865356445,23209000,0.0,0.0
2014-06-05,40.59000015258789,41.25,40.400001525878906,41.209999084472656,34.47207260131836,31865200,0.0,0.0
2014-06-06,41.47999954223633,41.65999984741211,41.2400016784668,41.47999954223633,34.69792938232422,24060500,0.0,0.0
2014-06-09,41.38999938964844,41.47999954223633,41.02000045776367,41.27000045776367,34.52226257324219,15019200,0.0,0.0
2014-06-10,41.029998779296875,41.15999984741211,40.86000061035156,41.11000061035156,34.3884162902832,15117700,0.0,0.0
2014-06-11,40.93000030517578,41.06999969482422,40.77000045776367,40.86000061035156,34.179298400878906,18040000,0.0,0.0
2014-06-12,40.810001373291016,40.880001068115234,40.290000915527344,40.58000183105469,33.94508743286133,29818900,0.0,0.0
2014-06-13,41.099998474121094,41.56999969482422,40.86000061035156,41.22999954223633,34.488792419433594,26310000,0.0,0.0
2014-06-16,41.040000915527344,41.61000061035156,41.040000915527344,41.5,34.71464157104492,24205300,0.0,0.0
2014-06-17,41.290000915527344,41.90999984741211,40.34000015258789,41.68000030517578,34.86522674560547,22518600,0.0,0.0
2014-06-18,41.61000061035156,41.7400016784668,41.18000030517578,41.650001525878906,34.84013366699219,27097000,0.0,0.0
2014-06-19,41.56999969482422,41.77000045776367,41.33000183105469,41.5099983215332,34.72303009033203,19828200,0.0,0.0
2014-06-20,41.45000076293945,41.83000183105469,41.380001068115234,41.68000030517578,34.86522674560547,47764900,0.0,0.0
2014-06-23,41.72999954223633,42.0,41.689998626708984,41.9900016784668,35.12453842163086,18743900,0.0,0.0
2014-06-24,41.83000183105469,41.939998626708984,41.560001373291016,41.75,34.92377853393555,26509100,0.0,0.0
2014-06-25,41.70000076293945,42.04999923706055,41.459999084472656,42.029998779296875,35.15799331665039,20049100,0.0,0.0
2014-06-26,41.93000030517578,41.939998626708984,41.43000030517578,41.720001220703125,34.898685455322266,23604400,0.0,0.0
2014-06-27,41.61000061035156,42.290000915527344,41.5099983215332,42.25,35.34203338623047,74640000,0.0,0.0
2014-06-30,42.16999816894531,42.209999084472656,41.70000076293945,41.70000076293945,34.88196563720703,30793100,0.0,0.0
2014-07-01,41.86000061035156,42.150001525878906,41.689998626708984,41.869998931884766,35.0241584777832,26917000,0.0,0.0
2014-07-02,41.72999954223633,41.900001525878906,41.529998779296875,41.900001525878906,35.049251556396484,20208100,0.0,0.0
2014-07-03,41.90999984741211,41.9900016784668,41.560001373291016,41.79999923706055,34.965606689453125,15969300,0.0,0.0
2014-07-07,41.75,42.119998931884766,41.709999084472656,41.9900016784668,35.12453842163086,21952400,0.0,0.0
2014-07-08,41.869998931884766,42.0,41.61000061035156,41.779998779296875,34.94887161254883,31218200,0.0,0.0
2014-07-09,41.97999954223633,41.9900016784668,41.529998779296875,41.66999816894531,34.85685729980469,18445900,0.0,0.0
2014-07-10,41.369998931884766,42.0,41.04999923706055,41.689998626708984,34.87358474731445,21854700,0.0,0.0
2014-07-11,41.70000076293945,42.09000015258789,41.47999954223633,42.09000015258789,35.208187103271484,24083000,0.0,0.0
2014-07-14,42.220001220703125,42.45000076293945,42.040000915527344,42.13999938964844,35.25001525878906,21881100,0.0,0.0
2014-07-15,42.33000183105469,42.470001220703125,42.029998779296875,42.45000076293945,35.509334564208984,28748700,0.0,0.0
2014-07-16,42.5099983215332,44.310001373291016,42.47999954223633,44.08000183105469,36.87282943725586,63318000,0.0,0.0
2014-07-17,45.45000076293945,45.709999084472656,44.25,44.529998779296875,37.24924087524414,82180300,0.0,0.0
2014-07-18,44.650001525878906,44.84000015258789,44.25,44.689998626708984,37.38307189941406,43407500,0.0,0.0
2014-07-21,44.560001373291016,45.15999984741211,44.220001220703125,44.84000015258789,37.508567810058594,37604400,0.0,0.0
2014-07-22,45.0,45.150001525878906,44.59000015258789,44.83000183105469,37.50020217895508,43095800,0.0,0.0
2014-07-23,45.45000076293945,45.45000076293945,44.619998931884766,44.869998931884766,37.533653259277344,52362900,0.0,0.0
2014-07-24,44.93000030517578,45.0,44.31999969482422,44.400001525878906,37.1404914855957,30725300,0.0,0.0
2014-07-25,44.29999923706055,44.65999984741211,44.29999923706055,44.5,37.22414016723633,26737700,0.0,0.0
2014-07-28,44.36000061035156,44.5099983215332,43.93000030517578,43.970001220703125,36.78081512451172,29684200,0.0,0.0
2014-07-29,43.90999984741211,44.09000015258789,43.63999938964844,43.88999938964844,36.71388626098633,27763100,0.0,0.0
2014-07-30,44.06999969482422,44.099998474121094,43.290000915527344,43.58000183105469,36.4545783996582,31921400,0.0,0.0
2014-07-31,43.380001068115234,43.689998626708984,43.08000183105469,43.15999984741211,36.10323715209961,31537500,0.0,0.0
2014-08-01,43.209999084472656,43.25,42.599998474121094,42.86000061035156,35.852294921875,31170300,0.0,0.0
2014-08-04,42.970001220703125,43.470001220703125,42.810001373291016,43.369998931884766,36.27888870239258,34277400,0.0,0.0
2014-08-05,43.310001373291016,43.459999084472656,42.83000183105469,43.08000183105469,36.036319732666016,26266400,0.0,0.0
2014-08-06,42.7400016784668,43.16999816894531,42.209999084472656,42.7400016784668,35.751930236816406,24634000,0.0,0.0
2014-08-07,42.84000015258789,43.45000076293945,42.650001525878906,43.22999954223633,36.16179656982422,30314900,0.0,0.0
2014-08-08,43.22999954223633,43.31999969482422,42.90999984741211,43.20000076293945,36.13669967651367,28942700,0.0,0.0
2014-08-11,43.2599983215332,43.45000076293945,43.02000045776367,43.20000076293945,36.13669967651367,20351600,0.0,0.0
2014-08-12,43.040000915527344,43.59000015258789,43.0,43.52000045776367,36.40437698364258,21431100,0.0,0.0
2014-08-13,43.68000030517578,44.18000030517578,43.52000045776367,44.08000183105469,36.87282943725586,22889500,0.0,0.0
2014-08-14,44.08000183105469,44.41999816894531,44.0099983215332,44.27000045776367,37.0317497253418,19313200,0.0,0.0
2014-08-15,44.58000183105469,44.900001525878906,44.400001525878906,44.790000915527344,37.466739654541016,41611300,0.0,0.0
2014-08-18,44.939998626708984,45.11000061035156,44.68000030517578,45.11000061035156,37.73440933227539,26891100,0.0,0.0
2014-08-19,44.970001220703125,45.34000015258789,44.83000183105469,45.33000183105469,38.155277252197266,28139500,0.28,0.0
2014-08-20,45.34000015258789,45.400001525878906,44.900001525878906,44.95000076293945,37.835418701171875,24770500,0.0,0.0
2014-08-21,44.84000015258789,45.25,44.83000183105469,45.220001220703125,38.062686920166016,22285500,0.0,0.0
2014-08-22,45.349998474121094,45.470001220703125,45.06999969482422,45.150001525878906,38.003753662109375,18294500,0.0,0.0
2014-08-25,45.400001525878906,45.439998626708984,45.040000915527344,45.16999816894531,38.020591735839844,16910000,0.0,0.0
2014-08-26,45.310001373291016,45.400001525878906,44.939998626708984,45.0099983215332,37.885921478271484,14873100,0.0,0.0
2014-08-27,44.900001525878906,45.0,44.7599983215332,44.869998931884766,37.76808166503906,21287900,0.0,0.0
2014-08-28,44.75,44.97999954223633,44.61000061035156,44.880001068115234,37.7765007019043,17657600,0.0,0.0
2014-08-29,45.09000015258789,45.439998626708984,44.86000061035156,45.43000030517578,38.239444732666016,21607600,0.0,0.0
2014-09-02,45.43000030517578,45.459999084472656,44.849998474121094,45.09000015258789,37.95326232910156,22976800,0.0,0.0
2014-09-03,44.529998779296875,45.11000061035156,44.529998779296875,44.959999084472656,37.843833923339844,33684500,0.0,0.0
2014-09-04,44.7400016784668,45.27000045776367,44.720001220703125,45.2599983215332,38.09635543823242,26475500,0.0,0.0
2014-09-05,45.11000061035156,45.93000030517578,45.11000061035156,45.90999984741211,38.64345932006836,36939400,0.0,0.0
2014-09-08,46.02000045776367,46.79999923706055,45.9900016784668,46.470001220703125,39.11483383178711,45736700,0.0,0.0
2014-09-09,46.470001220703125,46.970001220703125,46.41999816894531,46.7599983215332,39.35894775390625,40302400,0.0,0.0
2014-09-10,46.81999969482422,46.939998626708984,46.279998779296875,46.84000015258789,39.42627716064453,27302400,0.0,0.0
2014-09-11,46.7400016784668,47.0,46.470001220703125,47.0,39.56095504760742,29216400,0.0,0.0
2014-09-12,46.90999984741211,47.02000045776367,46.599998474121094,46.70000076293945,39.30843734741211,38244700,0.0,0.0
2014-09-15,46.540000915527344,46.709999084472656,46.099998474121094,46.2400016784668,38.921241760253906,37667600,0.0,0.0
2014-09-16,46.38999938964844,46.849998474121094,46.290000915527344,46.7599983215332,39.35894775390625,27910600,0.0,0.0
2014-09-17,46.2599983215332,46.689998626708984,46.22999954223633,46.52000045776367,39.156917572021484,38311900,0.0,0.0
2014-09-18,46.59000015258789,46.83000183105469,46.459999084472656,46.68000030517578,39.291587829589844,35556600,0.0,0.0
2014-09-19,46.810001373291016,47.56999969482422,46.599998474121094,47.52000045776367,39.9986457824707,202522400,0.0,0.0
2014-09-22,47.29999923706055,47.380001068115234,46.97999954223633,47.060001373291016,39.611446380615234,38686100,0.0,0.0
2014-09-23,46.849998474121094,46.97999954223633,46.470001220703125,46.560001373291016,39.190574645996094,33430300,0.0,0.0
2014-09-24,46.630001068115234,47.11000061035156,46.34000015258789,47.08000183105469,39.62830352783203,26582700,0.0,0.0
2014-09-25,46.880001068115234,47.09000015258789,46.029998779296875,46.040000915527344,38.752891540527344,33077400,0.0,0.0
2014-09-26,45.93000030517578,46.619998931884766,45.7599983215332,46.40999984741211,39.064327239990234,27078800,0.0,0.0
2014-09-29,45.97999954223633,46.560001373291016,45.7599983215332,46.439998626708984,39.08959197998047,26091000,0.0,0.0
2014-09-30,46.369998931884766,46.47999954223633,46.0099983215332,46.36000061035156,39.02225112915039,33033100,0.0,0.0
2014-10-01,46.27000045776367,46.529998779296875,45.849998474121094,45.900001525878906,38.63505935668945,38088400,0.0,0.0
2014-10-02,45.83000183105469,46.099998474121094,45.63999938964844,45.7599983215332,38.5172119140625,25119400,0.0,0.0
2014-10-03,45.97999954223633,46.29999923706055,45.61000061035156,46.09000015258789,38.79498291015625,32453200,0.0,0.0
2014-10-06,46.119998931884766,46.29999923706055,45.91999816894531,46.09000015258789,38.79498291015625,20604000,0.0,0.0
2014-10-07,45.86000061035156,45.93000030517578,45.41999816894531,45.529998779296875,38.32362365722656,25723700,0.0,0.0
2014-10-08,45.47999954223633,46.88999938964844,45.34000015258789,46.779998779296875,39.375770568847656,33031000,0.0,0.0
2014-10-09,46.5,46.79999923706055,45.7400016784668,45.849998474121094,38.59296798706055,34422800,0.0,0.0
2014-10-10,45.599998474121094,46.119998931884766,43.95000076293945,44.029998779296875,37.06104278564453,51978100,0.0,0.0
2014-10-13,43.81999969482422,44.560001373291016,43.4900016784668,43.650001525878906,36.74118423461914,37100200,0.0,0.0
2014-10-14,43.869998931884766,44.380001068115234,43.560001373291016,43.72999954223633,36.80852127075195,38115700,0.0,0.0
2014-10-15,43.0,43.38999938964844,42.099998474121094,43.220001220703125,36.37923812866211,60218700,0.0,0.0
2014-10-16,42.529998779296875,43.08000183105469,42.220001220703125,42.7400016784668,35.97520446777344,49040400,0.0,0.0
2014-10-17,43.20000076293945,43.939998626708984,42.790000915527344,43.630001068115234,36.724342346191406,40683300,0.0,0.0
2014-10-20,43.060001373291016,44.13999938964844,42.810001373291016,44.08000183105469,37.10313034057617,34527900,0.0,0.0
2014-10-21,44.36000061035156,44.97999954223633,44.189998626708984,44.880001068115234,37.7765007019043,36433800,0.0,0.0
2014-10-22,45.0,45.06999969482422,44.22999954223633,44.380001068115234,37.35563659667969,33570900,0.0,0.0
2014-10-23,44.619998931884766,45.45000076293945,44.529998779296875,45.02000045776367,37.89433670043945,45451900,0.0,0.0
2014-10-24,46.83000183105469,46.900001525878906,45.18000030517578,46.130001068115234,38.82865905761719,61076700,0.0,0.0
2014-10-27,45.709999084472656,46.099998474121094,45.709999084472656,45.90999984741211,38.64345932006836,30371300,0.0,0.0
2014-10-28,45.86000061035156,46.5,45.77000045776367,46.4900016784668,39.131675720214844,29049800,0.0,0.0
2014-10-29,46.439998626708984,46.70000076293945,46.34000015258789,46.619998931884766,39.2410888671875,30276100,0.0,0.0
2014-10-30,46.31999969482422,46.31999969482422,45.77000045776367,46.04999923706055,38.76131820678711,30073900,0.0,0.0
2014-10-31,46.939998626708984,46.970001220703125,46.47999954223633,46.95000076293945,39.51886749267578,35849700,0.0,0.0
2014-11-03,46.88999938964844,47.459999084472656,46.72999954223633,47.439998626708984,39.93130111694336,23130400,0.0,0.0
2014-11-04,47.29999923706055,47.72999954223633,47.25,47.56999969482422,40.04072570800781,21530800,0.0,0.0
2014-11-05,47.79999923706055,47.900001525878906,47.2599983215332,47.86000061035156,40.28482437133789,22449600,0.0,0.0
2014-11-06,47.86000061035156,48.86000061035156,47.790000915527344,48.70000076293945,40.99188995361328,33037800,0.0,0.0
2014-11-07,48.91999816894531,48.91999816894531,48.290000915527344,48.68000030517578,40.97502517700195,28000600,0.0,0.0
2014-11-10,48.650001525878906,49.150001525878906,48.54999923706055,48.88999938964844,41.15180969238281,36370100,0.0,0.0
2014-11-11,48.849998474121094,48.95000076293945,48.650001525878906,48.869998931884766,41.13497543334961,23445200,0.0,0.0
2014-11-12,48.560001373291016,48.91999816894531,48.52000045776367,48.779998779296875,41.0591926574707,22722100,0.0,0.0
2014-11-13,48.810001373291016,49.650001525878906,48.709999084472656,49.61000061035156,41.757850646972656,26210400,0.0,0.0
2014-11-14,49.7400016784668,50.04999923706055,49.38999938964844,49.58000183105469,41.73259353637695,29081700,0.0,0.0
2014-11-17,49.40999984741211,49.709999084472656,49.13999938964844,49.459999084472656,41.63158416748047,30318600,0.0,0.0
2014-11-18,49.130001068115234,49.33000183105469,48.70000076293945,48.7400016784668,41.28430938720703,23995500,0.31,0.0
2014-11-19,48.65999984741211,48.75,47.93000030517578,48.220001220703125,40.843849182128906,26177500,0.0,0.0
2014-11-20,48.0,48.70000076293945,47.869998931884766,48.70000076293945,41.250423431396484,21510600,0.0,0.0
2014-11-21,49.02000045776367,49.04999923706055,47.56999969482422,47.97999954223633,40.64056396484375,42884800,0.0,0.0
2014-11-24,47.9900016784668,48.0,47.38999938964844,47.59000015258789,40.310218811035156,35434200,0.0,0.0
2014-11-25,47.65999984741211,47.970001220703125,47.45000076293945,47.470001220703125,40.20857620239258,28008000,0.0,0.0
2014-11-26,47.4900016784668,47.9900016784668,47.279998779296875,47.75,40.44572448730469,27163600,0.0,0.0
2014-11-28,47.95000076293945,48.20000076293945,47.61000061035156,47.810001373291016,40.496578216552734,21534400,0.0,0.0
2014-12-01,47.880001068115234,48.779998779296875,47.709999084472656,48.619998931884766,41.18265151977539,31191600,0.0,0.0
2014-12-02,48.84000015258789,49.04999923706055,48.20000076293945,48.459999084472656,41.047142028808594,25773500,0.0,0.0
2014-12-03,48.439998626708984,48.5,47.810001373291016,48.08000183105469,40.72526931762695,23534800,0.0,0.0
2014-12-04,48.38999938964844,49.060001373291016,48.20000076293945,48.84000015258789,41.3690071105957,30320400,0.0,0.0
2014-12-05,48.81999969482422,48.970001220703125,48.380001068115234,48.41999816894531,41.01323318481445,27313400,0.0,0.0
2014-12-08,48.2599983215332,48.349998474121094,47.45000076293945,47.70000076293945,40.403385162353516,26663100,0.0,0.0
2014-12-09,47.11000061035156,47.91999816894531,47.04999923706055,47.59000015258789,40.310218811035156,24330500,0.0,0.0
2014-12-10,47.58000183105469,47.65999984741211,46.70000076293945,46.900001525878906,39.725765228271484,30431800,0.0,0.0
2014-12-11,47.08000183105469,47.7400016784668,46.68000030517578,47.16999816894531,39.954463958740234,29060400,0.0,0.0
2014-12-12,46.779998779296875,47.72999954223633,46.66999816894531,46.95000076293945,39.76811981201172,34248400,0.0,0.0
2014-12-15,47.20000076293945,47.66999816894531,46.54999923706055,46.66999816894531,39.530941009521484,29247800,0.0,0.0
2014-12-16,45.900001525878906,46.34000015258789,45.130001068115234,45.15999984741211,38.25193405151367,47801400,0.0,0.0
2014-12-17,45.04999923706055,45.95000076293945,44.900001525878906,45.7400016784668,38.743202209472656,34970900,0.0,0.0
2014-12-18,46.58000183105469,47.52000045776367,46.34000015258789,47.52000045776367,40.25092697143555,40105600,0.0,0.0
2014-12-19,47.630001068115234,48.099998474121094,47.16999816894531,47.65999984741211,40.369510650634766,64551200,0.0,0.0
2014-12-22,47.779998779296875,48.119998931884766,47.709999084472656,47.97999954223633,40.64056396484375,26566000,0.0,0.0
2014-12-23,48.369998931884766,48.79999923706055,48.130001068115234,48.45000076293945,41.03866195678711,23648100,0.0,0.0
2014-12-24,48.63999938964844,48.63999938964844,48.08000183105469,48.13999938964844,40.77608871459961,11437800,0.0,0.0
2014-12-26,48.40999984741211,48.40999984741211,47.81999969482422,47.880001068115234,40.55585479736328,13197800,0.0,0.0
2014-12-29,47.70000076293945,47.779998779296875,47.2599983215332,47.45000076293945,40.191619873046875,14439500,0.0,0.0
2014-12-30,47.439998626708984,47.619998931884766,46.84000015258789,47.02000045776367,39.82740020751953,16384700,0.0,0.0
2014-12-31,46.72999954223633,47.439998626708984,46.45000076293945,46.45000076293945,39.344600677490234,21552500,0.0,0.0
2015-01-02,46.65999984741211,47.41999816894531,46.540000915527344,46.7599983215332,39.60717010498047,27913900,0.0,0.0
2015-01-05,46.369998931884766,46.72999954223633,46.25,46.33000183105469,39.24296188354492,39673900,0.0,0.0
2015-01-06,46.380001068115234,46.75,45.540000915527344,45.650001525878906,38.66697692871094,36447900,0.0,0.0
2015-01-07,45.97999954223633,46.459999084472656,45.4900016784668,46.22999954223633,39.158241271972656,29114100,0.0,0.0
2015-01-08,46.75,47.75,46.720001220703125,47.59000015258789,40.310218811035156,29645200,0.0,0.0
2015-01-09,47.61000061035156,47.81999969482422,46.900001525878906,47.189998626708984,39.97138595581055,23944200,0.0,0.0
2015-01-12,47.41999816894531,47.540000915527344,46.36000061035156,46.599998474121094,39.471656799316406,23651900,0.0,0.0
2015-01-13,46.970001220703125,47.90999984741211,46.060001373291016,46.36000061035156,39.268375396728516,35270600,0.0,0.0
2015-01-14,45.959999084472656,46.2400016784668,45.619998931884766,45.959999084472656,38.9295539855957,29719600,0.0,0.0
2015-01-15,46.220001220703125,46.380001068115234,45.40999984741211,45.47999954223633,38.52299499511719,32750800,0.0,0.0
2015-01-16,45.310001373291016,46.279998779296875,45.16999816894531,46.2400016784668,39.16672134399414,35695300,0.0,0.0
2015-01-20,46.29999923706055,46.650001525878906,45.56999969482422,46.38999938964844,39.29377746582031,36161900,0.0,0.0
2015-01-21,45.939998626708984,46.13999938964844,45.47999954223633,45.91999816894531,38.89567565917969,39081100,0.0,0.0
2015-01-22,46.380001068115234,47.13999938964844,46.08000183105469,47.130001068115234,39.92057800292969,35898000,0.0,0.0
2015-01-23,47.36000061035156,47.38999938964844,46.79999923706055,47.18000030517578,39.962928771972656,26211600,0.0,0.0
2015-01-26,47.0,47.130001068115234,46.2400016784668,47.0099983215332,39.81894302368164,42525500,0.0,0.0
2015-01-27,42.95000076293945,43.20000076293945,42.11000061035156,42.65999984741211,36.13434600830078,169164000,0.0,0.0
2015-01-28,42.7400016784668,42.790000915527344,41.15999984741211,41.189998626708984,34.88920593261719,84507100,0.0,0.0
2015-01-29,40.93000030517578,42.119998931884766,40.790000915527344,42.0099983215332,35.583778381347656,63585300,0.0,0.0
2015-01-30,41.54999923706055,41.58000183105469,40.349998474121094,40.400001525878906,34.22005844116211,78004900,0.0,0.0
2015-02-02,40.59000015258789,41.369998931884766,40.22999954223633,41.279998779296875,34.9654541015625,50352500,0.0,0.0
2015-02-03,41.630001068115234,41.93000030517578,41.04999923706055,41.599998474121094,35.23649978637695,52082400,0.0,0.0
2015-02-04,41.939998626708984,42.209999084472656,41.36000061035156,41.84000015258789,35.439781188964844,41614800,0.0,0.0
2015-02-05,42.220001220703125,42.63999938964844,41.86000061035156,42.45000076293945,35.95647048950195,36548200,0.0,0.0
2015-02-06,42.68000030517578,42.790000915527344,42.150001525878906,42.40999984741211,35.92258834838867,34616600,0.0,0.0
2015-02-09,42.2400016784668,42.7400016784668,42.209999084472656,42.36000061035156,35.8802375793457,31381100,0.0,0.0
2015-02-10,42.7400016784668,42.77000045776367,42.18000030517578,42.599998474121094,36.08353042602539,29670700,0.0,0.0
2015-02-11,42.650001525878906,42.650001525878906,42.209999084472656,42.380001068115234,35.89718246459961,38262500,0.0,0.0
2015-02-12,42.65999984741211,43.09000015258789,42.5099983215332,43.09000015258789,36.49856948852539,33268800,0.0,0.0
2015-02-13,43.380001068115234,43.869998931884766,43.150001525878906,43.869998931884766,37.159263610839844,40264900,0.0,0.0
2015-02-17,43.970001220703125,44.0,43.189998626708984,43.58000183105469,37.176307678222656,33695700,0.31,0.0
2015-02-18,43.630001068115234,43.70000076293945,43.38999938964844,43.529998779296875,37.13368225097656,27111700,0.0,0.0
2015-02-19,43.18000030517578,43.529998779296875,43.04999923706055,43.5,37.108089447021484,27603400,0.0,0.0
2015-02-20,43.5099983215332,43.880001068115234,43.290000915527344,43.86000061035156,37.41517639160156,29721100,0.0,0.0
2015-02-23,43.70000076293945,44.189998626708984,43.650001525878906,44.150001525878906,37.66255187988281,32518800,0.0,0.0
2015-02-24,44.150001525878906,44.29999923706055,43.91999816894531,44.09000015258789,37.61137771606445,25271700,0.0,0.0
2015-02-25,43.95000076293945,44.09000015258789,43.79999923706055,43.9900016784668,37.526084899902344,29759800,0.0,0.0
2015-02-26,43.9900016784668,44.22999954223633,43.88999938964844,44.060001373291016,37.585792541503906,28957300,0.0,0.0
2015-02-27,44.130001068115234,44.20000076293945,43.65999984741211,43.849998474121094,37.40665054321289,33807700,0.0,0.0
2015-03-02,43.66999816894531,44.189998626708984,43.54999923706055,43.880001068115234,37.432247161865234,31924000,0.0,0.0
2015-03-03,43.560001373291016,43.83000183105469,43.09000015258789,43.279998779296875,36.92039489746094,31748600,0.0,0.0
2015-03-04,43.0099983215332,43.209999084472656,42.880001068115234,43.060001373291016,36.73273468017578,25748700,0.0,0.0
2015-03-05,43.06999969482422,43.2400016784668,42.81999969482422,43.11000061035156,36.77537536621094,23193500,0.0,0.0
2015-03-06,43.0,43.11000061035156,42.150001525878906,42.36000061035156,36.13558578491211,36248800,0.0,0.0
2015-03-09,42.189998626708984,43.130001068115234,42.189998626708984,42.849998474121094,36.55357360839844,32108000,0.0,0.0
2015-03-10,42.349998474121094,42.709999084472656,42.029998779296875,42.029998779296875,35.85407638549805,39159700,0.0,0.0
2015-03-11,42.310001373291016,42.369998931884766,41.84000015258789,41.97999954223633,35.81141662597656,32215300,0.0,0.0
2015-03-12,41.33000183105469,41.650001525878906,40.86000061035156,41.02000045776367,34.992496490478516,59992500,0.0,0.0
2015-03-13,40.70000076293945,41.470001220703125,40.61000061035156,41.380001068115234,35.29957962036133,58007700,0.0,0.0
2015-03-16,41.470001220703125,41.63999938964844,41.279998779296875,41.560001373291016,35.45314407348633,35273500,0.0,0.0
2015-03-17,41.369998931884766,41.83000183105469,41.150001525878906,41.70000076293945,35.572566986083984,31673400,0.0,0.0
2015-03-18,41.43000030517578,42.83000183105469,41.33000183105469,42.5,36.255008697509766,44194800,0.0,0.0
2015-03-19,42.2599983215332,42.59000015258789,42.220001220703125,42.290000915527344,36.07587432861328,33879100,0.0,0.0
2015-03-20,42.560001373291016,42.97999954223633,42.4900016784668,42.880001068115234,36.57917022705078,71904500,0.0,0.0
2015-03-23,42.880001068115234,43.130001068115234,42.779998779296875,42.86000061035156,36.56212615966797,26246100,0.0,0.0
2015-03-24,42.779998779296875,43.16999816894531,42.75,42.900001525878906,36.596248626708984,25513300,0.0,0.0
2015-03-25,42.91999816894531,42.93000030517578,41.439998626708984,41.459999084472656,35.36784362792969,43469900,0.0,0.0
2015-03-26,41.220001220703125,41.61000061035156,40.91999816894531,41.209999084472656,35.154563903808594,37495600,0.0,0.0
2015-03-27,41.119998931884766,41.43000030517578,40.83000183105469,40.970001220703125,34.94983673095703,34401400,0.0,0.0
2015-03-30,41.099998474121094,41.540000915527344,40.90999984741211,40.959999084472656,34.94131088256836,35049700,0.0,0.0
2015-03-31,40.779998779296875,41.029998779296875,40.540000915527344,40.65999984741211,34.68538284301758,34887200,0.0,0.0
2015-04-01,40.599998474121094,40.7599983215332,40.310001373291016,40.720001220703125,34.7365837097168,36865300,0.0,0.0
2015-04-02,40.65999984741211,40.7400016784668,40.119998931884766,40.290000915527344,34.36977005004883,37487500,0.0,0.0
2015-04-06,40.34000015258789,41.779998779296875,40.18000030517578,41.54999923706055,35.44459915161133,39223700,0.0,0.0
2015-04-07,41.61000061035156,41.90999984741211,41.310001373291016,41.529998779296875,35.42753982543945,28809400,0.0,0.0
2015-04-08,41.459999084472656,41.689998626708984,41.040000915527344,41.41999816894531,35.33370590209961,24753400,0.0,0.0
2015-04-09,41.25,41.619998931884766,41.25,41.47999954223633,35.38490676879883,25723900,0.0,0.0
2015-04-10,41.630001068115234,41.95000076293945,41.40999984741211,41.720001220703125,35.589630126953125,28022000,0.0,0.0
2015-04-13,41.400001525878906,42.060001373291016,41.38999938964844,41.7599983215332,35.623756408691406,30276700,0.0,0.0
2015-04-14,41.79999923706055,42.029998779296875,41.38999938964844,41.650001525878906,35.52992248535156,24244400,0.0,0.0
2015-04-15,41.7599983215332,42.459999084472656,41.68000030517578,42.2599983215332,36.050270080566406,27343600,0.0,0.0
2015-04-16,41.95000076293945,42.34000015258789,41.81999969482422,42.15999984741211,35.9649772644043,22509700,0.0,0.0
2015-04-17,41.66999816894531,41.7400016784668,41.15999984741211,41.619998931884766,35.50432205200195,42387600,0.0,0.0
2015-04-20,41.72999954223633,43.16999816894531,41.68000030517578,42.90999984741211,36.604774475097656,46057700,0.0,0.0
2015-04-21,43.0,43.150001525878906,42.529998779296875,42.63999938964844,36.374446868896484,26013800,0.0,0.0
2015-04-22,42.66999816894531,43.130001068115234,42.54999923706055,42.9900016784668,36.67301940917969,25064300,0.0,0.0
2015-04-23,42.88999938964844,43.61000061035156,42.79999923706055,43.34000015258789,36.97158432006836,46309500,0.0,0.0
2015-04-24,45.65999984741211,48.13999938964844,45.650001525878906,47.869998931884766,40.835941314697266,130933700,0.0,0.0
2015-04-27,47.22999954223633,48.130001068115234,47.220001220703125,48.029998779296875,40.97243881225586,59248200,0.0,0.0
2015-04-28,47.779998779296875,49.209999084472656,47.70000076293945,49.15999984741211,41.936378479003906,60730800,0.0,0.0
2015-04-29,48.720001220703125,49.310001373291016,48.5,49.060001373291016,41.85108947753906,47804600,0.0,0.0
2015-04-30,48.70000076293945,49.540000915527344,48.599998474121094,48.63999938964844,41.492794036865234,64725500,0.0,0.0
2015-05-01,48.58000183105469,48.880001068115234,48.400001525878906,48.65999984741211,41.509864807128906,38937300,0.0,0.0
2015-05-04,48.369998931884766,48.869998931884766,48.18000030517578,48.2400016784668,41.151580810546875,34039500,0.0,0.0
2015-05-05,47.81999969482422,48.15999984741211,47.310001373291016,47.599998474121094,40.60560607910156,50369200,0.0,0.0
2015-05-06,47.56999969482422,47.77000045776367,46.02000045776367,46.279998779296875,39.479576110839844,52433000,0.0,0.0
2015-05-07,46.27000045776367,47.09000015258789,46.15999984741211,46.70000076293945,39.83786392211914,32971700,0.0,0.0
2015-05-08,47.54999923706055,47.97999954223633,47.52000045776367,47.75,40.73357009887695,35364900,0.0,0.0
2015-05-11,47.54999923706055,47.90999984741211,47.369998931884766,47.369998931884766,40.40940856933594,24609400,0.0,0.0
2015-05-12,46.849998474121094,47.68000030517578,46.41999816894531,47.349998474121094,40.392372131347656,29928300,0.0,0.0
2015-05-13,48.189998626708984,48.31999969482422,47.56999969482422,47.630001068115234,40.6312141418457,34184600,0.0,0.0
2015-05-14,48.029998779296875,48.81999969482422,48.029998779296875,48.720001220703125,41.561038970947266,32980900,0.0,0.0
2015-05-15,48.869998931884766,48.90999984741211,48.04999923706055,48.29999923706055,41.202754974365234,28642700,0.0,0.0
2015-05-18,47.97999954223633,48.220001220703125,47.61000061035156,48.0099983215332,40.95537185668945,24136500,0.0,0.0
2015-05-19,47.560001373291016,47.810001373291016,47.18000030517578,47.58000183105469,40.85234451293945,28574800,0.31,0.0
2015-05-20,47.38999938964844,47.93000030517578,47.27000045776367,47.58000183105469,40.85234451293945,25047900,0.0,0.0
2015-05-21,47.279998779296875,47.599998474121094,47.0099983215332,47.41999816894531,40.7149543762207,22410700,0.0,0.0
2015-05-22,47.29999923706055,47.349998474121094,46.81999969482422,46.900001525878906,40.26849365234375,25720600,0.0,0.0
2015-05-26,46.83000183105469,46.880001068115234,46.189998626708984,46.59000015258789,40.00232696533203,29581900,0.0,0.0
2015-05-27,46.81999969482422,47.77000045776367,46.619998931884766,47.61000061035156,40.878089904785156,27335600,0.0,0.0
2015-05-28,47.5,48.02000045776367,47.38999938964844,47.45000076293945,40.7407341003418,19283700,0.0,0.0
2015-05-29,47.43000030517578,47.56999969482422,46.59000015258789,46.86000061035156,40.23413848876953,36519600,0.0,0.0
2015-06-01,47.060001373291016,47.77000045776367,46.619998931884766,47.22999954223633,40.55183029174805,28837300,0.0,0.0
2015-06-02,46.93000030517578,47.349998474121094,46.619998931884766,46.91999816894531,40.2856559753418,21498300,0.0,0.0
2015-06-03,47.369998931884766,47.7400016784668,46.81999969482422,46.849998474121094,40.22557067871094,28002200,0.0,0.0
2015-06-04,46.790000915527344,47.15999984741211,46.20000076293945,46.36000061035156,39.804840087890625,27745500,0.0,0.0
2015-06-05,46.310001373291016,46.52000045776367,45.84000015258789,46.13999938964844,39.61595153808594,25438100,0.0,0.0
2015-06-08,46.29999923706055,46.43000030517578,45.66999816894531,45.72999954223633,39.263916015625,22121600,0.0,0.0
2015-06-09,45.7599983215332,45.939998626708984,45.459999084472656,45.650001525878906,39.195228576660156,24406100,0.0,0.0
2015-06-10,45.790000915527344,46.83000183105469,45.689998626708984,46.61000061035156,40.019500732421875,28417400,0.0,0.0
2015-06-11,46.65999984741211,46.91999816894531,46.130001068115234,46.439998626708984,39.87353515625,27347800,0.0,0.0
2015-06-12,46.220001220703125,46.470001220703125,45.900001525878906,45.970001220703125,39.469993591308594,23931000,0.0,0.0
2015-06-15,45.45000076293945,45.650001525878906,45.02000045776367,45.47999954223633,39.04927444458008,33254500,0.0,0.0
2015-06-16,45.349998474121094,46.2400016784668,45.29999923706055,45.83000183105469,39.34978485107422,27070300,0.0,0.0
2015-06-17,45.72999954223633,46.06999969482422,45.36000061035156,45.970001220703125,39.469993591308594,28704100,0.0,0.0
2015-06-18,46.220001220703125,46.79999923706055,46.16999816894531,46.720001220703125,40.11393737792969,32658300,0.0,0.0
2015-06-19,46.790000915527344,46.83000183105469,45.9900016784668,46.099998474121094,39.58162307739258,63837000,0.0,0.0
2015-06-22,46.33000183105469,46.720001220703125,46.15999984741211,46.22999954223633,39.6932258605957,20318100,0.0,0.0
2015-06-23,46.130001068115234,46.279998779296875,45.619998931884766,45.90999984741211,39.4184684753418,25896500,0.0,0.0
2015-06-24,45.66999816894531,46.25,45.54999923706055,45.63999938964844,39.18662643432617,34890900,0.0,0.0
2015-06-25,46.029998779296875,46.060001373291016,45.5,45.650001525878906,39.195228576660156,20616000,0.0,0.0
2015-06-26,45.650001525878906,46.279998779296875,45.029998779296875,45.2599983215332,38.860374450683594,49835300,0.0,0.0
2015-06-29,45.040000915527344,45.22999954223633,44.36000061035156,44.369998931884766,38.09623336791992,34081700,0.0,0.0
2015-06-30,44.709999084472656,44.720001220703125,43.939998626708984,44.150001525878906,37.90733337402344,35945400,0.0,0.0
2015-07-01,44.459999084472656,45.22999954223633,44.099998474121094,44.45000076293945,38.16490936279297,28343900,0.0,0.0
2015-07-02,44.47999954223633,44.75,44.060001373291016,44.400001525878906,38.121971130371094,21752000,0.0,0.0
2015-07-06,43.959999084472656,44.47999954223633,43.95000076293945,44.38999938964844,38.1133918762207,23034000,0.0,0.0
2015-07-07,44.34000015258789,44.4900016784668,43.31999969482422,44.29999923706055,38.036128997802734,36435800,0.0,0.0
2015-07-08,44.439998626708984,44.900001525878906,44.029998779296875,44.2400016784668,37.984596252441406,39785900,0.0,0.0
2015-07-09,44.75,45.220001220703125,44.5,44.52000045776367,38.22500991821289,32424700,0.0,0.0
2015-07-10,45.0099983215332,45.13999938964844,44.56999969482422,44.61000061035156,38.302276611328125,25465800,0.0,0.0
2015-07-13,44.97999954223633,45.619998931884766,44.95000076293945,45.540000915527344,39.10078811645508,28178300,0.0,0.0
2015-07-14,45.45000076293945,45.959999084472656,45.310001373291016,45.619998931884766,39.16947555541992,22880300,0.0,0.0
2015-07-15,45.68000030517578,45.88999938964844,45.43000030517578,45.7599983215332,39.289676666259766,26629600,0.0,0.0
2015-07-16,46.0099983215332,46.689998626708984,45.970001220703125,46.65999984741211,40.06243133544922,26271700,0.0,0.0
2015-07-17,46.54999923706055,46.779998779296875,46.2599983215332,46.619998931884766,40.02806854248047,29467100,0.0,0.0
2015-07-20,46.650001525878906,47.130001068115234,46.439998626708984,46.91999816894531,40.2856559753418,30631900,0.0,0.0
2015-07-21,46.779998779296875,47.33000183105469,46.47999954223633,47.279998779296875,40.594757080078125,42781900,0.0,0.0
2015-07-22,45.439998626708984,46.93000030517578,45.20000076293945,45.540000915527344,39.10078811645508,59152400,0.0,0.0
2015-07-23,45.27000045776367,46.22999954223633,45.099998474121094,46.11000061035156,39.59019470214844,33934000,0.0,0.0
2015-07-24,45.90999984741211,46.31999969482422,45.79999923706055,45.939998626708984,39.444236755371094,32333200,0.0,0.0
2015-07-27,45.939998626708984,46.0099983215332,45.25,45.349998474121094,38.93765640258789,39701400,0.0,0.0
2015-07-28,45.58000183105469,45.63999938964844,44.790000915527344,45.34000015258789,38.929073333740234,34328900,0.0,0.0
2015-07-29,45.400001525878906,46.779998779296875,45.2599983215332,46.290000915527344,39.7447395324707,40945900,0.0,0.0
2015-07-30,46.2599983215332,47.400001525878906,45.93000030517578,46.880001068115234,40.251319885253906,39777900,0.0,0.0
2015-07-31,47.290000915527344,47.369998931884766,46.5,46.70000076293945,40.09676742553711,31201500,0.0,0.0
2015-08-03,46.97999954223633,47.0,46.45000076293945,46.810001373291016,40.19121551513672,24125900,0.0,0.0
2015-08-04,46.75,47.709999084472656,46.68000030517578,47.540000915527344,40.81800079345703,33403900,0.0,0.0
2015-08-05,47.97999954223633,48.40999984741211,47.540000915527344,47.58000183105469,40.85234451293945,26959700,0.0,0.0
2015-08-06,47.709999084472656,47.77000045776367,46.33000183105469,46.619998931884766,40.02806854248047,27368000,0.0,0.0
2015-08-07,46.38999938964844,46.779998779296875,46.2599983215332,46.7400016784668,40.1310920715332,19163000,0.0,0.0
2015-08-10,46.95000076293945,47.4900016784668,46.84000015258789,47.33000183105469,40.63767623901367,23079900,0.0,0.0
2015-08-11,46.81999969482422,46.939998626708984,45.900001525878906,46.40999984741211,39.8477783203125,29237400,0.0,0.0
2015-08-12,46.189998626708984,46.900001525878906,45.709999084472656,46.7400016784668,40.1310920715332,30181400,0.0,0.0
2015-08-13,47.060001373291016,47.099998474121094,46.4900016784668,46.72999954223633,40.12253952026367,22627200,0.0,0.0
2015-08-14,46.529998779296875,47.099998474121094,46.52000045776367,47.0,40.35435485839844,21473400,0.0,0.0
2015-08-17,46.810001373291016,47.45000076293945,46.56999969482422,47.31999969482422,40.629112243652344,21099700,0.0,0.0
2015-08-18,46.84000015258789,47.43000030517578,46.70000076293945,47.27000045776367,40.85381317138672,23574100,0.31,0.0
2015-08-19,46.779998779296875,47.08000183105469,46.29999923706055,46.61000061035156,40.28340148925781,31485500,0.0,0.0
2015-08-20,46.06999969482422,46.470001220703125,45.65999984741211,45.65999984741211,39.46235656738281,36238200,0.0,0.0
2015-08-21,45.29999923706055,45.47999954223633,43.06999969482422,43.06999969482422,37.22389602661133,70053100,0.0,0.0
2015-08-24,40.45000076293945,42.689998626708984,39.720001220703125,41.68000030517578,36.02257537841797,88753700,0.0,0.0
2015-08-25,42.56999969482422,43.2400016784668,40.38999938964844,40.470001220703125,34.976810455322266,70616600,0.0,0.0
2015-08-26,42.0099983215332,42.84000015258789,41.060001373291016,42.709999084472656,36.91276550292969,63408000,0.0,0.0
2015-08-27,43.22999954223633,43.95000076293945,42.93000030517578,43.900001525878906,37.94123840332031,50943200,0.0,0.0
2015-08-28,43.400001525878906,44.150001525878906,43.38999938964844,43.93000030517578,37.96717071533203,28246700,0.0,0.0
2015-08-31,43.560001373291016,43.93000030517578,43.099998474121094,43.52000045776367,37.61281204223633,34441700,0.0,0.0
2015-09-01,42.16999816894531,42.59000015258789,41.65999984741211,41.81999969482422,36.1435661315918,49688900,0.0,0.0
2015-09-02,42.36000061035156,43.380001068115234,41.880001068115234,43.36000061035156,37.47453689575195,37671500,0.0,0.0
2015-09-03,43.40999984741211,43.97999954223633,43.279998779296875,43.5,37.59553527832031,28285200,0.0,0.0
2015-09-04,42.810001373291016,43.040000915527344,42.20000076293945,42.61000061035156,36.82634735107422,37138800,0.0,0.0
2015-09-08,43.29999923706055,44.0,43.20000076293945,43.88999938964844,37.93260192871094,32469800,0.0,0.0
2015-09-09,44.209999084472656,44.400001525878906,42.90999984741211,43.06999969482422,37.22389602661133,33469500,0.0,0.0
2015-09-10,43.119998931884766,43.790000915527344,42.75,43.290000915527344,37.41404342651367,31366600,0.0,0.0
2015-09-11,43.13999938964844,43.59000015258789,42.939998626708984,43.47999954223633,37.5782470703125,27132500,0.0,0.0
2015-09-14,43.43000030517578,43.439998626708984,42.86000061035156,43.040000915527344,37.197967529296875,23656000,0.0,0.0
2015-09-15,43.189998626708984,44.290000915527344,43.08000183105469,43.97999954223633,38.0103759765625,28882200,0.0,0.0
2015-09-16,43.970001220703125,44.380001068115234,43.84000015258789,44.29999923706055,38.286949157714844,23372200,0.0,0.0
2015-09-17,44.290000915527344,45.0,44.08000183105469,44.25,38.24372863769531,32768200,0.0,0.0
2015-09-18,43.5,43.9900016784668,43.33000183105469,43.47999954223633,37.5782470703125,63143700,0.0,0.0
2015-09-21,43.619998931884766,44.470001220703125,43.599998474121094,44.11000061035156,38.12273406982422,26177200,0.0,0.0
2015-09-22,43.380001068115234,44.04999923706055,43.310001373291016,43.900001525878906,37.94123840332031,28085900,0.0,0.0
2015-09-23,43.93000030517578,44.16999816894531,43.5099983215332,43.869998931884766,37.91530990600586,17145200,0.0,0.0
2015-09-24,43.45000076293945,44.130001068115234,43.27000045776367,43.90999984741211,37.94989013671875,27905600,0.0,0.0
2015-09-25,44.47999954223633,44.72999954223633,43.7599983215332,43.939998626708984,37.97581481933594,29384600,0.0,0.0
2015-09-28,43.83000183105469,44.09000015258789,43.209999084472656,43.290000915527344,37.41404342651367,27613800,0.0,0.0
2015-09-29,43.369998931884766,43.56999969482422,43.04999923706055,43.439998626708984,37.54368209838867,32763600,0.0,0.0
2015-09-30,43.880001068115234,44.29999923706055,43.65999984741211,44.2599983215332,38.252384185791016,34958900,0.0,0.0
2015-10-01,44.75,44.75,43.75,44.61000061035156,38.554866790771484,28657900,0.0,0.0
2015-10-02,44.27000045776367,45.56999969482422,43.91999816894531,45.56999969482422,39.38456344604492,41839000,0.0,0.0
2015-10-05,45.75,46.88999938964844,45.70000076293945,46.630001068115234,40.30067825317383,34369300,0.0,0.0
2015-10-06,46.33000183105469,47.18000030517578,46.220001220703125,46.75,40.40439224243164,27017200,0.0,0.0
2015-10-07,47.099998474121094,47.349998474121094,45.95000076293945,46.79999923706055,40.44760513305664,27711500,0.0,0.0
2015-10-08,46.560001373291016,47.52000045776367,46.5,47.45000076293945,41.00937271118164,33772700,0.0,0.0
2015-10-09,47.45000076293945,47.540000915527344,46.91999816894531,47.11000061035156,40.71553039550781,28600600,0.0,0.0
2015-10-12,46.97999954223633,47.06999969482422,46.5,47.0,40.6204719543457,19769100,0.0,0.0
2015-10-13,46.560001373291016,47.130001068115234,46.560001373291016,46.88999938964844,40.52539825439453,19987800,0.0,0.0
2015-10-14,46.650001525878906,47.099998474121094,46.529998779296875,46.68000030517578,40.343902587890625,24697800,0.0,0.0
2015-10-15,47.0099983215332,47.029998779296875,46.529998779296875,47.0099983215332,40.62910079956055,27189400,0.0,0.0
2015-10-16,47.02000045776367,47.540000915527344,46.900001525878906,47.5099983215332,41.061222076416016,26450300,0.0,0.0
2015-10-19,47.41999816894531,47.880001068115234,47.02000045776367,47.619998931884766,41.15629577636719,29387600,0.0,0.0
2015-10-20,47.439998626708984,47.810001373291016,47.02000045776367,47.77000045776367,41.285945892333984,30802200,0.0,0.0
2015-10-21,47.91999816894531,47.9900016784668,47.11000061035156,47.20000076293945,40.79331588745117,25144300,0.0,0.0
2015-10-22,47.529998779296875,48.95000076293945,47.09000015258789,48.029998779296875,41.51065444946289,56637100,0.0,0.0
2015-10-23,52.29999923706055,54.06999969482422,52.25,52.869998931884766,45.693695068359375,135227100,0.0,0.0
2015-10-26,52.529998779296875,54.31999969482422,52.5,54.25,46.88637924194336,64633300,0.0,0.0
2015-10-27,53.9900016784668,54.369998931884766,53.58000183105469,53.689998626708984,46.402400970458984,50999900,0.0,0.0
2015-10-28,53.540000915527344,53.97999954223633,52.86000061035156,53.97999954223633,46.65303039550781,47000800,0.0,0.0
2015-10-29,53.540000915527344,53.83000183105469,53.220001220703125,53.36000061035156,46.11717224121094,30202100,0.0,0.0
2015-10-30,53.31999969482422,53.9900016784668,52.619998931884766,52.63999938964844,45.49491882324219,46619800,0.0,0.0
2015-11-02,52.849998474121094,53.36000061035156,52.619998931884766,53.2400016784668,46.01348114013672,30285000,0.0,0.0
2015-11-03,52.93000030517578,54.38999938964844,52.900001525878906,54.150001525878906,46.799957275390625,36596900,0.0,0.0
2015-11-04,54.18000030517578,54.880001068115234,54.060001373291016,54.400001525878906,47.01603317260742,37087800,0.0,0.0
2015-11-05,54.4900016784668,54.70000076293945,54.0,54.380001068115234,46.99872970581055,31468500,0.0,0.0
2015-11-06,54.09000015258789,54.97999954223633,53.959999084472656,54.91999816894531,47.46543884277344,32851200,0.0,0.0
2015-11-09,54.54999923706055,54.869998931884766,53.560001373291016,54.15999984741211,46.808597564697266,32513100,0.0,0.0
2015-11-10,54.06999969482422,54.130001068115234,53.27000045776367,53.5099983215332,46.2468147277832,55283700,0.0,0.0
2015-11-11,53.70000076293945,54.20000076293945,53.459999084472656,53.650001525878906,46.367820739746094,36516300,0.0,0.0
2015-11-12,53.47999954223633,53.97999954223633,53.189998626708984,53.31999969482422,46.082618713378906,35361100,0.0,0.0
2015-11-13,53.06999969482422,53.290000915527344,52.529998779296875,52.84000015258789,45.66777038574219,36848200,0.0,0.0
2015-11-16,53.08000183105469,53.88999938964844,52.849998474121094,53.77000045776367,46.47153091430664,32165200,0.0,0.0
2015-11-17,53.16999816894531,53.529998779296875,52.849998474121094,52.970001220703125,46.08869552612305,31551300,0.36,0.0
2015-11-18,53.0,53.97999954223633,52.97999954223633,53.849998474121094,46.85437774658203,29710000,0.0,0.0
2015-11-19,53.9900016784668,54.65999984741211,53.779998779296875,53.939998626708984,46.93267059326172,28149200,0.0,0.0
2015-11-20,54.25,54.29999923706055,53.27000045776367,54.189998626708984,47.15020751953125,37147600,0.0,0.0
2015-11-23,54.25,54.459999084472656,53.75,54.189998626708984,47.15020751953125,28235900,0.0,0.0
2015-11-24,53.91999816894531,54.439998626708984,53.58000183105469,54.25,47.2024040222168,24600000,0.0,0.0
2015-11-25,54.09000015258789,54.22999954223633,53.689998626708984,53.689998626708984,46.715152740478516,21005100,0.0,0.0
2015-11-27,53.79999923706055,54.08000183105469,53.790000915527344,53.93000030517578,46.923988342285156,9009100,0.0,0.0
2015-11-30,54.540000915527344,54.959999084472656,54.0,54.349998474121094,47.28942108154297,56241400,0.0,0.0
2015-12-01,54.40999984741211,55.22999954223633,54.29999923706055,55.220001220703125,48.04640579223633,39952800,0.0,0.0
2015-12-02,55.31999969482422,55.959999084472656,55.060001373291016,55.209999084472656,48.037696838378906,47274900,0.0,0.0
2015-12-03,55.4900016784668,55.77000045776367,53.93000030517578,54.20000076293945,47.15890884399414,38627800,0.0,0.0
2015-12-04,54.119998931884766,56.22999954223633,54.099998474121094,55.90999984741211,48.64676284790039,43963700,0.0,0.0
2015-12-07,55.790000915527344,55.970001220703125,55.290000915527344,55.810001373291016,48.55976486206055,30709800,0.0,0.0
2015-12-08,55.470001220703125,56.099998474121094,54.9900016784668,55.790000915527344,48.542354583740234,32878000,0.0,0.0
2015-12-09,55.369998931884766,55.869998931884766,54.5099983215332,54.97999954223633,47.83757781982422,36373200,0.0,0.0
2015-12-10,55.38999938964844,55.65999984741211,55.0099983215332,55.27000045776367,48.089908599853516,31775800,0.0,0.0
2015-12-11,54.709999084472656,55.099998474121094,54.0099983215332,54.060001373291016,47.03709030151367,39549500,0.0,0.0
2015-12-14,54.33000183105469,55.209999084472656,53.68000030517578,55.13999938964844,47.97679138183594,46768900,0.0,0.0
2015-12-15,55.65999984741211,55.900001525878906,55.09000015258789,55.20000076293945,48.028987884521484,39843000,0.0,0.0
2015-12-16,55.540000915527344,56.25,54.7599983215332,56.130001068115234,48.83818817138672,37503300,0.0,0.0
2015-12-17,56.36000061035156,56.790000915527344,55.529998779296875,55.70000076293945,48.46403884887695,41280900,0.0,0.0
2015-12-18,55.77000045776367,56.0,54.029998779296875,54.130001068115234,47.09799575805664,84684200,0.0,0.0
2015-12-21,54.880001068115234,55.349998474121094,54.22999954223633,54.83000183105469,47.70706558227539,37246300,0.0,0.0
2015-12-22,54.9900016784668,55.47999954223633,54.5,55.349998474121094,48.15950012207031,28322200,0.0,0.0
2015-12-23,55.70000076293945,55.880001068115234,55.439998626708984,55.81999969482422,48.56845474243164,27279800,0.0,0.0
2015-12-24,55.86000061035156,55.959999084472656,55.43000030517578,55.66999816894531,48.437950134277344,9558500,0.0,0.0
2015-12-28,55.349998474121094,55.95000076293945,54.97999954223633,55.95000076293945,48.68156433105469,22458300,0.0,0.0
2015-12-29,56.290000915527344,56.849998474121094,56.060001373291016,56.54999923706055,49.20362091064453,27731400,0.0,0.0
2015-12-30,56.470001220703125,56.779998779296875,56.290000915527344,56.310001373291016,48.99479675292969,21704500,0.0,0.0
2015-12-31,56.040000915527344,56.189998626708984,55.41999816894531,55.47999954223633,48.27262496948242,27334100,0.0,0.0
2016-01-04,54.31999969482422,54.79999923706055,53.38999938964844,54.79999923706055,47.68095779418945,53778000,0.0,0.0
2016-01-05,54.93000030517578,55.38999938964844,54.540000915527344,55.04999923706055,47.89847946166992,34079700,0.0,0.0
2016-01-06,54.31999969482422,54.400001525878906,53.63999938964844,54.04999923706055,47.02838134765625,39518900,0.0,0.0
2016-01-07,52.70000076293945,53.4900016784668,52.06999969482422,52.16999816894531,45.39262008666992,56564900,0.0,0.0
2016-01-08,52.369998931884766,53.279998779296875,52.150001525878906,52.33000183105469,45.53184127807617,48754000,0.0,0.0
2016-01-11,52.5099983215332,52.849998474121094,51.459999084472656,52.29999923706055,45.505741119384766,36943800,0.0,0.0
2016-01-12,52.7599983215332,53.099998474121094,52.060001373291016,52.779998779296875,45.923370361328125,36095500,0.0,0.0
2016-01-13,53.79999923706055,54.06999969482422,51.29999923706055,51.63999938964844,44.931480407714844,66883600,0.0,0.0
2016-01-14,52.0,53.41999816894531,51.56999969482422,53.11000061035156,46.21051025390625,52381900,0.0,0.0
2016-01-15,51.310001373291016,51.970001220703125,50.34000015258789,50.9900016784668,44.36592483520508,71820700,0.0,0.0
2016-01-19,51.47999954223633,51.68000030517578,50.060001373291016,50.560001373291016,43.99177551269531,43564500,0.0,0.0
2016-01-20,49.97999954223633,51.380001068115234,49.099998474121094,50.790000915527344,44.1919059753418,63273000,0.0,0.0
2016-01-21,51.0,51.58000183105469,50.29999923706055,50.47999954223633,43.92217254638672,40191200,0.0,0.0
2016-01-22,51.40999984741211,52.33000183105469,51.2599983215332,52.290000915527344,45.49702835083008,37555800,0.0,0.0
2016-01-25,51.939998626708984,52.650001525878906,51.650001525878906,51.790000915527344,45.061981201171875,34707700,0.0,0.0
2016-01-26,51.790000915527344,52.439998626708984,51.54999923706055,52.16999816894531,45.39262008666992,28900800,0.0,0.0
2016-01-27,52.0099983215332,52.20000076293945,51.02000045776367,51.220001220703125,44.566036224365234,36775200,0.0,0.0
2016-01-28,51.86000061035156,52.209999084472656,51.25,52.060001373291016,45.29692077636719,62513800,0.0,0.0
2016-01-29,54.72999954223633,55.09000015258789,54.0,55.09000015258789,47.933292388916016,83611700,0.0,0.0
2016-02-01,54.880001068115234,55.09000015258789,54.5,54.709999084472656,47.60265350341797,44208500,0.0,0.0
2016-02-02,54.16999816894531,54.2599983215332,52.650001525878906,53.0,46.11479187011719,56313800,0.0,0.0
2016-02-03,53.25,53.38999938964844,51.2599983215332,52.15999984741211,45.38392639160156,57559800,0.0,0.0
2016-02-04,52.099998474121094,52.810001373291016,51.369998931884766,52.0,45.24470901489258,46987100,0.0,0.0
2016-02-05,51.939998626708984,52.0,49.560001373291016,50.15999984741211,43.643741607666016,62009000,0.0,0.0
2016-02-08,49.54999923706055,49.56999969482422,48.189998626708984,49.40999984741211,42.99118423461914,59290500,0.0,0.0
2016-02-09,49.02000045776367,50.2400016784668,48.66999816894531,49.279998779296875,42.87805938720703,46740500,0.0,0.0
2016-02-10,49.88999938964844,50.38999938964844,49.52000045776367,49.709999084472656,43.252201080322266,38237000,0.0,0.0
2016-02-11,48.68000030517578,50.11000061035156,48.5099983215332,49.689998626708984,43.23479461669922,48878600,0.0,0.0
2016-02-12,50.25,50.68000030517578,49.75,50.5,43.939571380615234,34243300,0.0,0.0
2016-02-16,50.900001525878906,51.09000015258789,50.130001068115234,51.09000015258789,44.7720947265625,37291200,0.36,0.0
2016-02-17,51.4900016784668,52.77000045776367,51.45000076293945,52.41999816894531,45.937618255615234,40789000,0.0,0.0
2016-02-18,52.33000183105469,52.95000076293945,52.099998474121094,52.189998626708984,45.736053466796875,27176000,0.0,0.0
2016-02-19,51.970001220703125,52.279998779296875,51.529998779296875,51.81999969482422,45.41182327270508,33559100,0.0,0.0
2016-02-22,52.279998779296875,53.0,52.279998779296875,52.650001525878906,46.139183044433594,25008300,0.0,0.0
2016-02-23,52.34000015258789,52.369998931884766,50.97999954223633,51.18000030517578,44.85095977783203,28895300,0.0,0.0
2016-02-24,50.689998626708984,51.5,50.20000076293945,51.36000061035156,45.008705139160156,33014500,0.0,0.0
2016-02-25,51.72999954223633,52.099998474121094,50.61000061035156,52.099998474121094,45.65719223022461,26939500,0.0,0.0
2016-02-26,52.599998474121094,52.68000030517578,51.099998474121094,51.29999923706055,44.95612716674805,35975900,0.0,0.0
2016-02-29,51.349998474121094,51.650001525878906,50.65999984741211,50.880001068115234,44.58806610107422,31654000,0.0,0.0
2016-03-01,50.970001220703125,52.59000015258789,50.91999816894531,52.58000183105469,46.07783126831055,33024500,0.0,0.0
2016-03-02,52.40999984741211,52.959999084472656,52.15999984741211,52.95000076293945,46.402076721191406,29289900,0.0,0.0
2016-03-03,52.970001220703125,52.970001220703125,51.779998779296875,52.349998474121094,45.876277923583984,24427800,0.0,0.0
2016-03-04,52.400001525878906,52.45000076293945,51.709999084472656,52.029998779296875,45.59584426879883,33034200,0.0,0.0
2016-03-07,51.560001373291016,51.79999923706055,50.58000183105469,51.029998779296875,44.719512939453125,38407800,0.0,0.0
2016-03-08,50.79999923706055,52.130001068115234,50.599998474121094,51.650001525878906,45.26284408569336,33835100,0.0,0.0
2016-03-09,51.88999938964844,52.849998474121094,51.86000061035156,52.84000015258789,46.305694580078125,28251600,0.0,0.0
2016-03-10,52.93000030517578,52.939998626708984,51.15999984741211,52.04999923706055,45.613380432128906,38387800,0.0,0.0
2016-03-11,53.0,53.06999969482422,52.380001068115234,53.06999969482422,46.50724792480469,32275700,0.0,0.0
2016-03-14,52.709999084472656,53.59000015258789,52.630001068115234,53.16999816894531,46.594879150390625,24083600,0.0,0.0
2016-03-15,52.75,53.59000015258789,52.7400016784668,53.59000015258789,46.96294403076172,21104800,0.0,0.0
2016-03-16,53.45000076293945,54.599998474121094,53.400001525878906,54.349998474121094,47.62895584106445,31691700,0.0,0.0
2016-03-17,54.209999084472656,55.0,54.0,54.65999984741211,47.9006233215332,28223900,0.0,0.0
2016-03-18,54.91999816894531,54.970001220703125,53.45000076293945,53.4900016784668,46.87529373168945,67625500,0.0,0.0
2016-03-21,53.25,53.93000030517578,52.93000030517578,53.86000061035156,47.199546813964844,23925700,0.0,0.0
2016-03-22,53.61000061035156,54.25,53.459999084472656,54.06999969482422,47.383575439453125,23124100,0.0,0.0
2016-03-23,54.11000061035156,54.2400016784668,53.7400016784668,53.970001220703125,47.29594802856445,20129000,0.0,0.0
2016-03-24,53.84000015258789,54.33000183105469,53.72999954223633,54.209999084472656,47.50627517700195,19950000,0.0,0.0
2016-03-28,54.209999084472656,54.290000915527344,53.33000183105469,53.540000915527344,46.919124603271484,17025100,0.0,0.0
2016-03-29,53.65999984741211,54.86000061035156,53.45000076293945,54.709999084472656,47.94443893432617,23924300,0.0,0.0
2016-03-30,54.93000030517578,55.63999938964844,54.900001525878906,55.04999923706055,48.242401123046875,23008300,0.0,0.0
2016-03-31,54.95000076293945,55.59000015258789,54.86000061035156,55.22999954223633,48.4001350402832,26360500,0.0,0.0
2016-04-01,55.04999923706055,55.61000061035156,54.56999969482422,55.56999969482422,48.69808578491211,24399200,0.0,0.0
2016-04-04,55.43000030517578,55.65999984741211,55.0,55.43000030517578,48.575401306152344,18928800,0.0,0.0
2016-04-05,55.189998626708984,55.29999923706055,54.459999084472656,54.560001373291016,47.812992095947266,19272300,0.0,0.0
2016-04-06,54.36000061035156,55.20000076293945,54.209999084472656,55.119998931884766,48.30373764038086,21188700,0.0,0.0
2016-04-07,54.869998931884766,54.90999984741211,54.22999954223633,54.459999084472656,47.725337982177734,19225100,0.0,0.0
2016-04-08,54.66999816894531,55.279998779296875,54.31999969482422,54.41999816894531,47.6903076171875,22167200,0.0,0.0
2016-04-11,54.4900016784668,55.150001525878906,54.29999923706055,54.310001373291016,47.59389114379883,21414200,0.0,0.0
2016-04-12,54.369998931884766,54.779998779296875,53.7599983215332,54.650001525878906,47.8918571472168,24944300,0.0,0.0
2016-04-13,55.119998931884766,55.439998626708984,54.88999938964844,55.349998474121094,48.50528335571289,20818000,0.0,0.0
2016-04-14,55.220001220703125,55.58000183105469,55.06999969482422,55.36000061035156,48.51405715942383,20877100,0.0,0.0
2016-04-15,55.29999923706055,55.91999816894531,55.11000061035156,55.650001525878906,48.76819610595703,28793800,0.0,0.0
2016-04-18,55.4900016784668,56.59000015258789,55.209999084472656,56.459999084472656,49.478031158447266,23786000,0.0,0.0
2016-04-19,56.630001068115234,56.77000045776367,55.68000030517578,56.38999938964844,49.41667938232422,29596800,0.0,0.0
2016-04-20,56.290000915527344,56.5,55.4900016784668,55.59000015258789,48.715614318847656,36195700,0.0,0.0
2016-04-21,55.79999923706055,56.22999954223633,55.41999816894531,55.779998779296875,48.882102966308594,38909100,0.0,0.0
2016-04-22,51.90999984741211,52.43000030517578,50.77000045776367,51.779998779296875,45.37675857543945,126834100,0.0,0.0
2016-04-25,51.779998779296875,52.130001068115234,51.630001068115234,52.11000061035156,45.665958404541016,33226900,0.0,0.0
2016-04-26,52.2599983215332,52.349998474121094,51.09000015258789,51.439998626708984,45.07879638671875,33532600,0.0,0.0
2016-04-27,51.47999954223633,51.5,50.54999923706055,50.939998626708984,44.64065170288086,43369300,0.0,0.0
2016-04-28,50.619998931884766,50.77000045776367,49.560001373291016,49.900001525878906,43.729244232177734,43134800,0.0,0.0
2016-04-29,49.349998474121094,50.25,49.349998474121094,49.869998931884766,43.70295715332031,48411700,0.0,0.0
2016-05-02,50.0,50.75,49.779998779296875,50.61000061035156,44.35145950317383,33114500,0.0,0.0
2016-05-03,50.34000015258789,50.40999984741211,49.599998474121094,49.779998779296875,43.62410354614258,26460200,0.0,0.0
2016-05-04,49.84000015258789,50.060001373291016,49.459999084472656,49.869998931884766,43.70295715332031,24257600,0.0,0.0
2016-05-05,49.869998931884766,50.29999923706055,49.72999954223633,49.939998626708984,43.764286041259766,25390700,0.0,0.0
2016-05-06,49.91999816894531,50.38999938964844,49.65999984741211,50.38999938964844,44.15865707397461,24787300,0.0,0.0
2016-05-09,50.4900016784668,50.59000015258789,50.0,50.06999969482422,43.87824249267578,17951600,0.0,0.0
2016-05-10,50.33000183105469,51.099998474121094,50.189998626708984,51.02000045776367,44.71074295043945,22891000,0.0,0.0
2016-05-11,51.130001068115234,51.779998779296875,51.0,51.04999923706055,44.737030029296875,24039100,0.0,0.0
2016-05-12,51.20000076293945,51.810001373291016,50.91999816894531,51.5099983215332,45.14015579223633,24102800,0.0,0.0
2016-05-13,51.439998626708984,51.900001525878906,51.040000915527344,51.08000183105469,44.76333236694336,22592300,0.0,0.0
2016-05-16,50.79999923706055,51.959999084472656,50.75,51.83000183105469,45.42057800292969,20032000,0.0,0.0
2016-05-17,51.720001220703125,51.72999954223633,50.36000061035156,50.5099983215332,44.57340621948242,27803500,0.36,0.0
2016-05-18,50.47999954223633,51.13999938964844,50.29999923706055,50.810001373291016,44.838165283203125,24907500,0.0,0.0
2016-05-19,50.470001220703125,50.619998931884766,49.81999969482422,50.31999969482422,44.40574645996094,23842400,0.0,0.0
2016-05-20,50.47999954223633,51.220001220703125,50.400001525878906,50.619998931884766,44.67048645019531,23905800,0.0,0.0
2016-05-23,50.599998474121094,50.68000030517578,49.97999954223633,50.029998779296875,44.149845123291016,26118700,0.0,0.0
2016-05-24,50.70000076293945,51.709999084472656,50.400001525878906,51.59000015258789,45.52647399902344,34757900,0.0,0.0
2016-05-25,51.91999816894531,52.4900016784668,51.790000915527344,52.119998931884766,45.994178771972656,24040200,0.0,0.0
2016-05-26,51.93000030517578,51.97999954223633,51.36000061035156,51.88999938964844,45.79120635986328,24335200,0.0,0.0
2016-05-27,51.91999816894531,52.31999969482422,51.77000045776367,52.31999969482422,46.170677185058594,17721400,0.0,0.0
2016-05-31,52.2599983215332,53.0,52.08000183105469,53.0,46.770755767822266,37653100,0.0,0.0
2016-06-01,52.439998626708984,52.95000076293945,52.439998626708984,52.849998474121094,46.63838577270508,25324800,0.0,0.0
2016-06-02,52.63999938964844,52.7400016784668,51.84000015258789,52.47999954223633,46.311866760253906,22840800,0.0,0.0
2016-06-03,52.380001068115234,52.41999816894531,51.599998474121094,51.790000915527344,45.702980041503906,23368300,0.0,0.0
2016-06-06,51.9900016784668,52.349998474121094,51.88999938964844,52.130001068115234,46.00300598144531,18243300,0.0,0.0
2016-06-07,52.2400016784668,52.72999954223633,52.099998474121094,52.099998474121094,45.976531982421875,20866800,0.0,0.0
2016-06-08,52.02000045776367,52.439998626708984,51.869998931884766,52.040000915527344,45.92359161376953,21149400,0.0,0.0
2016-06-09,52.0,52.0,51.4900016784668,51.619998931884766,45.552947998046875,20305700,0.0,0.0
2016-06-10,51.04999923706055,52.04999923706055,51.040000915527344,51.47999954223633,45.42941665649414,25833200,0.0,0.0
2016-06-13,49.58000183105469,50.720001220703125,49.060001373291016,50.13999938964844,44.24690628051758,83217800,0.0,0.0
2016-06-14,49.900001525878906,50.099998474121094,49.56999969482422,49.83000183105469,43.97333908081055,42577100,0.0,0.0
2016-06-15,49.779998779296875,50.119998931884766,49.689998626708984,49.689998626708984,43.84978103637695,33757600,0.0,0.0
2016-06-16,49.52000045776367,50.470001220703125,49.5099983215332,50.38999938964844,44.46751403808594,31188600,0.0,0.0
2016-06-17,50.40999984741211,50.43000030517578,49.81999969482422,50.130001068115234,44.23807144165039,45710500,0.0,0.0
2016-06-20,50.63999938964844,50.83000183105469,50.029998779296875,50.06999969482422,44.18512725830078,35607900,0.0,0.0
2016-06-21,50.20000076293945,51.43000030517578,50.15999984741211,51.189998626708984,45.173492431640625,34097800,0.0,0.0
2016-06-22,51.08000183105469,51.459999084472656,50.95000076293945,50.9900016784668,44.99699783325195,28816800,0.0,0.0
2016-06-23,51.279998779296875,52.060001373291016,51.150001525878906,51.90999984741211,45.80886459350586,29028800,0.0,0.0
2016-06-24,49.810001373291016,50.939998626708984,49.52000045776367,49.83000183105469,43.97333908081055,133503000,0.0,0.0
2016-06-27,49.099998474121094,49.150001525878906,48.040000915527344,48.43000030517578,42.737884521484375,50216300,0.0,0.0
2016-06-28,48.91999816894531,49.470001220703125,48.66999816894531,49.439998626708984,43.629180908203125,38140700,0.0,0.0
2016-06-29,49.90999984741211,50.720001220703125,49.79999923706055,50.540000915527344,44.59988784790039,31304000,0.0,0.0
2016-06-30,50.720001220703125,51.29999923706055,50.5,51.16999816894531,45.155845642089844,28527800,0.0,0.0
2016-07-01,51.130001068115234,51.720001220703125,51.06999969482422,51.15999984741211,45.14701461791992,21400400,0.0,0.0
2016-07-05,50.83000183105469,51.279998779296875,50.7400016784668,51.16999816894531,45.155845642089844,24806400,0.0,0.0
2016-07-06,50.779998779296875,51.540000915527344,50.38999938964844,51.380001068115234,45.34116744995117,28167500,0.0,0.0
2016-07-07,51.41999816894531,51.61000061035156,51.06999969482422,51.380001068115234,45.34116744995117,19585200,0.0,0.0
2016-07-08,51.72999954223633,52.36000061035156,51.54999923706055,52.29999923706055,46.153038024902344,28391000,0.0,0.0
2016-07-11,52.5,52.83000183105469,52.470001220703125,52.59000015258789,46.40894317626953,22269200,0.0,0.0
2016-07-12,52.939998626708984,53.400001525878906,52.790000915527344,53.209999084472656,46.9560661315918,27317600,0.0,0.0
2016-07-13,53.560001373291016,53.86000061035156,53.18000030517578,53.5099983215332,47.22081756591797,25356800,0.0,0.0
2016-07-14,53.84000015258789,53.9900016784668,53.58000183105469,53.7400016784668,47.42378616333008,24545500,0.0,0.0
2016-07-15,53.95000076293945,54.0,53.209999084472656,53.70000076293945,47.38848114013672,32024400,0.0,0.0
2016-07-18,53.70000076293945,54.34000015258789,53.54999923706055,53.959999084472656,47.617923736572266,31433900,0.0,0.0
2016-07-19,53.709999084472656,53.900001525878906,52.93000030517578,53.09000015258789,46.850181579589844,53336500,0.0,0.0
2016-07-20,56.150001525878906,56.84000015258789,55.529998779296875,55.90999984741211,49.3387451171875,89893300,0.0,0.0
2016-07-21,55.97999954223633,56.22999954223633,55.7599983215332,55.79999923706055,49.24166488647461,32776700,0.0,0.0
2016-07-22,56.08000183105469,56.630001068115234,55.779998779296875,56.56999969482422,49.92115783691406,32157200,0.0,0.0
2016-07-25,56.470001220703125,56.7400016784668,56.2599983215332,56.72999954223633,50.06237030029297,25610600,0.0,0.0
2016-07-26,56.52000045776367,57.290000915527344,56.5099983215332,56.7599983215332,50.08884048461914,28079000,0.0,0.0
2016-07-27,56.61000061035156,56.79999923706055,56.11000061035156,56.189998626708984,49.5858154296875,32327500,0.0,0.0
2016-07-28,56.0,56.369998931884766,55.720001220703125,56.209999084472656,49.60346984863281,37550400,0.0,0.0
2016-07-29,56.2599983215332,56.7599983215332,56.04999923706055,56.68000030517578,50.01823425292969,30558700,0.0,0.0
2016-08-01,56.599998474121094,56.75,56.13999938964844,56.58000183105469,49.929996490478516,26003400,0.0,0.0
2016-08-02,56.849998474121094,56.900001525878906,56.310001373291016,56.58000183105469,49.929996490478516,35122000,0.0,0.0
2016-08-03,56.68000030517578,57.11000061035156,56.4900016784668,56.970001220703125,50.27415084838867,22075600,0.0,0.0
2016-08-04,56.79999923706055,57.52000045776367,56.66999816894531,57.38999938964844,50.64479446411133,26587700,0.0,0.0
2016-08-05,57.650001525878906,58.209999084472656,57.45000076293945,57.959999084472656,51.147796630859375,29335200,0.0,0.0
2016-08-08,58.060001373291016,58.09000015258789,57.779998779296875,58.060001373291016,51.23604965209961,19473500,0.0,0.0
2016-08-09,58.16999816894531,58.5,58.02000045776367,58.20000076293945,51.35959243774414,16920700,0.0,0.0
2016-08-10,58.15999984741211,58.31999969482422,57.81999969482422,58.02000045776367,51.20073699951172,15756900,0.0,0.0
2016-08-11,58.029998779296875,58.45000076293945,58.029998779296875,58.29999923706055,51.44783401489258,18162300,0.0,0.0
2016-08-12,58.029998779296875,58.189998626708984,57.619998931884766,57.939998626708984,51.13015365600586,21655200,0.0,0.0
2016-08-15,58.0099983215332,58.5,57.959999084472656,58.119998931884766,51.28898239135742,19283900,0.0,0.0
2016-08-16,57.61000061035156,57.619998931884766,57.27000045776367,57.439998626708984,51.00483322143555,20523500,0.36,0.0
2016-08-17,57.540000915527344,57.68000030517578,57.22999954223633,57.560001373291016,51.11139678955078,18856400,0.0,0.0
2016-08-18,57.41999816894531,57.70000076293945,57.27000045776367,57.599998474121094,51.14691162109375,14214300,0.0,0.0
2016-08-19,57.43000030517578,57.72999954223633,57.20000076293945,57.619998931884766,51.1646728515625,17271000,0.0,0.0
2016-08-22,57.599998474121094,57.75,57.2599983215332,57.66999816894531,51.20907211303711,15221900,0.0,0.0
2016-08-23,57.900001525878906,58.18000030517578,57.849998474121094,57.88999938964844,51.40442657470703,18732400,0.0,0.0
2016-08-24,57.79999923706055,58.040000915527344,57.720001220703125,57.95000076293945,51.45770263671875,18151500,0.0,0.0
2016-08-25,57.880001068115234,58.290000915527344,57.779998779296875,58.16999816894531,51.653053283691406,18552600,0.0,0.0
2016-08-26,58.279998779296875,58.70000076293945,57.689998626708984,58.029998779296875,51.52873611450195,20971200,0.0,0.0
2016-08-29,58.18000030517578,58.599998474121094,58.099998474121094,58.099998474121094,51.59089660644531,16417200,0.0,0.0
2016-08-30,57.97999954223633,58.189998626708984,57.61000061035156,57.88999938964844,51.40442657470703,16930200,0.0,0.0
2016-08-31,57.650001525878906,57.79999923706055,57.29999923706055,57.459999084472656,51.0225944519043,20860300,0.0,0.0
2016-09-01,57.0099983215332,57.81999969482422,57.0099983215332,57.59000015258789,51.13802719116211,26075400,0.0,0.0
2016-09-02,57.66999816894531,58.189998626708984,57.41999816894531,57.66999816894531,51.20907211303711,18900500,0.0,0.0
2016-09-06,57.779998779296875,57.79999923706055,57.209999084472656,57.61000061035156,51.155792236328125,16278400,0.0,0.0
2016-09-07,57.470001220703125,57.84000015258789,57.40999984741211,57.65999984741211,51.2001838684082,17493400,0.0,0.0
2016-09-08,57.630001068115234,57.790000915527344,57.18000030517578,57.43000030517578,50.9959602355957,20146100,0.0,0.0
2016-09-09,56.790000915527344,57.52000045776367,56.209999084472656,56.209999084472656,49.91263961791992,35113900,0.0,0.0
2016-09-12,56.0,57.209999084472656,55.61000061035156,57.04999923706055,50.658531188964844,29303000,0.0,0.0
2016-09-13,56.5,56.650001525878906,56.04999923706055,56.529998779296875,50.19678497314453,30130200,0.0,0.0
2016-09-14,56.38999938964844,56.630001068115234,56.029998779296875,56.2599983215332,49.957027435302734,24062500,0.0,0.0
2016-09-15,56.150001525878906,57.349998474121094,55.97999954223633,57.189998626708984,50.7828483581543,26847000,0.0,0.0
2016-09-16,57.630001068115234,57.630001068115234,56.75,57.25,50.83613586425781,44607000,0.0,0.0
2016-09-19,57.27000045776367,57.75,56.849998474121094,56.93000030517578,50.551979064941406,20937100,0.0,0.0
2016-09-20,57.349998474121094,57.349998474121094,56.75,56.810001373291016,50.4454231262207,17384000,0.0,0.0
2016-09-21,57.5099983215332,57.849998474121094,57.08000183105469,57.7599983215332,51.28899002075195,33707300,0.0,0.0
2016-09-22,57.91999816894531,58.0,57.630001068115234,57.81999969482422,51.34226608276367,19822200,0.0,0.0
2016-09-23,57.869998931884766,57.90999984741211,57.380001068115234,57.43000030517578,50.9959602355957,19955300,0.0,0.0
2016-09-26,57.08000183105469,57.13999938964844,56.83000183105469,56.900001525878906,50.525333404541016,21688700,0.0,0.0
2016-09-27,56.93000030517578,58.060001373291016,56.68000030517578,57.95000076293945,51.45770263671875,28065100,0.0,0.0
2016-09-28,57.880001068115234,58.060001373291016,57.66999816894531,58.029998779296875,51.52873611450195,20536400,0.0,0.0
2016-09-29,57.810001373291016,58.16999816894531,57.209999084472656,57.400001525878906,50.96931838989258,25463500,0.0,0.0
2016-09-30,57.56999969482422,57.77000045776367,57.34000015258789,57.599998474121094,51.14691162109375,29910800,0.0,0.0
2016-10-03,57.40999984741211,57.54999923706055,57.060001373291016,57.41999816894531,50.98708724975586,19189500,0.0,0.0
2016-10-04,57.27000045776367,57.599998474121094,56.970001220703125,57.2400016784668,50.82724380493164,20085900,0.0,0.0
2016-10-05,57.290000915527344,57.959999084472656,57.2599983215332,57.63999938964844,51.182430267333984,16726400,0.0,0.0
2016-10-06,57.7400016784668,57.86000061035156,57.279998779296875,57.7400016784668,51.271240234375,16212600,0.0,0.0
2016-10-07,57.849998474121094,57.97999954223633,57.41999816894531,57.79999923706055,51.32449722290039,20089000,0.0,0.0
2016-10-10,57.90999984741211,58.38999938964844,57.869998931884766,58.040000915527344,51.53761672973633,18196500,0.0,0.0
2016-10-11,57.88999938964844,58.02000045776367,56.88999938964844,57.189998626708984,50.7828483581543,26497400,0.0,0.0
2016-10-12,57.11000061035156,57.27000045776367,56.400001525878906,57.11000061035156,50.71181106567383,22177500,0.0,0.0
2016-10-13,56.70000076293945,57.29999923706055,56.31999969482422,56.91999816894531,50.5430908203125,25313700,0.0,0.0
2016-10-14,57.119998931884766,57.7400016784668,57.119998931884766,57.41999816894531,50.98708724975586,27402500,0.0,0.0
2016-10-17,57.36000061035156,57.459999084472656,56.869998931884766,57.220001220703125,50.809505462646484,23830000,0.0,0.0
2016-10-18,57.529998779296875,57.95000076293945,57.40999984741211,57.65999984741211,51.2001838684082,19149500,0.0,0.0
2016-10-19,57.470001220703125,57.84000015258789,57.400001525878906,57.529998779296875,51.084754943847656,22878400,0.0,0.0
2016-10-20,57.5,57.52000045776367,56.65999984741211,57.25,50.83613586425781,49455600,0.0,0.0
2016-10-21,60.279998779296875,60.45000076293945,59.4900016784668,59.65999984741211,52.97612380981445,80032200,0.0,0.0
2016-10-24,59.939998626708984,61.0,59.93000030517578,61.0,54.16600799560547,54067000,0.0,0.0
2016-10-25,60.849998474121094,61.369998931884766,60.79999923706055,60.9900016784668,54.15711975097656,35137200,0.0,0.0
2016-10-26,60.810001373291016,61.20000076293945,60.470001220703125,60.630001068115234,53.83745193481445,29911600,0.0,0.0
2016-10-27,60.61000061035156,60.83000183105469,60.09000015258789,60.099998474121094,53.3668212890625,28479900,0.0,0.0
2016-10-28,60.0099983215332,60.52000045776367,59.58000183105469,59.869998931884766,53.162601470947266,33574700,0.0,0.0
2016-10-31,60.15999984741211,60.41999816894531,59.91999816894531,59.91999816894531,53.20699691772461,26434700,0.0,0.0
2016-11-01,59.970001220703125,60.02000045776367,59.25,59.79999923706055,53.100440979003906,24533000,0.0,0.0
2016-11-02,59.81999969482422,59.93000030517578,59.29999923706055,59.43000030517578,52.771888732910156,22147000,0.0,0.0
2016-11-03,59.529998779296875,59.63999938964844,59.11000061035156,59.209999084472656,52.576541900634766,21600400,0.0,0.0
2016-11-04,58.650001525878906,59.279998779296875,58.52000045776367,58.709999084472656,52.13256072998047,28697000,0.0,0.0
2016-11-07,59.779998779296875,60.52000045776367,59.779998779296875,60.41999816894531,53.65098190307617,31664800,0.0,0.0
2016-11-08,60.54999923706055,60.779998779296875,60.150001525878906,60.470001220703125,53.695377349853516,22935400,0.0,0.0
2016-11-09,60.0,60.59000015258789,59.20000076293945,60.16999816894531,53.42898941040039,49632500,0.0,0.0
2016-11-10,60.47999954223633,60.4900016784668,57.630001068115234,58.70000076293945,52.123687744140625,57822400,0.0,0.0
2016-11-11,58.22999954223633,59.119998931884766,58.0099983215332,59.02000045776367,52.407833099365234,38767800,0.0,0.0
2016-11-14,59.02000045776367,59.08000183105469,57.279998779296875,58.119998931884766,51.60866165161133,41328400,0.0,0.0
2016-11-15,58.33000183105469,59.4900016784668,58.31999969482422,58.869998931884766,52.62778091430664,35904100,0.39,0.0
2016-11-16,58.939998626708984,59.65999984741211,58.810001373291016,59.650001525878906,53.325077056884766,27332500,0.0,0.0
2016-11-17,60.40999984741211,60.95000076293945,59.970001220703125,60.63999938964844,54.210105895996094,32132700,0.0,0.0
2016-11-18,60.779998779296875,61.13999938964844,60.29999923706055,60.349998474121094,53.95084762573242,27686300,0.0,0.0
2016-11-21,60.5,60.970001220703125,60.41999816894531,60.86000061035156,54.40678024291992,19652600,0.0,0.0
2016-11-22,60.97999954223633,61.2599983215332,60.810001373291016,61.119998931884766,54.63917922973633,23206700,0.0,0.0
2016-11-23,61.0099983215332,61.099998474121094,60.25,60.400001525878906,53.995540618896484,21848900,0.0,0.0
2016-11-25,60.29999923706055,60.529998779296875,60.130001068115234,60.529998779296875,54.11176681518555,8409600,0.0,0.0
2016-11-28,60.34000015258789,61.02000045776367,60.209999084472656,60.61000061035156,54.18327713012695,20732600,0.0,0.0
2016-11-29,60.650001525878906,61.40999984741211,60.52000045776367,61.09000015258789,54.61237716674805,22366700,0.0,0.0
2016-11-30,60.86000061035156,61.18000030517578,60.220001220703125,60.2599983215332,53.87039566040039,34655400,0.0,0.0
2016-12-01,60.11000061035156,60.150001525878906,58.939998626708984,59.20000076293945,52.922794342041016,34542100,0.0,0.0
2016-12-02,59.08000183105469,59.470001220703125,58.79999923706055,59.25,52.967491149902344,25515700,0.0,0.0
2016-12-05,59.70000076293945,60.59000015258789,59.560001373291016,60.220001220703125,53.83464050292969,23552700,0.0,0.0
2016-12-06,60.43000030517578,60.459999084472656,59.79999923706055,59.95000076293945,53.5932731628418,19907000,0.0,0.0
2016-12-07,60.0099983215332,61.380001068115234,59.79999923706055,61.369998931884766,54.8626823425293,30809000,0.0,0.0
2016-12-08,61.29999923706055,61.58000183105469,60.84000015258789,61.0099983215332,54.540870666503906,21220800,0.0,0.0
2016-12-09,61.18000030517578,61.9900016784668,61.130001068115234,61.970001220703125,55.39908218383789,27349400,0.0,0.0
2016-12-12,61.81999969482422,62.29999923706055,61.720001220703125,62.16999816894531,55.57786560058594,20198100,0.0,0.0
2016-12-13,62.5,63.41999816894531,62.2400016784668,62.97999954223633,56.30196762084961,35718900,0.0,0.0
2016-12-14,63.0,63.45000076293945,62.529998779296875,62.68000030517578,56.03377914428711,30352700,0.0,0.0
2016-12-15,62.70000076293945,63.150001525878906,62.29999923706055,62.58000183105469,55.944400787353516,27669900,0.0,0.0
2016-12-16,62.95000076293945,62.95000076293945,62.119998931884766,62.29999923706055,55.69408416748047,42453100,0.0,0.0
2016-12-19,62.560001373291016,63.77000045776367,62.41999816894531,63.619998931884766,56.87411880493164,34338200,0.0,0.0
2016-12-20,63.689998626708984,63.79999923706055,63.029998779296875,63.540000915527344,56.80260467529297,26028400,0.0,0.0
2016-12-21,63.43000030517578,63.70000076293945,63.119998931884766,63.540000915527344,56.80260467529297,17096300,0.0,0.0
2016-12-22,63.84000015258789,64.0999984741211,63.40999984741211,63.54999923706055,56.8115348815918,22176600,0.0,0.0
2016-12-23,63.45000076293945,63.540000915527344,62.79999923706055,63.2400016784668,56.53440856933594,12403800,0.0,0.0
2016-12-27,63.209999084472656,64.06999969482422,63.209999084472656,63.279998779296875,56.570159912109375,11763200,0.0,0.0
2016-12-28,63.400001525878906,63.400001525878906,62.83000183105469,62.9900016784668,56.31092071533203,14653300,0.0,0.0
2016-12-29,62.86000061035156,63.20000076293945,62.72999954223633,62.900001525878906,56.230464935302734,10250600,0.0,0.0
2016-12-30,62.959999084472656,62.9900016784668,62.029998779296875,62.13999938964844,55.551029205322266,25579900,0.0,0.0
2017-01-03,62.790000915527344,62.84000015258789,62.130001068115234,62.58000183105469,55.944400787353516,20694100,0.0,0.0
2017-01-04,62.47999954223633,62.75,62.119998931884766,62.29999923706055,55.69408416748047,21340000,0.0,0.0
2017-01-05,62.189998626708984,62.65999984741211,62.029998779296875,62.29999923706055,55.69408416748047,24876000,0.0,0.0
2017-01-06,62.29999923706055,63.150001525878906,62.040000915527344,62.84000015258789,56.17683029174805,19922900,0.0,0.0
2017-01-09,62.7599983215332,63.08000183105469,62.540000915527344,62.63999938964844,55.998043060302734,20382700,0.0,0.0
2017-01-10,62.72999954223633,63.06999969482422,62.279998779296875,62.619998931884766,55.98015594482422,18593000,0.0,0.0
2017-01-11,62.61000061035156,63.22999954223633,62.43000030517578,63.189998626708984,56.489715576171875,21517300,0.0,0.0
2017-01-12,63.060001373291016,63.400001525878906,61.95000076293945,62.61000061035156,55.97121047973633,20968200,0.0,0.0
2017-01-13,62.619998931884766,62.869998931884766,62.349998474121094,62.70000076293945,56.05167770385742,19422300,0.0,0.0
2017-01-17,62.68000030517578,62.70000076293945,62.029998779296875,62.529998779296875,55.89969253540039,20664000,0.0,0.0
2017-01-18,62.66999816894531,62.70000076293945,62.119998931884766,62.5,55.87287139892578,19670100,0.0,0.0
2017-01-19,62.2400016784668,62.97999954223633,62.20000076293945,62.29999923706055,55.69408416748047,18451700,0.0,0.0
2017-01-20,62.66999816894531,62.81999969482422,62.369998931884766,62.7400016784668,56.08742904663086,30213500,0.0,0.0
2017-01-23,62.70000076293945,63.119998931884766,62.56999969482422,62.959999084472656,56.28409957885742,23097600,0.0,0.0
2017-01-24,63.20000076293945,63.7400016784668,62.939998626708984,63.52000045776367,56.78472137451172,24672900,0.0,0.0
2017-01-25,63.95000076293945,64.0999984741211,63.45000076293945,63.68000030517578,56.927757263183594,23672700,0.0,0.0
2017-01-26,64.12000274658203,64.54000091552734,63.54999923706055,64.2699966430664,57.4552001953125,43554600,0.0,0.0
2017-01-27,65.38999938964844,65.91000366210938,64.88999938964844,65.77999877929688,58.80508804321289,44818000,0.0,0.0
2017-01-30,65.69000244140625,65.79000091552734,64.80000305175781,65.12999725341797,58.224002838134766,31651400,0.0,0.0
2017-01-31,64.86000061035156,65.1500015258789,64.26000213623047,64.6500015258789,57.7949104309082,25270500,0.0,0.0
2017-02-01,64.36000061035156,64.62000274658203,63.470001220703125,63.58000183105469,56.8383674621582,39671500,0.0,0.0
2017-02-02,63.25,63.40999984741211,62.75,63.16999816894531,56.47182846069336,45827000,0.0,0.0
2017-02-03,63.5,63.70000076293945,63.06999969482422,63.68000030517578,56.927757263183594,30301800,0.0,0.0
2017-02-06,63.5,63.650001525878906,63.13999938964844,63.63999938964844,56.89200210571289,19796400,0.0,0.0
2017-02-07,63.7400016784668,63.779998779296875,63.22999954223633,63.43000030517578,56.704261779785156,20277200,0.0,0.0
2017-02-08,63.56999969482422,63.810001373291016,63.220001220703125,63.34000015258789,56.62382125854492,18096400,0.0,0.0
2017-02-09,63.52000045776367,64.44000244140625,63.31999969482422,64.05999755859375,57.2674560546875,22644400,0.0,0.0
2017-02-10,64.25,64.30000305175781,63.97999954223633,64.0,57.21382141113281,18170700,0.0,0.0
2017-02-13,64.23999786376953,64.86000061035156,64.12999725341797,64.72000122070312,57.857479095458984,22920100,0.0,0.0
2017-02-14,64.41000366210938,64.72000122070312,64.0199966430664,64.56999969482422,58.07332992553711,23108400,0.39,0.0
2017-02-15,64.5,64.56999969482422,64.16000366210938,64.52999877929688,58.037353515625,17005200,0.0,0.0
2017-02-16,64.73999786376953,65.23999786376953,64.44000244140625,64.5199966430664,58.02836608886719,20546300,0.0,0.0
2017-02-17,64.47000122070312,64.69000244140625,64.30000305175781,64.62000274658203,58.11830139160156,21248800,0.0,0.0
2017-02-21,64.61000061035156,64.94999694824219,64.44999694824219,64.48999786376953,58.001380920410156,20655900,0.0,0.0
2017-02-22,64.33000183105469,64.38999938964844,64.05000305175781,64.36000061035156,57.884456634521484,19292700,0.0,0.0
2017-02-23,64.41999816894531,64.7300033569336,64.19000244140625,64.62000274658203,58.11830139160156,20273100,0.0,0.0
2017-02-24,64.52999877929688,64.80000305175781,64.13999938964844,64.62000274658203,58.11830139160156,21796800,0.0,0.0
2017-02-27,64.54000091552734,64.54000091552734,64.05000305175781,64.2300033569336,57.76754379272461,15871500,0.0,0.0
2017-02-28,64.08000183105469,64.19999694824219,63.7599983215332,63.97999954223633,57.54269790649414,23239800,0.0,0.0
2017-03-01,64.12999725341797,64.98999786376953,64.0199966430664,64.94000244140625,58.40610122680664,26937500,0.0,0.0
2017-03-02,64.69000244140625,64.75,63.880001068115234,64.01000213623047,57.5696907043457,24539600,0.0,0.0
2017-03-03,63.9900016784668,64.27999877929688,63.619998931884766,64.25,57.78553009033203,18135900,0.0,0.0
2017-03-06,63.970001220703125,64.55999755859375,63.810001373291016,64.2699966430664,57.80351638793945,18750300,0.0,0.0
2017-03-07,64.19000244140625,64.77999877929688,64.19000244140625,64.4000015258789,57.920440673828125,18521000,0.0,0.0
2017-03-08,64.26000213623047,65.08000183105469,64.25,64.98999786376953,58.45106506347656,21510900,0.0,0.0
2017-03-09,65.19000244140625,65.19999694824219,64.4800033569336,64.7300033569336,58.217227935791016,19846800,0.0,0.0
2017-03-10,65.11000061035156,65.26000213623047,64.75,64.93000030517578,58.39710998535156,19538200,0.0,0.0
2017-03-13,65.01000213623047,65.19000244140625,64.56999969482422,64.70999908447266,58.19923400878906,20100000,0.0,0.0
2017-03-14,64.52999877929688,64.55000305175781,64.1500015258789,64.41000366210938,57.92943572998047,14280200,0.0,0.0
2017-03-15,64.55000305175781,64.91999816894531,64.25,64.75,58.2352294921875,24833800,0.0,0.0
2017-03-16,64.75,64.76000213623047,64.30000305175781,64.63999938964844,58.136287689208984,20674300,0.0,0.0
2017-03-17,64.91000366210938,65.23999786376953,64.68000030517578,64.87000274658203,58.3431510925293,49219700,0.0,0.0
2017-03-20,64.91000366210938,65.18000030517578,64.72000122070312,64.93000030517578,58.39710998535156,14598100,0.0,0.0
2017-03-21,65.19000244140625,65.5,64.12999725341797,64.20999908447266,57.749549865722656,26640500,0.0,0.0
2017-03-22,64.12000274658203,65.13999938964844,64.12000274658203,65.02999877929688,58.487056732177734,20680000,0.0,0.0
2017-03-23,64.94000244140625,65.23999786376953,64.7699966430664,64.87000274658203,58.3431510925293,19269200,0.0,0.0
2017-03-24,65.36000061035156,65.44999694824219,64.76000213623047,64.9800033569336,58.44207763671875,22617100,0.0,0.0
2017-03-27,64.62999725341797,65.22000122070312,64.3499984741211,65.0999984741211,58.55000686645508,18614700,0.0,0.0
2017-03-28,64.95999908447266,65.47000122070312,64.6500015258789,65.29000091552734,58.72090148925781,20080400,0.0,0.0
2017-03-29,65.12000274658203,65.5,64.94999694824219,65.47000122070312,58.882781982421875,13618400,0.0,0.0
2017-03-30,65.41999816894531,65.9800033569336,65.36000061035156,65.70999908447266,59.09862518310547,15122800,0.0,0.0
2017-03-31,65.6500015258789,66.19000244140625,65.44999694824219,65.86000061035156,59.233543395996094,21040300,0.0,0.0
2017-04-03,65.80999755859375,65.94000244140625,65.19000244140625,65.55000305175781,58.954750061035156,20400900,0.0,0.0
2017-04-04,65.38999938964844,65.80999755859375,65.27999877929688,65.7300033569336,59.11662673950195,12997400,0.0,0.0
2017-04-05,66.30000305175781,66.3499984741211,65.44000244140625,65.55999755859375,58.96372604370117,21448600,0.0,0.0
2017-04-06,65.5999984741211,66.05999755859375,65.4800033569336,65.7300033569336,59.11662673950195,18103500,0.0,0.0
2017-04-07,65.8499984741211,65.95999908447266,65.44000244140625,65.68000030517578,59.0716438293457,14108500,0.0,0.0
2017-04-10,65.61000061035156,65.81999969482422,65.36000061035156,65.52999877929688,58.93674087524414,17952700,0.0,0.0
2017-04-11,65.5999984741211,65.61000061035156,64.8499984741211,65.4800033569336,58.89177703857422,18791500,0.0,0.0
2017-04-12,65.41999816894531,65.51000213623047,65.11000061035156,65.2300033569336,58.66692352294922,17108500,0.0,0.0
2017-04-13,65.29000091552734,65.86000061035156,64.94999694824219,64.94999694824219,58.41508483886719,17896500,0.0,0.0
2017-04-17,65.04000091552734,65.48999786376953,65.01000213623047,65.4800033569336,58.89177703857422,16689300,0.0,0.0
2017-04-18,65.33000183105469,65.70999908447266,65.16000366210938,65.38999938964844,58.81081771850586,15155600,0.0,0.0
2017-04-19,65.6500015258789,65.75,64.88999938964844,65.04000091552734,58.49603271484375,26992800,0.0,0.0
2017-04-20,65.45999908447266,65.75,65.13999938964844,65.5,58.909767150878906,22299500,0.0,0.0
2017-04-21,65.66999816894531,66.69999694824219,65.44999694824219,66.4000015258789,59.71921920776367,32522600,0.0,0.0
2017-04-24,67.4800033569336,67.66000366210938,67.0999984741211,67.52999877929688,60.735504150390625,29770000,0.0,0.0
2017-04-25,67.9000015258789,68.04000091552734,67.5999984741211,67.91999816894531,61.08625793457031,30242700,0.0,0.0
2017-04-26,68.08000183105469,68.30999755859375,67.62000274658203,67.83000183105469,61.00532913208008,26190800,0.0,0.0
2017-04-27,68.1500015258789,68.37999725341797,67.58000183105469,68.2699966430664,61.401058197021484,34971000,0.0,0.0
2017-04-28,68.91000366210938,69.13999938964844,67.69000244140625,68.45999908447266,61.571937561035156,39548800,0.0,0.0
2017-05-01,68.68000030517578,69.55000305175781,68.5,69.41000366210938,62.42635726928711,31954400,0.0,0.0
2017-05-02,69.70999908447266,69.70999908447266,69.12999725341797,69.30000305175781,62.32743835449219,23906100,0.0,0.0
2017-05-03,69.37999725341797,69.37999725341797,68.70999908447266,69.08000183105469,62.12957763671875,28928000,0.0,0.0
2017-05-04,69.02999877929688,69.08000183105469,68.63999938964844,68.80999755859375,61.88671875,21749400,0.0,0.0
2017-05-05,68.9000015258789,69.02999877929688,68.48999786376953,69.0,62.057621002197266,19128800,0.0,0.0
2017-05-08,68.97000122070312,69.05000305175781,68.41999816894531,68.94000244140625,62.00362777709961,18566100,0.0,0.0
2017-05-09,68.86000061035156,69.27999877929688,68.68000030517578,69.04000091552734,62.09358215332031,22858400,0.0,0.0
2017-05-10,68.98999786376953,69.55999755859375,68.91999816894531,69.30999755859375,62.336421966552734,17977800,0.0,0.0
2017-05-11,68.36000061035156,68.7300033569336,68.12000274658203,68.45999908447266,61.571937561035156,28789400,0.0,0.0
2017-05-12,68.61000061035156,68.61000061035156,68.04000091552734,68.37999725341797,61.49998474121094,18714100,0.0,0.0
2017-05-15,68.13999938964844,68.4800033569336,67.56999969482422,68.43000030517578,61.544952392578125,31530300,0.0,0.0
2017-05-16,68.2300033569336,69.44000244140625,68.16000366210938,69.41000366210938,62.784183502197266,34956000,0.39,0.0
2017-05-17,68.88999938964844,69.0999984741211,67.43000030517578,67.4800033569336,61.03840637207031,30548800,0.0,0.0
2017-05-18,67.4000015258789,68.12999725341797,67.13999938964844,67.70999908447266,61.24644470214844,25201300,0.0,0.0
2017-05-19,67.5,68.0999984741211,67.43000030517578,67.69000244140625,61.22837829589844,26961100,0.0,0.0
2017-05-22,67.88999938964844,68.5,67.5,68.44999694824219,61.91581344604492,16237600,0.0,0.0
2017-05-23,68.72000122070312,68.75,68.37999725341797,68.68000030517578,62.12386703491211,15425800,0.0,0.0
2017-05-24,68.87000274658203,68.87999725341797,68.44999694824219,68.7699966430664,62.205265045166016,14593900,0.0,0.0
2017-05-25,68.97000122070312,69.87999725341797,68.91000366210938,69.62000274658203,62.97414016723633,21854100,0.0,0.0
2017-05-26,69.80000305175781,70.22000122070312,69.5199966430664,69.95999908447266,63.281681060791016,19827900,0.0,0.0
2017-05-30,69.79000091552734,70.41000366210938,69.7699966430664,70.41000366210938,63.68872833251953,17072800,0.0,0.0
2017-05-31,70.52999877929688,70.73999786376953,69.80999755859375,69.83999633789062,63.17314910888672,30436400,0.0,0.0
2017-06-01,70.23999786376953,70.61000061035156,69.44999694824219,70.0999984741211,63.4083137512207,21603600,0.0,0.0
2017-06-02,70.44000244140625,71.86000061035156,70.23999786376953,71.76000213623047,64.90986633300781,34770300,0.0,0.0
2017-06-05,71.97000122070312,72.88999938964844,71.80999755859375,72.27999877929688,65.38021087646484,33316800,0.0,0.0
2017-06-06,72.30000305175781,72.62000274658203,72.2699966430664,72.5199966430664,65.5973129272461,31511100,0.0,0.0
2017-06-07,72.63999938964844,72.7699966430664,71.94999694824219,72.38999938964844,65.47969818115234,22301800,0.0,0.0
2017-06-08,72.51000213623047,72.5199966430664,71.5,71.94999694824219,65.08172607421875,24588300,0.0,0.0
2017-06-09,72.04000091552734,72.08000183105469,68.58999633789062,70.31999969482422,63.607295989990234,49187400,0.0,0.0
2017-06-12,69.25,69.94000244140625,68.12999725341797,69.77999877929688,63.11886215209961,47761700,0.0,0.0
2017-06-13,70.0199966430664,70.81999969482422,69.95999908447266,70.6500015258789,63.905818939208984,25258600,0.0,0.0
2017-06-14,70.91000366210938,71.0999984741211,69.43000030517578,70.2699966430664,63.56208038330078,25510700,0.0,0.0
2017-06-15,69.2699966430664,70.20999908447266,68.80000305175781,69.9000015258789,63.227386474609375,26068700,0.0,0.0
2017-06-16,69.7300033569336,70.02999877929688,69.22000122070312,70.0,63.31784439086914,48345100,0.0,0.0
2017-06-19,70.5,70.94000244140625,70.3499984741211,70.87000274658203,64.10482025146484,23798300,0.0,0.0
2017-06-20,70.81999969482422,70.87000274658203,69.87000274658203,69.91000366210938,63.236473083496094,21512200,0.0,0.0
2017-06-21,70.20999908447266,70.62000274658203,69.94000244140625,70.2699966430664,63.56208038330078,19891100,0.0,0.0
2017-06-22,70.54000091552734,70.58999633789062,69.70999908447266,70.26000213623047,63.553043365478516,22965700,0.0,0.0
2017-06-23,70.08999633789062,71.25,69.91999816894531,71.20999908447266,64.412353515625,27617300,0.0,0.0
2017-06-26,71.4000015258789,71.70999908447266,70.44000244140625,70.52999877929688,63.79727554321289,19607000,0.0,0.0
2017-06-27,70.11000061035156,70.18000030517578,69.18000030517578,69.20999908447266,62.603267669677734,25215100,0.0,0.0
2017-06-28,69.20999908447266,69.83999633789062,68.79000091552734,69.80000305175781,63.13697814941406,25806200,0.0,0.0
2017-06-29,69.37999725341797,69.48999786376953,68.08999633789062,68.48999786376953,61.95200729370117,28918700,0.0,0.0
2017-06-30,68.77999877929688,69.37999725341797,68.73999786376953,68.93000030517578,62.35000991821289,24161100,0.0,0.0
2017-07-03,69.33000183105469,69.5999984741211,68.0199966430664,68.16999816894531,61.66254806518555,16165500,0.0,0.0
2017-07-05,68.26000213623047,69.44000244140625,68.22000122070312,69.08000183105469,62.48570251464844,21176300,0.0,0.0
2017-07-06,68.2699966430664,68.77999877929688,68.12000274658203,68.56999969482422,62.02436828613281,21117600,0.0,0.0
2017-07-07,68.69999694824219,69.83999633789062,68.69999694824219,69.45999908447266,62.82939910888672,16878300,0.0,0.0
2017-07-10,69.45999908447266,70.25,69.19999694824219,69.9800033569336,63.299766540527344,15014500,0.0,0.0
2017-07-11,70.0,70.68000030517578,69.75,69.98999786376953,63.30881881713867,17460000,0.0,0.0
2017-07-12,70.69000244140625,71.27999877929688,70.55000305175781,71.1500015258789,64.35809326171875,17750900,0.0,0.0
2017-07-13,71.5,72.04000091552734,71.30999755859375,71.7699966430664,64.91889190673828,20269800,0.0,0.0
2017-07-14,72.23999786376953,73.2699966430664,71.95999908447266,72.77999877929688,65.83248138427734,25868100,0.0,0.0
2017-07-17,72.80000305175781,73.44999694824219,72.72000122070312,73.3499984741211,66.34806823730469,21803900,0.0,0.0
2017-07-18,73.08999633789062,73.38999938964844,72.66000366210938,73.30000305175781,66.30286407470703,26435300,0.0,0.0
2017-07-19,73.5,74.04000091552734,73.44999694824219,73.86000061035156,66.80941009521484,22416200,0.0,0.0
2017-07-20,74.18000030517578,74.30000305175781,73.27999877929688,74.22000122070312,67.13502502441406,42361000,0.0,0.0
2017-07-21,73.44999694824219,74.29000091552734,73.16999816894531,73.79000091552734,66.74606323242188,46717100,0.0,0.0
2017-07-24,73.52999877929688,73.75,73.12999725341797,73.5999984741211,66.5741958618164,21394800,0.0,0.0
2017-07-25,73.80000305175781,74.30999755859375,73.5,74.19000244140625,67.10789489746094,22018700,0.0,0.0
2017-07-26,74.33999633789062,74.37999725341797,73.80999755859375,74.05000305175781,66.98124694824219,16252200,0.0,0.0
2017-07-27,73.76000213623047,74.41999816894531,72.31999969482422,73.16000366210938,66.17622375488281,36844200,0.0,0.0
2017-07-28,72.66999816894531,73.30999755859375,72.54000091552734,73.04000091552734,66.06767272949219,18306700,0.0,0.0
2017-07-31,73.30000305175781,73.44000244140625,72.41000366210938,72.69999694824219,65.7601318359375,23600100,0.0,0.0
2017-08-01,73.0999984741211,73.41999816894531,72.48999786376953,72.58000183105469,65.65158081054688,22132300,0.0,0.0
2017-08-02,72.55000305175781,72.55999755859375,71.44000244140625,72.26000213623047,65.36213684082031,26499200,0.0,0.0
2017-08-03,72.19000244140625,72.44000244140625,71.8499984741211,72.1500015258789,65.26263427734375,18214400,0.0,0.0
2017-08-04,72.4000015258789,73.04000091552734,72.23999786376953,72.68000030517578,65.74203491210938,22579000,0.0,0.0
2017-08-07,72.80000305175781,72.9000015258789,72.26000213623047,72.4000015258789,65.4887466430664,18705700,0.0,0.0
2017-08-08,72.08999633789062,73.12999725341797,71.75,72.79000091552734,65.84152221679688,22044600,0.0,0.0
2017-08-09,72.25,72.51000213623047,72.05000305175781,72.47000122070312,65.55207061767578,22213400,0.0,0.0
2017-08-10,71.9000015258789,72.19000244140625,71.3499984741211,71.41000366210938,64.59326171875,24734500,0.0,0.0
2017-08-11,71.61000061035156,72.69999694824219,71.27999877929688,72.5,65.57923126220703,21443700,0.0,0.0
2017-08-14,73.05999755859375,73.72000122070312,72.94999694824219,73.58999633789062,66.56517791748047,20096600,0.0,0.0
2017-08-15,73.58999633789062,73.58999633789062,73.04000091552734,73.22000122070312,66.58334350585938,19181400,0.39,0.0
2017-08-16,73.33999633789062,74.0999984741211,73.16999816894531,73.6500015258789,66.97439575195312,18150400,0.0,0.0
2017-08-17,73.58000183105469,73.87000274658203,72.4000015258789,72.4000015258789,65.83765411376953,22977500,0.0,0.0
2017-08-18,72.2699966430664,72.83999633789062,71.93000030517578,72.48999786376953,65.91954040527344,18761500,0.0,0.0
2017-08-21,72.47000122070312,72.4800033569336,71.69999694824219,72.1500015258789,65.61035919189453,17734800,0.0,0.0
2017-08-22,72.3499984741211,73.23999786376953,72.3499984741211,73.16000366210938,66.52879333496094,14343700,0.0,0.0
2017-08-23,72.95999908447266,73.1500015258789,72.52999877929688,72.72000122070312,66.12867736816406,13766500,0.0,0.0
2017-08-24,72.73999786376953,72.86000061035156,72.06999969482422,72.69000244140625,66.10137939453125,17098300,0.0,0.0
2017-08-25,72.86000061035156,73.3499984741211,72.4800033569336,72.81999969482422,66.21961212158203,12794300,0.0,0.0
2017-08-28,73.05999755859375,73.08999633789062,72.55000305175781,72.83000183105469,66.22872161865234,14569700,0.0,0.0
2017-08-29,72.25,73.16000366210938,72.05000305175781,73.05000305175781,66.42875671386719,11478400,0.0,0.0
2017-08-30,73.01000213623047,74.20999908447266,72.83000183105469,74.01000213623047,67.30174255371094,16897800,0.0,0.0
2017-08-31,74.02999877929688,74.95999908447266,73.80000305175781,74.7699966430664,67.99283599853516,27652800,0.0,0.0
2017-09-01,74.70999908447266,74.73999786376953,73.63999938964844,73.94000244140625,67.23810577392578,21736200,0.0,0.0
2017-09-05,73.33999633789062,73.88999938964844,72.9800033569336,73.61000061035156,66.93799591064453,21556000,0.0,0.0
2017-09-06,73.73999786376953,74.04000091552734,73.3499984741211,73.4000015258789,66.74703979492188,16535800,0.0,0.0
2017-09-07,73.68000030517578,74.5999984741211,73.5999984741211,74.33999633789062,67.60182189941406,17471200,0.0,0.0
2017-09-08,74.33000183105469,74.44000244140625,73.83999633789062,73.9800033569336,67.27446746826172,14703800,0.0,0.0
2017-09-11,74.30999755859375,74.94000244140625,74.30999755859375,74.76000213623047,67.98377990722656,17910400,0.0,0.0
2017-09-12,74.76000213623047,75.23999786376953,74.37000274658203,74.68000030517578,67.91100311279297,14394900,0.0,0.0
2017-09-13,74.93000030517578,75.2300033569336,74.55000305175781,75.20999908447266,68.39298248291016,13380800,0.0,0.0
2017-09-14,75.0,75.48999786376953,74.5199966430664,74.7699966430664,67.99283599853516,15733900,0.0,0.0
2017-09-15,74.83000183105469,75.38999938964844,74.06999969482422,75.30999755859375,68.4839096069336,38578400,0.0,0.0
2017-09-18,75.2300033569336,75.97000122070312,75.04000091552734,75.16000366210938,68.3475341796875,23307000,0.0,0.0
2017-09-19,75.20999908447266,75.70999908447266,75.01000213623047,75.44000244140625,68.60214233398438,16093300,0.0,0.0
2017-09-20,75.3499984741211,75.55000305175781,74.30999755859375,74.94000244140625,68.14744567871094,21587900,0.0,0.0
2017-09-21,75.11000061035156,75.23999786376953,74.11000061035156,74.20999908447266,67.4836196899414,19186100,0.0,0.0
2017-09-22,73.98999786376953,74.51000213623047,73.8499984741211,74.41000366210938,67.66549682617188,14111400,0.0,0.0
2017-09-25,74.08999633789062,74.25,72.91999816894531,73.26000213623047,66.6197280883789,24149200,0.0,0.0
2017-09-26,73.66999816894531,73.80999755859375,72.98999786376953,73.26000213623047,66.6197280883789,18019600,0.0,0.0
2017-09-27,73.55000305175781,74.16999816894531,73.16999816894531,73.8499984741211,67.15625762939453,19565100,0.0,0.0
2017-09-28,73.54000091552734,73.97000122070312,73.30999755859375,73.87000274658203,67.17442321777344,10883800,0.0,0.0
2017-09-29,73.94000244140625,74.54000091552734,73.87999725341797,74.48999786376953,67.73822784423828,17079100,0.0,0.0
2017-10-02,74.70999908447266,75.01000213623047,74.30000305175781,74.61000061035156,67.84736633300781,15304800,0.0,0.0
2017-10-03,74.66999816894531,74.87999725341797,74.19000244140625,74.26000213623047,67.52906799316406,12190400,0.0,0.0
2017-10-04,74.08999633789062,74.72000122070312,73.70999908447266,74.69000244140625,67.92013549804688,13317700,0.0,0.0
2017-10-05,75.22000122070312,76.12000274658203,74.95999908447266,75.97000122070312,69.08409118652344,21195300,0.0,0.0
2017-10-06,75.66999816894531,76.02999877929688,75.54000091552734,76.0,69.11138153076172,13959800,0.0,0.0
2017-10-09,75.97000122070312,76.55000305175781,75.86000061035156,76.29000091552734,69.37508392333984,11386500,0.0,0.0
2017-10-10,76.33000183105469,76.62999725341797,76.13999938964844,76.29000091552734,69.37508392333984,13944500,0.0,0.0
2017-10-11,76.36000061035156,76.45999908447266,75.94999694824219,76.41999816894531,69.4932861328125,15388900,0.0,0.0
2017-10-12,76.48999786376953,77.29000091552734,76.37000274658203,77.12000274658203,70.12986755371094,16876500,0.0,0.0
2017-10-13,77.58999633789062,77.87000274658203,77.29000091552734,77.48999786376953,70.46632385253906,15335700,0.0,0.0
2017-10-16,77.41999816894531,77.80999755859375,77.3499984741211,77.6500015258789,70.61180114746094,12380100,0.0,0.0
2017-10-17,77.47000122070312,77.62000274658203,77.25,77.58999633789062,70.55723571777344,16824000,0.0,0.0
2017-10-18,77.66999816894531,77.8499984741211,77.37000274658203,77.61000061035156,70.5754623413086,13300700,0.0,0.0
2017-10-19,77.56999969482422,77.93000030517578,77.3499984741211,77.91000366210938,70.84825897216797,15092800,0.0,0.0
2017-10-20,78.31999969482422,78.97000122070312,78.22000122070312,78.80999755859375,71.66664123535156,22866400,0.0,0.0
2017-10-23,78.98999786376953,79.33999633789062,78.76000213623047,78.83000183105469,71.68488311767578,20627200,0.0,0.0
2017-10-24,78.9000015258789,79.19999694824219,78.45999908447266,78.86000061035156,71.71217346191406,17517200,0.0,0.0
2017-10-25,78.58000183105469,79.0999984741211,78.01000213623047,78.62999725341797,71.50297546386719,20410800,0.0,0.0
2017-10-26,79.19999694824219,79.41999816894531,78.75,78.76000213623047,71.62120056152344,32120700,0.0,0.0
2017-10-27,84.37000274658203,86.19999694824219,83.61000061035156,83.80999755859375,76.21347045898438,71066700,0.0,0.0
2017-10-30,83.69999694824219,84.33000183105469,83.11000061035156,83.88999938964844,76.28623962402344,31756700,0.0,0.0
2017-10-31,84.36000061035156,84.36000061035156,83.11000061035156,83.18000030517578,75.64056396484375,27086600,0.0,0.0
2017-11-01,83.68000030517578,83.76000213623047,82.87999725341797,83.18000030517578,75.64056396484375,22307400,0.0,0.0
2017-11-02,83.3499984741211,84.45999908447266,83.12000274658203,84.05000305175781,76.43171691894531,23992900,0.0,0.0
2017-11-03,84.08000183105469,84.54000091552734,83.4000015258789,84.13999938964844,76.51354217529297,17633500,0.0,0.0
2017-11-06,84.19999694824219,84.69999694824219,84.08000183105469,84.47000122070312,76.81365966796875,19860900,0.0,0.0
2017-11-07,84.7699966430664,84.9000015258789,83.93000030517578,84.2699966430664,76.63175964355469,17939700,0.0,0.0
2017-11-08,84.13999938964844,84.61000061035156,83.83000183105469,84.55999755859375,76.89551544189453,18034200,0.0,0.0
2017-11-09,84.11000061035156,84.2699966430664,82.9000015258789,84.08999633789062,76.46808624267578,21178400,0.0,0.0
2017-11-10,83.79000091552734,84.0999984741211,83.2300033569336,83.87000274658203,76.26803588867188,19397800,0.0,0.0
2017-11-13,83.66000366210938,83.94000244140625,83.45999908447266,83.93000030517578,76.32258605957031,14196900,0.0,0.0
2017-11-14,83.5,84.0999984741211,82.9800033569336,84.05000305175781,76.43171691894531,18801300,0.0,0.0
2017-11-15,83.47000122070312,83.69000244140625,82.69000244140625,82.9800033569336,75.837646484375,19383100,0.42,0.0
2017-11-16,83.0999984741211,83.41999816894531,82.94000244140625,83.19999694824219,76.03873443603516,20962800,0.0,0.0
2017-11-17,83.12000274658203,83.12000274658203,82.23999786376953,82.4000015258789,75.30757141113281,22079000,0.0,0.0
2017-11-20,82.4000015258789,82.58999633789062,82.25,82.52999877929688,75.4264144897461,16315000,0.0,0.0
2017-11-21,82.73999786376953,83.83999633789062,82.73999786376953,83.72000122070312,76.51397705078125,21237500,0.0,0.0
2017-11-22,83.83000183105469,83.9000015258789,83.04000091552734,83.11000061035156,75.95648956298828,20553100,0.0,0.0
2017-11-24,83.01000213623047,83.43000030517578,82.77999877929688,83.26000213623047,76.09358215332031,7425600,0.0,0.0
2017-11-27,83.30999755859375,83.9800033569336,83.30000305175781,83.87000274658203,76.65106201171875,18265200,0.0,0.0
2017-11-28,84.06999969482422,85.05999755859375,84.0199966430664,84.87999725341797,77.57413482666016,21926000,0.0,0.0
2017-11-29,84.70999908447266,84.91999816894531,83.18000030517578,83.33999633789062,76.16667938232422,27381100,0.0,0.0
2017-11-30,83.51000213623047,84.5199966430664,83.33999633789062,84.16999816894531,76.92522430419922,33054600,0.0,0.0
2017-12-01,83.5999984741211,84.80999755859375,83.22000122070312,84.26000213623047,77.00748443603516,29532100,0.0,0.0
2017-12-04,84.41999816894531,84.43000030517578,80.69999694824219,81.08000183105469,74.10121154785156,39094900,0.0,0.0
2017-12-05,81.33999633789062,82.68000030517578,80.9800033569336,81.58999633789062,74.56729888916016,26152300,0.0,0.0
2017-12-06,81.55000305175781,83.13999938964844,81.43000030517578,82.77999877929688,75.65489196777344,26162100,0.0,0.0
2017-12-07,82.54000091552734,82.80000305175781,82.0,82.48999786376953,75.38983154296875,23184500,0.0,0.0
2017-12-08,83.62999725341797,84.58000183105469,83.33000183105469,84.16000366210938,76.91610717773438,24489100,0.0,0.0
2017-12-11,84.29000091552734,85.37000274658203,84.12000274658203,85.2300033569336,77.89400482177734,22857900,0.0,0.0
2017-12-12,85.30999755859375,86.05000305175781,85.08000183105469,85.58000183105469,78.2138671875,23924100,0.0,0.0
2017-12-13,85.73999786376953,86.0,85.16999816894531,85.3499984741211,78.00365447998047,22062700,0.0,0.0
2017-12-14,85.43000030517578,85.87000274658203,84.52999877929688,84.69000244140625,77.4004898071289,19306000,0.0,0.0
2017-12-15,85.26000213623047,87.08999633789062,84.87999725341797,86.8499984741211,79.37454986572266,53936700,0.0,0.0
2017-12-18,87.12000274658203,87.5,86.2300033569336,86.37999725341797,78.94503021240234,22283800,0.0,0.0
2017-12-19,86.3499984741211,86.3499984741211,85.2699966430664,85.83000183105469,78.44236755371094,23524800,0.0,0.0
2017-12-20,86.19999694824219,86.30000305175781,84.70999908447266,85.5199966430664,78.15907287597656,23674900,0.0,0.0
2017-12-21,86.05000305175781,86.0999984741211,85.4000015258789,85.5,78.14076232910156,17990700,0.0,0.0
2017-12-22,85.4000015258789,85.62999725341797,84.91999816894531,85.51000213623047,78.14990997314453,14145800,0.0,0.0
2017-12-26,85.30999755859375,85.52999877929688,85.02999877929688,85.4000015258789,78.04936981201172,9891200,0.0,0.0
2017-12-27,85.6500015258789,85.9800033569336,85.22000122070312,85.70999908447266,78.33269500732422,14678000,0.0,0.0
2017-12-28,85.9000015258789,85.93000030517578,85.55000305175781,85.72000122070312,78.34184265136719,10594300,0.0,0.0
2017-12-29,85.62999725341797,86.05000305175781,85.5,85.54000091552734,78.17732238769531,18717400,0.0,0.0
2018-01-02,86.12999725341797,86.30999755859375,85.5,85.94999694824219,78.55203247070312,22483800,0.0,0.0
2018-01-03,86.05999755859375,86.51000213623047,85.97000122070312,86.3499984741211,78.91761016845703,26061400,0.0,0.0
2018-01-04,86.58999633789062,87.66000366210938,86.56999969482422,87.11000061035156,79.61219024658203,21912000,0.0,0.0
2018-01-05,87.66000366210938,88.41000366210938,87.43000030517578,88.19000244140625,80.59923553466797,23407100,0.0,0.0
2018-01-08,88.19999694824219,88.58000183105469,87.5999984741211,88.27999877929688,80.68146514892578,22113000,0.0,0.0
2018-01-09,88.6500015258789,88.7300033569336,87.86000061035156,88.22000122070312,80.62663269042969,19484300,0.0,0.0
2018-01-10,87.86000061035156,88.19000244140625,87.41000366210938,87.81999969482422,80.26107025146484,18652200,0.0,0.0
2018-01-11,88.12999725341797,88.12999725341797,87.23999786376953,88.08000183105469,80.49870300292969,17808900,0.0,0.0
2018-01-12,88.66999816894531,89.77999877929688,88.44999694824219,89.5999984741211,81.88784790039062,24271500,0.0,0.0
2018-01-16,90.0999984741211,90.79000091552734,88.01000213623047,88.3499984741211,80.7454605102539,36599700,0.0,0.0
2018-01-17,89.08000183105469,90.27999877929688,88.75,90.13999938964844,82.38140869140625,25621200,0.0,0.0
2018-01-18,89.80000305175781,90.66999816894531,89.66000366210938,90.0999984741211,82.34481811523438,24159700,0.0,0.0
2018-01-19,90.13999938964844,90.61000061035156,89.66000366210938,90.0,82.25342559814453,36875000,0.0,0.0
2018-01-22,90.0,91.62000274658203,89.73999786376953,91.61000061035156,83.7248764038086,23601600,0.0,0.0
2018-01-23,91.9000015258789,92.30000305175781,91.54000091552734,91.9000015258789,83.98992156982422,23412800,0.0,0.0
2018-01-24,92.55000305175781,93.43000030517578,91.58000183105469,91.81999969482422,83.91678619384766,33277500,0.0,0.0
2018-01-25,92.47000122070312,93.23999786376953,91.93000030517578,92.33000183105469,84.38289642333984,26383200,0.0,0.0
2018-01-26,93.12000274658203,94.05999755859375,92.58000183105469,94.05999755859375,85.9639892578125,29172200,0.0,0.0
2018-01-29,95.13999938964844,95.44999694824219,93.72000122070312,93.91999816894531,85.83602142333984,31569900,0.0,0.0
2018-01-30,93.30000305175781,93.66000366210938,92.0999984741211,92.73999786376953,84.75758361816406,38635100,0.0,0.0
2018-01-31,93.75,95.4000015258789,93.51000213623047,95.01000213623047,86.83220672607422,48756300,0.0,0.0
2018-02-01,94.79000091552734,96.06999969482422,93.58000183105469,94.26000213623047,86.14675903320312,47227900,0.0,0.0
2018-02-02,93.63999938964844,93.97000122070312,91.5,91.77999877929688,83.88021850585938,47867800,0.0,0.0
2018-02-05,90.55999755859375,93.23999786376953,88.0,88.0,80.42558288574219,51031500,0.0,0.0
2018-02-06,86.88999938964844,91.4800033569336,85.25,91.33000183105469,83.46895599365234,67998600,0.0,0.0
2018-02-07,90.48999786376953,91.7699966430664,89.19999694824219,89.61000061035156,81.89701843261719,41107600,0.0,0.0
2018-02-08,89.70999908447266,89.87999725341797,84.76000213623047,85.01000213623047,77.69293975830078,55628700,0.0,0.0
2018-02-09,86.30000305175781,88.93000030517578,83.83000183105469,88.18000030517578,80.59008026123047,63499100,0.0,0.0
2018-02-12,88.73999786376953,89.77999877929688,87.93000030517578,89.12999725341797,81.45832061767578,35720300,0.0,0.0
2018-02-13,88.93000030517578,90.0,87.80000305175781,89.83000183105469,82.09807586669922,26407700,0.0,0.0
2018-02-14,88.51000213623047,90.98999786376953,88.41000366210938,90.80999755859375,83.38357543945312,34960900,0.42,0.0
2018-02-15,91.20999908447266,92.72000122070312,90.62000274658203,92.66000366210938,85.08228302001953,27823900,0.0,0.0
2018-02-16,92.44999694824219,93.5,91.80000305175781,92.0,84.47627258300781,30596900,0.0,0.0
2018-02-20,91.4800033569336,93.05999755859375,91.01000213623047,92.72000122070312,85.13739013671875,30911700,0.0,0.0
2018-02-21,92.9800033569336,93.36000061035156,91.48999786376953,91.48999786376953,84.00794982910156,26922500,0.0,0.0
2018-02-22,92.05000305175781,92.7300033569336,91.36000061035156,91.7300033569336,84.22833251953125,24392800,0.0,0.0
2018-02-23,93.5999984741211,94.06999969482422,92.36000061035156,94.05999755859375,86.3677978515625,26329200,0.0,0.0
2018-02-26,94.4000015258789,95.44999694824219,94.25,95.41999816894531,87.6165771484375,30199800,0.0,0.0
2018-02-27,95.73999786376953,95.83999633789062,94.19999694824219,94.19999694824219,86.49632263183594,25869100,0.0,0.0
2018-02-28,94.83999633789062,95.70999908447266,93.62999725341797,93.7699966430664,86.10148620605469,31167300,0.0,0.0
2018-03-01,93.98999786376953,94.56999969482422,91.83999633789062,92.8499984741211,85.25674438476562,37135600,0.0,0.0
2018-03-02,91.58000183105469,93.1500015258789,90.86000061035156,93.05000305175781,85.44041442871094,32830400,0.0,0.0
2018-03-05,92.33999633789062,94.2699966430664,92.26000213623047,93.63999938964844,85.98217010498047,23901600,0.0,0.0
2018-03-06,94.33999633789062,94.48999786376953,92.94000244140625,93.31999969482422,85.68830108642578,22175800,0.0,0.0
2018-03-07,93.16000366210938,93.94000244140625,92.43000030517578,93.86000061035156,86.18415069580078,26716100,0.0,0.0
2018-03-08,94.2699966430664,95.0999984741211,93.7699966430664,94.43000030517578,86.7075424194336,25887800,0.0,0.0
2018-03-09,95.29000091552734,96.54000091552734,95.0,96.54000091552734,88.64496612548828,36937300,0.0,0.0
2018-03-12,96.5,97.20999908447266,96.04000091552734,96.7699966430664,88.85616302490234,26073700,0.0,0.0
2018-03-13,97.0,97.23999786376953,93.97000122070312,94.41000366210938,86.68917846679688,35387800,0.0,0.0
2018-03-14,95.12000274658203,95.41000366210938,93.5,93.8499984741211,86.17497253417969,32132000,0.0,0.0
2018-03-15,93.52999877929688,94.58000183105469,92.83000183105469,94.18000030517578,86.47798919677734,27611000,0.0,0.0
2018-03-16,94.68000030517578,95.37999725341797,93.91999816894531,94.5999984741211,86.86363220214844,49081300,0.0,0.0
2018-03-19,93.73999786376953,93.9000015258789,92.11000061035156,92.88999938964844,85.29346466064453,33344100,0.0,0.0
2018-03-20,93.05000305175781,93.7699966430664,93.0,93.12999725341797,85.51383972167969,23075200,0.0,0.0
2018-03-21,92.93000030517578,94.05000305175781,92.20999908447266,92.4800033569336,84.91700744628906,24457100,0.0,0.0
2018-03-22,91.2699966430664,91.75,89.66000366210938,89.79000091552734,82.44697570800781,38604700,0.0,0.0
2018-03-23,89.5,90.45999908447266,87.08000183105469,87.18000030517578,80.05043029785156,44068900,0.0,0.0
2018-03-26,90.61000061035156,94.0,90.4000015258789,93.77999877929688,86.11070251464844,56396800,0.0,0.0
2018-03-27,94.94000244140625,95.13999938964844,88.51000213623047,89.47000122070312,82.15316009521484,56569000,0.0,0.0
2018-03-28,89.81999969482422,91.2300033569336,88.87000274658203,89.38999938964844,82.07971954345703,52501100,0.0,0.0
2018-03-29,90.18000030517578,92.29000091552734,88.4000015258789,91.2699966430664,83.80595397949219,45867500,0.0,0.0
2018-04-02,90.47000122070312,90.87999725341797,87.51000213623047,88.5199966430664,81.28084564208984,48515400,0.0,0.0
2018-04-03,89.58000183105469,90.05000305175781,87.88999938964844,89.70999908447266,82.37355041503906,37213800,0.0,0.0
2018-04-04,87.8499984741211,92.76000213623047,87.7300033569336,92.33000183105469,84.7792739868164,35560000,0.0,0.0
2018-04-05,92.44000244140625,93.06999969482422,91.4000015258789,92.37999725341797,84.82518005371094,29771900,0.0,0.0
2018-04-06,91.48999786376953,92.45999908447266,89.4800033569336,90.2300033569336,82.85100555419922,38026000,0.0,0.0
2018-04-09,91.04000091552734,93.16999816894531,90.62000274658203,90.7699966430664,83.34684753417969,31533900,0.0,0.0
2018-04-10,92.38999938964844,93.27999877929688,91.63999938964844,92.87999725341797,85.28428649902344,26812000,0.0,0.0
2018-04-11,92.01000213623047,93.29000091552734,91.4800033569336,91.86000061035156,84.34770202636719,24872100,0.0,0.0
2018-04-12,92.43000030517578,94.16000366210938,92.43000030517578,93.58000183105469,85.92704772949219,26758900,0.0,0.0
2018-04-13,94.05000305175781,94.18000030517578,92.44000244140625,93.08000183105469,85.46792602539062,23346100,0.0,0.0
2018-04-16,94.06999969482422,94.66000366210938,93.41999816894531,94.16999816894531,86.46879577636719,20288100,0.0,0.0
2018-04-17,95.0,96.54000091552734,94.87999725341797,96.06999969482422,88.21341705322266,26771000,0.0,0.0
2018-04-18,96.22000122070312,96.72000122070312,95.5199966430664,96.44000244140625,88.55315399169922,21043300,0.0,0.0
2018-04-19,96.44000244140625,97.06999969482422,95.33999633789062,96.11000061035156,88.25016021728516,23552500,0.0,0.0
2018-04-20,95.91000366210938,96.11000061035156,94.05000305175781,95.0,87.23089599609375,31154400,0.0,0.0
2018-04-23,95.73999786376953,96.29000091552734,94.62999725341797,95.3499984741211,87.55229187011719,22331800,0.0,0.0
2018-04-24,96.23999786376953,96.47000122070312,92.41000366210938,93.12000274658203,85.50464630126953,34524800,0.0,0.0
2018-04-25,93.30000305175781,93.30000305175781,90.27999877929688,92.30999755859375,84.7608871459961,33729300,0.0,0.0
2018-04-26,93.55000305175781,95.1500015258789,93.0999984741211,94.26000213623047,86.55142211914062,42529000,0.0,0.0
2018-04-27,97.5999984741211,97.9000015258789,93.91000366210938,95.81999969482422,87.98387145996094,48272800,0.0,0.0
2018-04-30,96.33000183105469,96.4000015258789,93.1500015258789,93.5199966430664,85.87196350097656,41523600,0.0,0.0
2018-05-01,93.20999908447266,95.29000091552734,92.79000091552734,95.0,87.23089599609375,31408900,0.0,0.0
2018-05-02,94.98999786376953,95.16999816894531,93.19000244140625,93.51000213623047,85.86275482177734,27471000,0.0,0.0
2018-05-03,92.95999908447266,94.93000030517578,92.44999694824219,94.06999969482422,86.37696075439453,31142500,0.0,0.0
2018-05-04,93.31999969482422,95.37000274658203,92.91999816894531,95.16000366210938,87.37784576416016,22531300,0.0,0.0
2018-05-07,95.16999816894531,96.70999908447266,95.0999984741211,96.22000122070312,88.35115814208984,24242000,0.0,0.0
2018-05-08,95.8499984741211,96.16000366210938,95.05999755859375,95.80999755859375,87.97466278076172,23484600,0.0,0.0
2018-05-09,96.01000213623047,96.97000122070312,95.05000305175781,96.94000244140625,89.01229095458984,27327400,0.0,0.0
2018-05-10,97.45999908447266,97.94999694824219,97.05000305175781,97.91000366210938,89.9029541015625,22388100,0.0,0.0
2018-05-11,97.80000305175781,97.87000274658203,97.04000091552734,97.69999694824219,89.71009826660156,16778300,0.0,0.0
2018-05-14,97.91999816894531,98.69000244140625,97.30999755859375,98.02999877929688,90.01312255859375,19454100,0.0,0.0
2018-05-15,97.23999786376953,97.8499984741211,96.33999633789062,97.31999969482422,89.3611831665039,24594000,0.0,0.0
2018-05-16,97.36000061035156,97.4000015258789,96.62000274658203,97.1500015258789,89.59174346923828,17384700,0.42,0.0
2018-05-17,96.76000213623047,97.54000091552734,95.83000183105469,96.18000030517578,88.69719696044922,17246700,0.0,0.0
2018-05-18,96.01000213623047,96.93000030517578,96.01000213623047,96.36000061035156,88.86319732666016,17865800,0.0,0.0
2018-05-21,97.0,98.01000213623047,96.80000305175781,97.5999984741211,90.00675964355469,19422500,0.0,0.0
2018-05-22,97.68000030517578,98.16999816894531,97.19999694824219,97.5,89.91450500488281,15441200,0.0,0.0
2018-05-23,96.70999908447266,98.7300033569336,96.31999969482422,98.66000366210938,90.9842529296875,21251200,0.0,0.0
2018-05-24,98.7300033569336,98.94000244140625,96.80999755859375,98.30999755859375,90.66150665283203,26649300,0.0,0.0
2018-05-25,98.30000305175781,98.9800033569336,97.86000061035156,98.36000061035156,90.70759582519531,18363900,0.0,0.0
2018-05-29,97.83999633789062,98.87999725341797,97.2300033569336,98.01000213623047,90.38483428955078,28671000,0.0,0.0
2018-05-30,98.30999755859375,99.25,97.91000366210938,98.94999694824219,91.25169372558594,22158500,0.0,0.0
2018-05-31,99.29000091552734,99.98999786376953,98.61000061035156,98.83999633789062,91.1502456665039,34140900,0.0,0.0
2018-06-01,99.27999877929688,100.86000061035156,99.16999816894531,100.79000091552734,92.94854736328125,28655600,0.0,0.0
2018-06-04,101.26000213623047,101.86000061035156,100.8499984741211,101.66999816894531,93.76009368896484,27281600,0.0,0.0
2018-06-05,102.0,102.33000183105469,101.52999877929688,102.19000244140625,94.23963165283203,23514400,0.0,0.0
2018-06-06,102.4800033569336,102.5999984741211,101.9000015258789,102.48999786376953,94.51628112792969,21122900,0.0,0.0
2018-06-07,102.6500015258789,102.69000244140625,100.37999725341797,100.87999725341797,93.03153991699219,28232200,0.0,0.0
2018-06-08,101.08999633789062,101.94999694824219,100.54000091552734,101.62999725341797,93.72319793701172,22165100,0.0,0.0
2018-06-11,101.01000213623047,101.58999633789062,100.66999816894531,101.05000305175781,93.18833923339844,23490900,0.0,0.0
2018-06-12,101.0999984741211,101.44999694824219,100.75,101.30999755859375,93.42809295654297,18325200,0.0,0.0
2018-06-13,101.72000122070312,102.01000213623047,100.55999755859375,100.8499984741211,93.0038833618164,29492900,0.0,0.0
2018-06-14,101.6500015258789,102.02999877929688,101.0,101.41999816894531,93.52954864501953,25691800,0.0,0.0
2018-06-15,101.51000213623047,101.52999877929688,100.06999969482422,100.12999725341797,92.33988189697266,65738600,0.0,0.0
2018-06-18,100.01000213623047,101.11000061035156,99.41999816894531,100.86000061035156,93.01311492919922,23586000,0.0,0.0
2018-06-19,99.6500015258789,101.0,99.5,100.86000061035156,93.01311492919922,28653100,0.0,0.0
2018-06-20,101.37000274658203,102.5199966430664,101.12000274658203,101.87000274658203,93.94451141357422,26180800,0.0,0.0
2018-06-21,102.08000183105469,102.45999908447266,100.87999725341797,101.13999938964844,93.27131652832031,23198200,0.0,0.0
2018-06-22,100.41000366210938,100.7699966430664,99.62999725341797,100.41000366210938,92.5981216430664,38923100,0.0,0.0
2018-06-25,100.0,100.11000061035156,97.30000305175781,98.38999938964844,90.73529052734375,35433300,0.0,0.0
2018-06-26,98.81999969482422,100.08000183105469,98.75,99.08000183105469,91.37159729003906,26897200,0.0,0.0
2018-06-27,99.58000183105469,100.0199966430664,97.4000015258789,97.54000091552734,89.95140075683594,31298400,0.0,0.0
2018-06-28,97.37999725341797,99.11000061035156,97.26000213623047,98.62999725341797,90.95659637451172,26650700,0.0,0.0
2018-06-29,98.93000030517578,99.91000366210938,98.33000183105469,98.61000061035156,90.93818664550781,28053200,0.0,0.0
2018-07-02,98.0999984741211,100.05999755859375,98.0,100.01000213623047,92.2292251586914,19564500,0.0,0.0
2018-07-03,100.4800033569336,100.62999725341797,98.94000244140625,99.05000305175781,91.34392547607422,14670300,0.0,0.0
2018-07-05,99.5,99.91999816894531,99.02999877929688,99.76000213623047,91.99871063232422,18977400,0.0,0.0
2018-07-06,99.88999938964844,101.43000030517578,99.66999816894531,101.16000366210938,93.28974151611328,19234600,0.0,0.0
2018-07-09,101.6500015258789,102.25,101.25,101.8499984741211,93.92606353759766,18212000,0.0,0.0
2018-07-10,102.0,102.51000213623047,101.86000061035156,102.12000274658203,94.17505645751953,19293100,0.0,0.0
2018-07-11,101.1500015258789,102.33999633789062,101.0999984741211,101.9800033569336,94.04598236083984,19644600,0.0,0.0
2018-07-12,102.7699966430664,104.41000366210938,102.7300033569336,104.19000244140625,96.08405303955078,24335900,0.0,0.0
2018-07-13,104.37000274658203,105.5999984741211,104.08999633789062,105.43000030517578,97.2275619506836,24635200,0.0,0.0
2018-07-16,105.4000015258789,105.81999969482422,104.5199966430664,104.91000366210938,96.74800872802734,21786900,0.0,0.0
2018-07-17,104.61000061035156,106.5,104.31999969482422,105.94999694824219,97.70709228515625,25901700,0.0,0.0
2018-07-18,105.94000244140625,106.05000305175781,104.72000122070312,105.12000274658203,96.94168853759766,29493900,0.0,0.0
2018-07-19,104.93000030517578,105.30999755859375,103.88999938964844,104.4000015258789,96.2776870727539,40171600,0.0,0.0
2018-07-20,108.08000183105469,108.19999694824219,106.08000183105469,106.2699966430664,98.00218200683594,56004000,0.0,0.0
2018-07-23,106.30000305175781,108.13999938964844,106.12999725341797,107.97000122070312,99.5699462890625,29707000,0.0,0.0
2018-07-24,108.56999969482422,108.81999969482422,107.26000213623047,107.66000366210938,99.2840805053711,26316600,0.0,0.0
2018-07-25,107.95999908447266,111.1500015258789,107.5999984741211,110.83000183105469,102.20745086669922,30702100,0.0,0.0
2018-07-26,110.73999786376953,111.0,109.5,109.62000274658203,101.09158325195312,31372100,0.0,0.0
2018-07-27,110.18000030517578,110.18000030517578,106.13999938964844,107.68000030517578,99.3025131225586,37005300,0.0,0.0
2018-07-30,107.19000244140625,107.52999877929688,104.76000213623047,105.37000274658203,97.17222595214844,34668300,0.0,0.0
2018-07-31,106.48999786376953,106.72000122070312,105.37999725341797,106.08000183105469,97.82698822021484,27655200,0.0,0.0
2018-08-01,106.02999877929688,106.44999694824219,105.41999816894531,106.27999877929688,98.01143646240234,23628700,0.0,0.0
2018-08-02,105.4000015258789,108.08999633789062,104.83999633789062,107.56999969482422,99.20105743408203,26104300,0.0,0.0
2018-08-03,107.80000305175781,108.05000305175781,106.81999969482422,108.04000091552734,99.6344985961914,18659600,0.0,0.0
2018-08-06,108.12000274658203,108.41999816894531,107.55999755859375,108.12999725341797,99.71749114990234,20265900,0.0,0.0
2018-08-07,108.55999755859375,109.0999984741211,108.16999816894531,108.87999725341797,100.40913391113281,16080200,0.0,0.0
2018-08-08,109.33000183105469,109.75,108.76000213623047,109.48999786376953,100.97169494628906,15487500,0.0,0.0
2018-08-09,109.70999908447266,110.16000366210938,109.5999984741211,109.66999816894531,101.13768005371094,13677200,0.0,0.0
2018-08-10,109.41999816894531,109.69000244140625,108.37999725341797,109.0,100.51981353759766,18183700,0.0,0.0
2018-08-13,109.23999786376953,109.58000183105469,108.0999984741211,108.20999908447266,99.79126739501953,18472500,0.0,0.0
2018-08-14,108.55999755859375,109.75,108.04000091552734,109.55999755859375,101.03622436523438,16788300,0.0,0.0
2018-08-15,108.48999786376953,108.98999786376953,106.81999969482422,107.66000366210938,99.66614532470703,29982800,0.42,0.0
2018-08-16,108.30000305175781,108.86000061035156,107.30000305175781,107.63999938964844,99.64765167236328,21384300,0.0,0.0
2018-08-17,107.36000061035156,107.9000015258789,106.69000244140625,107.58000183105469,99.59207916259766,18061500,0.0,0.0
2018-08-20,107.51000213623047,107.9000015258789,106.4800033569336,106.87000274658203,98.934814453125,17914200,0.0,0.0
2018-08-21,106.91999816894531,107.3499984741211,105.8499984741211,105.9800033569336,98.11090850830078,22881900,0.0,0.0
2018-08-22,105.8499984741211,107.33999633789062,105.77999877929688,107.05999755859375,99.11067962646484,18000600,0.0,0.0
2018-08-23,107.1500015258789,108.18000030517578,106.87000274658203,107.55999755859375,99.57353210449219,18167700,0.0,0.0
2018-08-24,107.66999816894531,108.55999755859375,107.55999755859375,108.4000015258789,100.3511962890625,17234000,0.0,0.0
2018-08-27,109.2699966430664,109.63999938964844,108.51000213623047,109.5999984741211,101.46208953857422,19662300,0.0,0.0
2018-08-28,109.94000244140625,110.5,109.79000091552734,110.26000213623047,102.07310485839844,19151500,0.0,0.0
2018-08-29,110.44999694824219,112.02999877929688,110.2699966430664,112.0199966430664,103.70240020751953,20818000,0.0,0.0
2018-08-30,111.66999816894531,112.61000061035156,111.44000244140625,111.94999694824219,103.63760375976562,22798700,0.0,0.0
2018-08-31,111.69000244140625,112.77999877929688,111.5199966430664,112.33000183105469,103.98939514160156,23222700,0.0,0.0
2018-09-04,110.8499984741211,111.95999908447266,110.22000122070312,111.70999908447266,103.41542053222656,22634600,0.0,0.0
2018-09-05,111.01000213623047,111.41999816894531,108.0999984741211,108.48999786376953,100.43450164794922,32872400,0.0,0.0
2018-09-06,108.25,108.98999786376953,107.51000213623047,108.73999786376953,100.66593170166016,23477600,0.0,0.0
2018-09-07,108.2300033569336,108.72000122070312,107.2300033569336,108.20999908447266,100.17529296875,22498600,0.0,0.0
2018-09-10,108.83999633789062,109.63999938964844,108.36000061035156,109.37999725341797,101.25843048095703,20727900,0.0,0.0
2018-09-11,108.9000015258789,111.58999633789062,108.88999938964844,111.23999786376953,102.98030853271484,24301800,0.0,0.0
2018-09-12,111.43000030517578,111.8499984741211,110.51000213623047,111.70999908447266,103.41542053222656,18891100,0.0,0.0
2018-09-13,112.12000274658203,113.7300033569336,112.12000274658203,112.91000366210938,104.52630615234375,26055600,0.0,0.0
2018-09-14,113.36000061035156,113.7300033569336,112.44000244140625,113.37000274658203,104.95218658447266,19122300,0.0,0.0
2018-09-17,113.69000244140625,113.69999694824219,111.86000061035156,112.13999938964844,103.81351470947266,20736500,0.0,0.0
2018-09-18,112.19000244140625,113.69999694824219,111.72000122070312,113.20999908447266,104.80402374267578,22170900,0.0,0.0
2018-09-19,113.05000305175781,113.31999969482422,111.04000091552734,111.69999694824219,103.40616607666016,21728400,0.0,0.0
2018-09-20,112.27999877929688,113.80000305175781,111.93000030517578,113.56999969482422,105.13732147216797,23714500,0.0,0.0
2018-09-21,114.0,115.29000091552734,113.51000213623047,114.26000213623047,105.7761001586914,71229700,0.0,0.0
2018-09-24,113.02999877929688,114.9000015258789,112.22000122070312,114.66999816894531,106.1556396484375,27334500,0.0,0.0
2018-09-25,114.80000305175781,115.0999984741211,113.75,114.44999694824219,105.95197296142578,22668000,0.0,0.0
2018-09-26,114.47000122070312,115.05999755859375,113.73999786376953,113.9800033569336,105.51689147949219,19352000,0.0,0.0
2018-09-27,114.77999877929688,114.91000366210938,114.19999694824219,114.41000366210938,105.91495513916016,19091300,0.0,0.0
2018-09-28,114.19000244140625,114.56999969482422,113.68000030517578,114.37000274658203,105.8779296875,21647800,0.0,0.0
2018-10-01,114.75,115.68000030517578,114.7300033569336,115.61000061035156,107.0258560180664,18883100,0.0,0.0
2018-10-02,115.30000305175781,115.83999633789062,114.44000244140625,115.1500015258789,106.59998321533203,20787200,0.0,0.0
2018-10-03,115.41999816894531,116.18000030517578,114.93000030517578,115.16999816894531,106.6185302734375,16648000,0.0,0.0
2018-10-04,114.61000061035156,114.76000213623047,111.62999725341797,112.79000091552734,104.41522979736328,34821700,0.0,0.0
2018-10-05,112.62999725341797,113.16999816894531,110.63999938964844,112.12999725341797,103.80422973632812,29068900,0.0,0.0
2018-10-08,111.66000366210938,112.02999877929688,109.33999633789062,110.8499984741211,102.61927795410156,29640600,0.0,0.0
2018-10-09,111.13999938964844,113.08000183105469,110.80000305175781,112.26000213623047,103.92459869384766,26198600,0.0,0.0
2018-10-10,111.23999786376953,111.5,105.79000091552734,106.16000366210938,98.27751159667969,61376300,0.0,0.0
2018-10-11,105.3499984741211,108.93000030517578,104.19999694824219,105.91000366210938,98.04610443115234,63904300,0.0,0.0
2018-10-12,109.01000213623047,111.23999786376953,107.12000274658203,109.56999969482422,101.4343032836914,47742100,0.0,0.0
2018-10-15,108.91000366210938,109.4800033569336,106.94999694824219,107.5999984741211,99.61058044433594,32068100,0.0,0.0
2018-10-16,109.54000091552734,111.41000366210938,108.94999694824219,111.0,102.75812530517578,31610200,0.0,0.0
2018-10-17,111.68000030517578,111.80999755859375,109.55000305175781,110.70999908447266,102.48966217041016,26548200,0.0,0.0
2018-10-18,110.0999984741211,110.52999877929688,107.83000183105469,108.5,100.44378662109375,32506200,0.0,0.0
2018-10-19,108.93000030517578,110.86000061035156,108.20999908447266,108.66000366210938,100.5918960571289,32785500,0.0,0.0
2018-10-22,109.31999969482422,110.54000091552734,108.23999786376953,109.62999725341797,101.4898681640625,26545600,0.0,0.0
2018-10-23,107.7699966430664,108.97000122070312,105.11000061035156,108.0999984741211,100.07347869873047,43770400,0.0,0.0
2018-10-24,108.41000366210938,108.48999786376953,101.58999633789062,102.31999969482422,94.72264099121094,63897800,0.0,0.0
2018-10-25,106.55000305175781,109.2699966430664,106.1500015258789,108.30000305175781,100.25862884521484,61646800,0.0,0.0
2018-10-26,105.69000244140625,108.75,104.76000213623047,106.95999908447266,99.01809692382812,55523100,0.0,0.0
2018-10-29,108.11000061035156,108.69999694824219,101.62999725341797,103.8499984741211,96.1390151977539,55162000,0.0,0.0
2018-10-30,103.66000366210938,104.37999725341797,100.11000061035156,103.7300033569336,96.02794647216797,65350900,0.0,0.0
2018-10-31,105.44000244140625,108.13999938964844,105.38999938964844,106.80999755859375,98.87926483154297,51062400,0.0,0.0
2018-11-01,107.05000305175781,107.31999969482422,105.52999877929688,105.91999816894531,98.05534362792969,33384200,0.0,0.0
2018-11-02,106.4800033569336,107.31999969482422,104.9800033569336,106.16000366210938,98.27751159667969,37680200,0.0,0.0
2018-11-05,106.37000274658203,107.73999786376953,105.9000015258789,107.51000213623047,99.52726745605469,27922100,0.0,0.0
2018-11-06,107.37999725341797,108.83999633789062,106.27999877929688,107.72000122070312,99.72167205810547,24340200,0.0,0.0
2018-11-07,109.44000244140625,112.23999786376953,109.4000015258789,111.95999908447266,103.6468505859375,37901700,0.0,0.0
2018-11-08,111.80000305175781,112.20999908447266,110.91000366210938,111.75,103.45243835449219,25644100,0.0,0.0
2018-11-09,110.8499984741211,111.44999694824219,108.76000213623047,109.56999969482422,101.4343032836914,32039200,0.0,0.0
2018-11-12,109.41999816894531,109.95999908447266,106.0999984741211,106.87000274658203,98.934814453125,33621800,0.0,0.0
2018-11-13,107.55000305175781,108.73999786376953,106.63999938964844,106.94000244140625,98.99960327148438,35374600,0.0,0.0
2018-11-14,108.0999984741211,108.26000213623047,104.47000122070312,104.97000122070312,97.59568786621094,39495100,0.46,0.0
2018-11-15,104.98999786376953,107.80000305175781,103.91000366210938,107.27999877929688,99.7433853149414,38505200,0.0,0.0
2018-11-16,107.08000183105469,108.87999725341797,106.80000305175781,108.29000091552734,100.68243408203125,33502100,0.0,0.0
2018-11-19,108.2699966430664,108.55999755859375,103.55000305175781,104.62000274658203,97.27025604248047,44773900,0.0,0.0
2018-11-20,101.80000305175781,102.97000122070312,99.3499984741211,101.70999908447266,94.56471252441406,64052500,0.0,0.0
2018-11-21,103.5999984741211,104.43000030517578,102.23999786376953,103.11000061035156,95.86636352539062,28130600,0.0,0.0
2018-11-23,102.16999816894531,103.80999755859375,102.0,103.06999969482422,95.82913970947266,13823100,0.0,0.0
2018-11-26,104.79000091552734,106.62999725341797,104.58000183105469,106.47000122070312,98.99028778076172,32336200,0.0,0.0
2018-11-27,106.2699966430664,107.33000183105469,105.36000061035156,107.13999938964844,99.6132583618164,29124500,0.0,0.0
2018-11-28,107.88999938964844,111.33000183105469,107.86000061035156,111.12000274658203,103.31362915039062,46788500,0.0,0.0
2018-11-29,110.33000183105469,111.12000274658203,109.02999877929688,110.19000244140625,102.44896697998047,28123200,0.0,0.0
2018-11-30,110.69999694824219,110.97000122070312,109.36000061035156,110.88999938964844,103.09981536865234,33665600,0.0,0.0
2018-12-03,113.0,113.41999816894531,110.7300033569336,112.08999633789062,104.21549987792969,34732800,0.0,0.0
2018-12-04,111.94000244140625,112.63999938964844,108.20999908447266,108.5199966430664,100.89628601074219,45197000,0.0,0.0
2018-12-06,105.81999969482422,109.23999786376953,105.0,109.19000244140625,101.51922607421875,49107400,0.0,0.0
2018-12-07,108.37999725341797,109.44999694824219,104.30000305175781,104.81999969482422,97.45621490478516,45044900,0.0,0.0
2018-12-10,104.80000305175781,107.9800033569336,103.88999938964844,107.58999633789062,100.0316390991211,40801500,0.0,0.0
2018-12-11,109.80000305175781,110.94999694824219,107.44000244140625,108.58999633789062,100.96136474609375,42381900,0.0,0.0
2018-12-12,110.88999938964844,111.2699966430664,109.04000091552734,109.08000183105469,101.41696166992188,36183000,0.0,0.0
2018-12-13,109.58000183105469,110.87000274658203,108.62999725341797,109.44999694824219,101.76097106933594,31333400,0.0,0.0
2018-12-14,108.25,109.26000213623047,105.5,106.02999877929688,98.58123016357422,47043100,0.0,0.0
2018-12-17,105.41000366210938,105.80000305175781,101.70999908447266,102.88999938964844,95.66181945800781,56957300,0.0,0.0
2018-12-18,103.75,104.51000213623047,102.5199966430664,103.97000122070312,96.66593933105469,49319200,0.0,0.0
2018-12-19,103.6500015258789,106.87999725341797,101.3499984741211,103.69000244140625,96.4056167602539,68198200,0.0,0.0
2018-12-20,103.05000305175781,104.30999755859375,98.77999877929688,101.51000213623047,94.37873840332031,70334200,0.0,0.0
2018-12-21,101.62999725341797,103.0,97.45999908447266,98.2300033569336,91.32918548583984,111242100,0.0,0.0
2018-12-24,97.68000030517578,97.97000122070312,93.9800033569336,94.12999725341797,87.5172119140625,43935200,0.0,0.0
2018-12-26,95.13999938964844,100.69000244140625,93.95999908447266,100.55999755859375,93.49549865722656,51634800,0.0,0.0
2018-12-27,99.30000305175781,101.19000244140625,96.4000015258789,101.18000030517578,94.0719223022461,49498500,0.0,0.0
2018-12-28,102.08999633789062,102.41000366210938,99.5199966430664,100.38999938964844,93.33744049072266,38196300,0.0,0.0
2018-12-31,101.29000091552734,102.4000015258789,100.44000244140625,101.56999969482422,94.43452453613281,33173800,0.0,0.0
2019-01-02,99.55000305175781,101.75,98.94000244140625,101.12000274658203,94.01615142822266,35329300,0.0,0.0
2019-01-03,100.0999984741211,100.19000244140625,97.19999694824219,97.4000015258789,90.55748748779297,42579100,0.0,0.0
2019-01-04,99.72000122070312,102.51000213623047,98.93000030517578,101.93000030517578,94.76925659179688,44060600,0.0,0.0
2019-01-07,101.63999938964844,103.2699966430664,100.9800033569336,102.05999755859375,94.89009857177734,35656100,0.0,0.0
2019-01-08,103.04000091552734,103.97000122070312,101.70999908447266,102.80000305175781,95.57814025878906,31514400,0.0,0.0
2019-01-09,103.86000061035156,104.87999725341797,103.23999786376953,104.2699966430664,96.94485473632812,32280800,0.0,0.0
2019-01-10,103.22000122070312,103.75,102.37999725341797,103.5999984741211,96.32191467285156,30067600,0.0,0.0
2019-01-11,103.19000244140625,103.44000244140625,101.63999938964844,102.80000305175781,95.57814025878906,28314200,0.0,0.0
2019-01-14,101.9000015258789,102.87000274658203,101.26000213623047,102.05000305175781,94.88080596923828,28437100,0.0,0.0
2019-01-15,102.51000213623047,105.05000305175781,101.87999725341797,105.01000213623047,97.63286590576172,31587600,0.0,0.0
2019-01-16,105.26000213623047,106.26000213623047,104.95999908447266,105.37999725341797,97.97688293457031,29853900,0.0,0.0
2019-01-17,105.0,106.62999725341797,104.76000213623047,106.12000274658203,98.66488647460938,28393000,0.0,0.0
2019-01-18,107.45999908447266,107.9000015258789,105.91000366210938,107.70999908447266,100.14319610595703,37427600,0.0,0.0
2019-01-22,106.75,107.0999984741211,104.86000061035156,105.68000030517578,98.25579833984375,32371300,0.0,0.0
2019-01-23,106.12000274658203,107.04000091552734,105.33999633789062,106.70999908447266,99.21343231201172,25874300,0.0,0.0
2019-01-24,106.86000061035156,107.0,105.33999633789062,106.19999694824219,98.73924255371094,23164800,0.0,0.0
2019-01-25,107.23999786376953,107.87999725341797,106.19999694824219,107.16999816894531,99.64112854003906,31225600,0.0,0.0
2019-01-28,106.26000213623047,106.4800033569336,104.66000366210938,105.08000183105469,97.69795989990234,29476700,0.0,0.0
2019-01-29,104.87999725341797,104.97000122070312,102.16999816894531,102.94000244140625,95.70829772949219,31490500,0.0,0.0
2019-01-30,104.62000274658203,106.37999725341797,104.33000183105469,106.37999725341797,98.90662384033203,49471900,0.0,0.0
2019-01-31,103.80000305175781,105.22000122070312,103.18000030517578,104.43000030517578,97.09361267089844,55636400,0.0,0.0
2019-02-01,103.77999877929688,104.0999984741211,102.3499984741211,102.77999877929688,95.55953216552734,35535700,0.0,0.0
2019-02-04,102.87000274658203,105.80000305175781,102.7699966430664,105.73999786376953,98.31159210205078,31315100,0.0,0.0
2019-02-05,106.05999755859375,107.2699966430664,105.95999908447266,107.22000122070312,99.68760681152344,27325400,0.0,0.0
2019-02-06,107.0,107.0,105.52999877929688,106.02999877929688,98.58123016357422,20609800,0.0,0.0
2019-02-07,105.19000244140625,105.58999633789062,104.29000091552734,105.2699966430664,97.8746109008789,29760700,0.0,0.0
2019-02-08,104.38999938964844,105.77999877929688,104.26000213623047,105.66999816894531,98.2464828491211,21461100,0.0,0.0
2019-02-11,106.19999694824219,106.58000183105469,104.97000122070312,105.25,97.85600280761719,18914100,0.0,0.0
2019-02-12,106.13999938964844,107.13999938964844,105.4800033569336,106.88999938964844,99.38081359863281,25056600,0.0,0.0
2019-02-13,107.5,107.77999877929688,106.70999908447266,106.80999755859375,99.30642700195312,18394900,0.0,0.0
2019-02-14,106.30999755859375,107.29000091552734,105.66000366210938,106.9000015258789,99.39009094238281,21784700,0.0,0.0
2019-02-15,107.91000366210938,108.30000305175781,107.36000061035156,108.22000122070312,100.61737060546875,26606900,0.0,0.0
2019-02-19,107.79000091552734,108.66000366210938,107.77999877929688,108.16999816894531,100.57087707519531,18038500,0.0,0.0
2019-02-20,107.86000061035156,107.94000244140625,106.29000091552734,107.1500015258789,100.0479965209961,21607700,0.46,0.0
2019-02-21,106.9000015258789,109.4800033569336,106.87000274658203,109.41000366210938,102.1581802368164,29063200,0.0,0.0
2019-02-22,110.05000305175781,111.19999694824219,109.81999969482422,110.97000122070312,103.61481475830078,27763200,0.0,0.0
2019-02-25,111.76000213623047,112.18000030517578,111.26000213623047,111.58999633789062,104.19367980957031,23750600,0.0,0.0
2019-02-26,111.26000213623047,113.23999786376953,111.16999816894531,112.36000061035156,104.91265869140625,21536700,0.0,0.0
2019-02-27,111.69000244140625,112.36000061035156,110.87999725341797,112.16999816894531,104.73526000976562,21487100,0.0,0.0
2019-02-28,112.04000091552734,112.87999725341797,111.7300033569336,112.02999877929688,104.60454559326172,29083900,0.0,0.0
2019-03-01,112.88999938964844,113.0199966430664,111.66999816894531,112.52999877929688,105.07140350341797,23501200,0.0,0.0
2019-03-04,113.0199966430664,113.25,110.80000305175781,112.26000213623047,104.81929779052734,26608000,0.0,0.0
2019-03-05,112.25,112.38999938964844,111.2300033569336,111.69999694824219,104.2964096069336,19538300,0.0,0.0
2019-03-06,111.87000274658203,112.66000366210938,111.43000030517578,111.75,104.34308624267578,17687000,0.0,0.0
2019-03-07,111.4000015258789,111.55000305175781,109.87000274658203,110.38999938964844,103.07324981689453,25339000,0.0,0.0
2019-03-08,109.16000366210938,110.70999908447266,108.80000305175781,110.51000213623047,103.1852798461914,22818400,0.0,0.0
2019-03-11,110.98999786376953,112.94999694824219,110.9800033569336,112.83000183105469,105.35150146484375,26491600,0.0,0.0
2019-03-12,112.81999969482422,113.98999786376953,112.6500015258789,113.62000274658203,106.08914184570312,26132700,0.0,0.0
2019-03-13,114.12999725341797,115.0,113.77999877929688,114.5,106.91082763671875,35513800,0.0,0.0
2019-03-14,114.54000091552734,115.19999694824219,114.33000183105469,114.58999633789062,106.99486541748047,30763400,0.0,0.0
2019-03-15,115.33999633789062,117.25,114.58999633789062,115.91000366210938,108.22738647460938,54681100,0.0,0.0
2019-03-18,116.16999816894531,117.61000061035156,116.05000305175781,117.56999969482422,109.77734375,31207600,0.0,0.0
2019-03-19,118.08999633789062,118.44000244140625,116.98999786376953,117.6500015258789,109.85205078125,37588700,0.0,0.0
2019-03-20,117.38999938964844,118.75,116.70999908447266,117.5199966430664,109.73064422607422,28113300,0.0,0.0
2019-03-21,117.13999938964844,120.81999969482422,117.08999633789062,120.22000122070312,112.251708984375,29854400,0.0,0.0
2019-03-22,119.5,119.58999633789062,117.04000091552734,117.05000305175781,109.29180145263672,33624500,0.0,0.0
2019-03-25,116.55999755859375,118.01000213623047,116.31999969482422,117.66000366210938,109.86138916015625,27067100,0.0,0.0
2019-03-26,118.62000274658203,118.70999908447266,116.8499984741211,117.91000366210938,110.09479522705078,26097700,0.0,0.0
2019-03-27,117.87999725341797,118.20999908447266,115.5199966430664,116.7699966430664,109.0303726196289,22733400,0.0,0.0
2019-03-28,117.44000244140625,117.58000183105469,116.12999725341797,116.93000030517578,109.17975616455078,18334800,0.0,0.0
2019-03-29,118.06999969482422,118.31999969482422,116.95999908447266,117.94000244140625,110.12281799316406,25399800,0.0,0.0
2019-04-01,118.94999694824219,119.11000061035156,118.0999984741211,119.0199966430664,111.1312484741211,22789100,0.0,0.0
2019-04-02,119.05999755859375,119.4800033569336,118.5199966430664,119.19000244140625,111.28997802734375,18142300,0.0,0.0
2019-04-03,119.86000061035156,120.43000030517578,119.1500015258789,119.97000122070312,112.01825714111328,22860700,0.0,0.0
2019-04-04,120.0999984741211,120.2300033569336,118.37999725341797,119.36000061035156,111.44868469238281,20112800,0.0,0.0
2019-04-05,119.38999938964844,120.2300033569336,119.37000274658203,119.88999938964844,111.94356536865234,15826200,0.0,0.0
2019-04-08,119.80999755859375,120.0199966430664,118.63999938964844,119.93000030517578,111.98091125488281,15116200,0.0,0.0
2019-04-09,118.62999725341797,119.54000091552734,118.58000183105469,119.27999877929688,111.3740005493164,17612000,0.0,0.0
2019-04-10,119.76000213623047,120.3499984741211,119.54000091552734,120.19000244140625,112.22369384765625,16477200,0.0,0.0
2019-04-11,120.54000091552734,120.8499984741211,119.91999816894531,120.33000183105469,112.35440063476562,14209100,0.0,0.0
2019-04-12,120.63999938964844,120.9800033569336,120.37000274658203,120.94999694824219,112.93331146240234,19745100,0.0,0.0
2019-04-15,120.94000244140625,121.58000183105469,120.56999969482422,121.05000305175781,113.02669525146484,15792600,0.0,0.0
2019-04-16,121.63999938964844,121.6500015258789,120.0999984741211,120.7699966430664,112.76522827148438,14071800,0.0,0.0
2019-04-17,121.23999786376953,121.8499984741211,120.54000091552734,121.7699966430664,113.698974609375,19300900,0.0,0.0
2019-04-18,122.19000244140625,123.5199966430664,121.30000305175781,123.37000274658203,115.19293212890625,27991000,0.0,0.0
2019-04-22,122.62000274658203,124.0,122.56999969482422,123.76000213623047,115.55706024169922,15648700,0.0,0.0
2019-04-23,124.0999984741211,125.58000183105469,123.83000183105469,125.44000244140625,117.12571716308594,24025500,0.0,0.0
2019-04-24,125.79000091552734,125.8499984741211,124.5199966430664,125.01000213623047,116.72421264648438,31257000,0.0,0.0
2019-04-25,130.05999755859375,131.3699951171875,128.8300018310547,129.14999389648438,120.58980560302734,38033900,0.0,0.0
2019-04-26,129.6999969482422,130.52000427246094,129.02000427246094,129.88999938964844,121.28076171875,23654900,0.0,0.0
2019-04-29,129.89999389648438,130.17999267578125,129.35000610351562,129.77000427246094,121.16874694824219,16324200,0.0,0.0
2019-04-30,129.80999755859375,130.6999969482422,129.38999938964844,130.60000610351562,121.9437255859375,24166500,0.0,0.0
2019-05-01,130.52999877929688,130.64999389648438,127.69999694824219,127.87999725341797,119.40398406982422,26821700,0.0,0.0
2019-05-02,127.9800033569336,128.0,125.5199966430664,126.20999908447266,117.84468841552734,27350200,0.0,0.0
2019-05-03,127.36000061035156,129.42999267578125,127.25,128.89999389648438,120.35637664794922,24911100,0.0,0.0
2019-05-06,126.38999938964844,128.55999755859375,126.11000061035156,128.14999389648438,119.65608215332031,24239800,0.0,0.0
2019-05-07,126.45999908447266,127.18000030517578,124.22000122070312,125.5199966430664,117.20040130615234,36017700,0.0,0.0
2019-05-08,125.44000244140625,126.37000274658203,124.75,125.51000213623047,117.1910629272461,28419000,0.0,0.0
2019-05-09,124.29000091552734,125.79000091552734,123.56999969482422,125.5,117.18175506591797,27235800,0.0,0.0
2019-05-10,124.91000366210938,127.93000030517578,123.81999969482422,127.12999725341797,118.70369720458984,30915100,0.0,0.0
2019-05-13,124.11000061035156,125.55000305175781,123.04000091552734,123.3499984741211,115.17424011230469,33944900,0.0,0.0
2019-05-14,123.87000274658203,125.87999725341797,123.69999694824219,124.7300033569336,116.46276092529297,25266300,0.0,0.0
2019-05-15,124.26000213623047,126.70999908447266,123.69999694824219,126.0199966430664,118.10281372070312,24722700,0.46,0.0
2019-05-16,126.75,129.3800048828125,126.45999908447266,128.92999267578125,120.82997131347656,30112200,0.0,0.0
2019-05-17,128.30999755859375,130.4600067138672,127.91999816894531,128.07000732421875,120.02403259277344,25770500,0.0,0.0
2019-05-20,126.5199966430664,127.58999633789062,125.76000213623047,126.22000122070312,118.2902603149414,23706900,0.0,0.0
2019-05-21,127.43000030517578,127.52999877929688,126.58000183105469,126.9000015258789,118.92754364013672,15293300,0.0,0.0
2019-05-22,126.62000274658203,128.24000549316406,126.5199966430664,127.66999816894531,119.64917755126953,15396500,0.0,0.0
2019-05-23,126.19999694824219,126.29000091552734,124.73999786376953,126.18000030517578,118.25277709960938,23603800,0.0,0.0
2019-05-24,126.91000366210938,127.41999816894531,125.97000122070312,126.23999786376953,118.30900573730469,14123400,0.0,0.0
2019-05-28,126.9800033569336,128.0,126.05000305175781,126.16000366210938,118.2340316772461,23128400,0.0,0.0
2019-05-29,125.37999725341797,125.38999938964844,124.04000091552734,124.94000244140625,117.09069061279297,22763100,0.0,0.0
2019-05-30,125.26000213623047,125.76000213623047,124.77999877929688,125.7300033569336,117.8310546875,16829600,0.0,0.0
2019-05-31,124.2300033569336,124.62000274658203,123.31999969482422,123.68000030517578,115.90982818603516,26646800,0.0,0.0
2019-06-03,123.8499984741211,124.37000274658203,119.01000213623047,119.83999633789062,112.31109619140625,37983600,0.0,0.0
2019-06-04,121.27999877929688,123.27999877929688,120.6500015258789,123.16000366210938,115.4225082397461,29382600,0.0,0.0
2019-06-05,124.94999694824219,125.87000274658203,124.20999908447266,125.83000183105469,117.92478942871094,24926100,0.0,0.0
2019-06-06,126.44000244140625,127.97000122070312,125.5999984741211,127.81999969482422,119.78974914550781,21459000,0.0,0.0
2019-06-07,129.19000244140625,132.25,128.25999450683594,131.39999389648438,123.14481353759766,33885600,0.0,0.0
2019-06-10,132.39999389648438,134.0800018310547,132.0,132.60000610351562,124.26943969726562,26477100,0.0,0.0
2019-06-11,133.8800048828125,134.24000549316406,131.27999877929688,132.10000610351562,123.8008804321289,23913700,0.0,0.0
2019-06-12,131.39999389648438,131.97000122070312,130.7100067138672,131.49000549316406,123.22920227050781,17092500,0.0,0.0
2019-06-13,131.97999572753906,133.0,131.55999755859375,132.32000732421875,124.0070571899414,17200800,0.0,0.0
2019-06-14,132.25999450683594,133.7899932861328,131.63999938964844,132.4499969482422,124.12887573242188,17821700,0.0,0.0
2019-06-17,132.6300048828125,133.72999572753906,132.52999877929688,132.85000610351562,124.50373077392578,14517800,0.0,0.0
2019-06-18,134.19000244140625,135.24000549316406,133.57000732421875,135.16000366210938,126.66864776611328,25934500,0.0,0.0
2019-06-19,135.0,135.92999267578125,133.80999755859375,135.69000244140625,127.16531372070312,23744400,0.0,0.0
2019-06-20,137.4499969482422,137.66000366210938,135.72000122070312,136.9499969482422,128.34616088867188,33042600,0.0,0.0
2019-06-21,136.5800018310547,137.72999572753906,136.4600067138672,136.97000122070312,128.36488342285156,36727900,0.0,0.0
2019-06-24,137.0,138.39999389648438,137.0,137.77999877929688,129.12399291992188,20628800,0.0,0.0
2019-06-25,137.25,137.58999633789062,132.72999572753906,133.42999267578125,125.04730224609375,33327400,0.0,0.0
2019-06-26,134.35000610351562,135.74000549316406,133.60000610351562,133.92999267578125,125.51586151123047,23657700,0.0,0.0
2019-06-27,134.13999938964844,134.7100067138672,133.50999450683594,134.14999389648438,125.72205352783203,16557500,0.0,0.0
2019-06-28,134.57000732421875,134.60000610351562,133.16000366210938,133.9600067138672,125.54402923583984,30043000,0.0,0.0
2019-07-01,136.6300048828125,136.6999969482422,134.97000122070312,135.67999267578125,127.1559829711914,22613500,0.0,0.0
2019-07-02,136.1199951171875,136.58999633789062,135.33999633789062,136.5800018310547,127.9994125366211,15237800,0.0,0.0
2019-07-03,136.8000030517578,137.74000549316406,136.2899932861328,137.4600067138672,128.82415771484375,13629300,0.0,0.0
2019-07-05,135.94000244140625,137.3300018310547,135.72000122070312,137.05999755859375,128.44924926757812,18141100,0.0,0.0
2019-07-08,136.39999389648438,137.10000610351562,135.3699951171875,136.9600067138672,128.35552978515625,16779700,0.0,0.0
2019-07-09,136.0,136.97000122070312,135.8000030517578,136.4600067138672,127.886962890625,19953100,0.0,0.0
2019-07-10,137.1300048828125,138.5800018310547,137.02000427246094,137.85000610351562,129.18959045410156,24204400,0.0,0.0
2019-07-11,138.1999969482422,139.22000122070312,137.8699951171875,138.39999389648438,129.70509338378906,22327900,0.0,0.0
2019-07-12,138.85000610351562,139.1300048828125,138.00999450683594,138.89999389648438,130.1736297607422,18936800,0.0,0.0
2019-07-15,139.44000244140625,139.5399932861328,138.4600067138672,138.89999389648438,130.1736297607422,16651500,0.0,0.0
2019-07-16,138.9600067138672,139.0500030517578,136.52000427246094,137.0800018310547,128.4679718017578,22726100,0.0,0.0
2019-07-17,137.6999969482422,137.92999267578125,136.22000122070312,136.27000427246094,127.7088851928711,20211000,0.0,0.0
2019-07-18,135.5500030517578,136.6199951171875,134.6699981689453,136.4199981689453,127.84944152832031,30381800,0.0,0.0
2019-07-19,140.22000122070312,140.6699981689453,136.4499969482422,136.6199951171875,128.03689575195312,48992400,0.0,0.0
2019-07-22,137.41000366210938,139.19000244140625,137.3300018310547,138.42999267578125,129.73318481445312,25074900,0.0,0.0
2019-07-23,139.75999450683594,139.99000549316406,138.02999877929688,139.2899932861328,130.5391082763672,18034600,0.0,0.0
2019-07-24,138.89999389648438,140.74000549316406,138.85000610351562,140.72000122070312,131.8793182373047,20738300,0.0,0.0
2019-07-25,140.42999267578125,140.61000061035156,139.32000732421875,140.19000244140625,131.3826141357422,18356900,0.0,0.0
2019-07-26,140.3699951171875,141.67999267578125,140.3000030517578,141.33999633789062,132.4603271484375,19037600,0.0,0.0
2019-07-29,141.5,141.50999450683594,139.3699951171875,141.02999877929688,132.16981506347656,16605900,0.0,0.0
2019-07-30,140.13999938964844,141.22000122070312,139.8000030517578,140.35000610351562,131.53256225585938,16846500,0.0,0.0
2019-07-31,140.3300018310547,140.49000549316406,135.0800018310547,136.27000427246094,127.7088851928711,38598800,0.0,0.0
2019-08-01,137.0,140.94000244140625,136.92999267578125,138.05999755859375,129.38638305664062,40557500,0.0,0.0
2019-08-02,138.08999633789062,138.32000732421875,135.25999450683594,136.89999389648438,128.29925537109375,30791600,0.0,0.0
2019-08-05,133.3000030517578,133.92999267578125,130.77999877929688,132.2100067138672,123.90396118164062,42749600,0.0,0.0
2019-08-06,133.8000030517578,135.67999267578125,133.2100067138672,134.69000244140625,126.22814178466797,32696700,0.0,0.0
2019-08-07,133.7899932861328,135.64999389648438,131.8300018310547,135.27999877929688,126.78112030029297,33414500,0.0,0.0
2019-08-08,136.60000610351562,138.99000549316406,135.92999267578125,138.88999938964844,130.16427612304688,27496500,0.0,0.0
2019-08-09,138.61000061035156,139.3800048828125,136.4600067138672,137.7100067138672,129.0583953857422,23466700,0.0,0.0
2019-08-12,137.07000732421875,137.86000061035156,135.24000549316406,135.7899932861328,127.25904846191406,20484300,0.0,0.0
2019-08-13,136.0500030517578,138.8000030517578,135.0,138.60000610351562,129.8925018310547,25154600,0.0,0.0
2019-08-14,136.36000061035156,136.9199981689453,133.6699981689453,133.97999572753906,125.98084259033203,32527300,0.46,0.0
2019-08-15,134.38999938964844,134.5800018310547,132.25,133.67999267578125,125.69876098632812,28074400,0.0,0.0
2019-08-16,134.8800048828125,136.4600067138672,134.72000122070312,136.1300048828125,128.0025177001953,24449100,0.0,0.0
2019-08-19,137.85000610351562,138.5500030517578,136.88999938964844,138.41000366210938,130.14634704589844,24355700,0.0,0.0
2019-08-20,138.2100067138672,138.7100067138672,137.24000549316406,137.25999450683594,129.06504821777344,21170800,0.0,0.0
2019-08-21,138.5500030517578,139.49000549316406,138.0,138.7899932861328,130.50369262695312,14970300,0.0,0.0
2019-08-22,138.66000366210938,139.1999969482422,136.2899932861328,137.77999877929688,129.55397033691406,18697000,0.0,0.0
2019-08-23,137.19000244140625,138.35000610351562,132.8000030517578,133.38999938964844,125.42607879638672,38508600,0.0,0.0
2019-08-26,134.99000549316406,135.55999755859375,133.89999389648438,135.4499969482422,127.36312866210938,20312600,0.0,0.0
2019-08-27,136.38999938964844,136.72000122070312,134.66000366210938,135.74000549316406,127.63582611083984,23102100,0.0,0.0
2019-08-28,134.8800048828125,135.75999450683594,133.5500030517578,135.55999755859375,127.46653747558594,17393300,0.0,0.0
2019-08-29,137.25,138.44000244140625,136.91000366210938,138.1199951171875,129.87368774414062,20168700,0.0,0.0
2019-08-30,139.14999389648438,139.17999267578125,136.27000427246094,137.86000061035156,129.62921142578125,23940100,0.0,0.0
2019-09-03,136.61000061035156,137.1999969482422,135.6999969482422,136.0399932861328,127.91785430908203,18869300,0.0,0.0
2019-09-04,137.3000030517578,137.69000244140625,136.47999572753906,137.6300048828125,129.41290283203125,17995900,0.0,0.0
2019-09-05,139.11000061035156,140.3800048828125,138.75999450683594,140.0500030517578,131.68846130371094,26101800,0.0,0.0
2019-09-06,140.02999877929688,140.17999267578125,138.1999969482422,139.10000610351562,130.7952117919922,20824500,0.0,0.0
2019-09-09,139.58999633789062,139.75,136.4600067138672,137.52000427246094,129.3095245361328,25773900,0.0,0.0
2019-09-10,136.8000030517578,136.88999938964844,134.50999450683594,136.0800018310547,127.95551300048828,28903400,0.0,0.0
2019-09-11,135.91000366210938,136.27000427246094,135.08999633789062,136.1199951171875,127.99310302734375,24726100,0.0,0.0
2019-09-12,137.85000610351562,138.4199981689453,136.8699951171875,137.52000427246094,129.3095245361328,27010000,0.0,0.0
2019-09-13,137.77999877929688,138.05999755859375,136.57000732421875,137.32000732421875,129.12147521972656,23363100,0.0,0.0
2019-09-16,135.8300018310547,136.6999969482422,135.66000366210938,136.3300018310547,128.19053649902344,16731400,0.0,0.0
2019-09-17,136.9600067138672,137.52000427246094,136.42999267578125,137.38999938964844,129.18728637695312,17814200,0.0,0.0
2019-09-18,137.36000061035156,138.6699981689453,136.52999877929688,138.52000427246094,130.24978637695312,23982100,0.0,0.0
2019-09-19,140.3000030517578,142.3699951171875,140.07000732421875,141.07000732421875,132.64756774902344,35772100,0.0,0.0
2019-09-20,141.00999450683594,141.64999389648438,138.25,139.44000244140625,131.1148681640625,39167300,0.0,0.0
2019-09-23,139.22999572753906,139.6300048828125,138.44000244140625,139.13999938964844,130.83279418945312,17139300,0.0,0.0
2019-09-24,140.36000061035156,140.69000244140625,136.8800048828125,137.3800048828125,129.1779022216797,29773200,0.0,0.0
2019-09-25,137.5,139.9600067138672,136.02999877929688,139.36000061035156,131.0396728515625,21382000,0.0,0.0
2019-09-26,139.44000244140625,140.17999267578125,138.44000244140625,139.5399932861328,131.2089080810547,17456600,0.0,0.0
2019-09-27,140.14999389648438,140.36000061035156,136.64999389648438,137.72999572753906,129.50694274902344,22477700,0.0,0.0
2019-09-30,138.0500030517578,139.22000122070312,137.77999877929688,139.02999877929688,130.72935485839844,17280900,0.0,0.0
2019-10-01,139.66000366210938,140.25,137.0,137.07000732421875,128.8863525390625,21466600,0.0,0.0
2019-10-02,136.25,136.3699951171875,133.5800018310547,134.64999389648438,126.61084747314453,30521700,0.0,0.0
2019-10-03,134.9499969482422,136.75,133.22000122070312,136.27999877929688,128.14352416992188,24132900,0.0,0.0
2019-10-04,136.75,138.25,136.4199981689453,138.1199951171875,129.87368774414062,22897700,0.0,0.0
2019-10-07,137.13999938964844,138.17999267578125,137.02000427246094,137.1199951171875,128.93336486816406,15303700,0.0,0.0
2019-10-08,137.0800018310547,137.75999450683594,135.6199951171875,135.6699981689453,127.56995391845703,25550500,0.0,0.0
2019-10-09,137.4600067138672,138.6999969482422,136.97000122070312,138.24000549316406,129.9865264892578,19749900,0.0,0.0
2019-10-10,138.49000549316406,139.6699981689453,138.25,139.10000610351562,130.7952117919922,17654600,0.0,0.0
2019-10-11,140.1199951171875,141.02999877929688,139.5,139.67999267578125,131.3405303955078,25446000,0.0,0.0
2019-10-14,139.69000244140625,140.2899932861328,139.52000427246094,139.5500030517578,131.2183380126953,13304300,0.0,0.0
2019-10-15,140.05999755859375,141.7899932861328,139.80999755859375,141.57000732421875,133.11766052246094,19695700,0.0,0.0
2019-10-16,140.7899932861328,140.99000549316406,139.52999877929688,140.41000366210938,132.02699279785156,20751600,0.0,0.0
2019-10-17,140.9499969482422,141.4199981689453,139.02000427246094,139.69000244140625,131.3499298095703,21460600,0.0,0.0
2019-10-18,139.75999450683594,140.0,136.55999755859375,137.41000366210938,129.20608520507812,32273500,0.0,0.0
2019-10-21,138.4499969482422,138.5,137.00999450683594,138.42999267578125,130.1652069091797,20078200,0.0,0.0
2019-10-22,138.97000122070312,140.00999450683594,136.25999450683594,136.3699951171875,128.22816467285156,27431000,0.0,0.0
2019-10-23,136.8800048828125,137.4499969482422,135.61000061035156,137.24000549316406,129.04624938964844,29844600,0.0,0.0
2019-10-24,139.38999938964844,140.4199981689453,138.6699981689453,139.94000244140625,131.58505249023438,37029300,0.0,0.0
2019-10-25,139.33999633789062,141.13999938964844,139.1999969482422,140.72999572753906,132.327880859375,25959700,0.0,0.0
2019-10-28,144.39999389648438,145.6699981689453,143.50999450683594,144.19000244140625,135.58132934570312,35280100,0.0,0.0
2019-10-29,144.0800018310547,144.5,142.64999389648438,142.8300018310547,134.30247497558594,20589500,0.0,0.0
2019-10-30,143.52000427246094,145.0,142.7899932861328,144.61000061035156,135.97622680664062,18496600,0.0,0.0
2019-10-31,144.89999389648438,144.92999267578125,142.99000549316406,143.3699951171875,134.81021118164062,24605100,0.0,0.0
2019-11-01,144.25999450683594,144.4199981689453,142.97000122070312,143.72000122070312,135.1393280029297,33128400,0.0,0.0
2019-11-04,144.8300018310547,145.0,144.16000366210938,144.5500030517578,135.91978454589844,16912000,0.0,0.0
2019-11-05,144.97000122070312,145.02000427246094,143.91000366210938,144.4600067138672,135.8351593017578,18250200,0.0,0.0
2019-11-06,144.3699951171875,144.52000427246094,143.1999969482422,144.05999755859375,135.4590301513672,16575800,0.0,0.0
2019-11-07,143.83999633789062,144.8800048828125,143.77000427246094,144.25999450683594,135.64712524414062,17786700,0.0,0.0
2019-11-08,143.97999572753906,145.99000549316406,143.75999450683594,145.9600067138672,137.24559020996094,16732700,0.0,0.0
2019-11-11,145.33999633789062,146.4199981689453,144.72999572753906,146.11000061035156,137.38665771484375,14362600,0.0,0.0
2019-11-12,146.27999877929688,147.57000732421875,146.05999755859375,147.07000732421875,138.28933715820312,18641600,0.0,0.0
2019-11-13,146.74000549316406,147.4600067138672,146.27999877929688,147.30999755859375,138.5150146484375,16919200,0.0,0.0
2019-11-14,147.02000427246094,148.41000366210938,147.0,148.05999755859375,139.22023010253906,19729800,0.0,0.0
2019-11-15,148.92999267578125,149.99000549316406,148.27000427246094,149.97000122070312,141.0161895751953,23485700,0.0,0.0
2019-11-18,150.07000732421875,150.5500030517578,148.97999572753906,150.33999633789062,141.36412048339844,21534000,0.0,0.0
2019-11-19,150.8800048828125,151.3300018310547,150.1999969482422,150.38999938964844,141.4111328125,23935700,0.0,0.0
2019-11-20,150.30999755859375,150.83999633789062,148.4600067138672,149.6199951171875,141.1658172607422,25696800,0.51,0.0
2019-11-21,149.39999389648438,149.8000030517578,148.5,149.47999572753906,141.0337371826172,18576100,0.0,0.0
2019-11-22,150.07000732421875,150.3000030517578,148.82000732421875,149.58999633789062,141.13751220703125,15901800,0.0,0.0
2019-11-25,150.0,151.35000610351562,149.9199981689453,151.22999572753906,142.68487548828125,22420900,0.0,0.0
2019-11-26,151.36000061035156,152.4199981689453,151.32000732421875,152.02999877929688,143.43963623046875,24620100,0.0,0.0
2019-11-27,152.3300018310547,152.5,151.52000427246094,152.32000732421875,143.71322631835938,15184400,0.0,0.0
2019-11-29,152.10000610351562,152.3000030517578,151.27999877929688,151.3800048828125,142.82640075683594,11977300,0.0,0.0
2019-12-02,151.80999755859375,151.8300018310547,148.32000732421875,149.5500030517578,141.09979248046875,27418400,0.0,0.0
2019-12-03,147.49000549316406,149.42999267578125,146.64999389648438,149.30999755859375,140.87332153320312,24066000,0.0,0.0
2019-12-04,150.13999938964844,150.17999267578125,149.1999969482422,149.85000610351562,141.38284301757812,17574700,0.0,0.0
2019-12-05,150.0500030517578,150.32000732421875,149.47999572753906,149.92999267578125,141.4582977294922,17869100,0.0,0.0
2019-12-06,150.99000549316406,151.8699951171875,150.27000427246094,151.75,143.17544555664062,16403500,0.0,0.0
2019-12-09,151.07000732421875,152.2100067138672,150.91000366210938,151.36000061035156,142.80747985839844,16687400,0.0,0.0
2019-12-10,151.2899932861328,151.88999938964844,150.75999450683594,151.1300048828125,142.5904998779297,16476100,0.0,0.0
2019-12-11,151.5399932861328,151.8699951171875,150.3300018310547,151.6999969482422,143.12832641601562,18856600,0.0,0.0
2019-12-12,151.64999389648438,153.44000244140625,151.02000427246094,153.24000549316406,144.58123779296875,24612100,0.0,0.0
2019-12-13,153.0,154.88999938964844,152.8300018310547,154.52999877929688,145.79837036132812,23845400,0.0,0.0
2019-12-16,155.11000061035156,155.89999389648438,154.82000732421875,155.52999877929688,146.7418670654297,24144200,0.0,0.0
2019-12-17,155.4499969482422,155.7100067138672,154.4499969482422,154.69000244140625,145.94931030273438,25425600,0.0,0.0
2019-12-18,154.3000030517578,155.47999572753906,154.17999267578125,154.3699951171875,145.6473846435547,24129200,0.0,0.0
2019-12-19,154.0,155.77000427246094,153.75,155.7100067138672,146.9117431640625,24958900,0.0,0.0
2019-12-20,157.35000610351562,158.49000549316406,156.2899932861328,157.41000366210938,148.51564025878906,53477500,0.0,0.0
2019-12-23,158.1199951171875,158.1199951171875,157.27000427246094,157.41000366210938,148.51564025878906,17718200,0.0,0.0
2019-12-24,157.47999572753906,157.7100067138672,157.1199951171875,157.3800048828125,148.4873504638672,8989200,0.0,0.0
2019-12-26,157.55999755859375,158.72999572753906,157.39999389648438,158.6699981689453,149.70443725585938,14520600,0.0,0.0
2019-12-27,159.4499969482422,159.5500030517578,158.22000122070312,158.9600067138672,149.9781036376953,18412800,0.0,0.0
2019-12-30,158.99000549316406,159.02000427246094,156.72999572753906,157.58999633789062,148.68545532226562,16348400,0.0,0.0
2019-12-31,156.77000427246094,157.77000427246094,156.4499969482422,157.6999969482422,148.78924560546875,18369400,0.0,0.0
2020-01-02,158.77999877929688,160.72999572753906,158.3300018310547,160.6199951171875,151.5442352294922,22622100,0.0,0.0
2020-01-03,158.32000732421875,159.9499969482422,158.05999755859375,158.6199951171875,149.6572723388672,21116200,0.0,0.0
2020-01-06,157.0800018310547,159.10000610351562,156.50999450683594,159.02999877929688,150.04409790039062,20813700,0.0,0.0
2020-01-07,159.32000732421875,159.6699981689453,157.32000732421875,157.5800018310547,148.67599487304688,21634100,0.0,0.0
2020-01-08,158.92999267578125,160.8000030517578,157.9499969482422,160.08999633789062,151.044189453125,27746500,0.0,0.0
2020-01-09,161.83999633789062,162.22000122070312,161.02999877929688,162.08999633789062,152.9311981201172,21385000,0.0,0.0
2020-01-10,162.82000732421875,163.22000122070312,161.17999267578125,161.33999633789062,152.2235870361328,20725900,0.0,0.0
2020-01-13,161.75999450683594,163.30999755859375,161.25999450683594,163.27999877929688,154.053955078125,21626500,0.0,0.0
2020-01-14,163.38999938964844,163.60000610351562,161.72000122070312,162.1300048828125,152.9689178466797,23477400,0.0,0.0
2020-01-15,162.6199951171875,163.94000244140625,162.57000732421875,163.17999267578125,153.9595947265625,21417900,0.0,0.0
2020-01-16,164.35000610351562,166.24000549316406,164.02999877929688,166.1699981689453,156.78070068359375,23865400,0.0,0.0
2020-01-17,167.4199981689453,167.47000122070312,165.42999267578125,167.10000610351562,157.6581268310547,34371700,0.0,0.0
2020-01-21,166.67999267578125,168.19000244140625,166.42999267578125,166.5,157.092041015625,29517200,0.0,0.0
2020-01-22,167.39999389648438,167.49000549316406,165.67999267578125,165.6999969482422,156.33721923828125,24138800,0.0,0.0
2020-01-23,166.19000244140625,166.8000030517578,165.27000427246094,166.72000122070312,157.29959106445312,19680800,0.0,0.0
2020-01-24,167.50999450683594,167.52999877929688,164.4499969482422,165.0399932861328,155.7145233154297,24918100,0.0,0.0
2020-01-27,161.14999389648438,163.3800048828125,160.1999969482422,162.27999877929688,153.1104736328125,32078100,0.0,0.0
2020-01-28,163.77999877929688,165.75999450683594,163.07000732421875,165.4600067138672,156.11080932617188,24899900,0.0,0.0
2020-01-29,167.83999633789062,168.75,165.69000244140625,168.0399932861328,158.54501342773438,34754500,0.0,0.0
2020-01-30,174.0500030517578,174.0500030517578,170.7899932861328,172.77999877929688,163.01718139648438,51597500,0.0,0.0
2020-01-31,172.2100067138672,172.39999389648438,169.5800018310547,170.22999572753906,160.61126708984375,36142700,0.0,0.0
2020-02-03,170.42999267578125,174.5,170.39999389648438,174.3800048828125,164.5268096923828,30107000,0.0,0.0
2020-02-04,177.13999938964844,180.63999938964844,176.30999755859375,180.1199951171875,169.9424591064453,36433300,0.0,0.0
2020-02-05,184.02999877929688,184.1999969482422,178.41000366210938,179.89999389648438,169.73486328125,39186300,0.0,0.0
2020-02-06,180.97000122070312,183.82000732421875,180.05999755859375,183.6300048828125,173.25408935546875,27751400,0.0,0.0
2020-02-07,182.85000610351562,185.6300048828125,182.47999572753906,183.88999938964844,173.49937438964844,33529100,0.0,0.0
2020-02-10,183.5800018310547,188.83999633789062,183.25,188.6999969482422,178.03762817382812,35844300,0.0,0.0
2020-02-11,190.64999389648438,190.6999969482422,183.5,184.44000244140625,174.01834106445312,53159900,0.0,0.0
2020-02-12,185.5800018310547,185.85000610351562,181.85000610351562,184.7100067138672,174.2730712890625,47062900,0.0,0.0
2020-02-13,183.0800018310547,186.22999572753906,182.8699951171875,183.7100067138672,173.32957458496094,35295800,0.0,0.0
2020-02-14,183.25,185.41000366210938,182.64999389648438,185.35000610351562,174.87692260742188,23149500,0.0,0.0
2020-02-18,185.61000061035156,187.6999969482422,185.5,187.22999572753906,176.65066528320312,27792200,0.0,0.0
2020-02-19,188.05999755859375,188.17999267578125,186.47000122070312,187.27999877929688,177.1804656982422,29997500,0.51,0.0
2020-02-20,186.9499969482422,187.25,181.10000610351562,184.4199981689453,174.47471618652344,36862400,0.0,0.0
2020-02-21,183.1699981689453,183.5,177.25,178.58999633789062,168.95913696289062,48572600,0.0,0.0
2020-02-24,167.77000427246094,174.5500030517578,163.22999572753906,170.88999938964844,161.6743621826172,68311100,0.0,0.0
2020-02-25,174.1999969482422,174.83999633789062,167.64999389648438,168.07000732421875,159.00640869140625,68073300,0.0,0.0
2020-02-26,169.7100067138672,173.25999450683594,168.2100067138672,170.1699981689453,160.99314880371094,56206100,0.0,0.0
2020-02-27,163.32000732421875,167.02999877929688,157.97999572753906,158.17999267578125,149.6497802734375,93174900,0.0,0.0
2020-02-28,152.41000366210938,163.7100067138672,152.0,162.00999450683594,153.27325439453125,97012700,0.0,0.0
2020-03-02,165.30999755859375,172.9199981689453,162.30999755859375,172.7899932861328,163.4718780517578,71030800,0.0,0.0
2020-03-03,173.8000030517578,175.0,162.25999450683594,164.50999450683594,155.63845825195312,71677000,0.0,0.0
2020-03-04,168.49000549316406,170.6999969482422,165.6199951171875,170.5500030517578,161.35275268554688,49814400,0.0,0.0
2020-03-05,166.0500030517578,170.8699951171875,165.69000244140625,166.27000427246094,157.3035125732422,47817300,0.0,0.0
2020-03-06,162.61000061035156,163.11000061035156,156.0,161.57000732421875,152.85696411132812,72821100,0.0,0.0
2020-03-09,151.0,157.75,150.0,150.6199951171875,142.4974365234375,70419300,0.0,0.0
2020-03-10,158.16000366210938,161.02999877929688,152.5800018310547,160.9199981689453,152.24197387695312,65354400,0.0,0.0
2020-03-11,157.1300048828125,157.6999969482422,151.14999389648438,153.6300048828125,145.3451385498047,56371600,0.0,0.0
2020-03-12,145.3000030517578,153.47000122070312,138.5800018310547,139.05999755859375,131.56088256835938,93226400,0.0,0.0
2020-03-13,147.5,161.91000366210938,140.72999572753906,158.8300018310547,150.26470947265625,92727400,0.0,0.0
2020-03-16,140.0,149.35000610351562,135.0,135.4199981689453,128.11712646484375,87905900,0.0,0.0
2020-03-17,140.0,147.5,135.0,146.57000732421875,138.66587829589844,81059800,0.0,0.0
2020-03-18,138.0,146.0,135.02000427246094,140.39999389648438,132.8285675048828,81593200,0.0,0.0
2020-03-19,142.77000427246094,150.14999389648438,139.0,142.7100067138672,135.01400756835938,85922700,0.0,0.0
2020-03-20,146.0,147.10000610351562,135.86000061035156,137.35000610351562,129.9430694580078,84866200,0.0,0.0
2020-03-23,137.00999450683594,140.57000732421875,132.52000427246094,135.97999572753906,128.64694213867188,78975200,0.0,0.0
2020-03-24,143.75,149.60000610351562,141.27000427246094,148.33999633789062,140.3404083251953,82516700,0.0,0.0
2020-03-25,148.91000366210938,154.3300018310547,144.44000244140625,146.9199981689453,138.9969940185547,75638200,0.0,0.0
2020-03-26,148.39999389648438,156.66000366210938,148.3699951171875,156.11000061035156,147.69139099121094,64568100,0.0,0.0
2020-03-27,151.75,154.88999938964844,149.1999969482422,149.6999969482422,141.62705993652344,57042300,0.0,0.0
2020-03-30,152.44000244140625,160.60000610351562,150.00999450683594,160.22999572753906,151.58921813964844,63420300,0.0,0.0
2020-03-31,159.39999389648438,164.77999877929688,156.55999755859375,157.7100067138672,149.2051544189453,77927200,0.0,0.0
2020-04-01,153.0,157.75,150.82000732421875,152.11000061035156,143.90708923339844,57969900,0.0,0.0
2020-04-02,151.86000061035156,155.47999572753906,150.36000061035156,155.25999450683594,146.88723754882812,49630700,0.0,0.0
2020-04-03,155.10000610351562,157.3800048828125,152.19000244140625,153.8300018310547,145.53439331054688,41243300,0.0,0.0
2020-04-06,160.32000732421875,166.5,157.5800018310547,165.27000427246094,156.35743713378906,67111700,0.0,0.0
2020-04-07,169.58999633789062,170.0,163.25999450683594,163.49000549316406,154.6734161376953,62769000,0.0,0.0
2020-04-08,165.6699981689453,166.6699981689453,163.5,165.1300048828125,156.2249755859375,48318200,0.0,0.0
2020-04-09,166.36000061035156,167.3699951171875,163.3300018310547,165.13999938964844,156.23443603515625,51385100,0.0,0.0
2020-04-13,164.35000610351562,165.57000732421875,162.3000030517578,165.50999450683594,156.58445739746094,41905300,0.0,0.0
2020-04-14,169.0,173.75,168.0,173.6999969482422,164.33282470703125,52874300,0.0,0.0
2020-04-15,171.1999969482422,173.57000732421875,169.24000549316406,171.8800048828125,162.6110076904297,40940800,0.0,0.0
2020-04-16,174.3000030517578,177.27999877929688,172.89999389648438,177.0399932861328,167.49269104003906,50479600,0.0,0.0
2020-04-17,179.5,180.0,175.8699951171875,178.60000610351562,168.9685821533203,52765600,0.0,0.0
2020-04-20,176.6300048828125,178.75,174.99000549316406,175.05999755859375,165.6195068359375,36669600,0.0,0.0
2020-04-21,173.5,173.6699981689453,166.11000061035156,167.82000732421875,158.7698974609375,56203700,0.0,0.0
2020-04-22,171.38999938964844,174.0,170.82000732421875,173.52000427246094,164.1625518798828,34620200,0.0,0.0
2020-04-23,174.11000061035156,175.05999755859375,170.91000366210938,171.4199981689453,162.17579650878906,32790800,0.0,0.0
2020-04-24,172.05999755859375,174.55999755859375,170.7100067138672,174.5500030517578,165.1370086669922,34277600,0.0,0.0
2020-04-27,176.58999633789062,176.89999389648438,173.3000030517578,174.0500030517578,164.66392517089844,33194400,0.0,0.0
2020-04-28,175.58999633789062,175.6699981689453,169.38999938964844,169.80999755859375,160.65260314941406,34392700,0.0,0.0
2020-04-29,173.22000122070312,177.67999267578125,171.8800048828125,177.42999267578125,167.86166381835938,51286600,0.0,0.0
2020-04-30,180.0,180.39999389648438,176.22999572753906,179.2100067138672,169.54566955566406,53875900,0.0,0.0
2020-05-01,175.8000030517578,178.63999938964844,174.00999450683594,174.57000732421875,165.15591430664062,39370500,0.0,0.0
2020-05-04,174.49000549316406,179.0,173.8000030517578,178.83999633789062,169.1956024169922,30372900,0.0,0.0
2020-05-05,180.6199951171875,183.64999389648438,179.89999389648438,180.75999450683594,171.01210021972656,36839200,0.0,0.0
2020-05-06,182.0800018310547,184.1999969482422,181.6300048828125,182.5399932861328,172.69607543945312,32139300,0.0,0.0
2020-05-07,184.1699981689453,184.5500030517578,182.5800018310547,183.60000610351562,173.69894409179688,28316000,0.0,0.0
2020-05-08,184.97999572753906,185.0,183.36000061035156,184.67999267578125,174.72067260742188,30877800,0.0,0.0
2020-05-11,183.14999389648438,187.50999450683594,182.85000610351562,186.74000549316406,176.66961669921875,30892700,0.0,0.0
2020-05-12,186.8000030517578,187.0399932861328,182.3000030517578,182.50999450683594,172.667724609375,32038200,0.0,0.0
2020-05-13,182.5500030517578,184.0500030517578,176.5399932861328,179.75,170.05654907226562,44711500,0.0,0.0
2020-05-14,177.5399932861328,180.69000244140625,175.67999267578125,180.52999877929688,170.7944793701172,41873900,0.0,0.0
2020-05-15,179.05999755859375,187.05999755859375,177.0,183.16000366210938,173.28268432617188,46610400,0.0,0.0
2020-05-18,185.75,186.1999969482422,183.9600067138672,184.91000366210938,174.9383087158203,35264500,0.0,0.0
2020-05-19,185.02999877929688,186.60000610351562,183.49000549316406,183.6300048828125,173.727294921875,26799100,0.0,0.0
2020-05-20,184.80999755859375,185.85000610351562,183.94000244140625,185.66000366210938,176.13702392578125,31261300,0.51,0.0
2020-05-21,185.39999389648438,186.6699981689453,183.2899932861328,183.42999267578125,174.02139282226562,29119500,0.0,0.0
2020-05-22,183.19000244140625,184.4600067138672,182.5399932861328,183.50999450683594,174.0973358154297,20826900,0.0,0.0
2020-05-26,186.33999633789062,186.5,181.10000610351562,181.57000732421875,172.25682067871094,36073600,0.0,0.0
2020-05-27,180.1999969482422,181.99000549316406,176.60000610351562,181.80999755859375,172.48452758789062,39517100,0.0,0.0
2020-05-28,180.74000549316406,184.14999389648438,180.3800048828125,181.39999389648438,172.09555053710938,33810200,0.0,0.0
2020-05-29,182.72999572753906,184.27000427246094,180.41000366210938,183.25,173.8506317138672,42130400,0.0,0.0
2020-06-01,182.5399932861328,183.0,181.4600067138672,182.8300018310547,173.45225524902344,22622400,0.0,0.0
2020-06-02,184.25,185.0,181.35000610351562,184.91000366210938,175.42552185058594,30794600,0.0,0.0
2020-06-03,184.82000732421875,185.94000244140625,183.5800018310547,185.36000061035156,175.8524169921875,27311000,0.0,0.0
2020-06-04,184.3000030517578,185.83999633789062,182.3000030517578,182.9199981689453,173.5375518798828,28761800,0.0,0.0
2020-06-05,182.6199951171875,187.72999572753906,182.00999450683594,187.1999969482422,177.59805297851562,39893600,0.0,0.0
2020-06-08,185.94000244140625,188.5500030517578,184.44000244140625,188.36000061035156,178.69859313964844,33211600,0.0,0.0
2020-06-09,188.0,190.6999969482422,187.25999450683594,189.8000030517578,180.064697265625,29783900,0.0,0.0
2020-06-10,191.1300048828125,198.52000427246094,191.00999450683594,196.83999633789062,186.74359130859375,43872300,0.0,0.0
2020-06-11,193.1300048828125,195.75999450683594,186.07000732421875,186.27000427246094,176.71575927734375,52854700,0.0,0.0
2020-06-12,190.5399932861328,191.72000122070312,185.17999267578125,187.74000549316406,178.11033630371094,43373600,0.0,0.0
2020-06-15,184.5800018310547,190.82000732421875,184.00999450683594,188.94000244140625,179.24880981445312,32770200,0.0,0.0
2020-06-16,192.88999938964844,195.5800018310547,191.4600067138672,193.57000732421875,183.6412811279297,42556700,0.0,0.0
2020-06-17,195.02999877929688,196.32000732421875,193.69000244140625,194.24000549316406,184.2769775390625,25687800,0.0,0.0
2020-06-18,194.0,196.49000549316406,194.0,196.32000732421875,186.25027465820312,23061600,0.0,0.0
2020-06-19,198.58999633789062,199.2899932861328,194.3699951171875,195.14999389648438,185.14027404785156,44441100,0.0,0.0
2020-06-22,195.7899932861328,200.75999450683594,195.22999572753906,200.57000732421875,190.28224182128906,32818900,0.0,0.0
2020-06-23,202.08999633789062,203.9499969482422,201.42999267578125,201.91000366210938,191.55355834960938,30917400,0.0,0.0
2020-06-24,201.60000610351562,203.25,196.55999755859375,197.83999633789062,187.6923065185547,36740600,0.0,0.0
2020-06-25,197.8000030517578,200.61000061035156,195.47000122070312,200.33999633789062,190.06405639648438,27803900,0.0,0.0
2020-06-26,199.72999572753906,199.88999938964844,194.8800048828125,196.3300018310547,186.2597198486328,54675800,0.0,0.0
2020-06-29,195.77999877929688,198.52999877929688,193.5500030517578,198.44000244140625,188.26150512695312,26701600,0.0,0.0
2020-06-30,197.8800048828125,204.39999389648438,197.74000549316406,203.50999450683594,193.0714569091797,34310300,0.0,0.0
2020-07-01,203.13999938964844,206.35000610351562,201.77000427246094,204.6999969482422,194.2003936767578,32061200,0.0,0.0
2020-07-02,205.67999267578125,208.02000427246094,205.0,206.25999450683594,195.680419921875,29315800,0.0,0.0
2020-07-06,208.8300018310547,211.1300048828125,208.08999633789062,210.6999969482422,199.8927001953125,31897600,0.0,0.0
2020-07-07,210.4499969482422,214.6699981689453,207.99000549316406,208.25,197.5683135986328,33600700,0.0,0.0
2020-07-08,210.07000732421875,213.25999450683594,208.69000244140625,212.8300018310547,201.9134521484375,33600000,0.0,0.0
2020-07-09,216.3300018310547,216.3800048828125,211.47000122070312,214.32000732421875,203.3270263671875,33121700,0.0,0.0
2020-07-10,213.6199951171875,214.0800018310547,211.0800018310547,213.6699981689453,202.7103271484375,26177600,0.0,0.0
2020-07-13,214.47999572753906,215.8000030517578,206.5,207.07000732421875,196.44891357421875,38135600,0.0,0.0
2020-07-14,206.1300048828125,208.85000610351562,202.02999877929688,208.35000610351562,197.66326904296875,37591800,0.0,0.0
2020-07-15,209.55999755859375,211.3300018310547,205.02999877929688,208.0399932861328,197.36912536621094,32179400,0.0,0.0
2020-07-16,205.39999389648438,205.6999969482422,202.30999755859375,203.9199981689453,193.46047973632812,29940700,0.0,0.0
2020-07-17,204.47000122070312,205.0399932861328,201.38999938964844,202.8800048828125,192.47381591796875,31635300,0.0,0.0
2020-07-20,205.0,212.3000030517578,203.00999450683594,211.60000610351562,200.74652099609375,36884800,0.0,0.0
2020-07-21,213.66000366210938,213.94000244140625,208.02999877929688,208.75,198.0426788330078,37990400,0.0,0.0
2020-07-22,209.1999969482422,212.3000030517578,208.38999938964844,211.75,200.88880920410156,49605700,0.0,0.0
2020-07-23,207.19000244140625,210.9199981689453,202.14999389648438,202.5399932861328,192.1512451171875,67457000,0.0,0.0
2020-07-24,200.4199981689453,202.86000061035156,197.50999450683594,201.3000030517578,190.97483825683594,39827000,0.0,0.0
2020-07-27,201.47000122070312,203.97000122070312,200.86000061035156,203.85000610351562,193.39401245117188,30160900,0.0,0.0
2020-07-28,203.61000061035156,204.6999969482422,201.74000549316406,202.02000427246094,191.6578826904297,23251400,0.0,0.0
2020-07-29,202.5,204.64999389648438,202.00999450683594,204.05999755859375,193.59323120117188,19632600,0.0,0.0
2020-07-30,201.0,204.4600067138672,199.57000732421875,203.89999389648438,193.4414825439453,25079600,0.0,0.0
2020-07-31,204.39999389648438,205.10000610351562,199.00999450683594,205.00999450683594,194.49452209472656,51044000,0.0,0.0
2020-08-03,211.52000427246094,217.63999938964844,210.44000244140625,216.5399932861328,205.43316650390625,78983000,0.0,0.0
2020-08-04,214.1699981689453,214.77000427246094,210.30999755859375,213.2899932861328,202.34983825683594,49280100,0.0,0.0
2020-08-05,214.89999389648438,215.0,211.57000732421875,212.94000244140625,202.0177764892578,28806400,0.0,0.0
2020-08-06,212.33999633789062,216.3699951171875,211.5500030517578,216.35000610351562,205.25289916992188,32656800,0.0,0.0
2020-08-07,214.85000610351562,215.6999969482422,210.92999267578125,212.47999572753906,201.5813751220703,27820400,0.0,0.0
2020-08-10,211.6699981689453,211.8800048828125,206.35000610351562,208.25,197.5683135986328,36716500,0.0,0.0
2020-08-11,207.16000366210938,207.64999389648438,203.13999938964844,203.3800048828125,192.9481201171875,36446500,0.0,0.0
2020-08-12,205.2899932861328,210.27999877929688,204.75,209.19000244140625,198.46014404296875,28013100,0.0,0.0
2020-08-13,209.44000244140625,211.35000610351562,208.14999389648438,208.6999969482422,197.99522399902344,22588900,0.0,0.0
2020-08-14,208.75999450683594,209.58999633789062,207.50999450683594,208.89999389648438,198.18504333496094,17958900,0.0,0.0
2020-08-17,209.60000610351562,211.19000244140625,208.9199981689453,210.27999877929688,199.49420166015625,20184800,0.0,0.0
2020-08-18,210.52999877929688,212.36000061035156,209.2100067138672,211.49000549316406,200.6421356201172,21336200,0.0,0.0
2020-08-19,211.49000549316406,212.10000610351562,209.25,209.6999969482422,199.42489624023438,27627600,0.51,0.0
2020-08-20,209.5399932861328,215.0,208.91000366210938,214.5800018310547,204.06578063964844,26981500,0.0,0.0
2020-08-21,213.86000061035156,216.25,212.85000610351562,213.02000427246094,202.5822296142578,36249300,0.0,0.0
2020-08-24,214.7899932861328,215.52000427246094,212.42999267578125,213.69000244140625,203.21937561035156,25460100,0.0,0.0
2020-08-25,213.10000610351562,216.61000061035156,213.10000610351562,216.47000122070312,205.86317443847656,23043700,0.0,0.0
2020-08-26,217.8800048828125,222.08999633789062,217.36000061035156,221.14999389648438,210.3138427734375,39600800,0.0,0.0
2020-08-27,222.88999938964844,231.14999389648438,219.39999389648438,226.5800018310547,215.4777374267578,57602200,0.0,0.0
2020-08-28,228.17999267578125,230.63999938964844,226.5800018310547,228.91000366210938,217.693603515625,26292900,0.0,0.0
2020-08-31,227.0,228.6999969482422,224.30999755859375,225.52999877929688,214.47921752929688,28774200,0.0,0.0
2020-09-01,225.50999450683594,227.4499969482422,224.42999267578125,227.27000427246094,216.13394165039062,25725500,0.0,0.0
2020-09-02,227.97000122070312,232.86000061035156,227.35000610351562,231.64999389648438,220.29934692382812,34080800,0.0,0.0
2020-09-03,229.27000427246094,229.30999755859375,214.9600067138672,217.3000030517578,206.65249633789062,58400300,0.0,0.0
2020-09-04,215.10000610351562,218.36000061035156,205.19000244140625,214.25,203.75193786621094,59664100,0.0,0.0
2020-09-08,206.5,210.02999877929688,202.1999969482422,202.66000366210938,192.72984313964844,52924300,0.0,0.0
2020-09-09,207.60000610351562,214.83999633789062,206.6999969482422,211.2899932861328,200.9369354248047,45679000,0.0,0.0
2020-09-10,213.39999389648438,214.74000549316406,204.11000061035156,205.3699951171875,195.30706787109375,35461500,0.0,0.0
2020-09-11,207.1999969482422,208.6300048828125,201.24000549316406,204.02999877929688,194.03271484375,33620100,0.0,0.0
2020-09-14,204.24000549316406,209.1999969482422,204.02999877929688,205.41000366210938,195.3450927734375,30375800,0.0,0.0
2020-09-15,208.4199981689453,209.77999877929688,206.92999267578125,208.77999877929688,198.5499267578125,21823900,0.0,0.0
2020-09-16,210.6199951171875,210.64999389648438,204.63999938964844,205.0500030517578,195.00274658203125,26328100,0.0,0.0
2020-09-17,200.0500030517578,204.3300018310547,199.9600067138672,202.91000366210938,192.9676055908203,34011300,0.0,0.0
2020-09-18,202.8000030517578,203.64999389648438,196.25,200.38999938964844,190.57107543945312,55225300,0.0,0.0
2020-09-21,197.19000244140625,202.7100067138672,196.3800048828125,202.5399932861328,192.61575317382812,39839700,0.0,0.0
2020-09-22,205.05999755859375,208.10000610351562,202.0800018310547,207.4199981689453,197.256591796875,33517100,0.0,0.0
2020-09-23,207.89999389648438,208.10000610351562,200.02999877929688,200.58999633789062,190.76126098632812,30803800,0.0,0.0
2020-09-24,199.85000610351562,205.57000732421875,199.1999969482422,203.19000244140625,193.23385620117188,31202500,0.0,0.0
2020-09-25,203.5500030517578,209.0399932861328,202.5399932861328,207.82000732421875,197.6370086669922,29437300,0.0,0.0
2020-09-28,210.8800048828125,212.57000732421875,208.05999755859375,209.44000244140625,199.1776580810547,32004900,0.0,0.0
2020-09-29,209.35000610351562,210.07000732421875,206.80999755859375,207.25999450683594,197.1044158935547,24221900,0.0,0.0
2020-09-30,207.72999572753906,211.97999572753906,206.5399932861328,210.3300018310547,200.02403259277344,33829100,0.0,0.0
2020-10-01,213.49000549316406,213.99000549316406,211.32000732421875,212.4600067138672,202.04962158203125,27158400,0.0,0.0
2020-10-02,208.0,210.99000549316406,205.5399932861328,206.19000244140625,196.08685302734375,33154800,0.0,0.0
2020-10-05,207.22000122070312,210.41000366210938,206.97999572753906,210.3800048828125,200.0715789794922,21331600,0.0,0.0
2020-10-06,208.82000732421875,210.17999267578125,204.82000732421875,205.91000366210938,195.82058715820312,28554300,0.0,0.0
2020-10-07,207.05999755859375,210.11000061035156,206.72000122070312,209.8300018310547,199.5485382080078,25681100,0.0,0.0
2020-10-08,210.50999450683594,211.19000244140625,208.32000732421875,210.5800018310547,200.2617645263672,19925800,0.0,0.0
2020-10-09,211.22999572753906,215.86000061035156,211.22999572753906,215.80999755859375,205.2355194091797,26458000,0.0,0.0
2020-10-12,218.7899932861328,223.86000061035156,216.80999755859375,221.39999389648438,210.55160522460938,40461400,0.0,0.0
2020-10-13,222.72000122070312,225.2100067138672,220.42999267578125,222.86000061035156,211.94004821777344,28950800,0.0,0.0
2020-10-14,223.0,224.22000122070312,219.1300048828125,220.86000061035156,210.03802490234375,23421700,0.0,0.0
2020-10-15,217.10000610351562,220.36000061035156,216.00999450683594,219.66000366210938,208.8968505859375,22733100,0.0,0.0
2020-10-16,220.14999389648438,222.2899932861328,219.32000732421875,219.66000366210938,208.8968505859375,26057900,0.0,0.0
2020-10-19,220.4199981689453,222.3000030517578,213.72000122070312,214.22000122070312,203.72341918945312,27625800,0.0,0.0
2020-10-20,215.8000030517578,217.3699951171875,213.08999633789062,214.64999389648438,204.13235473632812,22753500,0.0,0.0
2020-10-21,213.1199951171875,216.9199981689453,213.1199951171875,214.8000030517578,204.2749786376953,22724900,0.0,0.0
2020-10-22,213.92999267578125,216.05999755859375,211.6999969482422,214.88999938964844,204.36056518554688,22351500,0.0,0.0
2020-10-23,215.02999877929688,216.27999877929688,213.16000366210938,216.22999572753906,205.6348876953125,18879600,0.0,0.0
2020-10-26,213.85000610351562,216.33999633789062,208.10000610351562,210.0800018310547,199.78623962402344,37111600,0.0,0.0
2020-10-27,211.58999633789062,214.6699981689453,210.3300018310547,213.25,202.80091857910156,36700300,0.0,0.0
2020-10-28,207.6699981689453,208.83999633789062,202.10000610351562,202.67999267578125,192.7488250732422,51195600,0.0,0.0
2020-10-29,204.07000732421875,207.36000061035156,203.3699951171875,204.72000122070312,194.6888885498047,31432600,0.0,0.0
2020-10-30,203.5,204.2899932861328,199.6199951171875,202.47000122070312,192.54913330078125,36953700,0.0,0.0
2020-11-02,204.2899932861328,205.27999877929688,200.1199951171875,202.3300018310547,192.41604614257812,30842200,0.0,0.0
2020-11-03,203.88999938964844,208.1199951171875,203.1199951171875,206.42999267578125,196.3151092529297,27512000,0.0,0.0
2020-11-04,214.02000427246094,218.32000732421875,212.4199981689453,216.38999938964844,205.78707885742188,42311800,0.0,0.0
2020-11-05,222.0399932861328,224.1199951171875,221.14999389648438,223.2899932861328,212.34898376464844,36080100,0.0,0.0
2020-11-06,222.25999450683594,224.36000061035156,218.02999877929688,223.72000122070312,212.75790405273438,25231900,0.0,0.0
2020-11-09,224.44000244140625,228.1199951171875,217.8800048828125,218.38999938964844,207.68910217285156,44395000,0.0,0.0
2020-11-10,214.5,216.5,209.72000122070312,211.00999450683594,200.6707000732422,44045100,0.0,0.0
2020-11-11,212.38999938964844,218.0399932861328,212.1999969482422,216.5500030517578,205.93922424316406,29440800,0.0,0.0
2020-11-12,217.2100067138672,219.11000061035156,214.4600067138672,215.44000244140625,204.8836212158203,21593900,0.0,0.0
2020-11-13,216.36000061035156,217.4199981689453,214.16000366210938,216.50999450683594,205.90118408203125,18621100,0.0,0.0
2020-11-16,214.8699951171875,217.74000549316406,214.52000427246094,217.22999572753906,206.58592224121094,24953300,0.0,0.0
2020-11-17,216.10000610351562,217.67999267578125,214.0800018310547,214.4600067138672,203.95166015625,24154100,0.0,0.0
2020-11-18,213.64999389648438,215.1699981689453,210.92999267578125,211.0800018310547,201.26278686523438,28372800,0.56,0.0
2020-11-19,211.3800048828125,213.02999877929688,209.92999267578125,212.4199981689453,202.5404510498047,24792700,0.0,0.0
2020-11-20,212.1999969482422,213.2899932861328,210.0,210.38999938964844,200.60487365722656,22843100,0.0,0.0
2020-11-23,210.9499969482422,212.2899932861328,208.16000366210938,210.11000061035156,200.33795166015625,25683500,0.0,0.0
2020-11-24,209.58999633789062,214.25,208.86000061035156,213.86000061035156,203.91351318359375,33979700,0.0,0.0
2020-11-25,215.11000061035156,215.2899932861328,212.4600067138672,213.8699951171875,203.92306518554688,21012900,0.0,0.0
2020-11-27,214.85000610351562,216.27000427246094,214.0399932861328,215.22999572753906,205.21981811523438,14512200,0.0,0.0
2020-11-30,214.10000610351562,214.75999450683594,210.83999633789062,214.07000732421875,204.11376953125,33064800,0.0,0.0
2020-12-01,214.50999450683594,217.32000732421875,213.35000610351562,216.2100067138672,206.15420532226562,30904500,0.0,0.0
2020-12-02,214.8800048828125,215.47000122070312,212.8000030517578,215.3699951171875,205.35330200195312,23724500,0.0,0.0
2020-12-03,214.61000061035156,216.3800048828125,213.64999389648438,214.24000549316406,204.27586364746094,25120900,0.0,0.0
2020-12-04,214.22000122070312,215.3800048828125,213.17999267578125,214.36000061035156,204.3902587890625,24666000,0.0,0.0
2020-12-07,214.3699951171875,215.5399932861328,212.99000549316406,214.2899932861328,204.32351684570312,24620000,0.0,0.0
2020-12-08,213.97000122070312,216.9499969482422,212.88999938964844,216.00999450683594,205.9635467529297,23284100,0.0,0.0
2020-12-09,215.16000366210938,215.22999572753906,211.2100067138672,211.8000030517578,201.9492950439453,32440600,0.0,0.0
2020-12-10,211.77000427246094,213.0800018310547,210.36000061035156,210.52000427246094,200.72886657714844,26733300,0.0,0.0
2020-12-11,210.0500030517578,213.32000732421875,209.11000061035156,213.25999450683594,203.34144592285156,30979400,0.0,0.0
2020-12-14,213.10000610351562,216.2100067138672,212.8800048828125,214.1999969482422,204.2376708984375,28798400,0.0,0.0
2020-12-15,215.1699981689453,215.4199981689453,212.24000549316406,214.1300048828125,204.17095947265625,27000600,0.0,0.0
2020-12-16,214.75,220.11000061035156,214.72000122070312,219.27999877929688,209.0814208984375,35023300,0.0,0.0
2020-12-17,219.8699951171875,220.88999938964844,217.9199981689453,219.4199981689453,209.21490478515625,32515800,0.0,0.0
2020-12-18,218.58999633789062,219.69000244140625,216.02000427246094,218.58999633789062,208.42355346679688,63354900,0.0,0.0
2020-12-21,217.5500030517578,224.0,217.27999877929688,222.58999633789062,212.23745727539062,37181900,0.0,0.0
2020-12-22,222.69000244140625,225.6300048828125,221.85000610351562,223.94000244140625,213.5247039794922,22612200,0.0,0.0
2020-12-23,223.11000061035156,223.55999755859375,220.8000030517578,221.02000427246094,210.74050903320312,18699600,0.0,0.0
2020-12-24,221.4199981689453,223.61000061035156,221.1999969482422,222.75,212.3900604248047,10550600,0.0,0.0
2020-12-28,224.4499969482422,226.02999877929688,223.02000427246094,224.9600067138672,214.4972686767578,17933500,0.0,0.0
2020-12-29,226.30999755859375,227.17999267578125,223.5800018310547,224.14999389648438,213.7249298095703,17403200,0.0,0.0
2020-12-30,225.22999572753906,225.6300048828125,221.47000122070312,221.67999267578125,211.3697967529297,20272300,0.0,0.0
2020-12-31,221.6999969482422,223.0,219.67999267578125,222.4199981689453,212.0753936767578,20942100,0.0,0.0
2021-01-04,222.52999877929688,223.0,214.80999755859375,217.69000244140625,207.5653839111328,37130100,0.0,0.0
2021-01-05,217.25999450683594,218.52000427246094,215.6999969482422,217.89999389648438,207.76560974121094,23823000,0.0,0.0
2021-01-06,212.1699981689453,216.49000549316406,211.94000244140625,212.25,202.37835693359375,35930700,0.0,0.0
2021-01-07,214.0399932861328,219.33999633789062,213.7100067138672,218.2899932861328,208.13748168945312,27694500,0.0,0.0
2021-01-08,218.67999267578125,220.5800018310547,217.02999877929688,219.6199951171875,209.40560913085938,22956200,0.0,0.0
2021-01-11,218.47000122070312,218.91000366210938,216.72999572753906,217.49000549316406,207.3746795654297,23031300,0.0,0.0
2021-01-12,216.5,217.10000610351562,213.32000732421875,214.92999267578125,204.93373107910156,23249300,0.0,0.0
2021-01-13,214.02000427246094,216.75999450683594,213.92999267578125,216.33999633789062,206.27816772460938,20087100,0.0,0.0
2021-01-14,215.91000366210938,217.4600067138672,212.74000549316406,213.02000427246094,203.1125946044922,29480800,0.0,0.0
2021-01-15,213.52000427246094,214.50999450683594,212.02999877929688,212.64999389648438,202.759765625,31746500,0.0,0.0
2021-01-19,213.75,216.97999572753906,212.6300048828125,216.44000244140625,206.37351989746094,30480900,0.0,0.0
2021-01-20,217.6999969482422,225.7899932861328,217.2899932861328,224.33999633789062,213.9060821533203,37777300,0.0,0.0
2021-01-21,224.6999969482422,226.3000030517578,222.4199981689453,224.97000122070312,214.5067596435547,30709400,0.0,0.0
2021-01-22,227.0800018310547,230.07000732421875,225.8000030517578,225.9499969482422,215.4412078857422,30172700,0.0,0.0
2021-01-25,229.1199951171875,229.77999877929688,224.22000122070312,229.52999877929688,218.85472106933594,33152100,0.0,0.0
2021-01-26,231.86000061035156,234.17999267578125,230.0800018310547,232.3300018310547,221.5244598388672,49169600,0.0,0.0
2021-01-27,238.0,240.44000244140625,230.13999938964844,232.89999389648438,222.06800842285156,69870600,0.0,0.0
2021-01-28,235.61000061035156,242.63999938964844,235.08999633789062,238.92999267578125,227.81752014160156,49111200,0.0,0.0
2021-01-29,235.99000549316406,238.02000427246094,231.35000610351562,231.9600067138672,221.1716766357422,42503100,0.0,0.0
2021-02-01,235.05999755859375,242.5,232.42999267578125,239.64999389648438,228.5039825439453,33314200,0.0,0.0
2021-02-02,241.3000030517578,242.30999755859375,238.69000244140625,239.50999450683594,228.3705291748047,25916300,0.0,0.0
2021-02-03,239.57000732421875,245.08999633789062,239.25999450683594,243.0,231.6982421875,27158100,0.0,0.0
2021-02-04,242.66000366210938,243.24000549316406,240.3699951171875,242.00999450683594,230.75424194335938,25296100,0.0,0.0
2021-02-05,242.22999572753906,243.27999877929688,240.4199981689453,242.1999969482422,230.93544006347656,18054800,0.0,0.0
2021-02-08,243.14999389648438,243.67999267578125,240.80999755859375,242.47000122070312,231.19290161132812,22211900,0.0,0.0
2021-02-09,241.8699951171875,244.75999450683594,241.3800048828125,243.77000427246094,232.4324493408203,23565000,0.0,0.0
2021-02-10,245.0,245.9199981689453,240.88999938964844,242.82000732421875,231.52658081054688,22186700,0.0,0.0
2021-02-11,244.77999877929688,245.14999389648438,242.14999389648438,244.49000549316406,233.1189422607422,15751100,0.0,0.0
2021-02-12,243.92999267578125,245.3000030517578,242.72999572753906,244.99000549316406,233.5956573486328,16561100,0.0,0.0
2021-02-16,245.02999877929688,246.1300048828125,242.9199981689453,243.6999969482422,232.3656768798828,26728500,0.0,0.0
2021-02-17,241.32000732421875,244.30999755859375,240.94000244140625,244.1999969482422,233.37867736816406,21653500,0.56,0.0
2021-02-18,241.8000030517578,243.92999267578125,240.86000061035156,243.7899932861328,232.98683166503906,16925600,0.0,0.0
2021-02-19,243.75,243.86000061035156,240.17999267578125,240.97000122070312,230.29180908203125,25262600,0.0,0.0
2021-02-22,237.4199981689453,237.92999267578125,232.39999389648438,234.50999450683594,224.11810302734375,36446900,0.0,0.0
2021-02-23,230.3300018310547,234.8300018310547,228.72999572753906,233.27000427246094,222.9330291748047,30228700,0.0,0.0
2021-02-24,230.00999450683594,235.1999969482422,229.0,234.5500030517578,224.15634155273438,26339700,0.0,0.0
2021-02-25,232.0800018310547,234.58999633789062,227.8800048828125,228.99000549316406,218.8427276611328,39542200,0.0,0.0
2021-02-26,231.52999877929688,235.3699951171875,229.5399932861328,232.3800048828125,222.08250427246094,37819200,0.0,0.0
2021-03-01,235.89999389648438,237.47000122070312,233.14999389648438,236.94000244140625,226.44044494628906,25324000,0.0,0.0
2021-03-02,237.00999450683594,237.3000030517578,233.4499969482422,233.8699951171875,223.5064239501953,22812500,0.0,0.0
2021-03-03,232.16000366210938,233.5800018310547,227.25999450683594,227.55999755859375,217.47608947753906,34029500,0.0,0.0
2021-03-04,226.74000549316406,232.49000549316406,224.25999450683594,226.72999572753906,216.68284606933594,44727800,0.0,0.0
2021-03-05,229.52000427246094,233.27000427246094,226.4600067138672,231.60000610351562,221.3370361328125,41872800,0.0,0.0
2021-03-08,231.3699951171875,233.3699951171875,227.1300048828125,227.38999938964844,217.31358337402344,35267400,0.0,0.0
2021-03-09,232.8800048828125,235.3800048828125,231.6699981689453,233.77999877929688,223.4204559326172,33080500,0.0,0.0
2021-03-10,237.0,237.0,232.0399932861328,232.4199981689453,222.1206817626953,29746800,0.0,0.0
2021-03-11,234.9600067138672,239.1699981689453,234.30999755859375,237.1300048828125,226.6219940185547,29907600,0.0,0.0
2021-03-12,234.00999450683594,235.82000732421875,233.22999572753906,235.75,225.30316162109375,22653700,0.0,0.0
2021-03-15,234.9600067138672,235.19000244140625,231.80999755859375,234.80999755859375,224.40481567382812,26034900,0.0,0.0
2021-03-16,236.27999877929688,240.05999755859375,235.94000244140625,237.7100067138672,227.17630004882812,28092200,0.0,0.0
2021-03-17,236.14999389648438,238.5500030517578,233.22999572753906,237.0399932861328,226.53594970703125,29562100,0.0,0.0
2021-03-18,232.55999755859375,234.19000244140625,230.3300018310547,230.72000122070312,220.49603271484375,34833000,0.0,0.0
2021-03-19,231.02000427246094,232.47000122070312,229.35000610351562,230.35000610351562,220.1424102783203,46430700,0.0,0.0
2021-03-22,230.27000427246094,236.89999389648438,230.13999938964844,235.99000549316406,225.53250122070312,30127000,0.0,0.0
2021-03-23,237.49000549316406,241.0500030517578,237.07000732421875,237.5800018310547,227.05197143554688,31638400,0.0,0.0
2021-03-24,237.85000610351562,238.0,235.32000732421875,235.4600067138672,225.02603149414062,25620100,0.0,0.0
2021-03-25,235.3000030517578,236.94000244140625,231.57000732421875,232.33999633789062,222.0442352294922,34061900,0.0,0.0
2021-03-26,231.5500030517578,236.7100067138672,231.5500030517578,236.47999572753906,226.00076293945312,25479900,0.0,0.0
2021-03-29,236.58999633789062,236.8000030517578,231.8800048828125,235.24000549316406,224.81576538085938,25227500,0.0,0.0
2021-03-30,233.52999877929688,233.85000610351562,231.10000610351562,231.85000610351562,221.57595825195312,24792000,0.0,0.0
2021-03-31,232.91000366210938,239.10000610351562,232.38999938964844,235.77000427246094,225.32225036621094,43623500,0.0,0.0
2021-04-01,238.47000122070312,242.83999633789062,238.0500030517578,242.35000610351562,231.61068725585938,30338000,0.0,0.0
2021-04-05,242.75999450683594,249.9600067138672,242.6999969482422,249.07000732421875,238.03289794921875,36910600,0.0,0.0
2021-04-06,247.61000061035156,249.39999389648438,246.8800048828125,247.86000061035156,236.8765106201172,22931900,0.0,0.0
2021-04-07,247.80999755859375,250.92999267578125,247.19000244140625,249.89999389648438,238.8260955810547,22719800,0.0,0.0
2021-04-08,252.77000427246094,254.13999938964844,252.0,253.25,242.02764892578125,23625200,0.0,0.0
2021-04-09,252.8699951171875,255.99000549316406,252.44000244140625,255.85000610351562,244.512451171875,24326800,0.0,0.0
2021-04-12,254.7100067138672,257.6700134277344,254.6199951171875,255.91000366210938,244.56980895996094,27148700,0.0,0.0
2021-04-13,257.260009765625,259.19000244140625,256.8299865722656,258.489990234375,247.0354461669922,23837500,0.0,0.0
2021-04-14,257.4800109863281,258.8299865722656,255.16000366210938,255.58999633789062,244.2639923095703,23070900,0.0,0.0
2021-04-15,257.92999267578125,259.92999267578125,257.7300109863281,259.5,248.00071716308594,25627500,0.0,0.0
2021-04-16,259.4700012207031,261.0,257.6000061035156,260.739990234375,249.18576049804688,24878600,0.0,0.0
2021-04-19,260.19000244140625,261.4800109863281,257.82000732421875,258.739990234375,247.27435302734375,23209300,0.0,0.0
2021-04-20,257.82000732421875,260.20001220703125,256.8399963378906,258.260009765625,246.81564331054688,19722900,0.0,0.0
2021-04-21,258.94000244140625,260.67999267578125,257.25,260.5799865722656,249.03282165527344,24030400,0.0,0.0
2021-04-22,260.2099914550781,261.7799987792969,255.63999938964844,257.1700134277344,245.77395629882812,25606200,0.0,0.0
2021-04-23,257.8800048828125,261.510009765625,257.2699890136719,261.1499938964844,249.5775604248047,21462600,0.0,0.0
2021-04-26,261.6600036621094,262.44000244140625,260.1700134277344,261.54998779296875,249.95985412597656,19763300,0.0,0.0
2021-04-27,261.5799865722656,263.19000244140625,260.1199951171875,261.9700012207031,250.3612518310547,31014200,0.0,0.0
2021-04-28,256.0799865722656,256.5400085449219,252.9499969482422,254.55999755859375,243.2796173095703,46903100,0.0,0.0
2021-04-29,255.4600067138672,256.1000061035156,249.0,252.50999450683594,241.32044982910156,40589000,0.0,0.0
2021-04-30,249.74000549316406,253.0800018310547,249.60000610351562,252.17999267578125,241.0050506591797,30945100,0.0,0.0
2021-05-03,253.39999389648438,254.35000610351562,251.1199951171875,251.86000061035156,240.69927978515625,19626600,0.0,0.0
2021-05-04,250.97000122070312,251.2100067138672,245.75999450683594,247.7899932861328,236.80960083007812,32756100,0.0,0.0
2021-05-05,249.05999755859375,249.5,245.82000732421875,246.47000122070312,235.548095703125,21901300,0.0,0.0
2021-05-06,246.4499969482422,249.86000061035156,244.69000244140625,249.72999572753906,238.6636199951172,26491100,0.0,0.0
2021-05-07,252.14999389648438,254.3000030517578,251.1699981689453,252.4600067138672,241.27268981933594,27032900,0.0,0.0
2021-05-10,250.8699951171875,251.72999572753906,247.1199951171875,247.17999267578125,236.2266387939453,29299900,0.0,0.0
2021-05-11,244.5500030517578,246.60000610351562,242.57000732421875,246.22999572753906,235.31874084472656,33641600,0.0,0.0
2021-05-12,242.1699981689453,244.3800048828125,238.07000732421875,239.0,228.40914916992188,36684400,0.0,0.0
2021-05-13,241.8000030517578,245.60000610351562,241.4199981689453,243.02999877929688,232.260498046875,29624300,0.0,0.0
2021-05-14,245.5800018310547,249.17999267578125,245.49000549316406,248.14999389648438,237.15362548828125,23901100,0.0,0.0
2021-05-17,246.5500030517578,246.58999633789062,243.52000427246094,245.17999267578125,234.31524658203125,24970200,0.0,0.0
2021-05-18,246.27000427246094,246.41000366210938,242.89999389648438,243.0800018310547,232.30831909179688,20168000,0.0,0.0
2021-05-19,239.30999755859375,243.22999572753906,238.60000610351562,243.1199951171875,232.883056640625,25739800,0.56,0.0
2021-05-20,243.9600067138672,247.9499969482422,243.86000061035156,246.47999572753906,236.1016082763672,21800700,0.0,0.0
2021-05-21,247.57000732421875,248.3300018310547,244.74000549316406,245.1699981689453,234.84677124023438,21863100,0.0,0.0
2021-05-24,247.7899932861328,251.16000366210938,247.50999450683594,250.77999877929688,240.22052001953125,21411500,0.0,0.0
2021-05-25,251.77000427246094,252.75,250.82000732421875,251.72000122070312,241.12091064453125,17704300,0.0,0.0
2021-05-26,251.42999267578125,252.94000244140625,250.75,251.49000549316406,240.900634765625,17771600,0.0,0.0
2021-05-27,251.1699981689453,251.47999572753906,249.25,249.30999755859375,238.81239318847656,24426200,0.0,0.0
2021-05-28,251.0,252.0800018310547,249.55999755859375,249.67999267578125,239.1668243408203,18270200,0.0,0.0
2021-06-01,251.22999572753906,251.2899932861328,246.9600067138672,247.39999389648438,236.98281860351562,23213300,0.0,0.0
2021-06-02,248.1300048828125,249.27000427246094,245.83999633789062,247.3000030517578,236.8870849609375,19406700,0.0,0.0
2021-06-03,245.22000122070312,246.33999633789062,243.0,245.7100067138672,235.36398315429688,25307700,0.0,0.0
2021-06-04,247.75999450683594,251.64999389648438,247.50999450683594,250.7899932861328,240.23011779785156,25281100,0.0,0.0
2021-06-07,249.97999572753906,254.08999633789062,249.80999755859375,253.80999755859375,243.12295532226562,23079200,0.0,0.0
2021-06-08,255.16000366210938,256.010009765625,252.50999450683594,252.57000732421875,241.9351806640625,22455000,0.0,0.0
2021-06-09,253.80999755859375,255.52999877929688,253.2100067138672,253.58999633789062,242.91221618652344,17937600,0.0,0.0
2021-06-10,254.2899932861328,257.4599914550781,253.6699981689453,257.239990234375,246.40847778320312,24563600,0.0,0.0
2021-06-11,257.989990234375,258.489990234375,256.6099853515625,257.8900146484375,247.03115844726562,18999700,0.0,0.0
2021-06-14,257.8999938964844,259.95001220703125,256.79998779296875,259.8900146484375,248.94696044921875,19150500,0.0,0.0
2021-06-15,259.7699890136719,259.989990234375,257.67999267578125,258.3599853515625,247.4813690185547,18038900,0.0,0.0
2021-06-16,259.3999938964844,260.5799865722656,254.4199981689453,257.3800048828125,246.5426483154297,27220000,0.0,0.0
2021-06-17,256.07000732421875,261.75,256.010009765625,260.8999938964844,249.91439819335938,27565500,0.0,0.0
2021-06-18,259.6300048828125,262.29998779296875,258.75,259.42999267578125,248.5063018798828,37202200,0.0,0.0
2021-06-21,259.82000732421875,263.5199890136719,257.9200134277344,262.6300048828125,251.57150268554688,26696100,0.0,0.0
2021-06-22,262.7200012207031,265.7900085449219,262.3999938964844,265.510009765625,254.330322265625,24694100,0.0,0.0
2021-06-23,265.989990234375,266.8299865722656,264.42999267578125,265.2699890136719,254.1004638671875,19518700,0.0,0.0
2021-06-24,266.1600036621094,267.8500061035156,265.4700012207031,266.69000244140625,255.46066284179688,21446900,0.0,0.0
2021-06-25,266.2300109863281,267.25,264.760009765625,265.0199890136719,253.86093139648438,25611100,0.0,0.0
2021-06-28,266.19000244140625,268.8999938964844,265.9100036621094,268.7200012207031,257.4051208496094,19590000,0.0,0.0
2021-06-29,268.8699951171875,271.6499938964844,267.9800109863281,271.3999938964844,259.9722595214844,19937800,0.0,0.0
2021-06-30,270.69000244140625,271.3599853515625,269.6000061035156,270.8999938964844,259.493408203125,21656500,0.0,0.0
2021-07-01,269.6099853515625,271.8399963378906,269.6000061035156,271.6000061035156,260.16387939453125,16725300,0.0,0.0
2021-07-02,272.82000732421875,278.0,272.5,277.6499938964844,265.9591064453125,26458000,0.0,0.0
2021-07-06,278.0299987792969,279.3699951171875,274.29998779296875,277.6600036621094,265.9687194824219,31565600,0.0,0.0
2021-07-07,279.3999938964844,280.69000244140625,277.1499938964844,279.92999267578125,268.1431884765625,23260000,0.0,0.0
2021-07-08,276.8999938964844,278.7300109863281,274.8699951171875,277.4200134277344,265.7388000488281,24618600,0.0,0.0
2021-07-09,275.7200012207031,278.04998779296875,275.32000732421875,277.94000244140625,266.2368469238281,23916700,0.0,0.0
2021-07-12,279.1600036621094,279.7699890136719,276.5799865722656,277.32000732421875,265.6430358886719,18931700,0.0,0.0
2021-07-13,277.5199890136719,282.8500061035156,277.3900146484375,280.9800109863281,269.14892578125,26120100,0.0,0.0
2021-07-14,282.3500061035156,283.6600036621094,280.54998779296875,282.510009765625,270.6145324707031,23113700,0.0,0.0
2021-07-15,282.0,282.510009765625,279.8299865722656,281.0299987792969,269.19671630859375,22604200,0.0,0.0
2021-07-16,282.07000732421875,284.1000061035156,279.4599914550781,280.75,268.92864990234375,26186800,0.0,0.0
2021-07-19,278.92999267578125,280.3699951171875,274.45001220703125,277.010009765625,265.34600830078125,32935600,0.0,0.0
2021-07-20,278.0299987792969,280.9700012207031,276.260009765625,279.32000732421875,267.55889892578125,26259700,0.0,0.0
2021-07-21,278.8999938964844,281.5199890136719,277.2900085449219,281.3999938964844,269.5511779785156,24364300,0.0,0.0
2021-07-22,283.8399963378906,286.4200134277344,283.4200134277344,286.1400146484375,274.09161376953125,23384100,0.0,0.0
2021-07-23,287.3699951171875,289.989990234375,286.5,289.6700134277344,277.4730224609375,22768100,0.0,0.0
2021-07-26,289.0,289.69000244140625,286.6400146484375,289.04998779296875,276.87921142578125,23176100,0.0,0.0
2021-07-27,289.42999267578125,289.5799865722656,282.95001220703125,286.5400085449219,274.474853515625,33604100,0.0,0.0
2021-07-28,288.989990234375,290.1499938964844,283.8299865722656,286.2200012207031,274.1683349609375,33566900,0.0,0.0
2021-07-29,286.239990234375,288.6199951171875,286.0799865722656,286.5,274.43646240234375,18168300,0.0,0.0
2021-07-30,285.1700134277344,286.6600036621094,283.9100036621094,284.9100036621094,272.9134216308594,20944800,0.0,0.0
2021-08-02,286.3599853515625,286.7699890136719,283.739990234375,284.82000732421875,272.82720947265625,16267400,0.0,0.0
2021-08-03,285.4200134277344,287.2300109863281,284.0,287.1199951171875,275.0303649902344,17879000,0.0,0.0
2021-08-04,286.2200012207031,287.5899963378906,284.6499938964844,286.510009765625,274.4460144042969,16191300,0.0,0.0
2021-08-05,286.8800048828125,289.6300048828125,286.1000061035156,289.5199890136719,277.3293151855469,13900200,0.0,0.0
2021-08-06,288.510009765625,289.5,287.6199951171875,289.4599914550781,277.2718505859375,16589300,0.0,0.0
2021-08-09,289.75,291.54998779296875,287.80999755859375,288.3299865722656,276.1893310546875,16117600,0.0,0.0
2021-08-10,288.79998779296875,289.25,285.20001220703125,286.44000244140625,274.3789978027344,18616600,0.0,0.0
2021-08-11,287.2099914550781,288.6600036621094,285.8599853515625,286.95001220703125,274.8675537109375,13955900,0.0,0.0
2021-08-12,286.6300048828125,289.9700012207031,286.3399963378906,289.80999755859375,277.6070861816406,14561300,0.0,0.0
2021-08-13,289.4800109863281,292.8999938964844,289.29998779296875,292.8500061035156,280.51910400390625,18249000,0.0,0.0
2021-08-16,293.19000244140625,294.82000732421875,290.0199890136719,294.6000061035156,282.1954345703125,22507600,0.0,0.0
2021-08-17,292.3900146484375,293.42999267578125,291.0799865722656,293.0799865722656,280.7393493652344,20075300,0.0,0.0
2021-08-18,292.0400085449219,294.82000732421875,290.2699890136719,290.7300109863281,279.0215148925781,21813000,0.56,0.0
2021-08-19,288.69000244140625,297.4700012207031,288.6400146484375,296.7699890136719,284.8182373046875,29850500,0.0,0.0
2021-08-20,299.7200012207031,305.8399963378906,298.05999755859375,304.3599853515625,292.1025390625,40817600,0.0,0.0
2021-08-23,303.25,305.3999938964844,301.8500061035156,304.6499938964844,292.3809509277344,22830200,0.0,0.0
2021-08-24,305.0199890136719,305.6499938964844,302.0,302.6199951171875,290.4326477050781,18175800,0.0,0.0
2021-08-25,304.29998779296875,304.5899963378906,300.4200134277344,302.010009765625,289.8472595214844,20006100,0.0,0.0
2021-08-26,300.989990234375,302.42999267578125,298.95001220703125,299.0899963378906,287.0447692871094,17666100,0.0,0.0
2021-08-27,298.989990234375,300.8699951171875,296.8299865722656,299.7200012207031,287.6494140625,22605700,0.0,0.0
2021-08-30,301.1199951171875,304.2200012207031,301.05999755859375,303.5899963378906,291.3636474609375,16348100,0.0,0.0
2021-08-31,304.4200134277344,304.5,301.5,301.8800048828125,289.7225341796875,26285300,0.0,0.0
2021-09-01,302.8699951171875,305.19000244140625,301.489990234375,301.8299865722656,289.6744689941406,18983800,0.0,0.0
2021-09-02,302.20001220703125,303.3599853515625,300.17999267578125,301.1499938964844,289.0218200683594,16285600,0.0,0.0
2021-09-03,300.989990234375,302.6000061035156,300.260009765625,301.1400146484375,289.01226806640625,14747900,0.0,0.0
2021-09-07,301.010009765625,301.0899963378906,298.20001220703125,300.17999267578125,288.0908508300781,17180400,0.0,0.0
2021-09-08,299.7799987792969,300.6099853515625,297.4700012207031,300.2099914550781,288.1197204589844,15046800,0.0,0.0
2021-09-09,300.82000732421875,302.1400146484375,297.0,297.25,285.2789611816406,19927000,0.0,0.0
2021-09-10,298.4200134277344,299.9200134277344,295.3800048828125,295.7099914550781,283.8009948730469,19633400,0.0,0.0
2021-09-13,297.54998779296875,298.5400085449219,294.0799865722656,296.989990234375,285.0294189453125,23652900,0.0,0.0
2021-09-14,299.55999755859375,301.3900146484375,298.1000061035156,299.7900085449219,287.7166748046875,21853400,0.0,0.0
2021-09-15,303.260009765625,305.32000732421875,301.82000732421875,304.82000732421875,292.5440368652344,28356300,0.0,0.0
2021-09-16,303.760009765625,305.30999755859375,300.760009765625,305.2200012207031,292.927978515625,19550800,0.0,0.0
2021-09-17,304.1700134277344,304.5,299.5299987792969,299.8699951171875,287.7933654785156,41372500,0.0,0.0
2021-09-20,296.3299865722656,298.7200012207031,289.5199890136719,294.29998779296875,282.4477844238281,38278700,0.0,0.0
2021-09-21,295.69000244140625,297.5400085449219,294.07000732421875,294.79998779296875,282.9275817871094,22364100,0.0,0.0
2021-09-22,296.7300109863281,300.2200012207031,294.510009765625,298.5799865722656,286.5552978515625,26626300,0.0,0.0
2021-09-23,298.8500061035156,300.8999938964844,297.5299987792969,299.55999755859375,287.4959716796875,18604600,0.0,0.0
2021-09-24,298.2300109863281,299.79998779296875,296.92999267578125,299.3500061035156,287.2943420410156,14999000,0.0,0.0
2021-09-27,296.1400146484375,296.4700012207031,292.94000244140625,294.1700134277344,282.3229675292969,23571700,0.0,0.0
2021-09-28,289.79998779296875,290.7799987792969,282.75,283.5199890136719,272.10186767578125,43186200,0.0,0.0
2021-09-29,285.1000061035156,286.7699890136719,283.010009765625,284.0,272.5625305175781,26353700,0.0,0.0
2021-09-30,285.7099914550781,287.8299865722656,281.6199951171875,281.9200134277344,270.5663757324219,32343600,0.0,0.0
2021-10-01,282.1199951171875,289.9800109863281,281.2900085449219,289.1000061035156,277.4571533203125,30086300,0.0,0.0
2021-10-04,287.3999938964844,287.75,280.25,283.1099853515625,271.7083435058594,31350700,0.0,0.0
2021-10-05,284.04998779296875,290.3999938964844,284.04998779296875,288.760009765625,277.130859375,24993000,0.0,0.0
2021-10-06,285.7799987792969,293.6300048828125,285.510009765625,293.1099853515625,281.30560302734375,28002600,0.0,0.0
2021-10-07,295.17999267578125,296.6400146484375,293.9200134277344,294.8500061035156,282.9755859375,20430500,0.0,0.0
2021-10-08,296.2200012207031,296.6400146484375,293.760009765625,294.8500061035156,282.9755859375,17685700,0.0,0.0
2021-10-11,292.9200134277344,297.9700012207031,292.75,294.2300109863281,282.3805847167969,19298600,0.0,0.0
2021-10-12,295.3399963378906,295.44000244140625,292.3500061035156,292.8800048828125,281.0849304199219,17974100,0.0,0.0
2021-10-13,294.9100036621094,297.2799987792969,293.489990234375,296.30999755859375,284.37677001953125,23416300,0.0,0.0
2021-10-14,299.2099914550781,303.2699890136719,297.8299865722656,302.75,290.55743408203125,27262900,0.0,0.0
2021-10-15,302.3399963378906,304.45001220703125,300.5199890136719,304.2099914550781,291.9586486816406,25384800,0.0,0.0
2021-10-18,303.57000732421875,308.2099914550781,302.69000244140625,307.2900085449219,294.91455078125,22729300,0.0,0.0
2021-10-19,308.3500061035156,309.29998779296875,307.2200012207031,308.2300109863281,295.8167419433594,17682100,0.0,0.0
2021-10-20,309.2099914550781,309.70001220703125,306.1099853515625,307.4100036621094,295.02978515625,16537100,0.0,0.0
2021-10-21,307.1700134277344,311.0199890136719,306.3599853515625,310.760009765625,298.2448425292969,16918100,0.0,0.0
2021-10-22,310.3999938964844,311.0899963378906,307.79998779296875,309.1600036621094,296.709228515625,17449300,0.0,0.0
2021-10-25,309.3599853515625,309.3999938964844,306.4599914550781,308.1300048828125,295.7207946777344,17554500,0.0,0.0
2021-10-26,311.0,312.3999938964844,308.6000061035156,310.1099853515625,297.6209716796875,28107300,0.0,0.0
2021-10-27,316.0,326.1000061035156,316.0,323.1700134277344,310.15521240234375,52588700,0.0,0.0
2021-10-28,324.3299865722656,324.8699951171875,321.3599853515625,324.3500061035156,311.28759765625,26297900,0.0,0.0
2021-10-29,324.1300048828125,332.0,323.8999938964844,331.6199951171875,318.2647705078125,34766000,0.0,0.0
2021-11-01,331.3599853515625,331.489990234375,326.3699951171875,329.3699951171875,316.1053771972656,27073200,0.0,0.0
2021-11-02,330.30999755859375,333.45001220703125,330.0,333.1300048828125,319.7139892578125,26487100,0.0,0.0
2021-11-03,333.8999938964844,334.8999938964844,330.6499938964844,334.0,320.5489196777344,21500100,0.0,0.0
2021-11-04,332.8900146484375,336.5400085449219,329.510009765625,336.44000244140625,322.89068603515625,23992200,0.0,0.0
2021-11-05,338.510009765625,338.7900085449219,334.4200134277344,336.05999755859375,322.5259094238281,22570100,0.0,0.0
2021-11-08,337.29998779296875,337.6499938964844,334.44000244140625,336.989990234375,323.41845703125,20897000,0.0,0.0
2021-11-09,337.1099853515625,338.7200012207031,334.5299987792969,335.95001220703125,322.42047119140625,21307400,0.0,0.0
2021-11-10,334.57000732421875,334.6300048828125,329.9200134277344,330.79998779296875,317.477783203125,25500900,0.0,0.0
2021-11-11,331.25,333.7699890136719,330.510009765625,332.42999267578125,319.0420837402344,16849800,0.0,0.0
2021-11-12,333.9200134277344,337.2300109863281,333.7900085449219,336.7200012207031,323.15936279296875,23831000,0.0,0.0
2021-11-15,337.5400085449219,337.8800048828125,334.0299987792969,336.07000732421875,322.5355529785156,16723000,0.0,0.0
2021-11-16,335.67999267578125,340.6700134277344,335.510009765625,339.510009765625,325.8370361328125,20886800,0.0,0.0
2021-11-17,338.94000244140625,342.19000244140625,338.0,339.1199951171875,326.05816650390625,19053400,0.62,0.0
2021-11-18,338.17999267578125,342.45001220703125,337.1199951171875,341.2699890136719,328.1253967285156,22463500,0.0,0.0
2021-11-19,342.6400146484375,345.1000061035156,342.20001220703125,343.1099853515625,329.8945007324219,21963400,0.0,0.0
2021-11-22,344.6199951171875,349.6700134277344,339.54998779296875,339.8299865722656,326.74078369140625,31031100,0.0,0.0
2021-11-23,337.04998779296875,339.45001220703125,333.55999755859375,337.67999267578125,324.673583984375,30427600,0.0,0.0
2021-11-24,336.2799987792969,338.1600036621094,333.9100036621094,337.9100036621094,324.8948059082031,21661300,0.0,0.0
2021-11-26,334.3500061035156,337.92999267578125,328.1199951171875,329.67999267578125,316.98175048828125,24217200,0.0,0.0
2021-11-29,334.94000244140625,339.0299987792969,334.739990234375,336.6300048828125,323.6640625,28563500,0.0,0.0
2021-11-30,335.32000732421875,337.7799987792969,328.989990234375,330.5899963378906,317.85675048828125,42885600,0.0,0.0
2021-12-01,335.1300048828125,339.2799987792969,329.3900146484375,330.0799865722656,317.3663330078125,33337600,0.0,0.0
2021-12-02,330.29998779296875,333.489990234375,327.79998779296875,329.489990234375,316.799072265625,30766000,0.0,0.0
2021-12-03,331.989990234375,332.70001220703125,318.0299987792969,323.010009765625,310.56866455078125,41779300,0.0,0.0
2021-12-06,323.95001220703125,327.45001220703125,319.2300109863281,326.19000244140625,313.62615966796875,30032600,0.0,0.0
2021-12-07,331.6400146484375,335.79998779296875,330.1000061035156,334.9200134277344,322.0199279785156,31021900,0.0,0.0
2021-12-08,335.30999755859375,335.5,330.79998779296875,334.9700012207031,322.0679931640625,24761000,0.0,0.0
2021-12-09,334.4100036621094,336.489990234375,332.1199951171875,333.1000061035156,320.2700500488281,22214200,0.0,0.0
2021-12-10,334.9800109863281,343.0,334.7900085449219,342.5400085449219,329.3464660644531,38095700,0.0,0.0
2021-12-13,340.67999267578125,343.7900085449219,339.0799865722656,339.3999938964844,326.327392578125,28899400,0.0,0.0
2021-12-14,333.2200012207031,334.6400146484375,324.1099853515625,328.3399963378906,315.693359375,44438700,0.0,0.0
2021-12-15,328.6099853515625,335.19000244140625,324.5,334.6499938964844,321.7602844238281,35381100,0.0,0.0
2021-12-16,335.7099914550781,336.760009765625,323.0199890136719,324.8999938964844,312.3858337402344,35034800,0.0,0.0
2021-12-17,320.8800048828125,324.9200134277344,317.25,323.79998779296875,311.3282165527344,47750300,0.0,0.0
2021-12-20,320.04998779296875,322.79998779296875,317.57000732421875,319.9100036621094,307.588134765625,28326500,0.0,0.0
2021-12-21,323.2900085449219,327.7300109863281,319.79998779296875,327.2900085449219,314.6838073730469,24740600,0.0,0.0
2021-12-22,328.29998779296875,333.6099853515625,325.75,333.20001220703125,320.36614990234375,24831500,0.0,0.0
2021-12-23,332.75,336.3900146484375,332.7300109863281,334.69000244140625,321.7987976074219,19617800,0.0,0.0
2021-12-27,335.4599914550781,342.4800109863281,335.42999267578125,342.45001220703125,329.2598876953125,19947000,0.0,0.0
2021-12-28,343.1499938964844,343.80999755859375,340.32000732421875,341.25,328.10614013671875,15661500,0.0,0.0
2021-12-29,341.29998779296875,344.29998779296875,339.67999267578125,341.95001220703125,328.7792053222656,15042000,0.0,0.0
2021-12-30,341.9100036621094,343.1300048828125,338.82000732421875,339.32000732421875,326.25042724609375,15994500,0.0,0.0
2021-12-31,338.510009765625,339.3599853515625,335.8500061035156,336.32000732421875,323.3660888671875,18000800,0.0,0.0
2022-01-03,335.3500061035156,338.0,329.7799987792969,334.75,321.85650634765625,28865100,0.0,0.0
2022-01-04,334.8299865722656,335.20001220703125,326.1199951171875,329.010009765625,316.33758544921875,32674300,0.0,0.0
2022-01-05,325.8599853515625,326.07000732421875,315.9800109863281,316.3800048828125,304.194091796875,40054300,0.0,0.0
2022-01-06,313.1499938964844,318.70001220703125,311.489990234375,313.8800048828125,301.790283203125,39646100,0.0,0.0
2022-01-07,314.1499938964844,316.5,310.0899963378906,314.0400085449219,301.94415283203125,32720000,0.0,0.0
2022-01-10,309.489990234375,314.7200012207031,304.69000244140625,314.2699890136719,302.16534423828125,44289500,0.0,0.0
2022-01-11,313.3800048828125,316.6099853515625,309.8900146484375,314.9800109863281,302.8480224609375,29386800,0.0,0.0
2022-01-12,319.6700134277344,323.4100036621094,317.0799865722656,318.2699890136719,306.01123046875,34372200,0.0,0.0
2022-01-13,320.4700012207031,320.8800048828125,304.0,304.79998779296875,293.0600280761719,45366000,0.0,0.0
2022-01-14,304.25,310.82000732421875,303.75,310.20001220703125,298.2521057128906,39846400,0.0,0.0
2022-01-18,304.07000732421875,309.79998779296875,301.739990234375,302.6499938964844,290.99285888671875,42333200,0.0,0.0
2022-01-19,306.2900085449219,313.9100036621094,302.70001220703125,303.3299865722656,291.64666748046875,45933900,0.0,0.0
2022-01-20,309.07000732421875,311.6499938964844,301.1400146484375,301.6000061035156,289.9833068847656,35380700,0.0,0.0
2022-01-21,302.69000244140625,304.1099853515625,295.6099853515625,296.0299987792969,284.6278076171875,57984400,0.0,0.0
2022-01-24,292.20001220703125,297.1099853515625,276.04998779296875,296.3699951171875,284.95477294921875,85731500,0.0,0.0
2022-01-25,291.5199890136719,294.989990234375,285.1700134277344,288.489990234375,277.3782043457031,72848600,0.0,0.0
2022-01-26,307.989990234375,308.5,293.0299987792969,296.7099914550781,285.2817077636719,90428900,0.0,0.0
2022-01-27,302.6600036621094,307.29998779296875,297.92999267578125,299.8399963378906,288.2910461425781,53481300,0.0,0.0
2022-01-28,300.2300109863281,308.4800109863281,294.45001220703125,308.260009765625,296.3868103027344,49743700,0.0,0.0
2022-01-31,308.95001220703125,312.3800048828125,306.3699951171875,310.9800109863281,299.0019836425781,46444500,0.0,0.0
2022-02-01,310.4100036621094,310.6300048828125,305.1300048828125,308.760009765625,296.8675537109375,40950400,0.0,0.0
2022-02-02,309.6300048828125,315.1199951171875,308.8800048828125,313.4599914550781,301.386474609375,36636000,0.0,0.0
2022-02-03,309.489990234375,311.2300109863281,299.9599914550781,301.25,289.6467590332031,43730000,0.0,0.0
2022-02-04,300.2099914550781,308.79998779296875,299.9700012207031,305.94000244140625,294.1560974121094,35096500,0.0,0.0
2022-02-07,306.1700134277344,307.8399963378906,299.8999938964844,300.95001220703125,289.35833740234375,28533300,0.0,0.0
2022-02-08,301.25,305.55999755859375,299.95001220703125,304.55999755859375,292.82928466796875,32421200,0.0,0.0
2022-02-09,309.8699951171875,311.92999267578125,307.3900146484375,311.2099914550781,299.2231750488281,31284700,0.0,0.0
2022-02-10,304.0400085449219,309.1199951171875,300.70001220703125,302.3800048828125,290.7333068847656,45386200,0.0,0.0
2022-02-11,303.19000244140625,304.2900085449219,294.2200012207031,295.0400085449219,283.67596435546875,39175600,0.0,0.0
2022-02-14,293.7699890136719,296.760009765625,291.3500061035156,295.0,283.6374816894531,36359500,0.0,0.0
2022-02-15,300.010009765625,300.79998779296875,297.0199890136719,300.4700012207031,288.8968200683594,27058300,0.0,0.0
2022-02-16,298.3699951171875,300.8699951171875,293.67999267578125,299.5,288.5595397949219,29982100,0.62,0.0
2022-02-17,296.3599853515625,296.79998779296875,290.0,290.7300109863281,280.1099548339844,32461600,0.0,0.0
2022-02-18,293.04998779296875,293.8599853515625,286.30999755859375,287.92999267578125,277.4122314453125,34264000,0.0,0.0
2022-02-22,285.0,291.5400085449219,284.5,287.7200012207031,277.20989990234375,41736100,0.0,0.0
2022-02-23,290.17999267578125,291.70001220703125,280.1000061035156,280.2699890136719,270.0320739746094,37811200,0.0,0.0
2022-02-24,272.510009765625,295.1600036621094,271.5199890136719,294.5899963378906,283.8290100097656,56989700,0.0,0.0
2022-02-25,295.1400146484375,297.6300048828125,291.6499938964844,297.30999755859375,286.4495544433594,32546700,0.0,0.0
2022-02-28,294.30999755859375,299.1400146484375,293.0,298.7900085449219,287.87554931640625,34627500,0.0,0.0
2022-03-01,296.3999938964844,299.9700012207031,292.1499938964844,294.95001220703125,284.1758728027344,31217800,0.0,0.0
2022-03-02,295.3599853515625,301.4700012207031,293.70001220703125,300.19000244140625,289.2244567871094,31873000,0.0,0.0
2022-03-03,302.8900146484375,303.1300048828125,294.04998779296875,295.9200134277344,285.11041259765625,27314500,0.0,0.0
2022-03-04,294.2900085449219,295.6600036621094,287.1700134277344,289.8599853515625,279.2717590332031,32356500,0.0,0.0
2022-03-07,288.5299987792969,289.69000244140625,278.5299987792969,278.9100036621094,268.7216796875,43157200,0.0,0.0
2022-03-08,277.79998779296875,283.9599914550781,270.0,275.8500061035156,265.7735290527344,48159500,0.0,0.0
2022-03-09,283.44000244140625,289.6000061035156,280.7799987792969,288.5,277.9614562988281,35204500,0.0,0.0
2022-03-10,283.0199890136719,286.6000061035156,280.5799865722656,285.5899963378906,275.15777587890625,30628000,0.0,0.0
2022-03-11,287.9599914550781,289.510009765625,279.42999267578125,280.07000732421875,269.83935546875,27209300,0.0,0.0
2022-03-14,280.3399963378906,285.3999938964844,275.82000732421875,276.44000244140625,266.34197998046875,30660700,0.0,0.0
2022-03-15,280.3500061035156,287.82000732421875,278.7300109863281,287.1499938964844,276.6607360839844,34245100,0.0,0.0
2022-03-16,289.1099853515625,294.57000732421875,283.20001220703125,294.3900146484375,283.6363525390625,37826300,0.0,0.0
2022-03-17,293.2900085449219,295.6099853515625,289.3699951171875,295.2200012207031,284.43597412109375,30816600,0.0,0.0
2022-03-18,295.3699951171875,301.0,292.7300109863281,300.42999267578125,289.4555969238281,43390600,0.0,0.0
2022-03-21,298.8900146484375,300.1400146484375,294.8999938964844,299.1600036621094,288.2320251464844,28351200,0.0,0.0
2022-03-22,299.79998779296875,305.0,298.7699890136719,304.05999755859375,292.9530334472656,27599700,0.0,0.0
2022-03-23,300.510009765625,303.2300109863281,297.7200012207031,299.489990234375,288.54998779296875,25715400,0.0,0.0
2022-03-24,299.1400146484375,304.20001220703125,298.32000732421875,304.1000061035156,292.9916076660156,24484500,0.0,0.0
2022-03-25,305.2300109863281,305.5,299.2900085449219,303.67999267578125,292.5869445800781,22566500,0.0,0.0
2022-03-28,304.3299865722656,310.79998779296875,304.3299865722656,310.70001220703125,299.3504943847656,29578200,0.0,0.0
2022-03-29,313.9100036621094,315.82000732421875,309.04998779296875,315.4100036621094,303.888427734375,30393400,0.0,0.0
2022-03-30,313.760009765625,315.95001220703125,311.5799865722656,313.8599853515625,302.39508056640625,28163600,0.0,0.0
2022-03-31,313.8999938964844,315.1400146484375,307.8900146484375,308.30999755859375,297.0477294921875,33422100,0.0,0.0
2022-04-01,309.3699951171875,310.1300048828125,305.5400085449219,309.4200134277344,298.1173095703125,27110500,0.0,0.0
2022-04-04,310.0899963378906,315.1099853515625,309.7099914550781,314.9700012207031,303.4644470214844,24289600,0.0,0.0
2022-04-05,313.2699890136719,314.8699951171875,309.8699951171875,310.8800048828125,299.52392578125,23156700,0.0,0.0
2022-04-06,305.19000244140625,307.0,296.7099914550781,299.5,288.5595397949219,40110400,0.0,0.0
2022-04-07,296.6600036621094,303.6499938964844,296.3500061035156,301.3699951171875,290.3612976074219,31411200,0.0,0.0
2022-04-08,300.44000244140625,301.1199951171875,296.2799987792969,296.9700012207031,286.12200927734375,24361900,0.0,0.0
2022-04-11,291.7900085449219,292.6099853515625,285.0,285.260009765625,274.83978271484375,34569300,0.0,0.0
2022-04-12,289.239990234375,290.739990234375,280.489990234375,282.05999755859375,271.7566223144531,30966700,0.0,0.0
2022-04-13,282.7300109863281,288.5799865722656,281.29998779296875,287.6199951171875,277.11358642578125,21907200,0.0,0.0
2022-04-14,288.0899963378906,288.30999755859375,279.32000732421875,279.8299865722656,269.608154296875,28221600,0.0,0.0
2022-04-18,278.9100036621094,282.4599914550781,278.3399963378906,280.5199890136719,270.27294921875,20778000,0.0,0.0
2022-04-19,279.3800048828125,286.1700134277344,278.4100036621094,285.29998779296875,274.8782958984375,22297700,0.0,0.0
2022-04-20,289.3999938964844,289.70001220703125,285.3699951171875,286.3599853515625,275.8995361328125,22906700,0.0,0.0
2022-04-21,288.5799865722656,293.29998779296875,280.05999755859375,280.80999755859375,270.55230712890625,29454600,0.0,0.0
2022-04-22,281.67999267578125,283.20001220703125,273.3800048828125,274.0299987792969,264.0199279785156,29405800,0.0,0.0
2022-04-25,273.2900085449219,281.1099853515625,270.7699890136719,280.7200012207031,270.46563720703125,35678900,0.0,0.0
2022-04-26,277.5,278.3599853515625,270.0,270.2200012207031,260.34918212890625,46518400,0.0,0.0
2022-04-27,282.1000061035156,290.9700012207031,279.1600036621094,283.2200012207031,272.874267578125,63477700,0.0,0.0
2022-04-28,285.19000244140625,290.9800109863281,281.4599914550781,289.6300048828125,279.0501403808594,33646600,0.0,0.0
2022-04-29,288.6099853515625,289.8800048828125,276.5,277.5199890136719,267.382568359375,37073900,0.0,0.0
2022-05-02,277.7099914550781,284.94000244140625,276.2200012207031,284.4700012207031,274.07861328125,35151100,0.0,0.0
2022-05-03,283.9599914550781,284.1300048828125,280.1499938964844,281.7799987792969,271.4869079589844,25978600,0.0,0.0
2022-05-04,282.5899963378906,290.8800048828125,276.7300109863281,289.9800109863281,279.3874206542969,33599300,0.0,0.0
2022-05-05,285.5400085449219,286.3500061035156,274.3399963378906,277.3500061035156,267.2187805175781,43260400,0.0,0.0
2022-05-06,274.80999755859375,279.25,271.2699890136719,274.7300109863281,264.6944274902344,37780300,0.0,0.0
2022-05-09,270.05999755859375,272.3599853515625,263.32000732421875,264.5799865722656,254.91517639160156,47726000,0.0,0.0
2022-05-10,271.69000244140625,273.75,265.07000732421875,269.5,259.6556091308594,39336400,0.0,0.0
2022-05-11,265.67999267578125,271.3599853515625,259.29998779296875,260.54998779296875,251.03236389160156,48975900,0.0,0.0
2022-05-12,257.69000244140625,259.8800048828125,250.02000427246094,255.35000610351562,246.0223846435547,51033800,0.0,0.0
2022-05-13,257.3500061035156,263.0400085449219,255.35000610351562,261.1199951171875,251.58155822753906,34925100,0.0,0.0
2022-05-16,259.9599914550781,265.82000732421875,255.77999877929688,261.5,251.94773864746094,32550900,0.0,0.0
2022-05-17,266.1099853515625,268.3299865722656,262.4599914550781,266.82000732421875,257.0733947753906,28828800,0.0,0.0
2022-05-18,263.0,263.6000061035156,252.77000427246094,254.0800018310547,245.36891174316406,31356000,0.62,0.0
2022-05-19,253.89999389648438,257.6700134277344,251.8800048828125,253.13999938964844,244.4611358642578,32692300,0.0,0.0
2022-05-20,257.239990234375,258.5400085449219,246.44000244140625,252.55999755859375,243.9010467529297,39199300,0.0,0.0
2022-05-23,255.49000549316406,261.5,253.42999267578125,260.6499938964844,251.71363830566406,33175400,0.0,0.0
2022-05-24,257.8900146484375,261.3299865722656,253.5,259.6199951171875,250.718994140625,29043900,0.0,0.0
2022-05-25,258.1400146484375,264.5799865722656,257.1300048828125,262.5199890136719,253.5195770263672,28547900,0.0,0.0
2022-05-26,262.2699890136719,267.1099853515625,261.42999267578125,265.8999938964844,256.7836608886719,25002100,0.0,0.0
2022-05-27,268.4800109863281,273.3399963378906,267.55999755859375,273.239990234375,263.87200927734375,26910800,0.0,0.0
2022-05-31,272.5299987792969,274.7699890136719,268.92999267578125,271.8699951171875,262.5489807128906,37827700,0.0,0.0
2022-06-01,275.20001220703125,277.69000244140625,270.0400085449219,272.4200134277344,263.08013916015625,25292200,0.0,0.0
2022-06-02,264.45001220703125,274.6499938964844,261.6000061035156,274.5799865722656,265.16607666015625,44008200,0.0,0.0
2022-06-03,270.30999755859375,273.45001220703125,268.4100036621094,270.0199890136719,260.7623596191406,28059000,0.0,0.0
2022-06-06,272.05999755859375,274.17999267578125,267.2200012207031,268.75,259.535888671875,22400300,0.0,0.0
2022-06-07,266.6400146484375,273.1300048828125,265.94000244140625,272.5,263.1573181152344,22860700,0.0,0.0
2022-06-08,271.7099914550781,273.0,269.6099853515625,270.4100036621094,261.1390380859375,17372300,0.0,0.0
2022-06-09,267.7799987792969,272.7099914550781,264.6300048828125,264.7900085449219,255.7117462158203,26439700,0.0,0.0
2022-06-10,260.5799865722656,260.5799865722656,252.52999877929688,252.99000549316406,244.31631469726562,31422800,0.0,0.0
2022-06-13,245.11000061035156,249.02000427246094,241.52999877929688,242.25999450683594,233.95413208007812,46135800,0.0,0.0
2022-06-14,243.86000061035156,245.74000549316406,241.50999450683594,244.49000549316406,236.10772705078125,28651500,0.0,0.0
2022-06-15,248.30999755859375,255.3000030517578,246.4199981689453,251.75999450683594,243.1284637451172,33111700,0.0,0.0
2022-06-16,245.97999572753906,247.4199981689453,243.02000427246094,244.97000122070312,236.57122802734375,33169200,0.0,0.0
2022-06-17,244.6999969482422,250.5,244.02999877929688,247.64999389648438,239.15936279296875,43084800,0.0,0.0
2022-06-21,250.25999450683594,254.75,249.50999450683594,253.74000549316406,245.04058837890625,29928300,0.0,0.0
2022-06-22,251.88999938964844,257.1700134277344,250.3699951171875,253.1300048828125,244.4514923095703,25939900,0.0,0.0
2022-06-23,255.57000732421875,259.3699951171875,253.6300048828125,258.8599853515625,249.9850311279297,25861400,0.0,0.0
2022-06-24,261.80999755859375,267.9800109863281,261.7200012207031,267.70001220703125,258.5219421386719,33923200,0.0,0.0
2022-06-27,268.2099914550781,268.29998779296875,263.2799987792969,264.8900146484375,255.80836486816406,24615100,0.0,0.0
2022-06-28,263.9800109863281,266.9100036621094,256.32000732421875,256.4800109863281,247.6866455078125,27295500,0.0,0.0
2022-06-29,257.5899963378906,261.9700012207031,255.75999450683594,260.260009765625,251.33702087402344,20069800,0.0,0.0
2022-06-30,257.04998779296875,259.5299987792969,252.89999389648438,256.8299865722656,248.02462768554688,31730900,0.0,0.0
2022-07-01,256.3900146484375,259.7699890136719,254.61000061035156,259.5799865722656,250.6803436279297,22837700,0.0,0.0
2022-07-05,256.1600036621094,262.9800109863281,254.74000549316406,262.8500061035156,253.83819580078125,22941000,0.0,0.0
2022-07-06,263.75,267.989990234375,262.3999938964844,266.2099914550781,257.08306884765625,23824400,0.0,0.0
2022-07-07,265.1199951171875,269.05999755859375,265.0199890136719,268.3999938964844,259.19793701171875,20859900,0.0,0.0
2022-07-08,264.7900085449219,268.1000061035156,263.2900085449219,267.6600036621094,258.4834289550781,19658800,0.0,0.0
2022-07-11,265.6499938964844,266.5299987792969,262.17999267578125,264.510009765625,255.4413299560547,19455200,0.0,0.0
2022-07-12,265.8800048828125,265.94000244140625,252.0399932861328,253.6699981689453,244.97299194335938,35868500,0.0,0.0
2022-07-13,250.19000244140625,253.5500030517578,248.11000061035156,252.72000122070312,244.05552673339844,29497400,0.0,0.0
2022-07-14,250.57000732421875,255.13999938964844,245.94000244140625,254.0800018310547,245.36891174316406,25102800,0.0,0.0
2022-07-15,255.72000122070312,260.3699951171875,254.77000427246094,256.7200012207031,247.91839599609375,29774100,0.0,0.0
2022-07-18,259.75,260.8399963378906,253.3000030517578,254.25,245.5330810546875,20975000,0.0,0.0
2022-07-19,257.5799865722656,259.7200012207031,253.67999267578125,259.5299987792969,250.63206481933594,25012600,0.0,0.0
2022-07-20,259.8999938964844,264.8699951171875,258.9100036621094,262.2699890136719,253.27809143066406,22788300,0.0,0.0
2022-07-21,259.7900085449219,264.8900146484375,257.0299987792969,264.8399963378906,255.760009765625,22404700,0.0,0.0
2022-07-22,265.239990234375,265.3299865722656,259.07000732421875,260.3599853515625,251.43357849121094,21881300,0.0,0.0
2022-07-25,261.0,261.5,256.80999755859375,258.8299865722656,249.95603942871094,21056000,0.0,0.0
2022-07-26,259.8599853515625,259.8800048828125,249.57000732421875,251.89999389648438,243.26364135742188,39348000,0.0,0.0
2022-07-27,261.1600036621094,270.04998779296875,258.8500061035156,268.739990234375,259.5263366699219,45994000,0.0,0.0
2022-07-28,269.75,277.8399963378906,267.8699951171875,276.4100036621094,266.93328857421875,33459300,0.0,0.0
2022-07-29,277.70001220703125,282.0,276.6300048828125,280.739990234375,271.1148986816406,32152800,0.0,0.0
2022-08-01,277.82000732421875,281.2799987792969,275.8399963378906,278.010009765625,268.4784851074219,21539600,0.0,0.0
2022-08-02,276.0,277.8900146484375,272.3800048828125,274.82000732421875,265.3978576660156,22754200,0.0,0.0
2022-08-03,276.760009765625,283.5,276.6099853515625,282.4700012207031,272.78558349609375,23518900,0.0,0.0
2022-08-04,281.79998779296875,283.79998779296875,280.1700134277344,283.6499938964844,273.9251403808594,18098700,0.0,0.0
2022-08-05,279.1499938964844,283.6499938964844,278.67999267578125,282.9100036621094,273.2104797363281,16774600,0.0,0.0
2022-08-08,284.04998779296875,285.9200134277344,279.32000732421875,280.32000732421875,270.7093505859375,18739200,0.0,0.0
2022-08-09,279.6400146484375,283.0799865722656,277.6099853515625,282.29998779296875,272.621337890625,23405200,0.0,0.0
2022-08-10,288.1700134277344,289.80999755859375,286.94000244140625,289.1600036621094,279.2462158203125,24687800,0.0,0.0
2022-08-11,290.8500061035156,291.2099914550781,286.510009765625,287.0199890136719,277.17950439453125,20065900,0.0,0.0
2022-08-12,288.4800109863281,291.9100036621094,286.94000244140625,291.9100036621094,281.90191650390625,22619700,0.0,0.0
2022-08-15,291.0,294.17999267578125,290.1099853515625,293.4700012207031,283.408447265625,18085700,0.0,0.0
2022-08-16,291.989990234375,294.0400085449219,290.4200134277344,292.7099914550781,282.6744689941406,18102900,0.0,0.0
2022-08-17,289.739990234375,293.3500061035156,289.4700012207031,291.32000732421875,281.9293518066406,18253400,0.62,0.0
2022-08-18,290.19000244140625,291.9100036621094,289.0799865722656,290.1700134277344,280.8164367675781,17186200,0.0,0.0
2022-08-19,288.8999938964844,289.25,285.55999755859375,286.1499938964844,276.92596435546875,20570000,0.0,0.0
2022-08-22,282.0799865722656,282.4599914550781,277.2200012207031,277.75,268.7967224121094,25061100,0.0,0.0
2022-08-23,276.44000244140625,278.8599853515625,275.3999938964844,276.44000244140625,267.5290222167969,17527400,0.0,0.0
2022-08-24,275.4100036621094,277.2300109863281,275.1099853515625,275.7900085449219,266.89990234375,18137000,0.0,0.0
2022-08-25,277.3299865722656,279.0199890136719,274.5199890136719,278.8500061035156,269.86126708984375,16583400,0.0,0.0
2022-08-26,279.0799865722656,280.3399963378906,267.9800109863281,268.0899963378906,259.4481201171875,27549300,0.0,0.0
2022-08-29,265.8500061035156,267.3999938964844,263.8500061035156,265.2300109863281,256.6802978515625,20338500,0.0,0.0
2022-08-30,266.6700134277344,267.04998779296875,260.6600036621094,262.9700012207031,254.4931640625,22767100,0.0,0.0
2022-08-31,265.3900146484375,267.1099853515625,261.3299865722656,261.4700012207031,253.0415496826172,24791800,0.0,0.0
2022-09-01,258.8699951171875,260.8900146484375,255.41000366210938,260.3999938964844,252.0060272216797,23263400,0.0,0.0
2022-09-02,261.70001220703125,264.739990234375,254.47000122070312,256.05999755859375,247.805908203125,22855400,0.0,0.0
2022-09-06,256.20001220703125,257.8299865722656,251.94000244140625,253.25,245.0865020751953,21328200,0.0,0.0
2022-09-07,254.6999969482422,258.8299865722656,253.22000122070312,258.0899963378906,249.7704620361328,24126700,0.0,0.0
2022-09-08,257.510009765625,260.42999267578125,254.7899932861328,258.5199890136719,250.18666076660156,20319900,0.0,0.0
2022-09-09,260.5,265.2300109863281,260.2900085449219,264.4599914550781,255.9351043701172,22084700,0.0,0.0
2022-09-12,265.7799987792969,267.45001220703125,265.1600036621094,266.6499938964844,258.05450439453125,18747700,0.0,0.0
2022-09-13,258.8399963378906,260.3999938964844,251.58999633789062,251.99000549316406,243.8671112060547,33353300,0.0,0.0
2022-09-14,253.52999877929688,254.22999572753906,249.86000061035156,252.22000122070312,244.08970642089844,23913000,0.0,0.0
2022-09-15,249.77000427246094,251.39999389648438,244.02000427246094,245.3800048828125,237.47018432617188,31530900,0.0,0.0
2022-09-16,244.25999450683594,245.3000030517578,242.05999755859375,244.74000549316406,236.85079956054688,39791800,0.0,0.0
2022-09-19,242.47000122070312,245.13999938964844,240.85000610351562,244.52000427246094,236.637939453125,26826900,0.0,0.0
2022-09-20,242.07000732421875,243.50999450683594,239.63999938964844,242.4499969482422,234.6346435546875,26660300,0.0,0.0
2022-09-21,244.27000427246094,247.66000366210938,238.89999389648438,238.9499969482422,231.2474365234375,28625600,0.0,0.0
2022-09-22,237.8699951171875,243.86000061035156,237.57000732421875,240.97999572753906,233.21202087402344,31061200,0.0,0.0
2022-09-23,239.5399932861328,241.1300048828125,235.1999969482422,237.9199981689453,230.25064086914062,34176000,0.0,0.0
2022-09-26,237.0500030517578,241.4499969482422,236.89999389648438,237.4499969482422,229.79576110839844,27694200,0.0,0.0
2022-09-27,239.97999572753906,241.8000030517578,234.5,236.41000366210938,228.78936767578125,27018700,0.0,0.0
2022-09-28,236.80999755859375,242.3300018310547,234.72999572753906,241.07000732421875,233.29910278320312,29029700,0.0,0.0
2022-09-29,238.88999938964844,239.9499969482422,234.41000366210938,237.5,229.84417724609375,27484200,0.0,0.0
2022-09-30,238.2899932861328,240.5399932861328,232.72999572753906,232.89999389648438,225.39247131347656,35694800,0.0,0.0
2022-10-03,235.41000366210938,241.61000061035156,234.66000366210938,240.74000549316406,232.97976684570312,28880400,0.0,0.0
2022-10-04,245.08999633789062,250.36000061035156,244.97999572753906,248.8800048828125,240.8573455810547,34888400,0.0,0.0
2022-10-05,245.99000549316406,250.5800018310547,244.10000610351562,249.1999969482422,241.16705322265625,20347100,0.0,0.0
2022-10-06,247.92999267578125,250.33999633789062,246.0800018310547,246.7899932861328,238.834716796875,20239900,0.0,0.0
2022-10-07,240.89999389648438,241.32000732421875,233.1699981689453,234.24000549316406,226.68931579589844,37769600,0.0,0.0
2022-10-10,233.0500030517578,234.55999755859375,226.72999572753906,229.25,221.86013793945312,29743600,0.0,0.0
2022-10-11,227.6199951171875,229.05999755859375,224.11000061035156,225.41000366210938,218.1439208984375,30474000,0.0,0.0
2022-10-12,225.39999389648438,227.86000061035156,223.9600067138672,225.75,218.4729461669922,21903900,0.0,0.0
2022-10-13,219.85000610351562,236.10000610351562,219.1300048828125,234.24000549316406,226.68931579589844,42551800,0.0,0.0
2022-10-14,235.5399932861328,237.24000549316406,228.33999633789062,228.55999755859375,221.19236755371094,30198600,0.0,0.0
2022-10-17,235.82000732421875,238.9600067138672,235.13999938964844,237.52999877929688,229.87322998046875,28142300,0.0,0.0
2022-10-18,243.24000549316406,243.92999267578125,235.3699951171875,238.5,230.8119659423828,26329600,0.0,0.0
2022-10-19,237.0399932861328,239.61000061035156,234.2899932861328,236.47999572753906,228.8570556640625,19985700,0.0,0.0
2022-10-20,235.77000427246094,241.30999755859375,234.8699951171875,236.14999389648438,228.53770446777344,21811000,0.0,0.0
2022-10-21,234.74000549316406,243.0,234.5,242.1199951171875,234.3152313232422,26299700,0.0,0.0
2022-10-24,243.75999450683594,247.83999633789062,241.3000030517578,247.25,239.2799072265625,24911200,0.0,0.0
2022-10-25,247.25999450683594,251.0399932861328,245.8300018310547,250.66000366210938,242.57997131347656,34775500,0.0,0.0
2022-10-26,231.1699981689453,238.3000030517578,230.05999755859375,231.32000732421875,223.8634033203125,82543200,0.0,0.0
2022-10-27,231.0399932861328,233.69000244140625,225.77999877929688,226.75,219.44073486328125,40424600,0.0,0.0
2022-10-28,226.24000549316406,236.60000610351562,226.0500030517578,235.8699951171875,228.2667236328125,40647700,0.0,0.0
2022-10-31,233.75999450683594,234.9199981689453,231.14999389648438,232.1300048828125,224.64727783203125,28357300,0.0,0.0
2022-11-01,234.60000610351562,235.74000549316406,227.3300018310547,228.1699981689453,220.81495666503906,30592300,0.0,0.0
2022-11-02,229.4600067138672,231.3000030517578,220.0399932861328,220.10000610351562,213.00511169433594,38407000,0.0,0.0
2022-11-03,220.08999633789062,220.41000366210938,213.97999572753906,214.25,207.34364318847656,36633900,0.0,0.0
2022-11-04,217.5500030517578,221.58999633789062,213.42999267578125,221.38999938964844,214.2534942626953,36789100,0.0,0.0
2022-11-07,221.99000549316406,228.41000366210938,221.27999877929688,227.8699951171875,220.52462768554688,33498000,0.0,0.0
2022-11-08,228.6999969482422,231.64999389648438,225.83999633789062,228.8699951171875,221.4923858642578,28192500,0.0,0.0
2022-11-09,227.3699951171875,228.6300048828125,224.3300018310547,224.50999450683594,217.27291870117188,27852900,0.0,0.0
2022-11-10,235.42999267578125,243.3300018310547,235.0,242.97999572753906,235.14755249023438,46268000,0.0,0.0
2022-11-11,242.99000549316406,247.99000549316406,241.92999267578125,247.11000061035156,239.14442443847656,34620200,0.0,0.0
2022-11-14,241.99000549316406,243.91000366210938,239.2100067138672,241.5500030517578,233.763671875,31123300,0.0,0.0
2022-11-15,245.66000366210938,247.0,240.02999877929688,241.97000122070312,234.1700897216797,31390100,0.0,0.0
2022-11-16,242.7899932861328,243.8000030517578,240.4199981689453,241.72999572753906,234.59710693359375,24093300,0.68,0.0
2022-11-17,237.77999877929688,243.25,237.6300048828125,241.67999267578125,234.548583984375,23123500,0.0,0.0
2022-11-18,243.50999450683594,243.74000549316406,239.02999877929688,241.22000122070312,234.10218811035156,27613500,0.0,0.0
2022-11-21,241.42999267578125,244.6699981689453,241.19000244140625,242.0500030517578,234.90768432617188,26394700,0.0,0.0
2022-11-22,243.58999633789062,245.30999755859375,240.7100067138672,245.02999877929688,237.7997283935547,19665700,0.0,0.0
2022-11-23,245.11000061035156,248.27999877929688,244.27000427246094,247.5800018310547,240.27452087402344,19508500,0.0,0.0
2022-11-25,247.30999755859375,248.6999969482422,246.72999572753906,247.49000549316406,240.18716430664062,9200800,0.0,0.0
2022-11-28,246.0800018310547,246.64999389648438,240.8000030517578,241.75999450683594,234.626220703125,24778200,0.0,0.0
2022-11-29,241.39999389648438,242.7899932861328,238.2100067138672,240.3300018310547,233.2384490966797,17956300,0.0,0.0
2022-11-30,240.57000732421875,255.3300018310547,239.86000061035156,255.13999938964844,247.6114044189453,47594200,0.0,0.0
2022-12-01,253.8699951171875,256.1199951171875,250.9199981689453,254.69000244140625,247.17471313476562,26041500,0.0,0.0
2022-12-02,249.82000732421875,256.05999755859375,249.69000244140625,255.02000427246094,247.49496459960938,21528500,0.0,0.0
2022-12-05,252.00999450683594,253.82000732421875,248.05999755859375,250.1999969482422,242.8171844482422,23435300,0.0,0.0
2022-12-06,250.82000732421875,251.86000061035156,243.77999877929688,245.1199951171875,237.88706970214844,22463700,0.0,0.0
2022-12-07,244.8300018310547,246.16000366210938,242.2100067138672,244.3699951171875,237.1592254638672,20481500,0.0,0.0
2022-12-08,244.83999633789062,248.74000549316406,243.05999755859375,247.39999389648438,240.0998077392578,22611800,0.0,0.0
2022-12-09,244.6999969482422,248.30999755859375,244.16000366210938,245.4199981689453,238.17823791503906,20609700,0.0,0.0
2022-12-12,247.4499969482422,252.5399932861328,247.1699981689453,252.50999450683594,245.0590362548828,30665100,0.0,0.0
2022-12-13,261.69000244140625,263.9200134277344,253.07000732421875,256.9200134277344,249.3389129638672,42196900,0.0,0.0
2022-12-14,257.1300048828125,262.5899963378906,254.30999755859375,257.2200012207031,249.63006591796875,35410900,0.0,0.0
2022-12-15,253.72000122070312,254.1999969482422,247.33999633789062,249.00999450683594,241.66229248046875,35560400,0.0,0.0
2022-12-16,248.5500030517578,249.83999633789062,243.50999450683594,244.69000244140625,237.4697723388672,86102000,0.0,0.0
2022-12-19,244.86000061035156,245.2100067138672,238.7100067138672,240.4499969482422,233.3548583984375,29696400,0.0,0.0
2022-12-20,239.39999389648438,242.91000366210938,238.4199981689453,241.8000030517578,234.66506958007812,25150800,0.0,0.0
2022-12-21,241.69000244140625,245.6199951171875,240.11000061035156,244.42999267578125,237.21742248535156,23690600,0.0,0.0
2022-12-22,241.25999450683594,241.99000549316406,233.8699951171875,238.19000244140625,231.1615447998047,28651700,0.0,0.0
2022-12-23,236.11000061035156,238.8699951171875,233.94000244140625,238.72999572753906,231.68565368652344,21207000,0.0,0.0
2022-12-27,238.6999969482422,238.92999267578125,235.8300018310547,236.9600067138672,229.96788024902344,16688600,0.0,0.0
2022-12-28,236.88999938964844,239.72000122070312,234.1699981689453,234.52999877929688,227.6095733642578,17457100,0.0,0.0
2022-12-29,235.64999389648438,241.9199981689453,235.64999389648438,241.00999450683594,233.89834594726562,19770700,0.0,0.0
2022-12-30,238.2100067138672,239.9600067138672,236.66000366210938,239.82000732421875,232.7434844970703,21938500,0.0,0.0
2023-01-03,243.0800018310547,245.75,237.39999389648438,239.5800018310547,232.5105743408203,25740000,0.0,0.0
2023-01-04,232.27999877929688,232.8699951171875,225.9600067138672,229.10000610351562,222.3397979736328,50623400,0.0,0.0
2023-01-05,227.1999969482422,227.5500030517578,221.75999450683594,222.30999755859375,215.7501220703125,39585600,0.0,0.0
2023-01-06,223.0,225.75999450683594,219.35000610351562,224.92999267578125,218.29281616210938,43613600,0.0,0.0
2023-01-09,226.4499969482422,231.24000549316406,226.41000366210938,227.1199951171875,220.41822814941406,27369800,0.0,0.0
2023-01-10,227.75999450683594,231.30999755859375,227.3300018310547,228.85000610351562,222.09718322753906,27033900,0.0,0.0
2023-01-11,231.2899932861328,235.9499969482422,231.11000061035156,235.77000427246094,228.81297302246094,28669300,0.0,0.0
2023-01-12,235.25999450683594,239.89999389648438,233.55999755859375,238.50999450683594,231.47213745117188,27269500,0.0,0.0
2023-01-13,237.0,239.3699951171875,234.9199981689453,239.22999572753906,232.17088317871094,21333300,0.0,0.0
2023-01-17,237.97000122070312,240.91000366210938,237.08999633789062,240.35000610351562,233.2578125,29831300,0.0,0.0
2023-01-18,241.57000732421875,242.3800048828125,235.52000427246094,235.80999755859375,228.851806640625,30028700,0.0,0.0
2023-01-19,233.77999877929688,235.52000427246094,230.67999267578125,231.92999267578125,225.0862579345703,28623000,0.0,0.0
2023-01-20,234.86000061035156,240.74000549316406,234.50999450683594,240.22000122070312,233.13165283203125,35389800,0.0,0.0
2023-01-23,241.10000610351562,245.1699981689453,239.64999389648438,242.5800018310547,235.42202758789062,31934000,0.0,0.0
2023-01-24,242.5,243.9499969482422,240.44000244140625,242.0399932861328,234.89796447753906,40234400,0.0,0.0
2023-01-25,234.47999572753906,243.3000030517578,230.89999389648438,240.61000061035156,233.51014709472656,66526600,0.0,0.0
2023-01-26,243.64999389648438,248.30999755859375,242.0,248.0,240.68209838867188,33454500,0.0,0.0
2023-01-27,248.99000549316406,249.8300018310547,246.8300018310547,248.16000366210938,240.83737182617188,26498900,0.0,0.0
2023-01-30,244.50999450683594,245.60000610351562,242.1999969482422,242.7100067138672,235.5482177734375,25867400,0.0,0.0
2023-01-31,243.4499969482422,247.9499969482422,242.9499969482422,247.80999755859375,240.4977264404297,26541100,0.0,0.0
2023-02-01,248.0,255.17999267578125,245.47000122070312,252.75,245.29196166992188,31259900,0.0,0.0
2023-02-02,258.82000732421875,264.69000244140625,257.25,264.6000061035156,256.792236328125,39940400,0.0,0.0
2023-02-03,259.5400085449219,264.20001220703125,257.1000061035156,258.3500061035156,250.72669982910156,29077300,0.0,0.0
2023-02-06,257.44000244140625,258.29998779296875,254.77999877929688,256.7699890136719,249.1933135986328,22518000,0.0,0.0
2023-02-07,260.5299987792969,268.7699890136719,260.0799865722656,267.55999755859375,259.66485595703125,50841400,0.0,0.0
2023-02-08,273.20001220703125,276.760009765625,266.2099914550781,266.7300109863281,258.8594055175781,54686000,0.0,0.0
2023-02-09,273.79998779296875,273.9800109863281,262.79998779296875,263.6199951171875,255.84120178222656,42375100,0.0,0.0
2023-02-10,261.5299987792969,264.0899963378906,260.6600036621094,263.1000061035156,255.3365478515625,25818500,0.0,0.0
2023-02-13,267.6400146484375,274.6000061035156,267.1499938964844,271.32000732421875,263.3139953613281,44630900,0.0,0.0
2023-02-14,272.6700134277344,274.9700012207031,269.2799987792969,272.1700134277344,264.1388854980469,37047900,0.0,0.0
2023-02-15,268.32000732421875,270.7300109863281,266.17999267578125,269.32000732421875,262.02764892578125,28922400,0.68,0.0
2023-02-16,264.0199890136719,266.739990234375,261.8999938964844,262.1499938964844,255.05186462402344,29603600,0.0,0.0
2023-02-17,259.3900146484375,260.0899963378906,256.0,258.05999755859375,251.07252502441406,30000100,0.0,0.0
2023-02-21,254.47999572753906,255.49000549316406,251.58999633789062,252.6699981689453,245.82852172851562,28397400,0.0,0.0
2023-02-22,254.08999633789062,254.33999633789062,250.33999633789062,251.50999450683594,244.69989013671875,22491100,0.0,0.0
2023-02-23,255.55999755859375,256.8399963378906,250.47999572753906,254.77000427246094,247.8716278076172,29219100,0.0,0.0
2023-02-24,249.9600067138672,251.0,248.10000610351562,249.22000122070312,242.471923828125,24990900,0.0,0.0
2023-02-27,252.4600067138672,252.82000732421875,249.38999938964844,250.16000366210938,243.38645935058594,21190000,0.0,0.0
2023-02-28,249.07000732421875,251.49000549316406,248.72999572753906,249.4199981689453,242.66648864746094,22491000,0.0,0.0
2023-03-01,250.75999450683594,250.92999267578125,245.7899932861328,246.27000427246094,239.601806640625,27565300,0.0,0.0
2023-03-02,246.5500030517578,251.39999389648438,245.61000061035156,251.11000061035156,244.31072998046875,24808200,0.0,0.0
2023-03-03,252.19000244140625,255.6199951171875,251.38999938964844,255.2899932861328,248.37754821777344,30760100,0.0,0.0
2023-03-06,256.42999267578125,260.1199951171875,255.97999572753906,256.8699951171875,249.91476440429688,24109800,0.0,0.0
2023-03-07,256.29998779296875,257.69000244140625,253.38999938964844,254.14999389648438,247.26840209960938,21473200,0.0,0.0
2023-03-08,254.0399932861328,254.5399932861328,250.80999755859375,253.6999969482422,246.83059692382812,17340200,0.0,0.0
2023-03-09,255.82000732421875,259.55999755859375,251.5800018310547,252.32000732421875,245.48797607421875,26653400,0.0,0.0
2023-03-10,251.0800018310547,252.7899932861328,247.60000610351562,248.58999633789062,241.85894775390625,28333900,0.0,0.0
2023-03-13,247.39999389648438,257.9100036621094,245.72999572753906,253.9199981689453,247.04464721679688,33339700,0.0,0.0
2023-03-14,256.75,261.07000732421875,255.86000061035156,260.7900085449219,253.72866821289062,33620300,0.0,0.0
2023-03-15,259.9800109863281,266.4800109863281,259.2099914550781,265.44000244140625,258.25274658203125,46028000,0.0,0.0
2023-03-16,265.2099914550781,276.55999755859375,263.2799987792969,276.20001220703125,268.7213439941406,54768800,0.0,0.0
2023-03-17,278.260009765625,283.3299865722656,276.32000732421875,279.42999267578125,271.8639221191406,69527400,0.0,0.0
2023-03-20,276.9800109863281,277.4800109863281,269.8500061035156,272.2300109863281,264.85888671875,43466600,0.0,0.0
2023-03-21,274.8800048828125,275.0,269.5199890136719,273.7799987792969,266.366943359375,34558700,0.0,0.0
2023-03-22,273.3999938964844,281.0400085449219,272.17999267578125,272.2900085449219,264.9172058105469,34873300,0.0,0.0
2023-03-23,277.94000244140625,281.05999755859375,275.20001220703125,277.6600036621094,270.1418151855469,36610900,0.0,0.0
2023-03-24,277.239990234375,280.6300048828125,275.2799987792969,280.57000732421875,272.97308349609375,28172000,0.0,0.0
2023-03-27,280.5,281.4599914550781,275.5199890136719,276.3800048828125,268.896484375,26840200,0.0,0.0
2023-03-28,275.7900085449219,276.1400146484375,272.04998779296875,275.2300109863281,267.7776184082031,21878600,0.0,0.0
2023-03-29,278.9599914550781,281.1400146484375,278.4100036621094,280.510009765625,272.9147033691406,25087000,0.0,0.0
2023-03-30,284.2300109863281,284.4599914550781,281.4800109863281,284.04998779296875,276.3587341308594,25053400,0.0,0.0
2023-03-31,283.7300109863281,289.2699890136719,283.0,288.29998779296875,280.4937438964844,32766000,0.0,0.0
2023-04-03,286.5199890136719,288.2699890136719,283.95001220703125,287.2300109863281,279.45269775390625,24883300,0.0,0.0
2023-04-04,287.2300109863281,290.45001220703125,285.6700134277344,287.17999267578125,279.404052734375,25824300,0.0,0.0
2023-04-05,285.8500061035156,287.1499938964844,282.9200134277344,284.3399963378906,276.6409912109375,22064800,0.0,0.0
2023-04-06,283.2099914550781,292.0799865722656,282.0299987792969,291.6000061035156,283.7044372558594,29770300,0.0,0.0
2023-04-10,289.2099914550781,289.6000061035156,284.7099914550781,289.3900146484375,281.55426025390625,23103000,0.0,0.0
2023-04-11,285.75,285.9800109863281,281.6400146484375,282.8299865722656,275.171875,27276600,0.0,0.0
2023-04-12,284.7900085449219,287.010009765625,281.9599914550781,283.489990234375,275.81396484375,27403400,0.0,0.0
2023-04-13,283.5899963378906,289.8999938964844,283.1700134277344,289.8399963378906,281.9920959472656,24222700,0.0,0.0
2023-04-14,287.0,288.4800109863281,283.69000244140625,286.1400146484375,278.3922424316406,20987900,0.0,0.0
2023-04-17,289.92999267578125,291.6000061035156,286.1600036621094,288.79998779296875,280.980224609375,23836200,0.0,0.0
2023-04-18,291.57000732421875,291.760009765625,287.010009765625,288.3699951171875,280.5618591308594,20161800,0.0,0.0
2023-04-19,285.989990234375,289.04998779296875,284.5400085449219,288.45001220703125,280.6396789550781,17150300,0.0,0.0
2023-04-20,285.25,289.0299987792969,285.0799865722656,286.1099853515625,278.3630676269531,23244400,0.0,0.0
2023-04-21,285.010009765625,286.2699890136719,283.05999755859375,285.760009765625,278.0225830078125,21676400,0.0,0.0
2023-04-24,282.0899963378906,284.95001220703125,278.7200012207031,281.7699890136719,274.14056396484375,26611000,0.0,0.0
2023-04-25,279.510009765625,281.6000061035156,275.3699951171875,275.4200134277344,267.9625549316406,45772200,0.0,0.0
2023-04-26,296.70001220703125,299.57000732421875,292.7300109863281,295.3699951171875,287.37237548828125,64599200,0.0,0.0
2023-04-27,295.9700012207031,305.20001220703125,295.25,304.8299865722656,296.5761413574219,46462600,0.0,0.0
2023-04-28,304.010009765625,308.92999267578125,303.30999755859375,307.260009765625,298.9403991699219,36469600,0.0,0.0
2023-05-01,306.9700012207031,308.6000061035156,305.1499938964844,305.55999755859375,297.28643798828125,21294100,0.0,0.0
2023-05-02,307.760009765625,309.17999267578125,303.9100036621094,305.4100036621094,297.1404724121094,26404400,0.0,0.0
2023-05-03,306.6199951171875,308.6099853515625,304.0899963378906,304.3999938964844,296.1578369140625,22360800,0.0,0.0
2023-05-04,306.239990234375,307.760009765625,303.3999938964844,305.4100036621094,297.1404724121094,22519900,0.0,0.0
2023-05-05,305.7200012207031,311.9700012207031,304.2699890136719,310.6499938964844,302.2386169433594,28197100,0.0,0.0
2023-05-08,310.1300048828125,310.20001220703125,306.0899963378906,308.6499938964844,300.29266357421875,21318600,0.0,0.0
2023-05-09,308.0,310.0400085449219,306.30999755859375,307.0,298.68743896484375,21340800,0.0,0.0
2023-05-10,308.6199951171875,313.0,307.6700134277344,312.30999755859375,303.8536071777344,30078000,0.0,0.0
2023-05-11,310.1000061035156,311.1199951171875,306.260009765625,310.1099853515625,301.713134765625,31680200,0.0,0.0
2023-05-12,310.54998779296875,310.6499938964844,306.6000061035156,308.9700012207031,300.60406494140625,19774700,0.0,0.0
2023-05-15,309.1000061035156,309.8999938964844,307.5899963378906,309.4599914550781,301.08074951171875,16336500,0.0,0.0
2023-05-16,309.8299865722656,313.7099914550781,309.8299865722656,311.739990234375,303.2991027832031,26730300,0.0,0.0
2023-05-17,312.2900085449219,314.42999267578125,310.739990234375,314.0,306.16571044921875,24315000,0.68,0.0
2023-05-18,314.5299987792969,319.0400085449219,313.7200012207031,318.5199890136719,310.57293701171875,27276000,0.0,0.0
2023-05-19,316.739990234375,318.75,316.3699951171875,318.3399963378906,310.3974609375,27546700,0.0,0.0
2023-05-22,318.6000061035156,322.5899963378906,318.010009765625,321.17999267578125,313.16656494140625,24115700,0.0,0.0
2023-05-23,320.0299987792969,322.7200012207031,315.25,315.260009765625,307.3943176269531,30797200,0.0,0.0
2023-05-24,314.7300109863281,316.5,312.6099853515625,313.8500061035156,306.0194091796875,23384900,0.0,0.0
2023-05-25,323.239990234375,326.8999938964844,320.0,325.9200134277344,317.7882995605469,43301700,0.0,0.0
2023-05-26,324.0199890136719,333.3999938964844,323.8800048828125,332.8900146484375,324.5843811035156,36630600,0.0,0.0
2023-05-30,335.2300109863281,335.739990234375,330.5199890136719,331.2099914550781,322.94635009765625,29503100,0.0,0.0
2023-05-31,332.2900085449219,335.94000244140625,327.3299865722656,328.3900146484375,320.19671630859375,45950600,0.0,0.0
2023-06-01,325.92999267578125,333.5299987792969,324.7200012207031,332.5799865722656,324.2821350097656,26773900,0.0,0.0
2023-06-02,334.25,337.5,332.54998779296875,335.3999938964844,327.03179931640625,25873800,0.0,0.0
2023-06-05,335.2200012207031,338.55999755859375,334.6600036621094,335.94000244140625,327.55828857421875,21307100,0.0,0.0
2023-06-06,335.3299865722656,335.3699951171875,332.1700134277344,333.67999267578125,325.3547058105469,20396200,0.0,0.0
2023-06-07,331.6499938964844,334.489990234375,322.5,323.3800048828125,315.3116455078125,40717100,0.0,0.0
2023-06-08,323.94000244140625,326.6400146484375,323.3500061035156,325.260009765625,317.144775390625,23277700,0.0,0.0
2023-06-09,324.989990234375,329.989990234375,324.4100036621094,326.7900085449219,318.6365966796875,22529000,0.0,0.0
2023-06-12,328.5799865722656,332.1000061035156,325.1600036621094,331.8500061035156,323.5703430175781,24260300,0.0,0.0
2023-06-13,334.4700012207031,336.9800109863281,330.3900146484375,334.2900085449219,325.949462890625,22951300,0.0,0.0
2023-06-14,334.3399963378906,339.0400085449219,332.80999755859375,337.3399963378906,328.9233703613281,26003800,0.0,0.0
2023-06-15,337.4800109863281,349.8399963378906,337.20001220703125,348.1000061035156,339.4148864746094,38899100,0.0,0.0
2023-06-16,351.32000732421875,351.4700012207031,341.95001220703125,342.3299865722656,333.78887939453125,46552000,0.0,0.0
2023-06-20,339.30999755859375,342.0799865722656,335.8599853515625,338.04998779296875,329.61566162109375,26375400,0.0,0.0
2023-06-21,336.3699951171875,337.7300109863281,332.07000732421875,333.55999755859375,325.2376708984375,25117800,0.0,0.0
2023-06-22,334.1199951171875,340.1199951171875,333.3399963378906,339.7099914550781,331.2342529296875,23556800,0.0,0.0
2023-06-23,334.3599853515625,337.9599914550781,333.45001220703125,335.0199890136719,326.6612548828125,23146900,0.0,0.0
2023-06-26,333.7200012207031,336.1099853515625,328.489990234375,328.6000061035156,320.40142822265625,21520600,0.0,0.0
2023-06-27,331.8599853515625,336.1499938964844,329.29998779296875,334.57000732421875,326.2225341796875,24354100,0.0,0.0
2023-06-28,334.6600036621094,337.9800109863281,333.80999755859375,335.8500061035156,327.4705505371094,20259500,0.0,0.0
2023-06-29,334.7099914550781,336.1099853515625,332.6199951171875,335.04998779296875,326.6905212402344,16997000,0.0,0.0
2023-06-30,337.75,342.7300109863281,337.20001220703125,340.5400085449219,332.04351806640625,26832800,0.0,0.0
2023-07-03,339.19000244140625,340.8999938964844,336.57000732421875,337.989990234375,329.5570983886719,12508700,0.0,0.0
2023-07-05,335.0899963378906,341.6499938964844,334.7300109863281,338.1499938964844,329.7131652832031,18172400,0.0,0.0
2023-07-06,337.29998779296875,342.989990234375,335.5,341.2699890136719,332.7552795410156,28161200,0.0,0.0
2023-07-07,339.32000732421875,341.7900085449219,337.0,337.2200012207031,328.8063659667969,21214800,0.0,0.0
2023-07-10,334.6000061035156,335.2300109863281,327.5899963378906,331.8299865722656,323.5508728027344,32791400,0.0,0.0
2023-07-11,331.05999755859375,332.8599853515625,327.0,332.4700012207031,324.17486572265625,26698200,0.0,0.0
2023-07-12,336.6000061035156,341.6499938964844,335.6700134277344,337.20001220703125,328.7868957519531,29995300,0.0,0.0
2023-07-13,339.55999755859375,343.739990234375,339.0199890136719,342.6600036621094,334.11065673828125,20567200,0.0,0.0
2023-07-14,347.5899963378906,351.42999267578125,344.30999755859375,345.239990234375,336.62628173828125,28352700,0.0,0.0
2023-07-17,345.67999267578125,346.989990234375,342.20001220703125,345.7300109863281,337.1040344238281,20363900,0.0,0.0
2023-07-18,345.8299865722656,366.7799987792969,342.1700134277344,359.489990234375,350.5207214355469,64738600,0.0,0.0
2023-07-19,361.75,362.4599914550781,352.44000244140625,355.0799865722656,346.220703125,39732900,0.0,0.0
2023-07-20,353.57000732421875,357.9700012207031,345.3699951171875,346.8699951171875,338.215576171875,33778400,0.0,0.0
2023-07-21,349.1499938964844,350.29998779296875,339.8299865722656,343.7699890136719,335.1929626464844,69405400,0.0,0.0
2023-07-24,345.8500061035156,346.9200134277344,342.30999755859375,345.1099853515625,336.4994812011719,26678100,0.0,0.0
2023-07-25,347.1099853515625,351.8900146484375,345.07000732421875,350.9800109863281,342.22308349609375,41637700,0.0,0.0
2023-07-26,341.44000244140625,344.6700134277344,333.1099853515625,337.7699890136719,329.34259033203125,58383700,0.0,0.0
2023-07-27,340.4800109863281,341.3299865722656,329.04998779296875,330.7200012207031,322.46856689453125,39635300,0.0,0.0
2023-07-28,333.6700134277344,340.010009765625,333.1700134277344,338.3699951171875,329.9277038574219,28484900,0.0,0.0
2023-07-31,336.9200134277344,337.70001220703125,333.3599853515625,335.9200134277344,327.538818359375,25446000,0.0,0.0
2023-08-01,335.19000244140625,338.5400085449219,333.70001220703125,336.3399963378906,327.9483337402344,18311900,0.0,0.0
2023-08-02,333.6300048828125,333.6300048828125,326.3599853515625,327.5,319.3288879394531,27761300,0.0,0.0
2023-08-03,326.0,329.8800048828125,325.95001220703125,326.6600036621094,318.50982666015625,18253700,0.0,0.0
2023-08-04,331.8800048828125,335.1400146484375,327.239990234375,327.7799987792969,319.6019287109375,23741500,0.0,0.0
2023-08-07,328.3699951171875,331.1099853515625,327.5199890136719,330.1099853515625,321.873779296875,17741500,0.0,0.0
2023-08-08,326.9599914550781,328.75,323.0,326.04998779296875,317.9150695800781,22327600,0.0,0.0
2023-08-09,326.4700012207031,327.1099853515625,321.04998779296875,322.2300109863281,314.19036865234375,22373300,0.0,0.0
2023-08-10,326.0199890136719,328.260009765625,321.17999267578125,322.92999267578125,314.8729248046875,20113700,0.0,0.0
2023-08-11,320.260009765625,322.4100036621094,319.2099914550781,321.010009765625,313.00079345703125,24355500,0.0,0.0
2023-08-14,321.3900146484375,324.05999755859375,320.0799865722656,324.0400085449219,315.9552001953125,18836100,0.0,0.0
2023-08-15,323.0,325.0899963378906,320.8999938964844,321.8599853515625,313.82958984375,16966300,0.0,0.0
2023-08-16,320.79998779296875,324.4200134277344,319.79998779296875,320.3999938964844,313.0675354003906,20698900,0.68,0.0
2023-08-17,320.5400085449219,321.8699951171875,316.2099914550781,316.8800048828125,309.6280517578125,21257200,0.0,0.0
2023-08-18,314.489990234375,318.3800048828125,311.54998779296875,316.4800109863281,309.2372131347656,24755000,0.0,0.0
2023-08-21,317.92999267578125,322.7699890136719,317.0400085449219,321.8800048828125,314.5136413574219,24040000,0.0,0.0
2023-08-22,325.5,326.0799865722656,321.4599914550781,322.4599914550781,315.0802917480469,16084600,0.0,0.0
2023-08-23,323.82000732421875,329.20001220703125,323.4599914550781,327.0,319.51641845703125,21166400,0.0,0.0
2023-08-24,332.8500061035156,332.9800109863281,319.9599914550781,319.9700012207031,312.64727783203125,23281400,0.0,0.0
2023-08-25,321.4700012207031,325.3599853515625,318.79998779296875,322.9800109863281,315.58843994140625,21684100,0.0,0.0
2023-08-28,325.6600036621094,326.1499938964844,321.7200012207031,323.70001220703125,316.2919616699219,14808500,0.0,0.0
2023-08-29,321.8800048828125,328.9800109863281,321.8800048828125,328.4100036621094,320.8941650390625,19284600,0.0,0.0
2023-08-30,328.6700134277344,329.80999755859375,326.45001220703125,328.7900085449219,321.26544189453125,15222100,0.0,0.0
2023-08-31,329.20001220703125,330.9100036621094,326.7799987792969,327.760009765625,320.2590637207031,26411000,0.0,0.0
2023-09-01,331.30999755859375,331.989990234375,326.7799987792969,328.6600036621094,321.13848876953125,14942000,0.0,0.0
2023-09-05,329.0,334.8500061035156,328.6600036621094,333.54998779296875,325.9164733886719,18553900,0.0,0.0
2023-09-06,333.3800048828125,334.4599914550781,330.17999267578125,332.8800048828125,325.2618713378906,17535800,0.0,0.0
2023-09-07,331.2900085449219,333.0799865722656,329.0299987792969,329.9100036621094,322.3598327636719,18381000,0.0,0.0
2023-09-08,330.0899963378906,336.1600036621094,329.4599914550781,334.2699890136719,326.6199951171875,19530100,0.0,0.0
2023-09-11,337.239990234375,338.4200134277344,335.42999267578125,337.94000244140625,330.20599365234375,16583300,0.0,0.0
2023-09-12,335.82000732421875,336.7900085449219,331.4800109863281,331.7699890136719,324.1772155761719,17565500,0.0,0.0
2023-09-13,331.30999755859375,336.8500061035156,331.1700134277344,336.05999755859375,328.36907958984375,16544400,0.0,0.0
2023-09-14,339.1499938964844,340.8599853515625,336.57000732421875,338.70001220703125,330.9486389160156,20267000,0.0,0.0
2023-09-15,336.9200134277344,337.3999938964844,329.6499938964844,330.2200012207031,322.6627502441406,37679800,0.0,0.0
2023-09-18,327.79998779296875,330.3999938964844,326.3599853515625,329.05999755859375,321.529296875,16834200,0.0,0.0
2023-09-19,326.1700134277344,329.3900146484375,324.510009765625,328.6499938964844,321.12860107421875,16505900,0.0,0.0
2023-09-20,329.510009765625,329.5899963378906,320.510009765625,320.7699890136719,313.4289855957031,21436500,0.0,0.0
2023-09-21,319.260009765625,325.3500061035156,315.0,319.5299987792969,312.2174072265625,35560400,0.0,0.0
2023-09-22,321.32000732421875,321.45001220703125,316.1499938964844,317.010009765625,309.7550354003906,21447900,0.0,0.0
2023-09-25,316.5899963378906,317.6700134277344,315.0,317.5400085449219,310.27294921875,17836000,0.0,0.0
2023-09-26,315.1300048828125,315.8800048828125,310.0199890136719,312.1400146484375,304.99652099609375,26297600,0.0,0.0
2023-09-27,312.29998779296875,314.29998779296875,309.69000244140625,312.7900085449219,305.631591796875,19410100,0.0,0.0
2023-09-28,310.989990234375,315.4800109863281,309.45001220703125,313.6400146484375,306.4621887207031,19683600,0.0,0.0
2023-09-29,317.75,319.4700012207031,314.9800109863281,315.75,308.5238342285156,24147300,0.0,0.0
2023-10-02,316.2799987792969,321.8900146484375,315.17999267578125,321.79998779296875,314.4353942871094,20570000,0.0,0.0
2023-10-03,320.8299865722656,321.3900146484375,311.2099914550781,313.3900146484375,306.2179260253906,21033500,0.0,0.0
2023-10-04,314.0299987792969,320.0400085449219,314.0,318.9599914550781,311.6603698730469,20720100,0.0,0.0
2023-10-05,319.0899963378906,319.9800109863281,314.8999938964844,319.3599853515625,312.0512390136719,16965600,0.0,0.0
2023-10-06,316.54998779296875,329.19000244140625,316.29998779296875,327.260009765625,319.7704772949219,25673600,0.0,0.0
2023-10-09,324.75,330.29998779296875,323.17999267578125,329.82000732421875,322.27191162109375,19891200,0.0,0.0
2023-10-10,330.9599914550781,331.1000061035156,327.6700134277344,328.3900146484375,320.8746032714844,20557100,0.0,0.0
2023-10-11,331.2099914550781,332.82000732421875,329.1400146484375,332.4200134277344,324.81231689453125,20063200,0.0,0.0
2023-10-12,330.57000732421875,333.6300048828125,328.7200012207031,331.1600036621094,323.5811767578125,19313100,0.0,0.0
2023-10-13,332.3800048828125,333.8299865722656,326.3599853515625,327.7300109863281,320.2297058105469,21072400,0.0,0.0
2023-10-16,331.04998779296875,336.1400146484375,330.6000061035156,332.6400146484375,325.02740478515625,22158000,0.0,0.0
2023-10-17,329.5899963378906,333.4599914550781,327.4100036621094,332.05999755859375,324.46063232421875,18338500,0.0,0.0
2023-10-18,332.489990234375,335.5899963378906,328.29998779296875,330.1099853515625,322.55523681640625,23153600,0.0,0.0
2023-10-19,332.1499938964844,336.8800048828125,330.9100036621094,331.32000732421875,323.737548828125,25052100,0.0,0.0
2023-10-20,331.7200012207031,331.9200134277344,325.45001220703125,326.6700134277344,319.1940002441406,25027700,0.0,0.0
2023-10-23,325.4700012207031,332.7300109863281,324.3900146484375,329.32000732421875,321.7833251953125,24374700,0.0,0.0
2023-10-24,331.29998779296875,331.8399963378906,327.6000061035156,330.5299987792969,322.9656066894531,31153600,0.0,0.0
2023-10-25,345.0199890136719,346.20001220703125,337.6199951171875,340.6700134277344,332.87359619140625,55053800,0.0,0.0
2023-10-26,340.5400085449219,341.6300048828125,326.94000244140625,327.8900146484375,320.3860778808594,37828500,0.0,0.0
2023-10-27,330.42999267578125,336.7200012207031,328.3999938964844,329.80999755859375,322.2620849609375,29856500,0.0,0.0
2023-10-30,333.4100036621094,339.45001220703125,331.8299865722656,337.30999755859375,329.5904235839844,22828100,0.0,0.0
2023-10-31,338.8500061035156,339.0,334.69000244140625,338.1099853515625,330.37213134765625,20265300,0.0,0.0
2023-11-01,339.7900085449219,347.4200134277344,339.6499938964844,346.07000732421875,338.14996337890625,28158800,0.0,0.0
2023-11-02,347.239990234375,348.8299865722656,344.7699890136719,348.32000732421875,340.3485107421875,24348100,0.0,0.0
2023-11-03,349.6300048828125,354.3900146484375,347.3299865722656,352.79998779296875,344.7259521484375,23637700,0.0,0.0
2023-11-06,353.45001220703125,357.5400085449219,353.3500061035156,356.5299987792969,348.37060546875,23828300,0.0,0.0
2023-11-07,359.3999938964844,362.4599914550781,357.6300048828125,360.5299987792969,352.279052734375,25833900,0.0,0.0
2023-11-08,361.67999267578125,363.8699951171875,360.54998779296875,363.20001220703125,354.8879699707031,26767800,0.0,0.0
2023-11-09,362.29998779296875,364.7900085449219,360.3599853515625,360.69000244140625,352.4354248046875,24847300,0.0,0.0
2023-11-10,361.489990234375,370.1000061035156,361.07000732421875,369.6700134277344,361.20989990234375,28042100,0.0,0.0
2023-11-13,368.2200012207031,368.4700012207031,365.8999938964844,366.67999267578125,358.288330078125,19986500,0.0,0.0
2023-11-14,371.010009765625,371.95001220703125,367.3500061035156,370.2699890136719,361.7961120605469,27683900,0.0,0.0
2023-11-15,371.2799987792969,373.1300048828125,367.1099853515625,369.6700134277344,361.9430236816406,26860100,0.75,0.0
2023-11-16,370.9599914550781,376.3500061035156,370.17999267578125,376.1700134277344,368.3072204589844,27182300,0.0,0.0
2023-11-17,373.6099853515625,374.3699951171875,367.0,369.8500061035156,362.1192626953125,40157000,0.0,0.0
2023-11-20,371.2200012207031,378.8699951171875,371.0,377.44000244140625,369.5506286621094,52465100,0.0,0.0
2023-11-21,375.6700134277344,376.2200012207031,371.1199951171875,373.07000732421875,365.27197265625,28423100,0.0,0.0
2023-11-22,378.0,379.7900085449219,374.9700012207031,377.8500061035156,369.9519958496094,23345300,0.0,0.0
2023-11-24,377.3299865722656,377.9700012207031,375.1400146484375,377.42999267578125,369.540771484375,10176600,0.0,0.0
2023-11-27,376.7799987792969,380.6400146484375,376.20001220703125,378.6099853515625,370.69610595703125,22179200,0.0,0.0
2023-11-28,378.3500061035156,383.0,378.1600036621094,382.70001220703125,374.7006530761719,20453100,0.0,0.0
2023-11-29,383.760009765625,384.29998779296875,377.44000244140625,378.8500061035156,370.9311828613281,28963400,0.0,0.0
2023-11-30,378.489990234375,380.0899963378906,375.4700012207031,378.9100036621094,370.9898681640625,30554400,0.0,0.0
2023-12-01,376.760009765625,378.1600036621094,371.30999755859375,374.510009765625,366.6819152832031,33040500,0.0,0.0
2023-12-04,369.1000061035156,369.5199890136719,362.8999938964844,369.1400146484375,361.4241027832031,32063300,0.0,0.0
2023-12-05,366.45001220703125,373.0799865722656,365.6199951171875,372.5199890136719,364.73345947265625,23065000,0.0,0.0
2023-12-06,373.5400085449219,374.17999267578125,368.0299987792969,368.79998779296875,361.0911865234375,21182100,0.0,0.0
2023-12-07,368.2300109863281,371.45001220703125,366.32000732421875,370.95001220703125,363.1962890625,23118900,0.0,0.0
2023-12-08,369.20001220703125,374.4599914550781,368.2300109863281,374.2300109863281,366.40765380859375,20154400,0.0,0.0
2023-12-11,368.4800109863281,371.6000061035156,366.1000061035156,371.29998779296875,363.5389099121094,27708800,0.0,0.0
2023-12-12,370.8500061035156,374.4200134277344,370.4599914550781,374.3800048828125,366.55450439453125,24838300,0.0,0.0
2023-12-13,376.0199890136719,377.6400146484375,370.7699890136719,374.3699951171875,366.5447692871094,30955500,0.0,0.0
2023-12-14,373.30999755859375,373.760009765625,364.1300048828125,365.92999267578125,358.28118896484375,43277500,0.0,0.0
2023-12-15,366.8500061035156,372.3999938964844,366.2799987792969,370.7300109863281,362.9808654785156,78502300,0.0,0.0
2023-12-18,369.45001220703125,373.0,368.67999267578125,372.6499938964844,364.8607177734375,21802900,0.0,0.0
2023-12-19,371.489990234375,373.260009765625,369.8399963378906,373.260009765625,365.45794677734375,20603700,0.0,0.0
2023-12-20,375.0,376.0299987792969,370.5299987792969,370.6199951171875,362.8731384277344,26316700,0.0,0.0
2023-12-21,372.55999755859375,374.4100036621094,370.0400085449219,373.5400085449219,365.7321472167969,17708000,0.0,0.0
2023-12-22,373.67999267578125,375.17999267578125,372.7099914550781,374.5799865722656,366.7503967285156,17107500,0.0,0.0
2023-12-26,375.0,376.94000244140625,373.5,374.6600036621094,366.8287353515625,12673100,0.0,0.0
2023-12-27,373.69000244140625,375.05999755859375,372.80999755859375,374.07000732421875,366.2510681152344,14905400,0.0,0.0
2023-12-28,375.3699951171875,376.4599914550781,374.1600036621094,375.2799987792969,367.43572998046875,14327000,0.0,0.0
2023-12-29,376.0,377.1600036621094,373.4800109863281,376.0400085449219,368.17987060546875,18730800,0.0,0.0
2024-01-02,373.8599853515625,375.8999938964844,366.7699890136719,370.8699951171875,363.117919921875,25258600,0.0,0.0
2024-01-03,369.010009765625,373.260009765625,368.510009765625,370.6000061035156,362.8535461425781,23083500,0.0,0.0
2024-01-04,370.6700134277344,373.1000061035156,367.1700134277344,367.94000244140625,360.2491455078125,20901500,0.0,0.0
2024-01-05,368.9700012207031,372.05999755859375,366.5,367.75,360.0631408691406,21004600,0.0,0.0
2024-01-08,369.29998779296875,375.20001220703125,369.010009765625,374.69000244140625,366.8580627441406,23134000,0.0,0.0
2024-01-09,372.010009765625,375.989990234375,371.19000244140625,375.7900085449219,367.93511962890625,20830000,0.0,0.0
2024-01-10,376.3699951171875,384.1700134277344,376.32000732421875,382.7699890136719,374.7691955566406,25514200,0.0,0.0
2024-01-11,386.0,390.67999267578125,380.3800048828125,384.6300048828125,376.5903625488281,27850800,0.0,0.0
2024-01-12,385.489990234375,388.67999267578125,384.6499938964844,388.4700012207031,380.35003662109375,21661200,0.0,0.0
2024-01-16,393.6600036621094,394.0299987792969,387.6199951171875,390.2699890136719,382.1123962402344,27202300,0.0,0.0
2024-01-17,387.9800109863281,390.1099853515625,384.80999755859375,389.4700012207031,381.3291320800781,22234100,0.0,0.0
2024-01-18,391.7200012207031,393.989990234375,390.1199951171875,393.8699951171875,385.63714599609375,23392100,0.0,0.0
2024-01-19,395.760009765625,398.6700134277344,393.5,398.6700134277344,390.3368225097656,29331100,0.0,0.0
2024-01-22,400.0199890136719,400.6199951171875,393.5899963378906,396.510009765625,388.2220153808594,27016900,0.0,0.0
2024-01-23,395.75,399.3800048828125,393.92999267578125,398.8999938964844,390.56201171875,20525900,0.0,0.0
2024-01-24,401.5400085449219,405.6300048828125,400.45001220703125,402.55999755859375,394.1455078125,24867000,0.0,0.0
2024-01-25,404.32000732421875,407.010009765625,402.5299987792969,404.8699951171875,396.40728759765625,21021200,0.0,0.0
2024-01-26,404.3699951171875,406.1700134277344,402.42999267578125,403.92999267578125,395.48687744140625,17803300,0.0,0.0
2024-01-29,406.05999755859375,409.9800109863281,404.3299865722656,409.7200012207031,401.1558837890625,24510200,0.0,0.0
2024-01-30,412.260009765625,413.04998779296875,406.45001220703125,408.5899963378906,400.04949951171875,33477600,0.0,0.0
2024-01-31,406.9599914550781,415.32000732421875,397.2099914550781,397.5799865722656,389.26959228515625,47871100,0.0,0.0
2024-02-01,401.8299865722656,408.0,401.79998779296875,403.7799987792969,395.34002685546875,30657700,0.0,0.0
2024-02-02,403.80999755859375,412.6499938964844,403.55999755859375,411.2200012207031,402.6245422363281,28256700,0.0,0.0
2024-02-05,409.8999938964844,411.1600036621094,403.989990234375,405.6499938964844,397.1709289550781,25352300,0.0,0.0
2024-02-06,405.8800048828125,407.9700012207031,402.9100036621094,405.489990234375,397.0142822265625,18382600,0.0,0.0
2024-02-07,407.44000244140625,414.29998779296875,407.3999938964844,414.04998779296875,405.3953552246094,22340500,0.0,0.0
2024-02-08,414.04998779296875,415.55999755859375,412.5299987792969,414.1099853515625,405.4540710449219,21225300,0.0,0.0
2024-02-09,415.25,420.82000732421875,415.0899963378906,420.54998779296875,411.7594299316406,22032800,0.0,0.0
2024-02-12,420.55999755859375,420.739990234375,414.75,415.260009765625,406.580078125,21202900,0.0,0.0
2024-02-13,404.94000244140625,410.07000732421875,403.3900146484375,406.32000732421875,397.82696533203125,27824900,0.0,0.0
2024-02-14,408.07000732421875,409.8399963378906,404.57000732421875,409.489990234375,401.6720886230469,20401200,0.75,0.0
2024-02-15,408.1400146484375,409.1300048828125,404.2900085449219,406.55999755859375,398.7980651855469,21825500,0.0,0.0
2024-02-16,407.9599914550781,408.2900085449219,403.44000244140625,404.05999755859375,396.34576416015625,22296500,0.0,0.0
2024-02-20,403.239990234375,404.489990234375,398.010009765625,402.7900085449219,395.1000061035156,24307900,0.0,0.0
2024-02-21,400.1700134277344,402.2900085449219,397.2200012207031,402.17999267578125,394.50164794921875,18518900,0.0,0.0
2024-02-22,410.19000244140625,412.8299865722656,408.57000732421875,411.6499938964844,403.7908630371094,27009900,0.0,0.0
2024-02-23,415.6700134277344,415.8599853515625,408.9700012207031,410.3399963378906,402.50592041015625,16295900,0.0,0.0
2024-02-26,411.4599914550781,412.1600036621094,407.3599853515625,407.5400085449219,399.7593688964844,16193500,0.0,0.0
2024-02-27,407.989990234375,408.32000732421875,403.8500061035156,407.4800109863281,399.70050048828125,14835800,0.0,0.0
2024-02-28,408.17999267578125,409.29998779296875,405.32000732421875,407.7200012207031,399.93585205078125,13183100,0.0,0.0
2024-02-29,408.6400146484375,414.20001220703125,405.9200134277344,413.6400146484375,405.74285888671875,31947300,0.0,0.0
2024-03-01,411.2699890136719,415.8699951171875,410.8800048828125,415.5,407.5673522949219,17823400,0.0,0.0
2024-03-04,413.44000244140625,417.3500061035156,412.32000732421875,414.9200134277344,406.9984130859375,17596000,0.0,0.0
2024-03-05,413.9599914550781,414.25,400.6400146484375,402.6499938964844,394.9626770019531,26919200,0.0,0.0
2024-03-06,402.9700012207031,405.1600036621094,398.3900146484375,402.0899963378906,394.4133605957031,22344100,0.0,0.0
2024-03-07,406.1199951171875,409.7799987792969,402.239990234375,409.1400146484375,401.3288269042969,18718500,0.0,0.0
2024-03-08,407.9599914550781,410.4200134277344,404.3299865722656,406.2200012207031,398.46453857421875,18002200,0.0,0.0
2024-03-11,403.760009765625,405.67999267578125,401.260009765625,404.5199890136719,396.7970275878906,16120800,0.0,0.0
2024-03-12,407.6199951171875,415.57000732421875,406.7900085449219,415.2799987792969,407.3515625,22457000,0.0,0.0
2024-03-13,418.1000061035156,418.17999267578125,411.45001220703125,415.1000061035156,407.1750183105469,17115900,0.0,0.0
2024-03-14,420.239990234375,427.82000732421875,417.989990234375,425.2200012207031,417.1017761230469,34157300,0.0,0.0
2024-03-15,419.2900085449219,422.6000061035156,412.7900085449219,416.4200134277344,408.4698181152344,45079900,0.0,0.0
2024-03-18,414.25,420.7300109863281,413.7799987792969,417.32000732421875,409.3526306152344,20106000,0.0,0.0
2024-03-19,417.8299865722656,421.6700134277344,415.54998779296875,421.4100036621094,413.36456298828125,19837900,0.0,0.0
2024-03-20,422.0,425.9599914550781,420.6600036621094,425.2300109863281,417.1116027832031,17860100,0.0,0.0
2024-03-21,429.8299865722656,430.82000732421875,427.1600036621094,429.3699951171875,421.1725769042969,21296200,0.0,0.0
2024-03-22,429.70001220703125,429.8599853515625,426.07000732421875,428.739990234375,420.5545654296875,17648500,0.0,0.0
2024-03-25,425.239990234375,427.4100036621094,421.6099853515625,422.8599853515625,414.7867736816406,18060500,0.0,0.0
2024-03-26,425.6099853515625,425.989990234375,421.3500061035156,421.6499938964844,413.5999450683594,16725600,0.0,0.0
2024-03-27,424.44000244140625,424.45001220703125,419.010009765625,421.42999267578125,413.3840637207031,16705000,0.0,0.0
2024-03-28,420.9599914550781,421.8699951171875,419.1199951171875,420.7200012207031,412.68768310546875,21871200,0.0,0.0
2024-04-01,423.95001220703125,427.8900146484375,422.2200012207031,424.57000732421875,416.4642028808594,16316000,0.0,0.0
2024-04-02,420.1099853515625,422.3800048828125,417.8399963378906,421.44000244140625,413.39398193359375,17912000,0.0,0.0
2024-04-03,419.7300109863281,423.260009765625,419.0899963378906,420.45001220703125,412.4228820800781,16502300,0.0,0.0
2024-04-04,424.989990234375,428.6700134277344,417.57000732421875,417.8800048828125,409.9019470214844,19370900,0.0,0.0
2024-04-05,420.010009765625,426.510009765625,418.32000732421875,425.5199890136719,417.39605712890625,16554800,0.0,0.0
2024-04-08,425.1700134277344,427.2799987792969,423.29998779296875,424.5899963378906,416.4838562011719,14272400,0.0,0.0
2024-04-09,426.44000244140625,427.739990234375,421.6199951171875,426.2799987792969,418.14154052734375,12496900,0.0,0.0
2024-04-10,422.19000244140625,424.0299987792969,419.70001220703125,423.260009765625,415.1791687011719,16216600,0.0,0.0
2024-04-11,425.82000732421875,429.3699951171875,422.3599853515625,427.92999267578125,419.7600402832031,17966400,0.0,0.0
2024-04-12,424.04998779296875,425.17999267578125,419.7699890136719,421.8999938964844,413.8451843261719,19253800,0.0,0.0
2024-04-15,426.6000061035156,426.82000732421875,413.42999267578125,413.6400146484375,405.74285888671875,20273500,0.0,0.0
2024-04-16,414.57000732421875,418.3999938964844,413.7300109863281,414.5799865722656,406.6649169921875,16765600,0.0,0.0
2024-04-17,417.25,418.8800048828125,410.3299865722656,411.8399963378906,403.97723388671875,15855500,0.0,0.0
2024-04-18,410.6300048828125,411.8900146484375,403.95001220703125,404.2699890136719,396.5517578125,21029900,0.0,0.0
2024-04-19,404.0299987792969,405.4800109863281,397.7699890136719,399.1199951171875,391.5000915527344,30565800,0.0,0.0
2024-04-22,400.0799865722656,402.8500061035156,395.75,400.9599914550781,393.3049621582031,20286900,0.0,0.0
2024-04-23,404.239990234375,408.20001220703125,403.05999755859375,407.57000732421875,399.788818359375,15734500,0.0,0.0
2024-04-24,409.55999755859375,412.4700012207031,406.7799987792969,409.05999755859375,401.25030517578125,15065300,0.0,0.0
2024-04-25,394.0299987792969,399.8900146484375,388.0299987792969,399.0400085449219,391.421630859375,40586500,0.0,0.0
2024-04-26,412.1700134277344,413.0,405.760009765625,406.32000732421875,398.5626220703125,29694700,0.0,0.0
2024-04-29,405.25,406.32000732421875,399.19000244140625,402.25,394.5703430175781,19582100,0.0,0.0
2024-04-30,401.489990234375,402.1600036621094,389.1700134277344,389.3299865722656,381.8969421386719,28781400,0.0,0.0
2024-05-01,392.6099853515625,401.7200012207031,390.30999755859375,394.94000244140625,387.39990234375,23562500,0.0,0.0
2024-05-02,397.6600036621094,399.92999267578125,394.6499938964844,397.8399963378906,390.2445068359375,17709400,0.0,0.0
2024-05-03,402.2799987792969,407.1499938964844,401.8599853515625,406.6600036621094,398.89617919921875,17446700,0.0,0.0
2024-05-06,408.760009765625,413.92999267578125,406.3699951171875,413.5400085449219,405.644775390625,16996600,0.0,0.0
2024-05-07,414.6600036621094,414.6700134277344,409.0899963378906,409.3399963378906,401.5249938964844,20018200,0.0,0.0
2024-05-08,408.1700134277344,412.2300109863281,406.7099914550781,410.5400085449219,402.70208740234375,11792300,0.0,0.0
2024-05-09,410.57000732421875,412.7200012207031,409.1000061035156,412.32000732421875,404.4480895996094,14689700,0.0,0.0
2024-05-10,412.94000244140625,415.3800048828125,411.79998779296875,414.739990234375,406.8218688964844,13402300,0.0,0.0
2024-05-13,418.010009765625,418.3500061035156,410.82000732421875,413.7200012207031,405.8213195800781,15440200,0.0,0.0
2024-05-14,412.0199890136719,417.489990234375,411.54998779296875,416.55999755859375,408.6070861816406,15109300,0.0,0.0
2024-05-15,417.8999938964844,423.80999755859375,417.2699890136719,423.0799865722656,415.75115966796875,22239500,0.75,0.0
2024-05-16,421.79998779296875,425.4200134277344,420.3500061035156,420.989990234375,413.6973876953125,17530100,0.0,0.0
2024-05-17,422.5400085449219,422.9200134277344,418.0299987792969,420.2099914550781,412.9308776855469,15352200,0.0,0.0
2024-05-20,420.2099914550781,426.7699890136719,419.989990234375,425.3399963378906,417.9720764160156,16272100,0.0,0.0
2024-05-21,426.8299865722656,432.9700012207031,424.8500061035156,429.0400085449219,421.6079406738281,21453300,0.0,0.0
2024-05-22,430.0899963378906,432.4100036621094,427.1300048828125,430.5199890136719,423.0623474121094,18073700,0.0,0.0
2024-05-23,432.9700012207031,433.6000061035156,425.4200134277344,427.0,419.6033020019531,17211700,0.0,0.0
2024-05-24,427.19000244140625,431.05999755859375,424.4100036621094,430.1600036621094,422.7085876464844,11855300,0.0,0.0
2024-05-28,429.6300048828125,430.82000732421875,426.6000061035156,430.32000732421875,422.8658142089844,15718000,0.0,0.0
2024-05-29,425.69000244140625,430.94000244140625,425.69000244140625,429.1700134277344,421.73565673828125,15517100,0.0,0.0
2024-05-30,424.29998779296875,424.29998779296875,414.239990234375,414.6700134277344,407.4868469238281,28394500,0.0,0.0
2024-05-31,416.75,416.75,404.510009765625,415.1300048828125,407.93890380859375,47995300,0.0,0.0
2024-06-03,415.5299987792969,416.42999267578125,408.9200134277344,413.5199890136719,406.3567810058594,17484700,0.0,0.0
2024-06-04,412.42999267578125,416.44000244140625,409.67999267578125,416.07000732421875,408.8625793457031,14348900,0.0,0.0
2024-06-05,417.80999755859375,424.0799865722656,416.29998779296875,424.010009765625,416.66510009765625,16988000,0.0,0.0
2024-06-06,424.010009765625,425.30999755859375,420.5799865722656,424.5199890136719,417.1662292480469,14861300,0.0,0.0
2024-06-07,426.20001220703125,426.2799987792969,423.0,423.8500061035156,416.50787353515625,13621700,0.0,0.0
2024-06-10,424.70001220703125,428.0799865722656,423.8900146484375,427.8699951171875,420.458251953125,13982900,0.0,0.0
2024-06-11,425.4800109863281,432.82000732421875,425.25,432.67999267578125,425.1849060058594,14551100,0.0,0.0
2024-06-12,435.32000732421875,443.3999938964844,433.25,441.05999755859375,433.4197998046875,22366200,0.0,0.0
2024-06-13,440.8500061035156,443.3900146484375,439.3699951171875,441.5799865722656,433.9307556152344,15960600,0.0,0.0
2024-06-14,438.2799987792969,443.1400146484375,436.7200012207031,442.57000732421875,434.9035949707031,13582000,0.0,0.0
2024-06-17,442.5899963378906,450.94000244140625,440.7200012207031,448.3699951171875,440.6031188964844,20790000,0.0,0.0
2024-06-18,449.7099914550781,450.1400146484375,444.8900146484375,446.3399963378906,438.6082763671875,17112500,0.0,0.0
2024-06-20,446.29998779296875,446.5299987792969,441.2699890136719,445.70001220703125,437.9793701171875,19877400,0.0,0.0
2024-06-21,447.3800048828125,450.5799865722656,446.510009765625,449.7799987792969,441.98870849609375,34187100,0.0,0.0
2024-06-24,449.79998779296875,452.75,446.4100036621094,447.6700134277344,439.9152526855469,15913700,0.0,0.0
2024-06-25,448.25,451.4200134277344,446.75,450.95001220703125,443.138427734375,16413400,0.0,0.0
2024-06-26,449.0,453.6000061035156,448.19000244140625,452.1600036621094,444.3274230957031,16507000,0.0,0.0
2024-06-27,452.17999267578125,456.1700134277344,451.7699890136719,452.8500061035156,445.0054626464844,14806300,0.0,0.0
2024-06-28,453.07000732421875,455.3800048828125,446.4100036621094,446.95001220703125,439.2077331542969,28362300,0.0,0.0
2024-07-01,448.6600036621094,457.3699951171875,445.6600036621094,456.7300109863281,448.8183288574219,17662800,0.0,0.0
2024-07-02,453.20001220703125,459.5899963378906,453.1099853515625,459.2799987792969,451.3240966796875,13979800,0.0,0.0
2024-07-03,458.19000244140625,461.0199890136719,457.8800048828125,460.7699890136719,452.7882995605469,9932800,0.0,0.0
2024-07-05,459.6099853515625,468.3500061035156,458.9700012207031,467.55999755859375,459.4607238769531,16000300,0.0,0.0
2024-07-08,466.54998779296875,467.70001220703125,464.4599914550781,466.239990234375,458.1635437011719,12962300,0.0,0.0
2024-07-09,467.0,467.3299865722656,458.0,459.5400085449219,451.5796203613281,17207200,0.0,0.0
2024-07-10,461.2200012207031,466.4599914550781,458.8599853515625,466.25,458.17340087890625,18196100,0.0,0.0
2024-07-11,462.9800109863281,464.7799987792969,451.54998779296875,454.70001220703125,446.8235168457031,23111200,0.0,0.0
2024-07-12,454.3299865722656,456.3599853515625,450.6499938964844,453.54998779296875,445.693359375,16324300,0.0,0.0
2024-07-15,453.29998779296875,457.260009765625,451.42999267578125,453.9599914550781,446.0962829589844,14429400,0.0,0.0
2024-07-16,454.2200012207031,454.29998779296875,446.6600036621094,449.5199890136719,441.73321533203125,17175700,0.0,0.0
2024-07-17,442.5899963378906,444.8500061035156,439.17999267578125,443.5199890136719,435.8371276855469,21778000,0.0,0.0
2024-07-18,444.3399963378906,444.6499938964844,434.3999938964844,440.3699951171875,432.7417297363281,20794800,0.0,0.0
2024-07-19,433.1000061035156,441.1400146484375,432.0,437.1099853515625,429.53814697265625,20940400,0.0,0.0
2024-07-22,441.7900085449219,444.6000061035156,438.9100036621094,442.94000244140625,435.2671813964844,15808800,0.0,0.0
2024-07-23,443.8999938964844,448.3900146484375,443.1000061035156,444.8500061035156,437.1440734863281,13107100,0.0,0.0
2024-07-24,440.45001220703125,441.4800109863281,427.5899963378906,428.8999938964844,421.4703674316406,26805800,0.0,0.0
2024-07-25,428.79998779296875,429.79998779296875,417.510009765625,418.3999938964844,411.1522216796875,29943800,0.0,0.0
2024-07-26,418.20001220703125,428.9200134277344,417.2699890136719,425.2699890136719,417.9032287597656,23583800,0.0,0.0
2024-07-29,431.5799865722656,432.1499938964844,424.70001220703125,426.7300109863281,419.3380126953125,15125800,0.0,0.0
2024-07-30,427.7200012207031,429.04998779296875,417.3599853515625,422.9200134277344,415.5940246582031,32687600,0.0,0.0
2024-07-31,420.5,421.7799987792969,412.2099914550781,418.3500061035156,411.1031188964844,42891400,0.0,0.0
2024-08-01,420.7900085449219,427.4599914550781,413.0899963378906,417.1099853515625,409.88458251953125,30296400,0.0,0.0
2024-08-02,412.489990234375,415.0,404.3399963378906,408.489990234375,401.4139709472656,29437900,0.0,0.0
2024-08-05,389.1700134277344,401.0400085449219,385.5799865722656,395.1499938964844,388.3049621582031,40709200,0.0,0.0
2024-08-06,400.0,405.6700134277344,398.5,399.6099853515625,392.6877746582031,24946500,0.0,0.0
2024-08-07,408.6400146484375,410.0799865722656,397.4700012207031,398.42999267578125,391.5281982421875,20650900,0.0,0.0
2024-08-08,402.44000244140625,405.8599853515625,399.94000244140625,402.69000244140625,395.7144470214844,20203000,0.0,0.0
2024-08-09,404.0299987792969,408.04998779296875,402.260009765625,406.0199890136719,398.9866943359375,19276700,0.0,0.0
2024-08-12,407.05999755859375,408.760009765625,404.239990234375,406.80999755859375,399.76300048828125,16762900,0.0,0.0
2024-08-13,409.5899963378906,414.95001220703125,409.57000732421875,414.010009765625,406.8383483886719,19414300,0.0,0.0
2024-08-14,414.79998779296875,417.7200012207031,412.45001220703125,416.8599853515625,409.638916015625,18267000,0.0,0.0
2024-08-15,419.79998779296875,421.1099853515625,417.6600036621094,421.0299987792969,414.4823913574219,20752100,0.75,0.0
2024-08-16,420.6000061035156,421.3399963378906,417.29998779296875,418.4700012207031,411.9622802734375,22775600,0.0,0.0
2024-08-19,418.9599914550781,421.75,416.4599914550781,421.5299987792969,414.97467041015625,15234000,0.0,0.0
2024-08-20,421.70001220703125,425.8599853515625,421.6400146484375,424.79998779296875,418.19378662109375,16387600,0.0,0.0
2024-08-21,424.0799865722656,426.3999938964844,421.7200012207031,424.1400146484375,417.5440368652344,16067300,0.0,0.0
2024-08-22,424.3599853515625,426.7900085449219,414.6099853515625,415.54998779296875,409.087646484375,19361900,0.0,0.0
2024-08-23,416.9800109863281,419.260009765625,412.0899963378906,416.7900085449219,410.3083801269531,18493800,0.0,0.0
2024-08-26,416.3699951171875,417.2799987792969,411.3399963378906,413.489990234375,407.0596618652344,13152800,0.0,0.0
2024-08-27,412.8599853515625,414.3599853515625,410.25,413.8399963378906,407.4042663574219,13492900,0.0,0.0
2024-08-28,414.8800048828125,415.0,407.30999755859375,410.6000061035156,404.2146911621094,14882700,0.0,0.0
2024-08-29,414.94000244140625,422.04998779296875,410.6000061035156,413.1199951171875,406.6954345703125,17045200,0.0,0.0
2024-08-30,415.6000061035156,417.489990234375,412.1300048828125,417.1400146484375,410.6529235839844,24308300,0.0,0.0
2024-09-03,417.9100036621094,419.8800048828125,407.0299987792969,409.44000244140625,403.0726623535156,20313600,0.0,0.0
2024-09-04,405.9100036621094,411.239990234375,404.3699951171875,408.8999938964844,402.5410461425781,15135800,0.0,0.0
2024-09-05,407.6199951171875,413.1000061035156,406.1300048828125,408.3900146484375,402.03900146484375,14195500,0.0,0.0
2024-09-06,409.05999755859375,410.6499938964844,400.79998779296875,401.70001220703125,395.4530334472656,19609500,0.0,0.0
2024-09-09,407.239990234375,408.6499938964844,402.1499938964844,405.7200012207031,399.4105529785156,15295100,0.0,0.0
2024-09-10,408.20001220703125,416.3299865722656,407.70001220703125,414.20001220703125,407.7586669921875,19594300,0.0,0.0
2024-09-11,415.5,423.989990234375,409.5799865722656,423.0400085449219,416.4612121582031,19266900,0.0,0.0
2024-09-12,423.30999755859375,427.3699951171875,419.75,427.0,420.359619140625,17395700,0.0,0.0
2024-09-13,425.8299865722656,431.8299865722656,425.4599914550781,430.5899963378906,423.89373779296875,15874600,0.0,0.0
2024-09-16,430.6000061035156,433.5299987792969,428.2200012207031,431.3399963378906,424.632080078125,13834700,0.0,0.0
2024-09-17,440.2300109863281,441.8500061035156,432.2699890136719,435.1499938964844,428.3829040527344,18874200,0.0,0.0
2024-09-18,435.0,436.0299987792969,430.4100036621094,430.80999755859375,424.1103210449219,18898000,0.0,0.0
2024-09-19,441.2300109863281,441.5,436.8999938964844,438.69000244140625,431.8677978515625,21706600,0.0,0.0
2024-09-20,437.2200012207031,439.239990234375,434.2200012207031,435.2699890136719,428.5009460449219,55167100,0.0,0.0
2024-09-23,434.2799987792969,436.4599914550781,430.3900146484375,433.510009765625,426.76837158203125,15128900,0.0,0.0
2024-09-24,433.0,433.3500061035156,426.1000061035156,429.1700134277344,422.4958190917969,17015800,0.0,0.0
2024-09-25,429.8299865722656,433.1199951171875,428.57000732421875,432.1099853515625,425.39007568359375,13396400,0.0,0.0
2024-09-26,435.0899963378906,435.29998779296875,429.1300048828125,431.30999755859375,424.6025390625,14492000,0.0,0.0
2024-09-27,431.5199890136719,431.8500061035156,427.4700012207031,428.0199890136719,421.3637390136719,14896100,0.0,0.0
2024-09-30,428.2099914550781,430.4200134277344,425.3699951171875,430.29998779296875,423.6082458496094,16807300,0.0,0.0
2024-10-01,428.45001220703125,428.4800109863281,418.80999755859375,420.69000244140625,414.1477355957031,19092900,0.0,0.0
2024-10-02,422.5799865722656,422.82000732421875,416.7099914550781,417.1300048828125,410.6430969238281,16582300,0.0,0.0
2024-10-03,417.6300048828125,419.54998779296875,414.2900085449219,416.5400085449219,410.062255859375,13686400,0.0,0.0
2024-10-04,418.239990234375,419.75,414.9700012207031,416.05999755859375,409.5897216796875,19169700,0.0,0.0
2024-10-07,416.0,417.1099853515625,409.0,409.5400085449219,403.1711120605469,20919800,0.0,0.0
2024-10-08,410.8999938964844,415.6600036621094,408.1700134277344,414.7099914550781,408.2607116699219,19229300,0.0,0.0
2024-10-09,415.8599853515625,420.3800048828125,414.29998779296875,417.4599914550781,410.96795654296875,14974300,0.0,0.0
2024-10-10,415.2300109863281,417.3500061035156,413.1499938964844,415.8399963378906,409.3730773925781,13848400,0.0,0.0
2024-10-11,416.1400146484375,417.1300048828125,413.25,416.32000732421875,409.8456726074219,14144900,0.0,0.0
2024-10-14,417.7699890136719,424.0400085449219,417.5199890136719,419.1400146484375,412.621826171875,16653100,0.0,0.0
2024-10-15,422.17999267578125,422.4800109863281,415.260009765625,418.739990234375,412.22802734375,18900200,0.0,0.0
2024-10-16,415.1700134277344,416.3599853515625,410.4800109863281,416.1199951171875,409.64874267578125,15508900,0.0,0.0
2024-10-17,422.3599853515625,422.5,415.5899963378906,416.7200012207031,410.2394714355469,14820000,0.0,0.0
2024-10-18,417.1400146484375,419.6499938964844,416.260009765625,418.1600036621094,411.6571044921875,17145300,0.0,0.0
2024-10-21,416.1199951171875,418.9599914550781,413.75,418.7799987792969,412.2674560546875,14206100,0.0,0.0
2024-10-22,418.489990234375,430.5799865722656,418.0400085449219,427.510009765625,420.8616638183594,25482200,0.0,0.0
2024-10-23,430.8599853515625,431.0799865722656,422.5299987792969,424.6000061035156,417.99688720703125,19654400,0.0,0.0
2024-10-24,425.3299865722656,425.9800109863281,422.3999938964844,424.7300109863281,418.1249084472656,13581600,0.0,0.0
2024-10-25,426.760009765625,432.5199890136719,426.57000732421875,428.1499938964844,421.49169921875,16899100,0.0,0.0
2024-10-28,431.6600036621094,431.94000244140625,426.29998779296875,426.5899963378906,419.9559631347656,14882400,0.0,0.0
2024-10-29,428.0,433.1700134277344,425.79998779296875,431.95001220703125,425.2326354980469,17644100,0.0,0.0
2024-10-30,437.44000244140625,438.5,432.1000061035156,432.5299987792969,425.80364990234375,29749100,0.0,0.0
2024-10-31,415.3599853515625,416.1600036621094,406.29998779296875,406.3500061035156,400.03070068359375,53971000,0.0,0.0
2024-11-01,409.010009765625,415.5,407.5,410.3699951171875,403.9882507324219,24230400,0.0,0.0
2024-11-04,409.79998779296875,410.4200134277344,405.57000732421875,408.4599914550781,402.10791015625,19672300,0.0,0.0
2024-11-05,408.3699951171875,414.8999938964844,408.0799865722656,411.4599914550781,405.061279296875,17626000,0.0,0.0
2024-11-06,412.4200134277344,420.45001220703125,410.5199890136719,420.17999267578125,413.6456604003906,26681800,0.0,0.0
2024-11-07,421.2799987792969,426.8500061035156,419.8800048828125,425.42999267578125,418.8139953613281,19901800,0.0,0.0
2024-11-08,425.32000732421875,426.5,421.7799987792969,422.5400085449219,415.9689636230469,16891400,0.0,0.0
2024-11-11,422.5199890136719,424.80999755859375,416.0,418.010009765625,411.5094299316406,24503300,0.0,0.0
2024-11-12,418.25,424.44000244140625,417.20001220703125,423.0299987792969,416.4512939453125,19401200,0.0,0.0
2024-11-13,421.6400146484375,429.3299865722656,418.2099914550781,425.20001220703125,418.5876159667969,21502200,0.0,0.0
2024-11-14,425.0,428.1700134277344,420.0,426.8900146484375,420.25128173828125,30246900,0.0,0.0
2024-11-15,419.82000732421875,422.79998779296875,413.6400146484375,415.0,408.5462341308594,28247600,0.0,0.0
2024-11-18,414.8699951171875,418.3999938964844,412.1000061035156,415.760009765625,409.29437255859375,24727000,0.0,0.0
2024-11-19,413.1099853515625,417.94000244140625,411.54998779296875,417.7900085449219,411.2928161621094,18133500,0.0,0.0
2024-11-20,416.8699951171875,417.2900085449219,410.5799865722656,415.489990234375,409.028564453125,19191700,0.0,0.0
2024-11-21,419.5,419.7799987792969,410.2900085449219,412.8699951171875,407.26287841796875,20780200,0.83,0.0
2024-11-22,411.3699951171875,417.3999938964844,411.05999755859375,417.0,411.3367919921875,24814600,0.0,0.0
2024-11-25,418.3800048828125,421.0799865722656,414.8500061035156,418.7900085449219,413.1025390625,27691100,0.0,0.0
2024-11-26,419.5899963378906,429.0400085449219,418.8500061035156,427.989990234375,422.1775207519531,23458900,0.0,0.0
2024-11-27,425.1099853515625,427.2300109863281,422.0199890136719,422.989990234375,417.2454528808594,18332400,0.0,0.0
2024-11-29,420.0899963378906,424.8800048828125,417.79998779296875,423.4599914550781,417.7090759277344,16271900,0.0,0.0
2024-12-02,421.57000732421875,433.0,421.30999755859375,430.9800109863281,425.126953125,20207200,0.0,0.0
2024-12-03,429.8399963378906,432.4700012207031,427.739990234375,431.20001220703125,425.3439636230469,18302000,0.0,0.0
2024-12-04,433.0299987792969,439.6700134277344,432.6300048828125,437.4200134277344,431.4794921875,26009400,0.0,0.0
2024-12-05,437.9200134277344,444.6600036621094,436.1700134277344,442.6199951171875,436.6088562011719,21697800,0.0,0.0
2024-12-06,442.29998779296875,446.1000061035156,441.7699890136719,443.57000732421875,437.5459899902344,18821000,0.0,0.0
2024-12-09,442.6000061035156,448.3299865722656,440.5,446.0199890136719,439.9626770019531,19144400,0.0,0.0
2024-12-10,444.3900146484375,449.6199951171875,441.6000061035156,443.3299865722656,437.3092041015625,18469500,0.0,0.0
2024-12-11,444.04998779296875,450.3500061035156,444.04998779296875,448.989990234375,442.8923645019531,19200200,0.0,0.0
2024-12-12,449.1099853515625,456.1600036621094,449.1099853515625,449.55999755859375,443.45458984375,20834800,0.0,0.0
2024-12-13,448.44000244140625,451.42999267578125,445.5799865722656,447.2699890136719,441.19573974609375,20177800,0.0,0.0
2024-12-16,447.2699890136719,452.17999267578125,445.2799987792969,451.5899963378906,445.45703125,23598800,0.0,0.0
2024-12-17,451.010009765625,455.2900085449219,449.57000732421875,454.4599914550781,448.2880859375,22733500,0.0,0.0
2024-12-18,451.32000732421875,452.6499938964844,437.0199890136719,437.3900146484375,431.4498596191406,24444500,0.0,0.0
2024-12-19,441.6199951171875,443.17999267578125,436.32000732421875,437.0299987792969,431.0947570800781,22963700,0.0,0.0
2024-12-20,433.1099853515625,443.739990234375,428.6300048828125,436.6000061035156,430.6706237792969,64263700,0.0,0.0
2024-12-23,436.739990234375,437.6499938964844,432.8299865722656,435.25,429.3389892578125,19152500,0.0,0.0
2024-12-24,434.6499938964844,439.6000061035156,434.19000244140625,439.3299865722656,433.3635559082031,7164500,0.0,0.0
2024-12-26,439.0799865722656,440.94000244140625,436.6300048828125,438.1099853515625,432.16009521484375,8194200,0.0,0.0
2024-12-27,434.6000061035156,435.2200012207031,426.3500061035156,430.5299987792969,424.68304443359375,18117700,0.0,0.0
2024-12-30,426.05999755859375,427.54998779296875,421.8999938964844,424.8299865722656,419.0604553222656,13158700,0.0,0.0
2024-12-31,426.1000061035156,426.7300109863281,420.6600036621094,421.5,415.77569580078125,13246500,0.0,0.0
2025-01-02,425.5299987792969,426.07000732421875,414.8500061035156,418.5799865722656,412.8952941894531,16896500,0.0,0.0
2025-01-03,421.0799865722656,424.0299987792969,419.5400085449219,423.3500061035156,417.6005859375,16662900,0.0,0.0
2025-01-06,428.0,434.32000732421875,425.4800109863281,427.8500061035156,422.03948974609375,20573600,0.0,0.0
2025-01-07,429.0,430.6499938964844,420.79998779296875,422.3699951171875,416.63385009765625,18139100,0.0,0.0
2025-01-08,423.4599914550781,426.9700012207031,421.5400085449219,424.55999755859375,418.79412841796875,15054600,0.0,0.0
2025-01-10,424.6300048828125,424.7099914550781,415.0199890136719,418.95001220703125,413.26031494140625,20201100,0.0,0.0
2025-01-13,415.239990234375,418.5,412.2900085449219,417.19000244140625,411.52423095703125,17604800,0.0,0.0
2025-01-14,417.80999755859375,419.739990234375,410.7200012207031,415.6700134277344,410.02484130859375,16935900,0.0,0.0
2025-01-15,419.1300048828125,428.1499938964844,418.2699890136719,426.30999755859375,420.5203857421875,19637800,0.0,0.0
2025-01-16,428.70001220703125,429.489990234375,424.3900146484375,424.5799865722656,418.8138427734375,15300000,0.0,0.0
2025-01-17,434.0899963378906,434.4800109863281,428.1700134277344,429.0299987792969,423.20343017578125,26197500,0.0,0.0
2025-01-21,430.20001220703125,430.8999938964844,425.6000061035156,428.5,422.68060302734375,26085700,0.0,0.0
2025-01-22,437.55999755859375,447.2699890136719,436.0,446.20001220703125,440.1402282714844,27803800,0.0,0.0
2025-01-23,442.0,446.75,441.5,446.7099914550781,440.643310546875,18389300,0.0,0.0
2025-01-24,445.1600036621094,446.6499938964844,441.3999938964844,444.05999755859375,438.0293273925781,15549500,0.0,0.0
2025-01-27,424.010009765625,435.20001220703125,423.5,434.55999755859375,428.6583557128906,35647800,0.0,0.0
2025-01-28,434.6000061035156,448.3800048828125,431.3800048828125,447.20001220703125,441.126708984375,23491700,0.0,0.0
2025-01-29,446.69000244140625,446.8800048828125,440.3999938964844,442.3299865722656,436.32275390625,23581400,0.0,0.0
2025-01-30,418.7699890136719,422.8599853515625,413.1600036621094,414.989990234375,409.3541564941406,54586300,0.0,0.0
2025-01-31,418.9800109863281,420.69000244140625,414.9100036621094,415.05999755859375,409.42315673828125,34161900,0.0,0.0
2025-02-03,411.6000061035156,415.4100036621094,408.6600036621094,410.9200134277344,405.3394470214844,25679100,0.0,0.0
2025-02-04,412.69000244140625,413.9200134277344,409.739990234375,412.3699951171875,406.7696838378906,20532100,0.0,0.0
2025-02-05,412.3500061035156,413.8299865722656,410.3999938964844,413.2900085449219,407.67718505859375,16316700,0.0,0.0
2025-02-06,414.0,418.20001220703125,414.0,415.82000732421875,410.1728210449219,16309800,0.0,0.0
2025-02-07,416.4800109863281,418.6499938964844,408.1000061035156,409.75,404.1852722167969,22886800,0.0,0.0
2025-02-10,413.7099914550781,415.4599914550781,410.9200134277344,412.2200012207031,406.6216735839844,20817900,0.0,0.0
2025-02-11,409.6400146484375,412.489990234375,409.29998779296875,411.44000244140625,405.852294921875,18140600,0.0,0.0
2025-02-12,407.2099914550781,410.75,404.3699951171875,409.0400085449219,403.48492431640625,19121700,0.0,0.0
2025-02-13,407.0,411.0,406.3599853515625,410.5400085449219,404.96453857421875,23891700,0.0,0.0
2025-02-14,407.7900085449219,408.9100036621094,405.8800048828125,408.42999267578125,402.8831787109375,22758500,0.0,0.0
2025-02-18,408.0,410.6000061035156,406.5,409.6400146484375,404.0767517089844,21423100,0.0,0.0
2025-02-19,407.8800048828125,415.489990234375,407.6499938964844,414.7699890136719,409.1370849609375,24114200,0.0,0.0
2025-02-20,415.2900085449219,419.30999755859375,412.5400085449219,416.1300048828125,411.3017272949219,23508700,0.83,0.0
2025-02-21,417.3399963378906,418.04998779296875,407.8900146484375,408.2099914550781,403.47357177734375,27524800,0.0,0.0
2025-02-24,408.510009765625,409.3699951171875,399.32000732421875,404.0,399.3123779296875,26443700,0.0,0.0
2025-02-25,401.1000061035156,401.9200134277344,396.70001220703125,397.8999938964844,393.283203125,29387400,0.0,0.0
2025-02-26,398.010009765625,403.6000061035156,394.25,399.7300109863281,395.0919494628906,19619000,0.0,0.0
2025-02-27,401.2699890136719,405.739990234375,392.1700134277344,392.5299987792969,387.9755554199219,21127400,0.0,0.0
2025-02-28,392.6600036621094,397.6300048828125,386.57000732421875,396.989990234375,392.3837585449219,32845700,0.0,0.0
2025-03-03,398.82000732421875,398.82000732421875,386.1600036621094,388.489990234375,383.9823913574219,23007700,0.0,0.0
2025-03-04,383.3999938964844,392.5799865722656,381.0,388.6099853515625,384.10101318359375,29342900,0.0,0.0
2025-03-05,389.3399963378906,401.6700134277344,388.80999755859375,401.0199890136719,396.3669738769531,23433100,0.0,0.0
2025-03-06,394.2799987792969,402.1499938964844,392.67999267578125,396.8900146484375,392.2849426269531,23304600,0.0,0.0
2025-03-07,392.32000732421875,394.79998779296875,385.5400085449219,393.30999755859375,388.7464599609375,22034100,0.0,0.0
2025-03-10,385.8399963378906,386.3999938964844,377.2200012207031,380.1600036621094,375.74908447265625,32840100,0.0,0.0
2025-03-11,379.0,386.0,376.9100036621094,380.45001220703125,376.0356750488281,30380200,0.0,0.0
2025-03-12,382.95001220703125,385.2200012207031,378.95001220703125,383.2699890136719,378.82293701171875,24253600,0.0,0.0
2025-03-13,383.1600036621094,385.32000732421875,377.45001220703125,378.7699890136719,374.37518310546875,20473000,0.0,0.0
2025-03-14,379.7799987792969,390.2300109863281,379.510009765625,388.55999755859375,384.0515441894531,19952800,0.0,0.0
2025-03-17,386.70001220703125,392.7099914550781,385.57000732421875,388.70001220703125,384.1899719238281,22474300,0.0,0.0
2025-03-18,387.07000732421875,387.3699951171875,381.1000061035156,383.5199890136719,379.0700378417969,19486900,0.0,0.0
2025-03-19,385.5299987792969,389.67999267578125,384.0,387.82000732421875,383.3201599121094,19185500,0.0,0.0
2025-03-20,385.739990234375,391.7900085449219,383.2799987792969,386.8399963378906,382.35150146484375,18470500,0.0,0.0
2025-03-21,383.2200012207031,391.739990234375,382.79998779296875,391.260009765625,386.7202453613281,39675900,0.0,0.0
2025-03-24,395.3999938964844,395.3999938964844,389.80999755859375,393.0799865722656,388.5191345214844,21004500,0.0,0.0
2025-03-25,393.9200134277344,396.3599853515625,392.6400146484375,395.1600036621094,390.57501220703125,15775000,0.0,0.0
2025-03-26,395.0,395.30999755859375,388.57000732421875,389.9700012207031,385.4452209472656,16108400,0.0,0.0
2025-03-27,390.1300048828125,392.239990234375,387.3999938964844,390.5799865722656,386.0481262207031,13766800,0.0,0.0
2025-03-28,388.0799865722656,389.1300048828125,376.92999267578125,378.79998779296875,374.40478515625,21632000,0.0,0.0
2025-03-31,372.5400085449219,377.07000732421875,367.239990234375,375.3900146484375,371.034423828125,35184700,0.0,0.0
2025-04-01,374.6499938964844,382.8500061035156,373.2300109863281,382.19000244140625,377.7554931640625,19689500,0.0,0.0
2025-04-02,377.9700012207031,385.0799865722656,376.6199951171875,382.1400146484375,377.70611572265625,16092600,0.0,0.0
2025-04-03,374.7900085449219,377.4800109863281,369.3500061035156,373.1099853515625,368.78082275390625,30198000,0.0,0.0
2025-04-04,364.1300048828125,374.5899963378906,359.4800109863281,359.8399963378906,355.66485595703125,49209900,0.0,0.0
2025-04-07,350.8800048828125,371.0,344.7900085449219,357.8599853515625,353.7077941894531,50425000,0.0,0.0
2025-04-08,368.260009765625,373.6499938964844,350.25,354.55999755859375,350.4460754394531,35868900,0.0,0.0
2025-04-09,353.5400085449219,393.2300109863281,353.1000061035156,390.489990234375,385.95916748046875,50199700,0.0,0.0
2025-04-10,382.05999755859375,383.8999938964844,367.79998779296875,381.3500061035156,376.9252014160156,38024400,0.0,0.0
2025-04-11,380.6400146484375,390.04998779296875,378.8900146484375,388.45001220703125,383.94287109375,23839200,0.0,0.0
2025-04-14,393.2200012207031,394.6499938964844,384.2099914550781,387.80999755859375,383.31024169921875,19251200,0.0,0.0
2025-04-15,388.510009765625,391.8900146484375,384.1600036621094,385.7300109863281,381.2544250488281,17199900,0.0,0.0
2025-04-16,380.6700134277344,381.6099853515625,368.0,371.6099853515625,367.2982177734375,21967800,0.0,0.0
2025-04-17,373.75,374.32000732421875,366.8900146484375,367.7799987792969,363.5126953125,21120200,0.0,0.0
2025-04-21,362.82000732421875,364.4800109863281,355.6700134277344,359.1199951171875,354.9531555175781,20807300,0.0,0.0
2025-04-22,363.3800048828125,367.7699890136719,359.8599853515625,366.82000732421875,362.5638427734375,19485000,0.0,0.0
2025-04-23,376.05999755859375,380.3900146484375,373.0199890136719,374.3900146484375,370.0459899902344,20545500,0.0,0.0
2025-04-24,375.70001220703125,388.45001220703125,375.19000244140625,387.29998779296875,382.80621337890625,22232300,0.0,0.0
2025-04-25,387.0,392.1600036621094,384.6000061035156,391.8500061035156,387.30340576171875,18973200,0.0,0.0
2025-04-28,391.9599914550781,392.739990234375,386.6400146484375,391.1600036621094,386.62139892578125,16579400,0.0,0.0
2025-04-29,391.29998779296875,395.1000061035156,390.3800048828125,394.0400085449219,389.4679870605469,14974000,0.0,0.0
2025-04-30,390.29998779296875,396.6600036621094,384.44000244140625,395.260009765625,390.6737976074219,36461100,0.0,0.0
2025-05-01,431.1099853515625,436.989990234375,424.8999938964844,425.3999938964844,420.4640808105469,58938100,0.0,0.0
2025-05-02,431.739990234375,439.44000244140625,429.989990234375,435.2799987792969,430.2294921875,30757400,0.0,0.0
2025-05-05,432.8699951171875,439.5,432.1099853515625,436.1700134277344,431.109130859375,20136100,0.0,0.0
2025-05-06,432.20001220703125,437.7300109863281,431.1700134277344,433.30999755859375,428.2823486328125,15104200,0.0,0.0
2025-05-07,433.8399963378906,438.1199951171875,431.1099853515625,433.3500061035156,428.3218688964844,23295300,0.0,0.0
2025-05-08,437.92999267578125,443.6700134277344,435.6600036621094,438.1700134277344,433.0859680175781,23491300,0.0,0.0
2025-05-09,440.0,440.739990234375,435.8800048828125,438.7300109863281,433.6394348144531,15324200,0.0,0.0
2025-05-12,445.94000244140625,449.3699951171875,439.7799987792969,449.260009765625,444.0472717285156,22821900,0.0,0.0
2025-05-13,447.7799987792969,450.6700134277344,445.3599853515625,449.1400146484375,443.9287109375,23618800,0.0,0.0
2025-05-14,448.1400146484375,453.8999938964844,448.1400146484375,452.94000244140625,447.6845703125,19902800,0.0,0.0
2025-05-15,450.7699890136719,456.19000244140625,450.42999267578125,453.1300048828125,448.6946105957031,21992300,0.83,0.0
2025-05-16,452.04998779296875,454.3599853515625,448.7300109863281,454.2699890136719,449.82342529296875,23849800,0.0,0.0
2025-05-19,450.8800048828125,459.5899963378906,450.79998779296875,458.8699951171875,454.37841796875,21336500,0.0,0.0
2025-05-20,455.5899963378906,458.3399963378906,454.32000732421875,458.1700134277344,453.685302734375,15441800,0.0,0.0
2025-05-21,454.57000732421875,457.7799987792969,451.80999755859375,452.57000732421875,448.1401062011719,19216900,0.0,0.0
2025-05-22,454.95001220703125,460.25,453.8999938964844,454.8599853515625,450.4076843261719,18025600,0.0,0.0
2025-05-23,449.9800109863281,453.69000244140625,448.9100036621094,450.17999267578125,445.7734680175781,16883500,0.0,0.0
2025-05-27,456.4800109863281,460.95001220703125,456.1199951171875,460.69000244140625,456.18060302734375,20974300,0.0,0.0
2025-05-28,461.2200012207031,462.5199890136719,456.92999267578125,457.3599853515625,452.8831787109375,17086300,0.0,0.0
2025-05-29,461.54998779296875,461.7200012207031,455.30999755859375,458.67999267578125,454.1902770996094,13974800,0.0,0.0
2025-05-30,459.7200012207031,461.67999267578125,455.5400085449219,460.3599853515625,455.85382080078125,34770500,0.0,0.0
2025-06-02,457.1400146484375,462.1099853515625,456.8900146484375,461.9700012207031,457.44805908203125,16626500,0.0,0.0
2025-06-03,461.4700012207031,464.1400146484375,460.8599853515625,462.9700012207031,458.4382629394531,15743800,0.0,0.0
2025-06-04,464.0,465.69000244140625,463.0199890136719,463.8699951171875,459.3294982910156,14162700,0.0,0.0
2025-06-05,464.9599914550781,469.6499938964844,464.0299987792969,467.67999267578125,463.1021728515625,20131700,0.0,0.0
2025-06-06,470.0899963378906,473.3399963378906,468.7799987792969,470.3800048828125,465.7757568359375,15285600,0.0,0.0
2025-06-09,469.70001220703125,473.42999267578125,468.6199951171875,472.75,468.12255859375,16469900,0.0,0.0
2025-06-10,471.19000244140625,472.79998779296875,466.9599914550781,470.9200134277344,466.3104553222656,15375900,0.0,0.0
2025-06-11,470.0199890136719,475.4700012207031,469.6600036621094,472.6199951171875,467.99383544921875,16399200,0.0,0.0
2025-06-12,475.0199890136719,480.4200134277344,473.5199890136719,478.8699951171875,474.1826171875,18950600,0.0,0.0
2025-06-13,476.4100036621094,479.17999267578125,472.760009765625,474.9599914550781,470.3109130859375,16814500,0.0,0.0
2025-06-16,475.2099914550781,480.69000244140625,475.0,479.1400146484375,474.45001220703125,15626100,0.0,0.0
2025-06-17,475.3999938964844,478.739990234375,474.0799865722656,478.0400085449219,473.36077880859375,15414100,0.0,0.0
2025-06-18,478.0,481.0,474.4599914550781,480.239990234375,475.5392150878906,17526500,0.0,0.0
2025-06-20,482.2300109863281,483.4599914550781,476.8699951171875,477.3999938964844,472.7270202636719,37576200,0.0,0.0
2025-06-23,478.2099914550781,487.75,472.510009765625,486.0,481.24285888671875,24864000,0.0,0.0
2025-06-24,488.95001220703125,491.8500061035156,486.79998779296875,490.1099853515625,485.3125915527344,22305600,0.0,0.0
2025-06-25,492.0400085449219,494.55999755859375,489.3900146484375,492.2699890136719,487.4514465332031,17495100,0.0,0.0
2025-06-26,492.9800109863281,498.0400085449219,492.80999755859375,497.45001220703125,492.5807800292969,21578900,0.0,0.0
2025-06-27,497.54998779296875,499.29998779296875,493.0299987792969,495.94000244140625,491.0855407714844,34539200,0.0,0.0
2025-06-30,497.0400085449219,500.760009765625,495.3299865722656,497.4100036621094,492.54119873046875,28369000,0.0,0.0
2025-07-01,496.4700012207031,498.04998779296875,490.9800109863281,492.04998779296875,487.2336120605469,19945400,0.0,0.0
2025-07-02,489.989990234375,493.5,488.70001220703125,491.0899963378906,486.2830505371094,16319600,0.0,0.0
2025-07-03,493.80999755859375,500.1300048828125,493.44000244140625,498.8399963378906,493.9571838378906,13984800,0.0,0.0
2025-07-07,497.3800048828125,498.75,495.2300109863281,497.7200012207031,492.84814453125,13981600,0.0,0.0
2025-07-08,497.239990234375,498.20001220703125,494.1099853515625,496.6199951171875,491.7589416503906,11846600,0.0,0.0
2025-07-09,500.29998779296875,506.7799987792969,499.739990234375,503.510009765625,498.58148193359375,18659500,0.0,0.0
2025-07-10,503.04998779296875,504.44000244140625,497.75,501.4800109863281,496.5713806152344,16492100,0.0,0.0
2025-07-11,498.4700012207031,505.0299987792969,497.79998779296875,503.32000732421875,498.3933410644531,16459500,0.0,0.0
2025-07-14,501.5199890136719,503.9700012207031,501.0299987792969,503.0199890136719,498.09625244140625,12058800,0.0,0.0
2025-07-15,503.0199890136719,508.29998779296875,502.7900085449219,505.82000732421875,500.86883544921875,14927200,0.0,0.0
2025-07-16,505.17999267578125,506.7200012207031,501.8900146484375,505.6199951171875,500.6708068847656,15154400,0.0,0.0
2025-07-17,505.67999267578125,513.3699951171875,505.6199951171875,511.70001220703125,506.6913146972656,17503100,0.0,0.0
2025-07-18,514.47998046875,514.6400146484375,507.42999267578125,510.04998779296875,505.05743408203125,21209700,0.0,0.0
2025-07-21,506.7099914550781,512.0900268554688,505.54998779296875,510.05999755859375,505.0673522949219,14066800,0.0,0.0
2025-07-22,510.9700012207031,511.20001220703125,505.2699890136719,505.2699890136719,500.32421875,13868600,0.0,0.0
2025-07-23,506.75,506.7900085449219,500.70001220703125,505.8699951171875,500.9183349609375,16396600,0.0,0.0
2025-07-24,508.7699890136719,513.6699829101562,507.29998779296875,510.8800048828125,505.8793640136719,16107000,0.0,0.0
2025-07-25,512.469970703125,518.2899780273438,510.3599853515625,513.7100219726562,508.681640625,19125700,0.0,0.0
2025-07-28,514.0800170898438,515.0,510.1199951171875,512.5,507.4834899902344,14308000,0.0,0.0
2025-07-29,515.530029296875,517.6199951171875,511.55999755859375,512.5700073242188,507.5527648925781,16469200,0.0,0.0
2025-07-30,515.1699829101562,515.9500122070312,509.44000244140625,513.239990234375,508.2162170410156,26380400,0.0,0.0
2025-07-31,555.22998046875,555.4500122070312,531.9000244140625,533.5,528.2779541015625,51617300,0.0,0.0
2025-08-01,535.0,535.7999877929688,520.8599853515625,524.1099853515625,518.9797973632812,28977600,0.0,0.0
2025-08-04,528.27001953125,538.25,528.1300048828125,535.6400146484375,530.3970336914062,25349000,0.0,0.0
2025-08-05,537.1799926757812,537.2999877929688,527.239990234375,527.75,522.5841674804688,19171600,0.0,0.0
2025-08-06,530.9000244140625,531.7000122070312,524.030029296875,524.9400024414062,519.8016967773438,21355700,0.0,0.0
2025-08-07,526.7999877929688,528.0900268554688,517.5499877929688,520.8400268554688,515.7418823242188,16079100,0.0,0.0
2025-08-08,522.5999755859375,524.6599731445312,519.4099731445312,522.0399780273438,516.9299926757812,15531000,0.0,0.0
2025-08-11,522.2999877929688,527.5900268554688,519.719970703125,521.77001953125,516.6627197265625,20194400,0.0,0.0
2025-08-12,523.75,530.97998046875,522.7000122070312,529.239990234375,524.0595703125,18667000,0.0,0.0
2025-08-13,532.1099853515625,532.7000122070312,519.3699951171875,520.5800170898438,515.4844360351562,19619200,0.0,0.0
2025-08-14,522.5599975585938,525.9500122070312,520.1400146484375,522.47998046875,517.36572265625,20269100,0.0,0.0
2025-08-15,522.77001953125,526.0999755859375,519.0800170898438,520.1699829101562,515.078369140625,25213300,0.0,0.0
2025-08-18,521.5900268554688,522.8200073242188,514.02001953125,517.0999755859375,512.0383911132812,23760600,0.0,0.0
2025-08-19,515.0,515.1599731445312,508.54998779296875,509.7699890136719,504.7801513671875,21481000,0.0,0.0
2025-08-20,509.8699951171875,511.0,504.44000244140625,505.7200012207031,500.7698669433594,27723000,0.0,0.0
2025-08-21,503.69000244140625,507.6300048828125,502.7200012207031,504.239990234375,500.1251220703125,18443300,0.83,0.0
2025-08-22,504.25,510.7300109863281,502.4100036621094,507.2300109863281,503.09075927734375,24324200,0.0,0.0
2025-08-25,506.6300048828125,508.19000244140625,504.1199951171875,504.260009765625,500.14495849609375,21638600,0.0,0.0
2025-08-26,504.3599853515625,504.9800109863281,498.510009765625,502.0400085449219,497.9430847167969,30835700,0.0,0.0
2025-08-27,502.0,507.2900085449219,499.8999938964844,506.739990234375,502.6047668457031,17277900,0.0,0.0
2025-08-28,507.0899963378906,511.0899963378906,505.5,509.6400146484375,505.4810791015625,18015600,0.0,0.0
2025-08-29,508.6600036621094,509.6000061035156,504.489990234375,506.69000244140625,502.5551452636719,20961600,0.0,0.0
2025-09-02,500.4700012207031,506.0,496.80999755859375,505.1199951171875,500.9979248046875,18128000,0.0,0.0
2025-09-03,503.7900085449219,507.7900085449219,502.32000732421875,505.3500061035156,501.22607421875,16345100,0.0,0.0
2025-09-04,504.29998779296875,508.1499938964844,503.1499938964844,507.9700012207031,503.82470703125,15509500,0.0,0.0
2025-09-05,509.07000732421875,511.9700012207031,492.3699951171875,495.0,490.9605407714844,31994800,0.0,0.0
2025-09-08,498.1099853515625,501.20001220703125,495.0299987792969,498.20001220703125,494.13446044921875,16771000,0.0,0.0
2025-09-09,501.42999267578125,502.25,497.70001220703125,498.4100036621094,494.34271240234375,14410500,0.0,0.0
2025-09-10,502.9800109863281,503.2300109863281,496.7200012207031,500.3699951171875,496.2867126464844,21611800,0.0,0.0
2025-09-11,502.25,503.1700134277344,497.8800048828125,501.010009765625,496.9215087890625,18881600,0.0,0.0
2025-09-12,506.6499938964844,512.5499877929688,503.8500061035156,509.8999938964844,505.73895263671875,23624900,0.0,0.0
2025-09-15,508.7900085449219,515.469970703125,507.0,515.3599853515625,511.1543884277344,17143800,0.0,0.0
2025-09-16,516.8800048828125,517.22998046875,508.6000061035156,509.0400085449219,504.885986328125,19711900,0.0,0.0
2025-09-17,510.6199951171875,511.2900085449219,505.92999267578125,510.0199890136719,505.8579406738281,15816600,0.0,0.0
2025-09-18,511.489990234375,513.0700073242188,507.6600036621094,508.45001220703125,504.3008117675781,18913700,0.0,0.0
2025-09-19,510.55999755859375,519.2999877929688,510.30999755859375,517.9299926757812,513.7034301757812,52474100,0.0,0.0
2025-09-22,515.5900268554688,517.739990234375,512.5399780273438,514.4500122070312,510.25189208984375,20009300,0.0,0.0
2025-09-23,513.7999877929688,514.5900268554688,507.30999755859375,509.2300109863281,505.0744323730469,19799600,0.0,0.0
2025-09-24,510.3800048828125,512.47998046875,506.9200134277344,510.1499938964844,505.98687744140625,13533700,0.0,0.0
2025-09-25,508.29998779296875,510.010009765625,505.0400085449219,507.0299987792969,502.8923645019531,15786500,0.0,0.0
2025-09-26,510.05999755859375,513.9400024414062,506.6199951171875,511.4599914550781,507.28619384765625,16213100,0.0,0.0
2025-09-29,511.5,516.8499755859375,508.8800048828125,514.5999755859375,510.4005432128906,17617800,0.0,0.0
2025-09-30,513.239990234375,518.1599731445312,509.6600036621094,517.9500122070312,513.7232666015625,19728200,0.0,0.0
2025-10-01,514.7999877929688,520.510009765625,511.69000244140625,519.7100219726562,515.4688720703125,22632300,0.0,0.0
2025-10-02,517.6400146484375,521.5999755859375,510.67999267578125,515.739990234375,511.53125,21222900,0.0,0.0
2025-10-03,517.0999755859375,520.489990234375,515.0,517.3499755859375,513.1281127929688,15112300,0.0,0.0
2025-10-06,518.6099853515625,531.030029296875,518.2000122070312,528.5700073242188,524.256591796875,21388600,0.0,0.0
2025-10-07,528.2899780273438,529.7999877929688,521.4400024414062,523.97998046875,519.7039794921875,14615200,0.0,0.0
2025-10-08,523.280029296875,526.9500122070312,523.0900268554688,524.8499755859375,520.5669555664062,13363400,0.0,0.0
2025-10-09,522.3400268554688,524.3300170898438,517.4000244140625,522.4000244140625,518.1369018554688,18343600,0.0,0.0
2025-10-10,519.6400146484375,523.5800170898438,509.6300048828125,510.9599914550781,506.7903137207031,24133800,0.0,0.0
2025-10-13,516.4099731445312,516.4099731445312,511.67999267578125,514.0499877929688,509.8551025390625,14284200,0.0,0.0
2025-10-14,510.2300109863281,515.280029296875,506.0,513.5700073242188,509.37896728515625,14684300,0.0,0.0
2025-10-15,514.9600219726562,517.1900024414062,510.0,513.4299926757812,509.24017333984375,14694700,0.0,0.0
2025-10-16,512.5800170898438,516.8499755859375,508.1300048828125,511.6099853515625,507.4349670410156,15559600,0.0,0.0
2025-10-17,509.0400085449219,515.47998046875,507.30999755859375,513.5800170898438,509.388916015625,19867800,0.0,0.0
2025-10-20,514.6099853515625,518.7000122070312,513.4299926757812,516.7899780273438,512.5726928710938,14665600,0.0,0.0
2025-10-21,517.5,518.6900024414062,513.0399780273438,517.6599731445312,513.4356079101562,15586200,0.0,0.0
2025-10-22,521.1500244140625,525.22998046875,517.7100219726562,520.5399780273438,516.2921142578125,18962700,0.0,0.0
2025-10-23,522.4600219726562,523.9500122070312,518.6099853515625,520.5599975585938,516.3119506835938,14023500,0.0,0.0
2025-10-24,522.7899780273438,525.3499755859375,520.7100219726562,523.6099853515625,519.3370361328125,15532400,0.0,0.0
2025-10-27,531.780029296875,534.5800170898438,529.010009765625,531.52001953125,527.1824951171875,18734700,0.0,0.0
2025-10-28,550.0,553.719970703125,540.77001953125,542.0700073242188,537.6463623046875,29986700,0.0,0.0
2025-10-29,544.9400024414062,546.27001953125,536.72998046875,541.5499877929688,537.130615234375,36023000,0.0,0.0
2025-10-30,530.47998046875,534.969970703125,522.1199951171875,525.760009765625,521.4695434570312,41023100,0.0,0.0
2025-10-31,528.8800048828125,529.3200073242188,515.0999755859375,517.8099975585938,513.5843505859375,34006400,0.0,0.0
2025-11-03,519.8099975585938,524.9600219726562,514.5900268554688,517.030029296875,512.8107299804688,22374700,0.0,0.0
2025-11-04,511.760009765625,515.5499877929688,507.8399963378906,514.3300170898438,510.1327819824219,20958700,0.0,0.0
2025-11-05,513.2999877929688,514.8300170898438,506.5799865722656,507.1600036621094,503.02130126953125,23024300,0.0,0.0
2025-11-06,505.6600036621094,505.70001220703125,495.80999755859375,497.1000061035156,493.04339599609375,27406500,0.0,0.0
2025-11-07,496.95001220703125,499.3800048828125,493.25,496.82000732421875,492.76568603515625,24019800,0.0,0.0
2025-11-10,500.0400085449219,506.8500061035156,498.79998779296875,506.0,501.87078857421875,26101500,0.0,0.0
2025-11-11,504.79998779296875,509.6000061035156,502.3500061035156,508.67999267578125,504.5289306640625,17980000,0.0,0.0
2025-11-12,509.3599853515625,511.6700134277344,499.1199951171875,511.1400146484375,506.9688415527344,26574900,0.0,0.0
2025-11-13,510.30999755859375,513.5,501.2900085449219,503.2900085449219,499.1828918457031,25273100,0.0,0.0
2025-11-14,498.2300109863281,511.6000061035156,497.44000244140625,510.17999267578125,506.01666259765625,28505700,0.0,0.0
2025-11-17,508.45001220703125,512.1199951171875,504.9100036621094,507.489990234375,503.3486328125,19092800,0.0,0.0
2025-11-18,495.3699951171875,502.9800109863281,486.7799987792969,493.7900085449219,489.7604064941406,33815100,0.0,0.0
2025-11-19,490.1000061035156,495.19000244140625,482.8299865722656,487.1199951171875,483.14483642578125,23245300,0.0,0.0
2025-11-20,492.7099914550781,493.57000732421875,475.5,478.42999267578125,475.41387939453125,26802500,0.91,0.0
2025-11-21,478.5,478.9200134277344,468.2699890136719,472.1199951171875,469.1436767578125,31769200,0.0,0.0
2025-11-24,475.0,476.8999938964844,468.0199890136719,474.0,471.0118103027344,34421000,0.0,0.0
2025-11-25,474.07000732421875,479.1499938964844,464.8900146484375,476.989990234375,473.9829406738281,28019800,0.0,0.0
2025-11-26,486.30999755859375,488.30999755859375,481.20001220703125,485.5,482.4393005371094,25709100,0.0,0.0
2025-11-28,487.6000061035156,492.6300048828125,486.6499938964844,492.010009765625,488.9082946777344,14386700,0.0,0.0
2025-12-01,488.44000244140625,489.8599853515625,484.6499938964844,486.739990234375,483.6715087890625,23964000,0.0,0.0
2025-12-02,486.7200012207031,493.5,486.32000732421875,490.0,486.91094970703125,19562700,0.0,0.0
2025-12-03,476.32000732421875,484.239990234375,475.20001220703125,477.7300109863281,474.7182922363281,34615100,0.0,0.0
2025-12-04,479.760009765625,481.32000732421875,476.489990234375,480.8399963378906,477.8086853027344,22318200,0.0,0.0
2025-12-05,482.5199890136719,483.3999938964844,478.8800048828125,483.1600036621094,480.1140441894531,22608700,0.0,0.0
2025-12-08,484.8900146484375,492.29998779296875,484.3800048828125,491.0199890136719,487.9245300292969,21965900,0.0,0.0
2025-12-09,489.1000061035156,492.1199951171875,488.5,492.0199890136719,488.918212890625,14696100,0.0,0.0
2025-12-10,484.0299987792969,484.25,475.0799865722656,478.55999755859375,475.5430603027344,35756200,0.0,0.0
2025-12-11,476.6300048828125,486.0299987792969,475.8599853515625,483.4700012207031,480.422119140625,24669200,0.0,0.0
2025-12-12,479.82000732421875,482.45001220703125,476.3399963378906,478.5299987792969,475.5132751464844,21248100,0.0,0.0
2025-12-15,480.1000061035156,480.7200012207031,472.5199890136719,474.82000732421875,471.82666015625,23727700,0.0,0.0
2025-12-16,471.9100036621094,477.8900146484375,470.8800048828125,476.3900146484375,473.3867492675781,20705600,0.0,0.0
2025-12-17,476.9100036621094,480.0,475.0,476.1199951171875,473.1184387207031,24527200,0.0,0.0
2025-12-18,478.19000244140625,489.6000061035156,477.8900146484375,483.9800109863281,480.9289245605469,28573500,0.0,0.0
2025-12-19,487.3599853515625,487.8500061035156,482.489990234375,485.9200134277344,482.856689453125,70836100,0.0,0.0
2025-12-22,486.1199951171875,488.7300109863281,482.69000244140625,484.9200134277344,481.86297607421875,16963000,0.0,0.0
2025-12-23,484.9800109863281,487.8299865722656,484.739990234375,486.8500061035156,483.78082275390625,14683600,0.0,0.0
2025-12-24,485.67999267578125,489.1600036621094,484.8299865722656,488.0199890136719,484.94342041015625,5855900,0.0,0.0
2025-12-26,486.7099914550781,488.1199951171875,485.9599914550781,487.7099914550781,484.6354064941406,8842200,0.0,0.0
2025-12-29,484.8599853515625,488.3500061035156,484.17999267578125,487.1000061035156,484.02923583984375,10893400,0.0,0.0
2025-12-30,485.92999267578125,489.67999267578125,485.5,487.4800109863281,484.4068603515625,13944500,0.0,0.0
2025-12-31,487.8399963378906,488.1400146484375,483.29998779296875,483.6199951171875,480.5711669921875,15601600,0.0,0.0
2026-01-02,484.3900146484375,484.6600036621094,470.1600036621094,472.94000244140625,469.95849609375,25571600,0.0,0.0
2026-01-05,474.05999755859375,476.07000732421875,469.5,472.8500061035156,469.86907958984375,25250300,0.0,0.0
2026-01-06,473.79998779296875,478.739990234375,469.75,478.510009765625,475.4933776855469,23037700,0.0,0.0
2026-01-07,479.760009765625,489.70001220703125,477.95001220703125,483.4700012207031,480.422119140625,25564200,0.0,0.0
2026-01-08,481.239990234375,482.6600036621094,475.8599853515625,478.1099853515625,475.0959167480469,18162600,0.0,0.0
2026-01-09,474.05999755859375,479.82000732421875,472.20001220703125,479.2799987792969,476.258544921875,18491000,0.0,0.0
2026-01-12,476.6700134277344,480.989990234375,475.67999267578125,477.17999267578125,474.1717529296875,23519900,0.0,0.0
2026-01-13,474.67999267578125,475.7799987792969,465.95001220703125,470.6700134277344,467.70281982421875,28545800,0.0,0.0
2026-01-14,466.4599914550781,468.20001220703125,457.1700134277344,459.3800048828125,456.4840087890625,28184300,0.0,0.0
2026-01-15,464.1199951171875,464.25,455.8999938964844,456.6600036621094,453.7811279296875,23225800,0.0,0.0
2026-01-16,457.8299865722656,463.19000244140625,456.4800109863281,459.8599853515625,456.9609680175781,34246700,0.0,0.0
2026-01-20,451.2200012207031,456.79998779296875,449.2799987792969,454.5199890136719,451.65460205078125,26130000,0.0,0.0
2026-01-21,452.6000061035156,452.69000244140625,438.67999267578125,444.1099853515625,441.3102111816406,37980500,0.0,0.0
2026-01-22,447.6199951171875,452.8399963378906,444.70001220703125,451.1400146484375,448.2959289550781,25349400,0.0,0.0
2026-01-23,451.8699951171875,471.1000061035156,450.5299987792969,465.95001220703125,463.0125732421875,38000200,0.0,0.0
2026-01-26,465.30999755859375,474.25,462.0,470.2799987792969,467.3152770996094,29291200,0.0,0.0
2026-01-27,473.70001220703125,482.8699951171875,473.1600036621094,480.5799865722656,477.5503234863281,29213900,0.0,0.0
2026-01-28,483.2099914550781,483.739990234375,478.0,481.6300048828125,478.59368896484375,36875400,0.0,0.0
2026-01-29,439.989990234375,442.5,421.0199890136719,433.5,430.76715087890625,128855300,0.0,0.0
2026-01-30,439.1700134277344,439.6000061035156,426.45001220703125,430.2900085449219,427.5773620605469,58566800,0.0,0.0
2026-02-02,430.239990234375,430.739990234375,422.25,423.3699951171875,420.70098876953125,42219900,0.0,0.0
2026-02-03,422.010009765625,422.04998779296875,408.55999755859375,411.2099914550781,408.6176452636719,61424100,0.0,0.0
2026-02-04,411.0,419.79998779296875,409.239990234375,414.19000244140625,411.5788879394531,45012400,0.0,0.0
2026-02-05,407.44000244140625,408.29998779296875,392.32000732421875,393.6700134277344,391.1882629394531,66289200,0.0,0.0
2026-02-06,399.1700134277344,401.7900085449219,392.9200134277344,401.1400146484375,398.61114501953125,53515300,0.0,0.0
2026-02-09,404.8500061035156,414.8900146484375,400.8699951171875,413.6000061035156,410.99261474609375,45480500,0.0,0.0
2026-02-10,419.6199951171875,423.67999267578125,412.70001220703125,413.2699890136719,410.6646423339844,44857900,0.0,0.0
2026-02-11,416.17999267578125,416.4599914550781,401.010009765625,404.3699951171875,401.8207702636719,42491000,0.0,0.0
2026-02-12,405.0,406.20001220703125,398.010009765625,401.8399963378906,399.3067321777344,40802400,0.0,0.0
2026-02-13,404.45001220703125,405.5400085449219,398.04998779296875,401.32000732421875,398.7900085449219,34091600,0.0,0.0
2026-02-17,399.2200012207031,400.5199890136719,394.5299987792969,396.8599853515625,394.3581237792969,32078800,0.0,0.0
2026-02-18,398.1300048828125,402.55999755859375,396.32000732421875,399.6000061035156,397.0808410644531,23223400,0.0,0.0
2026-02-19,400.69000244140625,404.42999267578125,396.6700134277344,398.4599914550781,396.8517761230469,28234000,0.91,0.0
2026-02-20,396.1099853515625,400.1199951171875,395.1600036621094,397.2300109863281,395.6267395019531,34015200,0.0,0.0
2026-02-23,395.0,395.3599853515625,383.1000061035156,384.4700012207031,382.9182434082031,43238300,0.0,0.0
2026-02-24,384.1400146484375,389.3599853515625,381.7099914550781,389.0,387.429931640625,33884700,0.0,0.0
2026-02-25,390.5299987792969,401.4700012207031,390.1600036621094,400.6000061035156,398.9831237792969,43625500,0.0,0.0
2026-02-26,404.7099914550781,407.489990234375,398.739990234375,401.7200012207031,400.0986022949219,34405900,0.0,0.0
2026-02-27,390.8800048828125,396.82000732421875,389.8800048828125,392.739990234375,391.15484619140625,51367200,0.0,0.0
2026-03-02,392.8599853515625,401.19000244140625,390.6300048828125,398.54998779296875,396.9413757324219,35474900,0.0,0.0
2026-03-03,393.1400146484375,406.70001220703125,392.6700134277344,403.92999267578125,402.2996826171875,38199200,0.0,0.0
2026-03-04,401.2699890136719,411.0299987792969,400.30999755859375,405.20001220703125,403.5645751953125,35808000,0.0,0.0
2026-03-05,404.4200134277344,411.6099853515625,404.3999938964844,410.67999267578125,409.0224304199219,39001300,0.0,0.0
2026-03-06,409.20001220703125,413.04998779296875,408.510009765625,408.9599914550781,407.30938720703125,31123900,0.0,0.0
2026-03-09,404.9200134277344,410.2099914550781,403.5,409.4100036621094,407.757568359375,30131900,0.0,0.0
2026-03-10,410.0299987792969,410.20001220703125,402.92999267578125,405.760009765625,404.122314453125,31706400,0.0,0.0
2026-03-11,405.57000732421875,409.010009765625,401.5899963378906,404.8800048828125,403.245849609375,25512100,0.0,0.0
2026-03-12,404.6300048828125,406.1199951171875,401.7099914550781,401.8599853515625,400.2380065917969,27263900,0.0,0.0
2026-03-13,401.0,404.79998779296875,394.25,395.54998779296875,393.9534912109375,26848000,0.0,0.0
2026-03-16,398.07000732421875,400.6300048828125,394.7900085449219,399.95001220703125,398.33575439453125,27733700,0.0,0.0
2026-03-17,400.2699890136719,404.3999938964844,397.75,399.4100036621094,397.7979431152344,26228300,0.0,0.0
2026-03-18,397.1300048828125,398.0,391.0,391.7900085449219,390.20867919921875,25908500,0.0,0.0
2026-03-19,390.1000061035156,392.489990234375,387.05999755859375,389.0199890136719,387.4498596191406,25138800,0.0,0.0
2026-03-20,386.7900085449219,387.0,380.1199951171875,381.8699951171875,380.3287048339844,50853200,0.0,0.0
2026-03-23,383.8999938964844,387.2099914550781,381.67999267578125,383.0,381.4541931152344,29680100,0.0,0.0
2026-03-24,382.3599853515625,382.4700012207031,371.8500061035156,372.739990234375,371.2355651855469,42733600,0.0,0.0
2026-03-25,376.9200134277344,377.05999755859375,369.6300048828125,371.0400085449219,369.5424499511719,31181200,0.0,0.0
2026-03-26,370.82000732421875,374.7200012207031,365.19000244140625,365.9700012207031,364.4928894042969,36836600,0.0,0.0
2026-03-27,361.8999938964844,362.45001220703125,356.510009765625,356.7699890136719,355.3300476074219,37883400,0.0,0.0
2026-03-30,361.8999938964844,365.3599853515625,356.2799987792969,358.9599914550781,357.5111999511719,44797000,0.0,0.0
2026-03-31,364.54998779296875,372.8999938964844,363.07000732421875,370.1700134277344,368.67596435546875,45244400,0.0,0.0
2026-04-01,373.489990234375,373.989990234375,368.20001220703125,369.3699951171875,367.8791809082031,29417200,0.0,0.0
2026-04-02,367.2099914550781,373.6400146484375,364.1499938964844,373.4599914550781,371.9526672363281,24099100,0.0,0.0
2026-04-06,373.489990234375,373.7300109863281,369.5,372.8800048828125,371.3750305175781,16146600,0.0,0.0
2026-04-07,370.3399963378906,372.45001220703125,366.55999755859375,372.2900085449219,370.78741455078125,21443300,0.0,0.0
2026-04-08,384.9800109863281,385.0,371.4100036621094,374.3299865722656,372.8191223144531,33064800,0.0,0.0
2026-04-09,372.5,373.5,367.04998779296875,373.07000732421875,371.5642395019531,30435300,0.0,0.0
2026-04-10,372.9800109863281,375.6400146484375,370.0299987792969,370.8699951171875,369.37310791015625,28111100,0.0,0.0
2026-04-13,373.6099853515625,384.5400085449219,371.0199890136719,384.3699951171875,382.8186340332031,35745800,0.0,0.0
2026-04-14,387.9200134277344,394.69000244140625,386.5199890136719,393.1099853515625,391.5233459472656,37504500,0.0,0.0
2026-04-15,398.0,414.3699951171875,396.7300109863281,411.2200012207031,409.5602722167969,45063400,0.0,0.0
2026-04-16,419.8599853515625,420.82000732421875,412.1400146484375,420.260009765625,418.56378173828125,41642400,0.0,0.0
2026-04-17,424.82000732421875,431.5799865722656,420.69000244140625,422.7900085449219,421.0835876464844,48568200,0.0,0.0
2026-04-20,421.1499938964844,423.3299865722656,416.29998779296875,418.07000732421875,416.38262939453125,27582200,0.0,0.0
2026-04-21,420.239990234375,427.17999267578125,417.20001220703125,424.1600036621094,422.4480285644531,32048500,0.0,0.0
2026-04-22,426.19000244140625,433.70001220703125,423.6700134277344,432.9200134277344,431.1726989746094,29378200,0.0,0.0
2026-04-23,419.8900146484375,423.6600036621094,411.4100036621094,415.75,414.0719909667969,38308000,0.0,0.0
2026-04-24,416.9700012207031,424.95001220703125,415.79998779296875,424.6199951171875,422.90618896484375,27457400,0.0,0.0
2026-04-27,422.3800048828125,427.1099853515625,417.07000732421875,424.82000732421875,423.1053771972656,30867300,0.0,0.0
2026-04-28,424.57000732421875,429.9200134277344,421.8999938964844,429.25,427.5174865722656,30438100,0.0,0.0
2026-04-29,424.5799865722656,426.82000732421875,420.2900085449219,424.4599914550781,422.746826171875,38288300,0.0,0.0
2026-04-30,410.80999755859375,414.4200134277344,398.010009765625,407.7799987792969,406.1341552734375,70909400,0.0,0.0
2026-05-01,412.79998779296875,417.1099853515625,410.44000244140625,414.44000244140625,412.76727294921875,31372400,0.0,0.0
2026-05-04,411.5400085449219,420.7799987792969,410.79998779296875,413.6199951171875,411.9505615234375,28066500,0.0,0.0
2026-05-05,415.32000732421875,416.7799987792969,408.79998779296875,411.3800048828125,409.7196044921875,25700900,0.0,0.0
2026-05-06,408.0,418.4200134277344,405.1099853515625,413.9599914550781,412.2891845703125,30285900,0.0,0.0
2026-05-07,420.1099853515625,427.9800109863281,418.760009765625,420.7699890136719,419.07171630859375,34942400,0.0,0.0
2026-05-08,417.3900146484375,418.6300048828125,414.0,415.1199951171875,413.44451904296875,33383800,0.0,0.0
2026-05-11,407.8699951171875,412.69000244140625,405.5,412.6600036621094,410.99444580078125,35657900,0.0,0.0
2026-05-12,414.4800109863281,415.5,406.6400146484375,407.7699890136719,406.1241760253906,38594200,0.0,0.0
2026-05-13,403.20001220703125,406.30999755859375,401.0299987792969,405.2099914550781,403.57452392578125,29667100,0.0,0.0
2026-05-14,404.4800109863281,411.8399963378906,400.8800048828125,409.42999267578125,407.7774658203125,27077500,0.0,0.0
2026-05-15,414.2699890136719,428.1700134277344,412.9100036621094,421.9200134277344,420.2170715332031,50771200,0.0,0.0
2026-05-18,416.6199951171875,425.1199951171875,415.6099853515625,423.5400085449219,421.83056640625,32564100,0.0,0.0
2026-05-19,429.8999938964844,432.70001220703125,416.489990234375,417.4200134277344,415.7352600097656,33018700,0.0,0.0
2026-05-20,414.1700134277344,422.1000061035156,411.29998779296875,421.05999755859375,419.36053466796875,27864000,0.0,0.0
2026-05-21,424.75,426.3399963378906,415.7099914550781,419.0899963378906,418.3025207519531,31393500,0.91,0.0
2026-05-22,419.5400085449219,424.3999938964844,416.3299865722656,418.57000732421875,417.7835388183594,22390300,0.0,0.0
2026-05-26,416.42999267578125,419.7699890136719,413.0199890136719,416.0299987792969,415.248291015625,30398000,0.0,0.0
2026-05-27,411.010009765625,415.94000244140625,409.5799865722656,412.6700134277344,411.8946228027344,28901500,0.0,0.0
2026-05-28,412.9800109863281,429.489990234375,412.6700134277344,426.989990234375,426.18768310546875,47250500,0.0,0.0
2026-05-29,432.54998779296875,450.3299865722656,432.3599853515625,450.239990234375,449.3940124511719,79654400,0.0,0.0
2026-06-01,464.8399963378906,466.32000732421875,458.2699890136719,460.5199890136719,459.6546936035156,53628900,0.0,0.0
2026-06-02,446.8800048828125,453.5,440.42999267578125,441.30999755859375,440.48077392578125,37036800,0.0,0.0
2026-06-03,438.45001220703125,440.3900146484375,424.25,427.3399963378906,426.53704833984375,39037000,0.0,0.0
2026-06-04,435.80999755859375,436.1499938964844,426.4100036621094,428.04998779296875,427.2456970214844,26899500,0.0,0.0
2026-06-05,428.3399963378906,429.4700012207031,414.3999938964844,416.6700134277344,415.8870849609375,34782200,0.0,0.0
2026-06-08,414.1400146484375,417.1600036621094,408.55999755859375,411.739990234375,410.9663391113281,32086700,0.0,0.0
2026-06-09,409.0299987792969,411.9800109863281,398.4800109863281,403.4100036621094,402.6520080566406,35317300,0.0,0.0
2026-06-10,398.54998779296875,405.0400085449219,397.1600036621094,397.3599853515625,396.61334228515625,32576000,0.0,0.0
2026-06-11,395.2099914550781,396.8500061035156,384.0,390.3399963378906,389.6065673828125,47224100,0.0,0.0
2026-06-12,391.42999267578125,391.739990234375,382.2699890136719,390.739990234375,390.00579833984375,34865800,0.0,0.0
2026-06-15,396.79998779296875,401.75,392.8500061035156,399.760009765625,399.0088806152344,32266400,0.0,0.0
2026-06-16,395.7900085449219,396.8399963378906,390.69000244140625,393.8299865722656,393.0899963378906,31506800,0.0,0.0
2026-06-17,390.25,390.3699951171875,377.32000732421875,378.9100036621094,378.1980285644531,41987800,0.0,0.0
2026-06-18,377.82000732421875,381.3699951171875,373.2799987792969,379.3999938964844,378.6871032714844,59714200,0.0,0.0
2026-06-22,375.739990234375,381.6300048828125,367.07000732421875,367.3399963378906,366.6497802734375,45171100,0.0,0.0
2026-06-23,372.3800048828125,377.2200012207031,370.6700134277344,373.94000244140625,373.23736572265625,40647600,0.0,0.0
2026-06-24,371.57000732421875,378.8800048828125,364.7799987792969,365.4599914550781,364.7733154296875,44509900,0.0,0.0
2026-06-25,362.7699890136719,364.2300109863281,349.20001220703125,352.8299865722656,352.1670227050781,66179000,0.0,0.0
2026-06-26,357.1499938964844,376.6099853515625,355.42999267578125,372.9700012207031,372.2691955566406,186201600,0.0,0.0
2026-06-29,377.5,380.5,359.8999938964844,368.57000732421875,367.8774719238281,51229900,0.0,0.0
2026-06-30,371.0299987792969,374.1499938964844,367.45001220703125,373.0199890136719,372.319091796875,44945700,0.0,0.0
2026-07-01,380.8299865722656,388.8299865722656,374.8900146484375,384.2799987792969,383.5579528808594,48065800,0.0,0.0
2026-07-02,384.4800109863281,392.20001220703125,383.70001220703125,390.489990234375,389.7562561035156,42128900,0.0,0.0
2026-07-06,387.0400085449219,389.1499938964844,381.2200012207031,386.739990234375,386.0133056640625,34224500,0.0,0.0
2026-07-07,392.489990234375,395.57000732421875,388.2200012207031,388.8399963378906,388.109375,29297500,0.0,0.0
2026-07-08,384.0299987792969,385.30999755859375,381.3299865722656,383.3399963378906,382.6197204589844,25908300,0.0,0.0
2026-07-09,374.45001220703125,384.6499938964844,373.3500061035156,384.3599853515625,383.6377868652344,31083200,0.0,0.0
2026-07-10,387.79998779296875,391.9100036621094,381.5,385.1000061035156,384.37640380859375,24644600,0.0,0.0
2026-07-13,387.75,393.6499938964844,384.1499938964844,390.989990234375,390.2553405761719,28914900,0.0,0.0
2026-07-14,382.82000732421875,388.19000244140625,378.6499938964844,384.92999267578125,384.20672607421875,27863900,0.0,0.0
2026-07-15,387.79998779296875,398.9599914550781,386.3999938964844,395.6300048828125,394.8866271972656,36253700,0.0,0.0
2026-07-16,398.30999755859375,405.989990234375,392.04998779296875,401.1000061035156,400.3463439941406,37047400,0.0,0.0
2026-07-17,394.8599853515625,398.3900146484375,389.3900146484375,393.82000732421875,393.08001708984375,33049800,0.0,0.0
2026-07-20,391.4100036621094,403.17999267578125,389.6499938964844,402.2900085449219,401.53411865234375,27915800,0.0,0.0
2026-07-21,398.80999755859375,401.4700012207031,396.32000732421875,397.75,397.00262451171875,24126600,0.0,0.0
2026-07-22,399.5799865722656,401.0,386.9599914550781,390.3399963378906,389.6065673828125,28142500,0.0,0.0
2026-07-23,389.9700012207031,391.7799987792969,377.3900146484375,381.5799865722656,380.8630065917969,30351800,0.0,0.0
2026-07-24,387.04998779296875,389.0299987792969,380.6499938964844,381.70001220703125,380.9828186035156,27659400,0.0,0.0
2026-07-27,390.0799865722656,394.20001220703125,387.989990234375,389.1000061035156,388.368896484375,27856200,0.0,0.0
2026-07-28,393.1600036621094,400.32000732421875,391.29998779296875,393.3500061035156,392.61090087890625,32367500,0.0,0.0
2026-07-29,393.3999938964844,401.25,388.739990234375,390.5400085449219,389.8061828613281,47209000,0.0,0.0
2026-07-30,437.8999938964844,458.69000244140625,432.44000244140625,451.1000061035156,450.2524108886719,110160700,0.0,0.0
2026-07-31,450.0,466.8399963378906,449.3299865722656,464.7200012207031,463.8468017578125,60846000,0.0,0.0
2026-08-03,476.1300048828125,491.6499938964844,475.0,487.6499938964844,486.73370361328125,66762100,0.0,0.0
2026-08-04,480.8999938964844,499.44000244140625,479.1700134277344,492.80999755859375,491.884033203125,50455500,0.0,0.0
2026-08-05,496.3599853515625,498.239990234375,485.67999267578125,487.4599914550781,486.5440673828125,33388900,0.0,0.0
2026-08-06,488.54998779296875,501.55999755859375,488.5199890136719,499.8599853515625,498.9207458496094,36441500,0.0,0.0
2026-08-07,499.2099914550781,505.17999267578125,498.7300109863281,499.989990234375,499.0505065917969,28846200,0.0,0.0
2026-08-10,503.44000244140625,513.72998046875,502.2699890136719,506.05999755859375,505.109130859375,31206100,0.0,0.0
2026-08-11,504.3299865722656,505.3299865722656,499.54998779296875,503.80999755859375,502.86334228515625,23049800,0.0,0.0
2026-08-12,499.989990234375,501.5,491.5199890136719,492.42999267578125,491.5047302246094,29001500,0.0,0.0
2026-08-13,493.2699890136719,501.3399963378906,493.010009765625,496.8800048828125,495.9463806152344,23039000,0.0,0.0
2026-08-14,496.3599853515625,500.010009765625,493.9200134277344,495.3999938964844,494.4691467285156,16217600,0.0,0.0
2026-08-17,490.1400146484375,492.6600036621094,478.4100036621094,480.3500061035156,479.44744873046875,29635800,0.0,0.0
2026-08-18,481.5400085449219,484.2699890136719,477.1499938964844,481.6300048828125,480.72503662109375,24087600,0.0,0.0
2026-08-19,480.07000732421875,489.29998779296875,479.3599853515625,484.30999755859375,483.3999938964844,19961900,0.0,0.0
2026-08-20,483.29998779296875,484.1600036621094,479.5,481.1499938964844,481.1499938964844,20020800,0.91,0.0
2026-08-21,479.8800048828125,486.3599853515625,478.5299987792969,483.239990234375,483.239990234375,22510800,0.0,0.0
2026-08-24,483.2099914550781,490.6099853515625,481.8599853515625,487.30999755859375,487.30999755859375,17230800,0.0,0.0
2026-08-25,485.44000244140625,492.44000244140625,484.29998779296875,491.7099914550781,491.7099914550781,19519000,0.0,0.0
2026-08-26,487.8500061035156,497.3999938964844,487.30999755859375,496.3699951171875,496.3699951171875,20758900,0.0,0.0
2026-08-27,494.8800048828125,506.4800109863281,490.0799865722656,505.05999755859375,505.05999755859375,28688800,0.0,0.0
2026-08-28,505.3299865722656,517.780029296875,504.8699951171875,513.530029296875,513.530029296875,29207300,0.0,0.0
2026-08-31,510.3800048828125,512.1900024414062,506.3900146484375,507.2900085449219,507.2900085449219,27208900,0.0,0.0
2026-09-01,497.5199890136719,505.9700012207031,496.7799987792969,501.0199890136719,501.0199890136719,21046900,0.0,0.0
2026-09-02,499.8500061035156,500.2699890136719,493.80999755859375,496.82000732421875,496.82000732421875,15336100,0.0,0.0
2026-09-03,501.6600036621094,515.6500244140625,500.79998779296875,510.1199951171875,510.1199951171875,24125900,0.0,0.0
2026-09-04,510.0,511.0,499.3599853515625,499.70001220703125,499.70001220703125,18101800,0.0,0.0
2026-09-08,493.010009765625,495.19000244140625,490.1499938964844,493.95001220703125,493.95001220703125,18882300,0.0,0.0
2026-09-09,493.07000732421875,494.3900146484375,489.79998779296875,491.6499938964844,491.6499938964844,12889600,0.0,0.0
2026-09-10,488.32000732421875,494.5199890136719,486.0,492.44000244140625,492.44000244140625,16038800,0.0,0.0
2026-09-11,495.6499938964844,498.9700012207031,492.5799865722656,495.6300048828125,495.6300048828125,14510500,0.0,0.0
2026-09-14,497.05999755859375,509.95001220703125,495.3399963378906,505.4100036621094,505.4100036621094,23091900,0.0,0.0
2026-09-15,500.05999755859375,505.8999938964844,495.5400085449219,497.1199951171875,497.1199951171875,17794600,0.0,0.0
2026-09-16,493.0299987792969,495.9700012207031,487.2300109863281,490.29998779296875,490.29998779296875,16670300,0.0,0.0
2026-09-17,497.79998779296875,501.4700012207031,493.1700134277344,497.75,497.75,17841600,0.0,0.0
2026-09-18,497.9700012207031,498.6499938964844,491.1000061035156,493.7799987792969,493.7799987792969,39544100,0.0,0.0
