Date,Open,High,Low,Close,Adj Close,Volume,Dividends,Stock Splits,Capital Gains
2010-01-04,112.37000274658203,113.38999938964844,111.51000213623047,113.33000183105469,84.36898040771484,118944600,0.0,0.0,0.0
2010-01-05,113.26000213623047,113.68000030517578,112.8499984741211,113.62999725341797,84.5923080444336,111579900,0.0,0.0,0.0
2010-01-06,113.5199966430664,113.98999786376953,113.43000030517578,113.70999908447266,84.6518783569336,116074400,0.0,0.0,0.0
2010-01-07,113.5,114.33000183105469,113.18000030517578,114.19000244140625,85.00918579101562,131091100,0.0,0.0,0.0
2010-01-08,113.88999938964844,114.62000274658203,113.66000366210938,114.56999969482422,85.29210662841797,126402800,0.0,0.0,0.0
2010-01-11,115.08000183105469,115.12999725341797,114.23999786376953,114.7300033569336,85.41122436523438,106375700,0.0,0.0,0.0
2010-01-12,113.97000122070312,114.20999908447266,113.22000122070312,113.66000366210938,84.6146469116211,163333500,0.0,0.0,0.0
2010-01-13,113.94999694824219,114.94000244140625,113.37000274658203,114.62000274658203,85.32929992675781,161822000,0.0,0.0,0.0
2010-01-14,114.48999786376953,115.13999938964844,114.41999816894531,114.93000030517578,85.56012725830078,115718800,0.0,0.0,0.0
2010-01-15,114.7300033569336,114.83999633789062,113.19999694824219,113.63999938964844,84.5997543334961,212283100,0.0,0.0,0.0
2010-01-19,113.62000274658203,115.12999725341797,113.58999633789062,115.05999755859375,85.65687561035156,139172700,0.0,0.0,0.0
2010-01-20,114.27999877929688,114.44999694824219,112.9800033569336,113.88999938964844,84.78589630126953,216490200,0.0,0.0,0.0
2010-01-21,113.91999816894531,114.2699966430664,111.55999755859375,111.69999694824219,83.155517578125,344859600,0.0,0.0,0.0
2010-01-22,111.19999694824219,111.73999786376953,109.08999633789062,109.20999908447266,81.30181884765625,345942400,0.0,0.0,0.0
2010-01-25,110.20999908447266,110.41000366210938,109.41000366210938,109.7699966430664,81.71870422363281,186937500,0.0,0.0,0.0
2010-01-26,109.33999633789062,110.47000122070312,109.04000091552734,109.30999755859375,81.37628936767578,211168800,0.0,0.0,0.0
2010-01-27,109.16999816894531,110.08000183105469,108.33000183105469,109.83000183105469,81.76338958740234,271863600,0.0,0.0,0.0
2010-01-28,110.19000244140625,110.25,107.91000366210938,108.56999969482422,80.82538604736328,316104000,0.0,0.0,0.0
2010-01-29,109.04000091552734,109.80000305175781,107.22000122070312,107.38999938964844,79.9469223022461,310677600,0.0,0.0,0.0
2010-02-01,108.1500015258789,109.06999969482422,107.5,109.05999755859375,81.190185546875,187865000,0.0,0.0,0.0
2010-02-02,109.26000213623047,110.58999633789062,108.87999725341797,110.37999725341797,82.17282104492188,216327900,0.0,0.0,0.0
2010-02-03,109.87999725341797,110.4800033569336,109.51000213623047,109.83000183105469,81.76338958740234,172730700,0.0,0.0,0.0
2010-02-04,108.9800033569336,109.02999877929688,106.41999816894531,106.44000244140625,79.23970794677734,356715700,0.0,0.0,0.0
2010-02-05,106.55999755859375,106.87999725341797,104.58000183105469,106.66000366210938,79.40348815917969,493585800,0.0,0.0,0.0
2010-02-08,106.73999786376953,107.33000183105469,105.80999755859375,105.88999938964844,78.83023071289062,224166900,0.0,0.0,0.0
2010-02-09,107.12999725341797,108.1500015258789,106.2699966430664,107.22000122070312,79.82035827636719,337820500,0.0,0.0,0.0
2010-02-10,107.05000305175781,107.5999984741211,106.11000061035156,107.01000213623047,79.66401672363281,240511500,0.0,0.0,0.0
2010-02-11,106.87000274658203,108.25,106.25,108.12999725341797,80.497802734375,223591600,0.0,0.0,0.0
2010-02-12,106.98999786376953,108.0999984741211,106.51000213623047,108.04000091552734,80.43082427978516,304622100,0.0,0.0,0.0
2010-02-16,108.86000061035156,109.8499984741211,107.81999969482422,109.73999786376953,81.6963882446289,159317500,0.0,0.0,0.0
2010-02-17,110.2699966430664,110.41000366210938,109.73999786376953,110.26000213623047,82.08350372314453,168845100,0.0,0.0,0.0
2010-02-18,110.08000183105469,111.13999938964844,110.04000091552734,110.91000366210938,82.56741333007812,193708600,0.0,0.0,0.0
2010-02-19,110.62000274658203,111.56999969482422,110.36000061035156,111.13999938964844,82.7386245727539,222684900,0.0,0.0,0.0
2010-02-22,111.55000305175781,111.58000183105469,110.83000183105469,111.16000366210938,82.75349426269531,132346900,0.0,0.0,0.0
2010-02-23,110.86000061035156,111.19999694824219,109.5199966430664,109.80999755859375,81.74851989746094,207497000,0.0,0.0,0.0
2010-02-24,110.13999938964844,111.0,109.86000061035156,110.81999969482422,82.50038146972656,176350700,0.0,0.0,0.0
2010-02-25,109.23999786376953,110.75,108.94000244140625,110.66999816894531,82.38876342773438,259634700,0.0,0.0,0.0
2010-02-26,110.7699966430664,111.12000274658203,110.11000061035156,110.73999786376953,82.44085693359375,173589300,0.0,0.0,0.0
2010-03-01,111.19999694824219,112.0,111.16999816894531,111.88999938964844,83.29695892333984,147709700,0.0,0.0,0.0
2010-03-02,112.37000274658203,112.73999786376953,112.0,112.19999694824219,83.5277328491211,160992400,0.0,0.0,0.0
2010-03-03,112.48999786376953,112.97000122070312,112.0199966430664,112.30000305175781,83.60218048095703,150785000,0.0,0.0,0.0
2010-03-04,112.44999694824219,112.80000305175781,112.02999877929688,112.63999938964844,83.85529327392578,135770400,0.0,0.0,0.0
2010-03-05,113.37000274658203,114.33999633789062,113.0999984741211,114.25,85.0538558959961,176118800,0.0,0.0,0.0
2010-03-08,114.26000213623047,114.5199966430664,114.06999969482422,114.2699966430664,85.06876373291016,114631200,0.0,0.0,0.0
2010-03-09,113.93000030517578,114.98999786376953,113.87000274658203,114.45999908447266,85.21017456054688,154556700,0.0,0.0,0.0
2010-03-10,114.51000213623047,115.27999877929688,114.41000366210938,114.97000122070312,85.58987426757812,186088800,0.0,0.0,0.0
2010-03-11,114.69999694824219,115.4800033569336,114.3499984741211,115.44999694824219,85.94721221923828,160791100,0.0,0.0,0.0
2010-03-12,115.94999694824219,115.97000122070312,115.13999938964844,115.45999908447266,85.95466613769531,162074800,0.0,0.0,0.0
2010-03-15,115.26000213623047,115.56999969482422,114.5999984741211,115.48999786376953,85.97701263427734,146816800,0.0,0.0,0.0
2010-03-16,115.80999755859375,116.5199966430664,115.48999786376953,116.41000366210938,86.66191101074219,168673000,0.0,0.0,0.0
2010-03-17,116.76000213623047,117.4800033569336,116.41999816894531,117.0999984741211,87.17557525634766,177468100,0.0,0.0,0.0
2010-03-18,117.11000061035156,117.2699966430664,116.56999969482422,117.04000091552734,87.13092041015625,196509100,0.0,0.0,0.0
2010-03-19,115.97000122070312,117.29000091552734,115.5199966430664,115.97000122070312,86.6898422241211,226641100,0.48,0.0,0.0
2010-03-22,115.30999755859375,116.80000305175781,115.23999786376953,116.58999633789062,87.1533203125,184477800,0.0,0.0,0.0
2010-03-23,116.76000213623047,117.51000213623047,116.37999725341797,117.41000366210938,87.76629638671875,182941600,0.0,0.0,0.0
2010-03-24,116.97000122070312,117.43000030517578,115.58000183105469,116.83999633789062,87.34017944335938,196072600,0.0,0.0,0.0
2010-03-25,117.62999725341797,118.16999816894531,116.51000213623047,116.6500015258789,87.19818878173828,223396300,0.0,0.0,0.0
2010-03-26,116.87000274658203,117.41999816894531,116.12000274658203,116.58000183105469,87.14588165283203,205808500,0.0,0.0,0.0
2010-03-29,117.16999816894531,117.52999877929688,116.69000244140625,117.31999969482422,87.69904327392578,134513500,0.0,0.0,0.0
2010-03-30,117.45999908447266,117.83000183105469,116.91000366210938,117.4000015258789,87.75882720947266,145772500,0.0,0.0,0.0
2010-03-31,116.94999694824219,117.5199966430664,116.61000061035156,117.0,87.45980072021484,161078700,0.0,0.0,0.0
2010-04-01,117.80000305175781,118.25,117.0999984741211,117.80000305175781,88.05785369873047,161215200,0.0,0.0,0.0
2010-04-05,118.25,118.83999633789062,117.91999816894531,118.76000213623047,88.77545928955078,105847600,0.0,0.0,0.0
2010-04-06,118.41999816894531,119.25,118.29000091552734,119.04000091552734,88.9847183227539,110384200,0.0,0.0,0.0
2010-04-07,118.80000305175781,119.36000061035156,117.80999755859375,118.36000061035156,88.47643280029297,184576300,0.0,0.0,0.0
2010-04-08,117.94999694824219,118.97000122070312,117.5999984741211,118.7699966430664,88.78289794921875,158704000,0.0,0.0,0.0
2010-04-09,119.0199966430664,119.5999984741211,118.80000305175781,119.55000305175781,89.36598205566406,133006500,0.0,0.0,0.0
2010-04-12,119.69999694824219,120.05000305175781,119.55999755859375,119.73999786376953,89.50799560546875,110279000,0.0,0.0,0.0
2010-04-13,119.62000274658203,120.04000091552734,119.0,119.83000183105469,89.57530212402344,125043600,0.0,0.0,0.0
2010-04-14,120.2699966430664,121.19000244140625,120.08000183105469,121.19000244140625,90.5919189453125,161609000,0.0,0.0,0.0
2010-04-15,120.98999786376953,121.56999969482422,120.94999694824219,121.29000091552734,90.66667175292969,144615300,0.0,0.0,0.0
2010-04-16,120.86000061035156,121.29000091552734,118.75,119.36000061035156,89.22394561767578,366786700,0.0,0.0,0.0
2010-04-19,119.01000213623047,119.93000030517578,118.47000122070312,119.80999755859375,89.56034851074219,217947800,0.0,0.0,0.0
2010-04-20,120.55999755859375,120.9800033569336,119.87000274658203,120.87999725341797,90.36016845703125,157708000,0.0,0.0,0.0
2010-04-21,120.94999694824219,121.2300033569336,119.98999786376953,120.66000366210938,90.19572448730469,192910100,0.0,0.0,0.0
2010-04-22,119.80999755859375,121.16999816894531,119.12000274658203,121.0199966430664,90.46481323242188,115360300,0.0,0.0,0.0
2010-04-23,120.94000244140625,121.86000061035156,120.62999725341797,121.80999755859375,91.0553970336914,177335500,0.0,0.0,0.0
2010-04-26,121.8499984741211,122.12000274658203,121.2300033569336,121.3499984741211,90.7115249633789,143457300,0.0,0.0,0.0
2010-04-27,120.6500015258789,121.33999633789062,118.25,118.4800033569336,88.56610870361328,355853300,0.0,0.0,0.0
2010-04-28,119.05000305175781,119.68000030517578,118.2699966430664,119.37999725341797,89.23890686035156,300674100,0.0,0.0,0.0
2010-04-29,120.0999984741211,121.11000061035156,120.06999969482422,120.86000061035156,90.34523010253906,193775000,0.0,0.0,0.0
2010-04-30,120.87999725341797,121.01000213623047,118.77999877929688,118.80999755859375,88.81281280517578,270000900,0.0,0.0,0.0
2010-05-03,119.37999725341797,120.68000030517578,119.19999694824219,120.3499984741211,89.96398162841797,182747900,0.0,0.0,0.0
2010-05-04,119.01000213623047,119.02999877929688,116.91999816894531,117.5199966430664,87.8485107421875,360353400,0.0,0.0,0.0
2010-05-05,116.55999755859375,117.80000305175781,115.97000122070312,116.81999969482422,87.32524108886719,328973200,0.0,0.0,0.0
2010-05-06,116.26000213623047,117.0,105.0,112.94000244140625,84.42487335205078,647356600,0.0,0.0,0.0
2010-05-07,112.63999938964844,113.7699966430664,109.41000366210938,111.26000213623047,83.16905212402344,637558800,0.0,0.0,0.0
2010-05-10,115.80999755859375,116.6500015258789,114.91000366210938,116.16000366210938,86.8318862915039,396159600,0.0,0.0,0.0
2010-05-11,115.06999969482422,117.36000061035156,114.91000366210938,115.83000183105469,86.58524322509766,317849800,0.0,0.0,0.0
2010-05-12,116.29000091552734,117.62000274658203,116.08999633789062,117.44999694824219,87.79618835449219,235607100,0.0,0.0,0.0
2010-05-13,117.12999725341797,117.68000030517578,115.88999938964844,115.98999786376953,86.70482635498047,234452500,0.0,0.0,0.0
2010-05-14,115.12000274658203,115.33000183105469,112.87000274658203,113.88999938964844,85.13505554199219,345601400,0.0,0.0,0.0
2010-05-17,114.19999694824219,114.5199966430664,111.7699966430664,113.94999694824219,85.17986297607422,325739800,0.0,0.0,0.0
2010-05-18,114.87999725341797,115.22000122070312,112.02999877929688,112.4000015258789,84.02124786376953,360556800,0.0,0.0,0.0
2010-05-19,111.7699966430664,112.7699966430664,110.36000061035156,111.76000213623047,83.54280090332031,394742700,0.0,0.0,0.0
2010-05-20,109.37999725341797,109.88999938964844,107.47000122070312,107.54000091552734,80.38825988769531,530418300,0.0,0.0,0.0
2010-05-21,105.91000366210938,109.37999725341797,105.36000061035156,109.11000061035156,81.56190490722656,500909400,0.0,0.0,0.0
2010-05-24,108.5199966430664,109.38999938964844,107.61000061035156,107.70999908447266,80.51536560058594,269823000,0.0,0.0,0.0
2010-05-25,105.11000061035156,107.87000274658203,104.37999725341797,107.81999969482422,80.59759521484375,396505200,0.0,0.0,0.0
2010-05-26,108.4800033569336,109.47000122070312,106.8499984741211,107.16999816894531,80.1116714477539,349719300,0.0,0.0,0.0
2010-05-27,109.19000244140625,110.80000305175781,108.77999877929688,110.76000213623047,82.79530334472656,300870500,0.0,0.0,0.0
2010-05-28,110.63999938964844,110.72000122070312,108.8499984741211,109.37000274658203,81.75624084472656,297933500,0.0,0.0,0.0
2010-06-01,108.3499984741211,109.94999694824219,107.37000274658203,107.52999877929688,80.38079071044922,277909400,0.0,0.0,0.0
2010-06-02,108.08000183105469,110.33999633789062,107.51000213623047,110.33000183105469,82.4738540649414,240243700,0.0,0.0,0.0
2010-06-03,110.6500015258789,111.05999755859375,109.58000183105469,110.70999908447266,82.75791931152344,226618300,0.0,0.0,0.0
2010-06-04,108.61000061035156,109.33000183105469,106.45999908447266,106.81999969482422,79.85005950927734,398475600,0.0,0.0,0.0
2010-06-07,107.19999694824219,107.61000061035156,105.41000366210938,105.48999786376953,78.8558349609375,264609100,0.0,0.0,0.0
2010-06-08,105.56999969482422,106.83000183105469,104.6500015258789,106.62000274658203,79.70055389404297,357774300,0.0,0.0,0.0
2010-06-09,107.23999786376953,108.27999877929688,105.5999984741211,106.05000305175781,79.2744369506836,268023300,0.0,0.0,0.0
2010-06-10,107.86000061035156,109.27999877929688,106.04000091552734,109.1500015258789,81.591796875,317890600,0.0,0.0,0.0
2010-06-11,108.19000244140625,109.75,108.12000274658203,109.68000030517578,81.9879379272461,214128200,0.0,0.0,0.0
2010-06-14,110.5199966430664,111.12000274658203,109.4000015258789,109.51000213623047,81.86089324951172,207196100,0.0,0.0,0.0
2010-06-15,110.27999877929688,112.0999984741211,110.08999633789062,112.0,83.72220611572266,238268700,0.0,0.0,0.0
2010-06-16,111.41999816894531,112.41999816894531,111.19999694824219,111.95999908447266,83.69229125976562,216374000,0.0,0.0,0.0
2010-06-17,112.27999877929688,112.33000183105469,111.05000305175781,112.13999938964844,83.82685089111328,263185800,0.0,0.0,0.0
2010-06-18,111.83000183105469,112.12999725341797,111.37000274658203,111.7300033569336,83.917724609375,174006600,0.531,0.0,0.0
2010-06-21,113.12000274658203,113.19999694824219,110.79000091552734,111.41000366210938,83.67743682861328,213140700,0.0,0.0,0.0
2010-06-22,111.41000366210938,111.9000015258789,109.41000366210938,109.56999969482422,82.2954330444336,239355400,0.0,0.0,0.0
2010-06-23,109.63999938964844,110.02999877929688,108.4800033569336,109.2300033569336,82.04008483886719,254639900,0.0,0.0,0.0
2010-06-24,108.69000244140625,108.83000183105469,107.13999938964844,107.41999816894531,80.68059539794922,268523600,0.0,0.0,0.0
2010-06-25,107.73999786376953,108.41999816894531,106.7699966430664,107.87000274658203,81.01856994628906,238726500,0.0,0.0,0.0
2010-06-28,108.02999877929688,108.31999969482422,107.13999938964844,107.52999877929688,80.76322937011719,169218600,0.0,0.0,0.0
2010-06-29,106.0199966430664,107.51000213623047,103.55000305175781,104.20999908447266,78.26963806152344,373649500,0.0,0.0,0.0
2010-06-30,103.91999816894531,104.87999725341797,102.87999725341797,103.22000122070312,77.52610778808594,284101700,0.0,0.0,0.0
2010-07-01,103.1500015258789,103.48999786376953,101.12999725341797,102.76000213623047,77.18058013916016,382924800,0.0,0.0,0.0
2010-07-02,103.11000061035156,103.41999816894531,101.62000274658203,102.19999694824219,76.75997161865234,233385200,0.0,0.0,0.0
2010-07-06,103.63999938964844,104.37000274658203,101.87999725341797,102.87000274658203,77.2632064819336,256935300,0.0,0.0,0.0
2010-07-07,103.12999725341797,106.23999786376953,103.0199966430664,106.11000061035156,79.69666290283203,253769400,0.0,0.0,0.0
2010-07-08,107.0,107.27999877929688,105.91000366210938,107.16000366210938,80.48534393310547,210842100,0.0,0.0,0.0
2010-07-09,107.12999725341797,107.97000122070312,106.93000030517578,107.95999908447266,81.08616638183594,144999900,0.0,0.0,0.0
2010-07-12,107.5999984741211,108.23999786376953,107.1500015258789,108.02999877929688,81.13875579833984,131283600,0.0,0.0,0.0
2010-07-13,109.1500015258789,110.08999633789062,108.93000030517578,109.66000366210938,82.36300659179688,213025900,0.0,0.0,0.0
2010-07-14,109.30999755859375,110.08000183105469,108.86000061035156,109.6500015258789,82.35552215576172,184426800,0.0,0.0,0.0
2010-07-15,109.61000061035156,110.05999755859375,108.16999816894531,109.68000030517578,82.3780288696289,232337900,0.0,0.0,0.0
2010-07-16,109.08999633789062,109.20999908447266,106.44999694824219,106.66000366210938,80.10978698730469,282693400,0.0,0.0,0.0
2010-07-19,107.05000305175781,107.62999725341797,106.22000122070312,107.29000091552734,80.58296203613281,186709000,0.0,0.0,0.0
2010-07-20,105.87000274658203,108.55999755859375,105.81999969482422,108.4800033569336,81.47673034667969,258162400,0.0,0.0,0.0
2010-07-21,109.04000091552734,109.06999969482422,106.62999725341797,107.06999969482422,80.4177474975586,264527000,0.0,0.0,0.0
2010-07-22,108.33999633789062,109.94000244140625,108.33000183105469,109.45999908447266,82.21279907226562,274781300,0.0,0.0,0.0
2010-07-23,109.23999786376953,110.56999969482422,108.93000030517578,110.41000366210938,82.92634582519531,222020800,0.0,0.0,0.0
2010-07-26,110.5999984741211,111.66999816894531,110.29000091552734,111.55999755859375,83.79005432128906,184445700,0.0,0.0,0.0
2010-07-27,112.16999816894531,112.29000091552734,111.11000061035156,111.55000305175781,83.78254699707031,204855600,0.0,0.0,0.0
2010-07-28,111.31999969482422,111.66000366210938,110.45999908447266,110.83000183105469,83.24179077148438,163056200,0.0,0.0,0.0
2010-07-29,111.5199966430664,111.81999969482422,109.41000366210938,110.29000091552734,82.836181640625,220149100,0.0,0.0,0.0
2010-07-30,109.16999816894531,110.86000061035156,108.9800033569336,110.2699966430664,82.8211441040039,220070600,0.0,0.0,0.0
2010-08-02,111.98999786376953,112.94000244140625,111.54000091552734,112.76000213623047,84.6913833618164,188263200,0.0,0.0,0.0
2010-08-03,112.4800033569336,112.7699966430664,111.8499984741211,112.22000122070312,84.2857666015625,146657300,0.0,0.0,0.0
2010-08-04,112.52999877929688,113.11000061035156,112.16000366210938,112.97000122070312,84.84907531738281,158171700,0.0,0.0,0.0
2010-08-05,112.25,112.91000366210938,112.08000183105469,112.8499984741211,84.75896453857422,140473800,0.0,0.0,0.0
2010-08-06,111.73999786376953,112.56999969482422,110.91999816894531,112.38999938964844,84.4134521484375,239728300,0.0,0.0,0.0
2010-08-09,112.91999816894531,113.18000030517578,112.31999969482422,112.98999786376953,84.86409759521484,120800400,0.0,0.0,0.0
2010-08-10,112.02999877929688,112.9800033569336,111.37000274658203,112.37999725341797,84.40593719482422,242916300,0.0,0.0,0.0
2010-08-11,110.6500015258789,110.69000244140625,109.12000274658203,109.30000305175781,82.09263610839844,273406900,0.0,0.0,0.0
2010-08-12,107.6500015258789,109.0199966430664,107.5999984741211,108.62999725341797,81.58941650390625,239542600,0.0,0.0,0.0
2010-08-13,108.29000091552734,108.95999908447266,108.18000030517578,108.30999755859375,81.34906768798828,158698500,0.0,0.0,0.0
2010-08-16,107.56999969482422,108.61000061035156,107.18000030517578,108.26000213623047,81.31153869628906,147895300,0.0,0.0,0.0
2010-08-17,109.19000244140625,110.38999938964844,108.87999725341797,109.58999633789062,82.3104476928711,172270300,0.0,0.0,0.0
2010-08-18,109.54000091552734,110.37999725341797,108.91000366210938,109.79000091552734,82.46065521240234,182922100,0.0,0.0,0.0
2010-08-19,109.22000122070312,109.48999786376953,107.43000030517578,107.87999725341797,81.02610778808594,265847600,0.0,0.0,0.0
2010-08-20,107.55999755859375,107.94000244140625,106.75,107.52999877929688,80.76322937011719,209714200,0.0,0.0,0.0
2010-08-23,108.04000091552734,108.56999969482422,107.06999969482422,107.12000274658203,80.45529174804688,163490300,0.0,0.0,0.0
2010-08-24,105.94999694824219,106.38999938964844,104.97000122070312,105.52999877929688,79.2610855102539,280677800,0.0,0.0,0.0
2010-08-25,104.94999694824219,106.33999633789062,104.29000091552734,105.94000244140625,79.56903076171875,272234800,0.0,0.0,0.0
2010-08-26,106.44000244140625,106.58000183105469,104.87999725341797,105.2300033569336,79.03578186035156,224439500,0.0,0.0,0.0
2010-08-27,105.88999938964844,106.97000122070312,104.30999755859375,106.86000061035156,80.25999450683594,272649000,0.0,0.0,0.0
2010-08-30,106.58000183105469,106.91000366210938,105.30000305175781,105.30999755859375,79.09584045410156,167238600,0.0,0.0,0.0
2010-08-31,104.91999816894531,105.9800033569336,104.48999786376953,105.30999755859375,79.09584045410156,273933100,0.0,0.0,0.0
2010-09-01,106.7300033569336,108.61000061035156,106.66000366210938,108.45999908447266,81.46175384521484,256828100,0.0,0.0,0.0
2010-09-02,108.72000122070312,109.48999786376953,108.48999786376953,109.47000122070312,82.22030639648438,156112200,0.0,0.0,0.0
2010-09-03,110.54000091552734,110.98999786376953,109.94999694824219,110.88999938964844,83.28683471679688,212197300,0.0,0.0,0.0
2010-09-07,110.37000274658203,110.51000213623047,109.55000305175781,109.63999938964844,82.3479995727539,141973700,0.0,0.0,0.0
2010-09-08,109.86000061035156,110.8499984741211,109.80999755859375,110.41000366210938,82.92634582519531,149924400,0.0,0.0,0.0
2010-09-09,111.6500015258789,111.68000030517578,110.62000274658203,110.91999816894531,83.3093490600586,147017900,0.0,0.0,0.0
2010-09-10,111.12000274658203,111.61000061035156,110.87000274658203,111.4800033569336,83.72997283935547,127819000,0.0,0.0,0.0
2010-09-13,112.58000183105469,112.94999694824219,112.12999725341797,112.72000122070312,84.66130065917969,178503500,0.0,0.0,0.0
2010-09-14,112.5,113.29000091552734,112.08000183105469,112.6500015258789,84.60874938964844,209823600,0.0,0.0,0.0
2010-09-15,112.31999969482422,113.20999908447266,111.9800033569336,113.08000183105469,84.93167877197266,168608400,0.0,0.0,0.0
2010-09-16,112.7300033569336,113.12000274658203,112.3499984741211,113.05000305175781,84.90914916992188,199962900,0.0,0.0,0.0
2010-09-17,113.04000091552734,113.1500015258789,112.18000030517578,112.48999786376953,84.94087219238281,195836900,0.602,0.0,0.0
2010-09-20,112.87999725341797,114.45999908447266,112.5199966430664,114.20999908447266,86.2396240234375,214555200,0.0,0.0,0.0
2010-09-21,114.30000305175781,114.83999633789062,113.51000213623047,113.9800033569336,86.06597900390625,268389100,0.0,0.0,0.0
2010-09-22,113.80000305175781,114.44000244140625,113.0999984741211,113.41999816894531,85.64313507080078,191322400,0.0,0.0,0.0
2010-09-23,112.48999786376953,113.66999816894531,112.18000030517578,112.5,84.94845581054688,202354300,0.0,0.0,0.0
2010-09-24,113.75,114.9000015258789,113.6500015258789,114.81999969482422,86.70027160644531,209671800,0.0,0.0,0.0
2010-09-27,114.86000061035156,114.98999786376953,114.16000366210938,114.2699966430664,86.28492736816406,128761800,0.0,0.0,0.0
2010-09-28,114.41999816894531,115.04000091552734,113.18000030517578,114.66999816894531,86.58702087402344,209207500,0.0,0.0,0.0
2010-09-29,114.37999725341797,114.91000366210938,114.0199966430664,114.47000122070312,86.43596649169922,179665800,0.0,0.0,0.0
2010-09-30,115.05000305175781,115.79000091552734,113.58999633789062,114.12999725341797,86.17923736572266,287106700,0.0,0.0,0.0
2010-10-01,114.98999786376953,115.12000274658203,113.93000030517578,114.61000061035156,86.54165649414062,174638700,0.0,0.0,0.0
2010-10-04,114.37000274658203,114.8499984741211,113.18000030517578,113.75,85.892333984375,166153200,0.0,0.0,0.0
2010-10-05,114.80000305175781,116.31999969482422,114.66999816894531,116.04000091552734,87.6214599609375,229634100,0.0,0.0,0.0
2010-10-06,116.0199966430664,116.33000183105469,115.55999755859375,116.02999877929688,87.6139144897461,148626600,0.0,0.0,0.0
2010-10-07,116.5,116.52999877929688,115.19000244140625,115.88999938964844,87.50818634033203,164860000,0.0,0.0,0.0
2010-10-08,116.05000305175781,116.86000061035156,115.61000061035156,116.54000091552734,87.99901580810547,177760100,0.0,0.0,0.0
2010-10-11,116.72000122070312,116.97000122070312,116.25,116.6500015258789,88.08206176757812,103098300,0.0,0.0,0.0
2010-10-12,116.2699966430664,117.3499984741211,115.6500015258789,117.01000213623047,88.35394287109375,182210000,0.0,0.0,0.0
2010-10-13,117.66000366210938,118.55000305175781,117.37999725341797,117.91999816894531,89.04108428955078,194347200,0.0,0.0,0.0
2010-10-14,117.80999755859375,118.01000213623047,116.72000122070312,117.45999908447266,88.6937026977539,217764300,0.0,0.0,0.0
2010-10-15,118.27999877929688,118.3499984741211,116.76000213623047,117.69999694824219,88.87493896484375,243705000,0.0,0.0,0.0
2010-10-18,117.73999786376953,118.66999816894531,117.30999755859375,118.27999877929688,89.31287384033203,141204800,0.0,0.0,0.0
2010-10-19,117.19000244140625,117.8499984741211,116.0199966430664,116.7300033569336,88.14251708984375,280604700,0.0,0.0,0.0
2010-10-20,116.94000244140625,118.44000244140625,116.87000274658203,117.87000274658203,89.0032958984375,200051800,0.0,0.0,0.0
2010-10-21,118.4000015258789,119.08999633789062,117.20999908447266,118.12999725341797,89.19963073730469,221585500,0.0,0.0,0.0
2010-10-22,118.30999755859375,118.52999877929688,118.0,118.3499984741211,89.36575317382812,108212400,0.0,0.0,0.0
2010-10-25,119.13999938964844,119.76000213623047,118.61000061035156,118.69999694824219,89.63004302978516,151145700,0.0,0.0,0.0
2010-10-26,118.0999984741211,118.83999633789062,117.87000274658203,118.72000122070312,89.64514923095703,158982900,0.0,0.0,0.0
2010-10-27,117.88999938964844,118.51000213623047,117.26000213623047,118.37999725341797,89.38839721679688,190024000,0.0,0.0,0.0
2010-10-28,119.05999755859375,119.11000061035156,117.83000183105469,118.4000015258789,89.40348815917969,168576000,0.0,0.0,0.0
2010-10-29,118.27999877929688,118.72000122070312,118.06999969482422,118.48999786376953,89.4714584350586,144305500,0.0,0.0,0.0
2010-11-01,119.06999969482422,119.75,117.8499984741211,118.52999877929688,89.50165557861328,174074800,0.0,0.0,0.0
2010-11-02,119.41999816894531,119.75,119.0999984741211,119.47000122070312,90.2114486694336,158345900,0.0,0.0,0.0
2010-11-03,119.68000030517578,120.0199966430664,118.44999694824219,119.94999694824219,90.57389068603516,226702800,0.0,0.0,0.0
2010-11-04,121.27999877929688,122.31999969482422,119.97000122070312,122.26000213623047,92.31816101074219,215039400,0.0,0.0,0.0
2010-11-05,122.33999633789062,122.91999816894531,122.18000030517578,122.72000122070312,92.66553497314453,180654100,0.0,0.0,0.0
2010-11-08,122.33999633789062,122.69000244140625,121.94000244140625,122.48999786376953,92.49185943603516,156107100,0.0,0.0,0.0
2010-11-09,122.81999969482422,122.94999694824219,121.12000274658203,121.61000061035156,91.8273696899414,186621600,0.0,0.0,0.0
2010-11-10,121.58000183105469,122.16000366210938,120.66000366210938,122.0999984741211,92.19735717773438,221387400,0.0,0.0,0.0
2010-11-11,121.05000305175781,121.81999969482422,120.68000030517578,121.63999938964844,91.85001373291016,158017600,0.0,0.0,0.0
2010-11-12,120.81999969482422,121.3499984741211,119.6500015258789,120.19999694824219,90.76268005371094,239068800,0.0,0.0,0.0
2010-11-15,120.58000183105469,121.05000305175781,119.9800033569336,120.02999877929688,90.63429260253906,163940800,0.0,0.0,0.0
2010-11-16,119.29000091552734,119.48999786376953,117.58999633789062,118.16000366210938,89.2222900390625,299566200,0.0,0.0,0.0
2010-11-17,118.20999908447266,118.70999908447266,117.86000061035156,118.22000122070312,89.267578125,172308900,0.0,0.0,0.0
2010-11-18,119.36000061035156,120.38999938964844,119.3499984741211,119.95999908447266,90.58145904541016,197723700,0.0,0.0,0.0
2010-11-19,119.9000015258789,120.33999633789062,119.25,120.29000091552734,90.8306655883789,156852900,0.0,0.0,0.0
2010-11-22,119.69000244140625,120.23999786376953,118.7699966430664,120.19000244140625,90.75514221191406,181361000,0.0,0.0,0.0
2010-11-23,118.7699966430664,119.0199966430664,117.98999786376953,118.44999694824219,89.44124603271484,222309000,0.0,0.0,0.0
2010-11-24,119.19999694824219,120.2300033569336,119.18000030517578,120.19999694824219,90.76268005371094,140046100,0.0,0.0,0.0
2010-11-26,119.16000366210938,119.80999755859375,118.80000305175781,118.80000305175781,89.70555877685547,76007800,0.0,0.0,0.0
2010-11-29,118.5,119.4800033569336,117.73999786376953,119.16000366210938,89.97735595703125,223642300,0.0,0.0,0.0
2010-11-30,117.9800033569336,119.16999816894531,117.80999755859375,118.48999786376953,89.4714584350586,233930700,0.0,0.0,0.0
2010-12-01,120.19999694824219,121.23999786376953,120.19000244140625,121.01000213623047,91.37431335449219,221037200,0.0,0.0,0.0
2010-12-02,121.19999694824219,122.6500015258789,121.12999725341797,122.55999755859375,92.54466247558594,191213600,0.0,0.0,0.0
2010-12-03,122.13999938964844,123.02999877929688,122.11000061035156,122.88999938964844,92.79389953613281,151288900,0.0,0.0,0.0
2010-12-06,122.62999725341797,123.04000091552734,122.5,122.76000213623047,92.6957015991211,103050500,0.0,0.0,0.0
2010-12-07,123.94000244140625,124.01000213623047,122.76000213623047,122.83000183105469,92.74858856201172,206581000,0.0,0.0,0.0
2010-12-08,122.9800033569336,123.37999725341797,122.41000366210938,123.27999877929688,93.08838653564453,138019200,0.0,0.0,0.0
2010-12-09,123.97000122070312,124.0199966430664,123.1500015258789,123.76000213623047,93.45083618164062,123705100,0.0,0.0,0.0
2010-12-10,124.13999938964844,124.5999984741211,123.7300033569336,124.4800033569336,93.99449157714844,117571700,0.0,0.0,0.0
2010-12-13,125.05000305175781,125.19999694824219,124.5199966430664,124.55999755859375,94.05490112304688,133812700,0.0,0.0,0.0
2010-12-14,124.75,125.2300033569336,124.29000091552734,124.66999816894531,94.13795471191406,147249600,0.0,0.0,0.0
2010-12-15,124.44000244140625,124.93000030517578,123.88999938964844,124.0999984741211,93.7075424194336,160823100,0.0,0.0,0.0
2010-12-16,124.18000030517578,124.91000366210938,123.75,124.81999969482422,94.25121307373047,185035200,0.0,0.0,0.0
2010-12-17,124.08000183105469,124.45999908447266,123.81999969482422,124.30000305175781,94.35221862792969,141075300,0.653,0.0,0.0
2010-12-20,124.63999938964844,124.9000015258789,123.9800033569336,124.5999984741211,94.57990264892578,119085500,0.0,0.0,0.0
2010-12-21,124.98999786376953,125.47000122070312,124.87000274658203,125.38999938964844,95.17955780029297,94965500,0.0,0.0,0.0
2010-12-22,125.4800033569336,125.81999969482422,125.41000366210938,125.77999877929688,95.4756088256836,78878100,0.0,0.0,0.0
2010-12-23,125.63999938964844,125.77999877929688,125.29000091552734,125.5999984741211,95.33898162841797,70053700,0.0,0.0,0.0
2010-12-27,125.12999725341797,125.7699966430664,125.04000091552734,125.6500015258789,95.37693786621094,58126000,0.0,0.0,0.0
2010-12-28,125.9000015258789,125.94999694824219,125.5,125.83000183105469,95.5135498046875,55309100,0.0,0.0,0.0
2010-12-29,125.9800033569336,126.19999694824219,125.9000015258789,125.91999816894531,95.58187103271484,58033100,0.0,0.0,0.0
2010-12-30,125.80000305175781,126.12999725341797,125.52999877929688,125.72000122070312,95.43006134033203,76616900,0.0,0.0,0.0
2010-12-31,125.52999877929688,125.87000274658203,125.33000183105469,125.75,95.45284271240234,91218900,0.0,0.0,0.0
2011-01-03,126.70999908447266,127.5999984741211,125.69999694824219,127.05000305175781,96.43961334228516,138725200,0.0,0.0,0.0
2011-01-04,127.33000183105469,127.37000274658203,126.19000244140625,126.9800033569336,96.38651275634766,137409700,0.0,0.0,0.0
2011-01-05,126.58000183105469,127.72000122070312,126.45999908447266,127.63999938964844,96.88748931884766,133975300,0.0,0.0,0.0
2011-01-06,127.69000244140625,127.83000183105469,127.01000213623047,127.38999938964844,96.69769287109375,122519000,0.0,0.0,0.0
2011-01-07,127.55999755859375,127.7699966430664,126.1500015258789,127.13999938964844,96.50794219970703,156034600,0.0,0.0,0.0
2011-01-10,126.58000183105469,127.16000366210938,126.19999694824219,126.9800033569336,96.38651275634766,122401700,0.0,0.0,0.0
2011-01-11,127.44000244140625,127.73999786376953,126.94999694824219,127.43000030517578,96.72808074951172,110287000,0.0,0.0,0.0
2011-01-12,128.2100067138672,128.72000122070312,127.45999908447266,128.5800018310547,97.60100555419922,107929200,0.0,0.0,0.0
2011-01-13,128.6300048828125,128.69000244140625,128.0500030517578,128.3699951171875,97.44158935546875,129048400,0.0,0.0,0.0
2011-01-14,128.19000244140625,129.3300018310547,128.10000610351562,129.3000030517578,98.14752960205078,117677900,0.0,0.0,0.0
2011-01-18,129.17999267578125,129.63999938964844,129.02999877929688,129.52000427246094,98.31452941894531,114401300,0.0,0.0,0.0
2011-01-19,129.41000366210938,129.5399932861328,127.91000366210938,128.25,97.35050964355469,151958400,0.0,0.0,0.0
2011-01-20,127.95999908447266,128.39999389648438,127.12999725341797,128.0800018310547,97.22147369384766,175745700,0.0,0.0,0.0
2011-01-21,128.8800048828125,129.1699981689453,128.22999572753906,128.3699951171875,97.44158935546875,151462900,0.0,0.0,0.0
2011-01-24,128.2899932861328,129.25,128.25999450683594,129.10000610351562,97.99568939208984,113715500,0.0,0.0,0.0
2011-01-25,128.75999450683594,129.27999877929688,128.11000061035156,129.1699981689453,98.04881286621094,167552200,0.0,0.0,0.0
2011-01-26,129.49000549316406,130.0500030517578,129.22999572753906,129.6699981689453,98.42838287353516,141281500,0.0,0.0,0.0
2011-01-27,129.6999969482422,130.2100067138672,129.47000122070312,129.99000549316406,98.67130279541016,123302700,0.0,0.0,0.0
2011-01-28,130.13999938964844,130.35000610351562,127.51000213623047,127.72000122070312,96.94819641113281,295637300,0.0,0.0,0.0
2011-01-31,128.07000732421875,128.77999877929688,127.75,128.67999267578125,97.67691040039062,149249200,0.0,0.0,0.0
2011-02-01,129.4600067138672,130.97000122070312,129.3800048828125,130.74000549316406,99.2405776977539,167194300,0.0,0.0,0.0
2011-02-02,130.39999389648438,130.83999633789062,130.3300018310547,130.49000549316406,99.05086517333984,118323600,0.0,0.0,0.0
2011-02-03,130.25999450683594,130.97999572753906,129.57000732421875,130.77999877929688,99.27092742919922,145886700,0.0,0.0,0.0
2011-02-04,130.8300018310547,131.1999969482422,130.22999572753906,131.14999389648438,99.55181121826172,134634800,0.0,0.0,0.0
2011-02-07,131.44000244140625,132.39999389648438,131.42999267578125,131.97000122070312,100.17425537109375,112439100,0.0,0.0,0.0
2011-02-08,132.08999633789062,132.63999938964844,131.72999572753906,132.57000732421875,100.62967681884766,99072800,0.0,0.0,0.0
2011-02-09,132.2100067138672,132.6300048828125,131.61000061035156,132.27000427246094,100.4019775390625,146436700,0.0,0.0,0.0
2011-02-10,131.60000610351562,132.47000122070312,131.3000030517578,132.32000732421875,100.43992614746094,162708500,0.0,0.0,0.0
2011-02-11,131.8000030517578,133.27999877929688,131.77000427246094,133.11000061035156,101.03958129882812,137710300,0.0,0.0,0.0
2011-02-14,133.02999877929688,133.5399932861328,132.8800048828125,133.42999267578125,101.282470703125,101690700,0.0,0.0,0.0
2011-02-15,133.02000427246094,133.22000122070312,132.32000732421875,133.00999450683594,100.96368408203125,119575400,0.0,0.0,0.0
2011-02-16,133.4600067138672,134.00999450683594,133.19000244140625,133.85000610351562,101.60128784179688,130183500,0.0,0.0,0.0
2011-02-17,133.4600067138672,134.42999267578125,133.33999633789062,134.25,101.9049301147461,109810500,0.0,0.0,0.0
2011-02-18,134.3699951171875,134.69000244140625,134.05999755859375,134.52999877929688,102.11747741699219,130002400,0.0,0.0,0.0
2011-02-22,133.1199951171875,134.55999755859375,131.47000122070312,131.8300018310547,100.06800079345703,233116400,0.0,0.0,0.0
2011-02-23,131.75,132.07000732421875,130.2100067138672,131.02000427246094,99.45310974121094,227584000,0.0,0.0,0.0
2011-02-24,130.8800048828125,131.44000244140625,129.6999969482422,130.92999267578125,99.38481140136719,260431400,0.0,0.0,0.0
2011-02-25,131.47999572753906,132.41000366210938,131.39999389648438,132.3300018310547,100.44750213623047,141686900,0.0,0.0,0.0
2011-02-28,132.82000732421875,133.32000732421875,132.3800048828125,133.14999389648438,101.0699462890625,141585500,0.0,0.0,0.0
2011-03-01,133.57000732421875,133.69000244140625,130.88999938964844,130.92999267578125,99.38481140136719,258565500,0.0,0.0,0.0
2011-03-02,130.75,131.82000732421875,130.35000610351562,131.2100067138672,99.59735870361328,200277400,0.0,0.0,0.0
2011-03-03,132.39999389648438,133.6199951171875,132.38999938964844,133.47000122070312,101.31283569335938,176480100,0.0,0.0,0.0
2011-03-04,133.3699951171875,133.6300048828125,131.60000610351562,132.47000122070312,100.55375671386719,277202300,0.0,0.0,0.0
2011-03-07,132.86000061035156,133.16000366210938,130.74000549316406,131.42999267578125,99.76433563232422,216790400,0.0,0.0,0.0
2011-03-08,131.63999938964844,133.0,131.07000732421875,132.5800018310547,100.63728332519531,174615000,0.0,0.0,0.0
2011-03-09,132.32000732421875,132.8000030517578,131.60000610351562,132.38999938964844,100.49305725097656,153806000,0.0,0.0,0.0
2011-03-10,131.0,131.17999267578125,129.80999755859375,129.94000244140625,98.63333129882812,301291800,0.0,0.0,0.0
2011-03-11,129.52000427246094,131.30999755859375,129.49000549316406,130.83999633789062,99.31649017333984,225621800,0.0,0.0,0.0
2011-03-14,129.99000549316406,130.47999572753906,129.05999755859375,130.0500030517578,98.71684265136719,234974100,0.0,0.0,0.0
2011-03-15,126.58999633789062,129.3300018310547,126.5,128.55999755859375,97.58583068847656,359585400,0.0,0.0,0.0
2011-03-16,128.14999389648438,128.57000732421875,125.27999877929688,126.18000030517578,95.77925109863281,468670300,0.0,0.0,0.0
2011-03-17,128.0,128.38999938964844,127.0999984741211,127.8499984741211,97.0468978881836,254303700,0.0,0.0,0.0
2011-03-18,128.83999633789062,128.8800048828125,127.51000213623047,127.76000213623047,97.39983367919922,230435400,0.553,0.0,0.0
2011-03-21,129.35000610351562,130.00999450683594,129.1999969482422,129.74000549316406,98.90936279296875,153992600,0.0,0.0,0.0
2011-03-22,129.72000122070312,129.88999938964844,129.1699981689453,129.2899932861328,98.56623840332031,129538600,0.0,0.0,0.0
2011-03-23,128.92999267578125,130.0,128.32000732421875,129.66000366210938,98.84839630126953,148603100,0.0,0.0,0.0
2011-03-24,130.39999389648438,131.08999633789062,129.6699981689453,130.89999389648438,99.7936782836914,159129800,0.0,0.0,0.0
2011-03-25,131.24000549316406,131.8699951171875,130.88999938964844,131.3000030517578,100.09862518310547,155642800,0.0,0.0,0.0
2011-03-28,131.5800018310547,131.9199981689453,130.94000244140625,130.97999572753906,99.8547134399414,109762400,0.0,0.0,0.0
2011-03-29,130.8699951171875,131.89999389648438,130.44000244140625,131.86000061035156,100.52554321289062,129798800,0.0,0.0,0.0
2011-03-30,132.5500030517578,133.16000366210938,132.36000061035156,132.77000427246094,101.21935272216797,135835000,0.0,0.0,0.0
2011-03-31,132.60000610351562,132.9600067138672,132.4499969482422,132.58999633789062,101.08206176757812,132537100,0.0,0.0,0.0
2011-04-01,133.41000366210938,133.77000427246094,132.8300018310547,133.14999389648438,101.50897979736328,153850100,0.0,0.0,0.0
2011-04-04,133.42999267578125,133.6699981689453,132.8800048828125,133.25999450683594,101.59286499023438,100768900,0.0,0.0,0.0
2011-04-05,133.0,133.8300018310547,132.94000244140625,133.24000549316406,101.57762908935547,120791500,0.0,0.0,0.0
2011-04-06,133.8800048828125,134.0,133.1199951171875,133.66000366210938,101.8978042602539,120411600,0.0,0.0,0.0
2011-04-07,133.4199981689453,133.97999572753906,132.66000366210938,133.32000732421875,101.63861846923828,170731500,0.0,0.0,0.0
2011-04-08,133.91000366210938,133.99000549316406,132.30999755859375,132.86000061035156,101.2879638671875,147945400,0.0,0.0,0.0
2011-04-11,133.0,133.4499969482422,132.13999938964844,132.4600067138672,100.98294830322266,121385400,0.0,0.0,0.0
2011-04-12,131.72000122070312,131.97999572753906,130.99000549316406,131.47000122070312,100.22824096679688,161187400,0.0,0.0,0.0
2011-04-13,132.0800018310547,132.17999267578125,130.9600067138672,131.4600067138672,100.2205810546875,162059000,0.0,0.0,0.0
2011-04-14,130.6999969482422,131.75999450683594,130.27000427246094,131.55999755859375,100.29685974121094,161220400,0.0,0.0,0.0
2011-04-15,131.8000030517578,132.3699951171875,131.41000366210938,132.0399932861328,100.66278839111328,170006700,0.0,0.0,0.0
2011-04-18,130.58999633789062,132.02999877929688,129.50999450683594,130.55999755859375,99.53447723388672,210759300,0.0,0.0,0.0
2011-04-19,130.75999450683594,131.35000610351562,130.44000244140625,131.30999755859375,100.10626983642578,124258800,0.0,0.0,0.0
2011-04-20,132.8800048828125,133.38999938964844,132.7899932861328,133.10000610351562,101.47089385986328,156133800,0.0,0.0,0.0
2011-04-21,133.7899932861328,133.83999633789062,133.10000610351562,133.77999877929688,101.9892807006836,135935400,0.0,0.0,0.0
2011-04-25,133.67999267578125,133.86000061035156,133.1999969482422,133.63999938964844,101.882568359375,65757100,0.0,0.0,0.0
2011-04-26,134.0500030517578,135.05999755859375,133.91000366210938,134.7899932861328,102.75926971435547,146600000,0.0,0.0,0.0
2011-04-27,135.0500030517578,135.8699951171875,134.5,135.6699981689453,103.43016052246094,143031000,0.0,0.0,0.0
2011-04-28,135.42999267578125,136.2899932861328,135.41000366210938,136.11000061035156,103.76559448242188,124791100,0.0,0.0,0.0
2011-04-29,136.16000366210938,136.57000732421875,135.97999572753906,136.42999267578125,104.00955963134766,115094100,0.0,0.0,0.0
2011-05-02,137.07000732421875,137.17999267578125,135.9499969482422,136.22000122070312,103.84947967529297,126278700,0.0,0.0,0.0
2011-05-03,135.9600067138672,136.19000244140625,135.0399932861328,135.72999572753906,103.47590637207031,138375000,0.0,0.0,0.0
2011-05-04,135.6699981689453,135.72999572753906,134.22999572753906,134.8300018310547,102.78977966308594,182678500,0.0,0.0,0.0
2011-05-05,134.0800018310547,134.9499969482422,133.02000427246094,133.61000061035156,101.85973358154297,226900000,0.0,0.0,0.0
2011-05-06,134.94000244140625,135.6300048828125,133.67999267578125,134.1999969482422,102.30950927734375,222787200,0.0,0.0,0.0
2011-05-09,134.19000244140625,135.11000061035156,133.97999572753906,134.72000122070312,102.7059097290039,114104500,0.0,0.0,0.0
2011-05-10,135.1699981689453,136.11000061035156,135.0,135.8699951171875,103.5826416015625,114806900,0.0,0.0,0.0
2011-05-11,135.6699981689453,135.69000244140625,133.82000732421875,134.44000244140625,102.49244689941406,193564200,0.0,0.0,0.0
2011-05-12,134.0800018310547,135.36000061035156,133.38999938964844,135.0800018310547,102.98038482666016,171550700,0.0,0.0,0.0
2011-05-13,135.14999389648438,135.33999633789062,133.55999755859375,134.0399932861328,102.18753814697266,157444900,0.0,0.0,0.0
2011-05-16,133.55999755859375,134.61000061035156,132.97000122070312,133.19000244140625,101.53952026367188,141675400,0.0,0.0,0.0
2011-05-17,132.69000244140625,133.35000610351562,132.1199951171875,133.1699981689453,101.52423095703125,192686200,0.0,0.0,0.0
2011-05-18,133.24000549316406,134.5,132.9499969482422,134.36000061035156,102.43144989013672,135217900,0.0,0.0,0.0
2011-05-19,134.8000030517578,135.02999877929688,133.94000244140625,134.67999267578125,102.6754150390625,119489500,0.0,0.0,0.0
2011-05-20,134.3300018310547,134.67999267578125,133.36000061035156,133.61000061035156,101.85973358154297,182594900,0.0,0.0,0.0
2011-05-23,131.97999572753906,132.72000122070312,131.58999633789062,132.05999755859375,100.67802429199219,168700000,0.0,0.0,0.0
2011-05-24,132.44000244140625,132.72999572753906,131.6999969482422,131.9499969482422,100.59417724609375,147199600,0.0,0.0,0.0
2011-05-25,131.4199981689453,132.94000244140625,131.3800048828125,132.38999938964844,100.92960357666016,151050100,0.0,0.0,0.0
2011-05-26,132.02999877929688,133.24000549316406,131.77999877929688,133.0,101.39466857910156,164850000,0.0,0.0,0.0
2011-05-27,133.3699951171875,133.8699951171875,132.9600067138672,133.50999450683594,101.783447265625,120921900,0.0,0.0,0.0
2011-05-31,134.77000427246094,134.9199981689453,133.83999633789062,134.89999389648438,102.84313201904297,164731200,0.0,0.0,0.0
2011-06-01,134.50999450683594,134.9199981689453,131.75999450683594,131.8699951171875,100.53314971923828,233094300,0.0,0.0,0.0
2011-06-02,131.9600067138672,132.24000549316406,130.9600067138672,131.72999572753906,100.42646789550781,200466800,0.0,0.0,0.0
2011-06-03,130.14999389648438,131.4199981689453,130.0800018310547,130.4199981689453,99.4277572631836,234690200,0.0,0.0,0.0
2011-06-06,130.08999633789062,130.36000061035156,128.8699951171875,129.0399932861328,98.37567901611328,179951200,0.0,0.0,0.0
2011-06-07,129.6999969482422,130.07000732421875,128.85000610351562,128.9600067138672,98.31470489501953,161660500,0.0,0.0,0.0
2011-06-08,128.75999450683594,129.19000244140625,128.17999267578125,128.4199981689453,97.90303802490234,198696400,0.0,0.0,0.0
2011-06-09,128.77000427246094,129.92999267578125,128.4600067138672,129.39999389648438,98.65013885498047,160964400,0.0,0.0,0.0
2011-06-10,128.85000610351562,128.92999267578125,127.26000213623047,127.5999984741211,97.27784729003906,238629400,0.0,0.0,0.0
2011-06-13,127.88999938964844,128.24000549316406,127.05000305175781,127.69999694824219,97.35411834716797,207599800,0.0,0.0,0.0
2011-06-14,128.8699951171875,129.77000427246094,128.82000732421875,129.32000732421875,98.58914184570312,160570400,0.0,0.0,0.0
2011-06-15,128.24000549316406,129.3000030517578,126.68000030517578,127.0199966430664,96.8357162475586,300958000,0.0,0.0,0.0
2011-06-16,127.05999755859375,127.97000122070312,126.31999969482422,127.30000305175781,97.04918670654297,308032800,0.0,0.0,0.0
2011-06-17,127.93000030517578,127.94000244140625,126.62000274658203,127.05000305175781,97.33878326416016,233284900,0.628,0.0,0.0
2011-06-20,126.62000274658203,127.97000122070312,126.58000183105469,127.69999694824219,97.8367691040039,159479000,0.0,0.0,0.0
2011-06-21,128.36000061035156,129.6999969482422,127.75,129.4499969482422,99.17752075195312,193157300,0.0,0.0,0.0
2011-06-22,129.0500030517578,129.80999755859375,128.58999633789062,128.6699981689453,98.5799331665039,176703000,0.0,0.0,0.0
2011-06-23,127.16000366210938,128.63999938964844,126.19000244140625,128.3000030517578,98.29644012451172,334286500,0.0,0.0,0.0
2011-06-24,128.27000427246094,128.3699951171875,126.62000274658203,126.80999755859375,97.1548843383789,226129300,0.0,0.0,0.0
2011-06-27,126.88999938964844,128.42999267578125,126.63999938964844,127.94000244140625,98.02064514160156,168904700,0.0,0.0,0.0
2011-06-28,128.4499969482422,129.6300048828125,128.27000427246094,129.61000061035156,99.30010986328125,165556300,0.0,0.0,0.0
2011-06-29,130.1999969482422,130.92999267578125,129.6300048828125,130.72000122070312,100.15054321289062,244295500,0.0,0.0,0.0
2011-06-30,131.13999938964844,132.17999267578125,130.7100067138672,131.97000122070312,101.10820770263672,223322700,0.0,0.0,0.0
2011-07-01,132.08999633789062,134.10000610351562,131.77999877929688,133.9199981689453,102.60218811035156,202385700,0.0,0.0,0.0
2011-07-05,133.77999877929688,134.0800018310547,133.38999938964844,133.80999755859375,102.51791381835938,165936000,0.0,0.0,0.0
2011-07-06,133.49000549316406,134.13999938964844,133.11000061035156,133.97000122070312,102.6405029296875,143331600,0.0,0.0,0.0
2011-07-07,135.16000366210938,135.6999969482422,134.8800048828125,135.36000061035156,103.70543670654297,170464200,0.0,0.0,0.0
2011-07-08,133.8300018310547,135.36000061035156,133.38999938964844,134.39999389648438,102.96993255615234,194100500,0.0,0.0,0.0
2011-07-11,132.75,133.17999267578125,131.66000366210938,131.97000122070312,101.10820770263672,195918600,0.0,0.0,0.0
2011-07-12,131.69000244140625,132.77999877929688,131.36000061035156,131.39999389648438,100.6714859008789,214675700,0.0,0.0,0.0
2011-07-13,132.08999633789062,133.22000122070312,131.52000427246094,131.83999633789062,101.00859069824219,204062600,0.0,0.0,0.0
2011-07-14,132.1699981689453,132.77999877929688,130.67999267578125,130.92999267578125,100.31140899658203,226111800,0.0,0.0,0.0
2011-07-15,131.66000366210938,131.8699951171875,130.77000427246094,131.69000244140625,100.89368438720703,220012800,0.0,0.0,0.0
2011-07-18,131.0800018310547,131.27999877929688,129.6300048828125,130.61000061035156,100.06625366210938,196872100,0.0,0.0,0.0
2011-07-19,131.33999633789062,132.88999938964844,131.30999755859375,132.72999572753906,101.69043731689453,166554900,0.0,0.0,0.0
2011-07-20,133.07000732421875,133.14999389648438,132.4199981689453,132.64999389648438,101.629150390625,137145400,0.0,0.0,0.0
2011-07-21,133.39999389648438,134.82000732421875,132.6699981689453,134.49000549316406,103.03887176513672,245246300,0.0,0.0,0.0
2011-07-22,134.52000427246094,134.72000122070312,133.75999450683594,134.5800018310547,103.10783386230469,126019400,0.0,0.0,0.0
2011-07-25,133.3000030517578,134.49000549316406,133.16000366210938,133.8300018310547,102.53324127197266,136653800,0.0,0.0,0.0
2011-07-26,133.74000549316406,133.9600067138672,133.02999877929688,133.3300018310547,102.15013885498047,131278200,0.0,0.0,0.0
2011-07-27,132.58999633789062,132.6300048828125,130.42999267578125,130.60000610351562,100.05857849121094,249020100,0.0,0.0,0.0
2011-07-28,130.60000610351562,131.77000427246094,130.00999450683594,130.22000122070312,99.76744842529297,207939900,0.0,0.0,0.0
2011-07-29,128.91000366210938,130.5500030517578,127.97000122070312,129.3300018310547,99.08557891845703,307038400,0.0,0.0,0.0
2011-08-01,130.83999633789062,130.9600067138672,127.52999877929688,128.77999877929688,98.66421508789062,325790900,0.0,0.0,0.0
2011-08-02,127.80999755859375,128.5,125.48999786376953,125.48999786376953,96.14358520507812,346653800,0.0,0.0,0.0
2011-08-03,125.66000366210938,126.30999755859375,123.52999877929688,126.16999816894531,96.66455078125,370830800,0.0,0.0,0.0
2011-08-04,124.41999816894531,124.62000274658203,120.05999755859375,120.26000213623047,92.13665771484375,520721800,0.0,0.0,0.0
2011-08-05,121.76000213623047,122.06999969482422,116.86000061035156,120.08000183105469,91.99870300292969,655619200,0.0,0.0,0.0
2011-08-08,116.91000366210938,120.12000274658203,112.0199966430664,112.26000213623047,86.0074691772461,702263900,0.0,0.0,0.0
2011-08-09,114.06999969482422,117.63999938964844,110.2699966430664,117.4800033569336,90.00678253173828,717828700,0.0,0.0,0.0
2011-08-10,115.26000213623047,116.27999877929688,111.94999694824219,112.29000091552734,86.03047180175781,662607400,0.0,0.0,0.0
2011-08-11,113.26000213623047,118.91999816894531,112.31999969482422,117.33000183105469,89.89183807373047,487979700,0.0,0.0,0.0
2011-08-12,118.4000015258789,119.20999908447266,117.27999877929688,118.12000274658203,90.49708557128906,313731600,0.0,0.0,0.0
2011-08-15,119.19000244140625,120.73999786376953,119.0,120.62000274658203,92.41246032714844,258810600,0.0,0.0,0.0
2011-08-16,119.47000122070312,120.69000244140625,118.30999755859375,119.58999633789062,91.62333679199219,294095200,0.0,0.0,0.0
2011-08-17,120.25,121.19999694824219,118.72000122070312,119.66999816894531,91.68461608886719,238201100,0.0,0.0,0.0
2011-08-18,116.5,119.70999908447266,113.38999938964844,114.51000213623047,87.7313232421875,512956300,0.0,0.0,0.0
2011-08-19,112.95999908447266,115.87999725341797,112.5,112.63999938964844,86.29861450195312,428281300,0.0,0.0,0.0
2011-08-22,115.16999816894531,115.2300033569336,112.41000366210938,112.7300033569336,86.3675765991211,275090600,0.0,0.0,0.0
2011-08-23,113.1500015258789,116.56999969482422,112.58000183105469,116.44000244140625,89.20996856689453,331136600,0.0,0.0,0.0
2011-08-24,116.19000244140625,118.23999786376953,115.91999816894531,118.08000183105469,90.4664306640625,246869700,0.0,0.0,0.0
2011-08-25,118.7300033569336,119.4000015258789,115.87000274658203,116.27999877929688,89.08737182617188,312365400,0.0,0.0,0.0
2011-08-26,115.69000244140625,118.51000213623047,113.8499984741211,117.97000122070312,90.38215637207031,314495900,0.0,0.0,0.0
2011-08-29,119.55999755859375,121.43000030517578,118.05999755859375,121.36000061035156,92.9793701171875,190977200,0.0,0.0,0.0
2011-08-30,120.83000183105469,122.43000030517578,119.26000213623047,121.68000030517578,93.22456359863281,241315700,0.0,0.0,0.0
2011-08-31,122.45999908447266,123.51000213623047,121.30000305175781,122.22000122070312,93.63827514648438,301828400,0.0,0.0,0.0
2011-09-01,122.29000091552734,123.4000015258789,120.77999877929688,120.94000244140625,92.65762329101562,254585900,0.0,0.0,0.0
2011-09-02,118.41999816894531,120.87000274658203,117.43000030517578,117.8499984741211,90.29023742675781,255517200,0.0,0.0,0.0
2011-09-06,114.38999938964844,117.16000366210938,114.37999725341797,116.98999786376953,89.63134765625,285130500,0.0,0.0,0.0
2011-09-07,118.76000213623047,120.33999633789062,118.36000061035156,120.29000091552734,92.15963745117188,209803200,0.0,0.0,0.0
2011-09-08,119.56999969482422,120.94000244140625,118.7699966430664,119.04000091552734,91.20195770263672,250568200,0.0,0.0,0.0
2011-09-09,117.68000030517578,119.05999755859375,115.27999877929688,115.91999816894531,88.81157684326172,380195100,0.0,0.0,0.0
2011-09-12,114.47000122070312,116.76000213623047,114.05000305175781,116.66999816894531,89.38618469238281,305793500,0.0,0.0,0.0
2011-09-13,117.05000305175781,118.18000030517578,116.22000122070312,117.73999786376953,90.2059555053711,272514700,0.0,0.0,0.0
2011-09-14,118.33999633789062,120.80000305175781,116.72000122070312,119.37000274658203,91.45479583740234,319389500,0.0,0.0,0.0
2011-09-15,120.6500015258789,121.47000122070312,119.4000015258789,121.43000030517578,93.03302001953125,326777200,0.0,0.0,0.0
2011-09-16,121.29000091552734,121.97000122070312,120.31999969482422,121.5199966430664,93.58363342285156,284528300,0.625,0.0,0.0
2011-09-19,119.52999877929688,120.93000030517578,118.72000122070312,120.30999755859375,92.65179443359375,241517000,0.0,0.0,0.0
2011-09-20,120.81999969482422,121.98999786376953,120.01000213623047,120.16999816894531,92.54399108886719,218932200,0.0,0.0,0.0
2011-09-21,120.2300033569336,120.5999984741211,116.44000244140625,116.62999725341797,89.81780242919922,316251300,0.0,0.0,0.0
2011-09-22,113.25,114.20999908447266,111.30000305175781,112.86000061035156,86.9145278930664,513911300,0.0,0.0,0.0
2011-09-23,112.11000061035156,114.16000366210938,112.0199966430664,113.54000091552734,87.43818664550781,307242500,0.0,0.0,0.0
2011-09-26,114.61000061035156,116.4000015258789,112.9800033569336,116.23999786376953,89.51748657226562,260673700,0.0,0.0,0.0
2011-09-27,118.52999877929688,119.55999755859375,116.83999633789062,117.54000091552734,90.51861572265625,311753900,0.0,0.0,0.0
2011-09-28,117.77999877929688,118.48999786376953,114.97000122070312,115.13999938964844,88.67040252685547,286696800,0.0,0.0,0.0
2011-09-29,117.05000305175781,117.62999725341797,113.93000030517578,116.05000305175781,89.37116241455078,298108900,0.0,0.0,0.0
2011-09-30,114.44999694824219,115.44999694824219,113.06999969482422,113.1500015258789,87.1378402709961,288392300,0.0,0.0,0.0
2011-10-03,112.48999786376953,113.94999694824219,109.80999755859375,109.93000030517578,84.6580810546875,365136800,0.0,0.0,0.0
2011-10-04,108.3499984741211,112.58000183105469,107.43000030517578,112.33999633789062,86.51405334472656,459177500,0.0,0.0,0.0
2011-10-05,112.62000274658203,114.72000122070312,111.58000183105469,114.41999816894531,88.11587524414062,284108000,0.0,0.0,0.0
2011-10-06,114.36000061035156,116.66000366210938,113.51000213623047,116.48999786376953,89.71002960205078,257800800,0.0,0.0,0.0
2011-10-07,117.16999816894531,117.25,115.05999755859375,115.70999908447266,89.10934448242188,312657900,0.0,0.0,0.0
2011-10-10,117.68000030517578,119.62999725341797,117.66999816894531,119.58000183105469,92.08963012695312,230666300,0.0,0.0,0.0
2011-10-11,118.87000274658203,120.04000091552734,118.75,119.69999694824219,92.18209075927734,209088000,0.0,0.0,0.0
2011-10-12,120.5999984741211,122.13999938964844,120.33000183105469,120.75,92.99068450927734,281544900,0.0,0.0,0.0
2011-10-13,120.04000091552734,120.87000274658203,119.12000274658203,120.51000213623047,92.80587005615234,212538800,0.0,0.0,0.0
2011-10-14,121.91000366210938,122.5999984741211,121.2300033569336,122.56999969482422,94.39228820800781,211397600,0.0,0.0,0.0
2011-10-17,121.98999786376953,122.55000305175781,119.93000030517578,120.2300033569336,92.5902099609375,202311600,0.0,0.0,0.0
2011-10-18,120.13999938964844,123.5,119.19999694824219,122.58000183105469,94.39997100830078,318857900,0.0,0.0,0.0
2011-10-19,122.37999725341797,123.08000183105469,120.70999908447266,121.12999725341797,93.2833251953125,226601300,0.0,0.0,0.0
2011-10-20,121.43000030517578,122.0999984741211,119.81999969482422,121.66000366210938,93.69144439697266,262075600,0.0,0.0,0.0
2011-10-21,123.08999633789062,124.12000274658203,122.72000122070312,123.97000122070312,95.4704360961914,278999400,0.0,0.0,0.0
2011-10-24,124.16999816894531,125.80000305175781,124.05999755859375,125.48999786376953,96.6409912109375,203215600,0.0,0.0,0.0
2011-10-25,124.88999938964844,124.94999694824219,122.77999877929688,123.05000305175781,94.76191711425781,268596800,0.0,0.0,0.0
2011-10-26,124.3499984741211,124.7699966430664,122.20999908447266,124.30000305175781,95.72457885742188,289053800,0.0,0.0,0.0
2011-10-27,127.62999725341797,129.4199981689453,126.61000061035156,128.6300048828125,99.05913543701172,393220200,0.0,0.0,0.0
2011-10-28,128.0,128.85000610351562,127.80000305175781,128.60000610351562,99.03601837158203,225906500,0.0,0.0,0.0
2011-10-31,127.16000366210938,128.6199951171875,125.31999969482422,125.5,96.6487045288086,228146700,0.0,0.0,0.0
2011-11-01,122.02999877929688,123.51000213623047,121.5199966430664,122.0,93.95330810546875,416565800,0.0,0.0,0.0
2011-11-02,123.83000183105469,124.4000015258789,122.79000091552734,123.98999786376953,95.48582458496094,244717600,0.0,0.0,0.0
2011-11-03,125.2699966430664,126.5,123.5999984741211,126.25,97.22628021240234,291174800,0.0,0.0,0.0
2011-11-04,125.2300033569336,125.69999694824219,124.01000213623047,125.4800033569336,96.63329315185547,249401600,0.0,0.0,0.0
2011-11-07,125.38999938964844,126.38999938964844,124.19999694824219,126.26000213623047,97.23401641845703,196617200,0.0,0.0,0.0
2011-11-08,126.91999816894531,128.02000427246094,125.70999908447266,127.87999725341797,98.48155212402344,224426300,0.0,0.0,0.0
2011-11-09,124.88999938964844,125.80000305175781,122.86000061035156,123.16000366210938,94.84664916992188,337982000,0.0,0.0,0.0
2011-11-10,124.79000091552734,124.94000244140625,123.0199966430664,124.31999969482422,95.73997497558594,231866500,0.0,0.0,0.0
2011-11-11,125.83000183105469,126.98999786376953,125.79000091552734,126.66000366210938,97.5420150756836,189924400,0.0,0.0,0.0
2011-11-14,126.19000244140625,127.44999694824219,124.91999816894531,125.45999908447266,96.61790466308594,159258300,0.0,0.0,0.0
2011-11-15,125.16999816894531,126.75,124.72000122070312,126.08000183105469,97.09535217285156,184709400,0.0,0.0,0.0
2011-11-16,124.80999755859375,126.33999633789062,123.9000015258789,124.08000183105469,95.5551528930664,235782500,0.0,0.0,0.0
2011-11-17,123.8499984741211,124.16000366210938,121.2300033569336,122.11000061035156,94.03804016113281,331219600,0.0,0.0,0.0
2011-11-18,122.5,122.75,121.47000122070312,121.9800033569336,93.93791198730469,215580400,0.0,0.0,0.0
2011-11-21,120.19999694824219,120.3499984741211,118.6500015258789,119.66000366210938,92.15125274658203,229611600,0.0,0.0,0.0
2011-11-22,119.4000015258789,120.0999984741211,118.5199966430664,119.19000244140625,91.78931427001953,216494900,0.0,0.0,0.0
2011-11-23,118.06999969482422,119.19000244140625,116.55999755859375,116.55999755859375,89.763916015625,224329100,0.0,0.0,0.0
2011-11-25,116.37999725341797,117.69999694824219,116.19999694824219,116.33999633789062,89.5945053100586,99557000,0.0,0.0,0.0
2011-11-28,119.54000091552734,120.18000030517578,118.81999969482422,119.70999908447266,92.18975830078125,210686000,0.0,0.0,0.0
2011-11-29,120.05000305175781,121.0,119.61000061035156,120.05000305175781,92.45159149169922,199241500,0.0,0.0,0.0
2011-11-30,123.48999786376953,125.22000122070312,120.0,124.98999786376953,96.25594329833984,324439500,0.0,0.0,0.0
2011-12-01,124.8499984741211,125.63999938964844,124.43000030517578,124.97000122070312,96.24053955078125,176954800,0.0,0.0,0.0
2011-12-02,126.12000274658203,126.5,124.77999877929688,124.86000061035156,96.15583038330078,221109700,0.0,0.0,0.0
2011-12-05,126.83999633789062,127.18000030517578,125.44000244140625,126.22000122070312,97.20315551757812,225263900,0.0,0.0,0.0
2011-12-06,126.20999908447266,127.11000061035156,125.76000213623047,126.26000213623047,97.23401641845703,178842100,0.0,0.0,0.0
2011-12-07,125.83999633789062,127.26000213623047,124.97000122070312,126.7300033569336,97.59591674804688,237802500,0.0,0.0,0.0
2011-12-08,125.9000015258789,126.18000030517578,123.6500015258789,123.94999694824219,95.45502471923828,240862800,0.0,0.0,0.0
2011-12-09,124.51000213623047,126.37000274658203,124.4000015258789,126.05000305175781,97.07225799560547,209111400,0.0,0.0,0.0
2011-12-12,124.94999694824219,124.97000122070312,123.16000366210938,124.20999908447266,95.6552734375,215826100,0.0,0.0,0.0
2011-12-13,124.86000061035156,125.56999969482422,122.44999694824219,123.05000305175781,94.76191711425781,245159800,0.0,0.0,0.0
2011-12-14,122.55999755859375,123.02999877929688,121.47000122070312,121.73999786376953,93.75308227539062,238618800,0.0,0.0,0.0
2011-12-15,123.02999877929688,123.19999694824219,121.98999786376953,122.18000030517578,94.09193420410156,199109200,0.0,0.0,0.0
2011-12-16,122.2300033569336,122.94999694824219,121.30000305175781,121.58999633789062,94.2314224243164,220481400,0.77,0.0,0.0
2011-12-19,122.05999755859375,122.31999969482422,120.02999877929688,120.29000091552734,93.22394561767578,183903000,0.0,0.0,0.0
2011-12-20,122.18000030517578,124.13999938964844,120.37000274658203,123.93000030517578,96.04490661621094,225418100,0.0,0.0,0.0
2011-12-21,123.93000030517578,124.36000061035156,122.75,124.16999816894531,96.23089599609375,194230900,0.0,0.0,0.0
2011-12-22,124.62999725341797,125.4000015258789,124.2300033569336,125.2699966430664,97.08338928222656,119465400,0.0,0.0,0.0
2011-12-23,125.66999816894531,126.43000030517578,125.41000366210938,126.38999938964844,97.95140075683594,92187200,0.0,0.0,0.0
2011-12-27,126.16999816894531,126.81999969482422,126.05999755859375,126.48999786376953,98.02888488769531,86075700,0.0,0.0,0.0
2011-12-28,126.51000213623047,126.52999877929688,124.7300033569336,124.83000183105469,96.7424087524414,119107100,0.0,0.0,0.0
2011-12-29,125.23999786376953,126.25,124.86000061035156,126.12000274658203,97.74214935302734,123507200,0.0,0.0,0.0
2011-12-30,126.0199966430664,126.33000183105469,125.5,125.5,97.26165771484375,95599000,0.0,0.0,0.0
2012-01-03,127.76000213623047,128.3800048828125,127.43000030517578,127.5,98.81161499023438,193697900,0.0,0.0,0.0
2012-01-04,127.19999694824219,127.80999755859375,126.70999908447266,127.69999694824219,98.96662139892578,127186500,0.0,0.0,0.0
2012-01-05,127.01000213623047,128.22999572753906,126.43000030517578,128.0399932861328,99.23011016845703,173895000,0.0,0.0,0.0
2012-01-06,128.1999969482422,128.22000122070312,127.29000091552734,127.70999908447266,98.97438049316406,148050000,0.0,0.0,0.0
2012-01-09,128.0,128.17999267578125,127.41000366210938,128.02000427246094,99.21465301513672,99530200,0.0,0.0,0.0
2012-01-10,129.38999938964844,129.64999389648438,128.9499969482422,129.1300048828125,100.07490539550781,115282000,0.0,0.0,0.0
2012-01-11,128.72999572753906,129.3699951171875,128.52000427246094,129.1999969482422,100.12913513183594,111540700,0.0,0.0,0.0
2012-01-12,129.57000732421875,129.6999969482422,128.5399932861328,129.50999450683594,100.36937713623047,118983700,0.0,0.0,0.0
2012-01-13,128.63999938964844,129.0500030517578,127.72000122070312,128.83999633789062,99.85011291503906,179836200,0.0,0.0,0.0
2012-01-17,130.0800018310547,130.32000732421875,128.89999389648438,129.33999633789062,100.2376480102539,132209200,0.0,0.0,0.0
2012-01-18,129.30999755859375,130.83999633789062,129.0800018310547,130.77000427246094,101.34586334228516,163395200,0.0,0.0,0.0
2012-01-19,131.22000122070312,131.57000732421875,130.8000030517578,131.4600067138672,101.8805923461914,126328900,0.0,0.0,0.0
2012-01-20,131.24000549316406,131.9499969482422,130.9199981689453,131.9499969482422,102.2603530883789,138230200,0.0,0.0,0.0
2012-01-23,131.50999450683594,132.25,130.97999572753906,131.61000061035156,101.99685668945312,129295800,0.0,0.0,0.0
2012-01-24,130.8000030517578,131.5,130.60000610351562,131.4600067138672,101.8805923461914,103083300,0.0,0.0,0.0
2012-01-25,131.25999450683594,132.8699951171875,130.75,132.55999755859375,102.73310089111328,198613200,0.0,0.0,0.0
2012-01-26,133.14999389648438,133.39999389648438,131.36000061035156,131.8800048828125,102.20611572265625,184880500,0.0,0.0,0.0
2012-01-27,131.24000549316406,132.0500030517578,131.14999389648438,131.82000732421875,102.15960693359375,135259100,0.0,0.0,0.0
2012-01-30,130.50999450683594,131.44000244140625,130.05999755859375,131.3699951171875,101.81087493896484,147311800,0.0,0.0,0.0
2012-01-31,132.02000427246094,132.17999267578125,130.67999267578125,131.32000732421875,101.77214050292969,157212000,0.0,0.0,0.0
2012-02-01,132.2899932861328,133.13999938964844,132.1300048828125,132.47000122070312,102.66337585449219,166234500,0.0,0.0,0.0
2012-02-02,132.72999572753906,133.02000427246094,132.2100067138672,132.67999267578125,102.82605743408203,113090400,0.0,0.0,0.0
2012-02-03,134.0,134.6199951171875,133.77000427246094,134.5399932861328,104.26758575439453,160598500,0.0,0.0,0.0
2012-02-06,133.97999572753906,134.50999450683594,133.8300018310547,134.4499969482422,104.1978530883789,107694500,0.0,0.0,0.0
2012-02-07,134.1699981689453,135.02000427246094,133.63999938964844,134.7899932861328,104.46134185791016,135528100,0.0,0.0,0.0
2012-02-08,134.86000061035156,135.22000122070312,134.30999755859375,135.19000244140625,104.77132415771484,139361400,0.0,0.0,0.0
2012-02-09,135.41000366210938,135.58999633789062,134.55999755859375,135.36000061035156,104.90309143066406,148602900,0.0,0.0,0.0
2012-02-10,134.16000366210938,134.47000122070312,133.83999633789062,134.36000061035156,104.12808990478516,167907500,0.0,0.0,0.0
2012-02-13,135.32000732421875,135.52000427246094,134.74000549316406,135.36000061035156,104.90309143066406,115841900,0.0,0.0,0.0
2012-02-14,135.0,135.27000427246094,134.25,135.19000244140625,104.77132415771484,165329500,0.0,0.0,0.0
2012-02-15,135.6300048828125,135.8300018310547,134.2899932861328,134.55999755859375,104.28308868408203,195195100,0.0,0.0,0.0
2012-02-16,134.57000732421875,136.1699981689453,134.3300018310547,136.0500030517578,105.43782043457031,186567800,0.0,0.0,0.0
2012-02-17,136.52000427246094,136.6300048828125,135.9600067138672,136.41000366210938,105.71684265136719,129869400,0.0,0.0,0.0
2012-02-21,136.72999572753906,137.0500030517578,136.0500030517578,136.47000122070312,105.76333618164062,134042300,0.0,0.0,0.0
2012-02-22,136.25999450683594,136.5500030517578,135.7899932861328,136.02999877929688,105.42230987548828,124455300,0.0,0.0,0.0
2012-02-23,135.9600067138672,136.72999572753906,135.5,136.6300048828125,105.88731384277344,137704300,0.0,0.0,0.0
2012-02-24,136.92999267578125,137.1999969482422,136.6300048828125,136.92999267578125,106.1198501586914,105539100,0.0,0.0,0.0
2012-02-27,136.02000427246094,137.52999877929688,135.8000030517578,137.16000366210938,106.29805755615234,145728900,0.0,0.0,0.0
2012-02-28,137.1999969482422,137.72000122070312,136.92999267578125,137.55999755859375,106.60807037353516,129355900,0.0,0.0,0.0
2012-02-29,137.75999450683594,138.19000244140625,136.5399932861328,137.02000427246094,106.18959045410156,185934700,0.0,0.0,0.0
2012-03-01,137.30999755859375,137.99000549316406,136.92999267578125,137.72999572753906,106.73978424072266,145023500,0.0,0.0,0.0
2012-03-02,137.63999938964844,137.82000732421875,137.0,137.30999755859375,106.4143295288086,120638300,0.0,0.0,0.0
2012-03-05,137.10000610351562,137.1999969482422,136.27999877929688,136.75,105.98030853271484,140765000,0.0,0.0,0.0
2012-03-06,135.35000610351562,135.42999267578125,134.36000061035156,134.75,104.43035125732422,202129900,0.0,0.0,0.0
2012-03-07,135.05999755859375,135.91000366210938,134.92999267578125,135.69000244140625,105.1588134765625,143692200,0.0,0.0,0.0
2012-03-08,136.52000427246094,137.32000732421875,136.24000549316406,137.0399932861328,106.20506286621094,116968900,0.0,0.0,0.0
2012-03-09,137.3000030517578,137.92999267578125,137.1300048828125,137.57000732421875,106.6158218383789,122836800,0.0,0.0,0.0
2012-03-12,137.5500030517578,137.75999450683594,137.08999633789062,137.5800018310547,106.6235580444336,104003500,0.0,0.0,0.0
2012-03-13,138.32000732421875,140.1300048828125,138.08999633789062,140.05999755859375,108.5455322265625,184090500,0.0,0.0,0.0
2012-03-14,140.10000610351562,140.4499969482422,139.47999572753906,139.91000366210938,108.42931365966797,145163600,0.0,0.0,0.0
2012-03-15,140.1199951171875,140.77999877929688,139.75999450683594,140.72000122070312,109.05706024169922,165118500,0.0,0.0,0.0
2012-03-16,140.36000061035156,140.47999572753906,140.0,140.3000030517578,109.20808410644531,152893500,0.614,0.0,0.0
2012-03-19,140.2100067138672,141.27999877929688,140.11000061035156,140.85000610351562,109.63616180419922,125291100,0.0,0.0,0.0
2012-03-20,140.0500030517578,140.61000061035156,139.63999938964844,140.44000244140625,109.3170166015625,121729700,0.0,0.0,0.0
2012-03-21,140.52000427246094,140.64999389648438,139.9199981689453,140.2100067138672,109.1380386352539,122388400,0.0,0.0,0.0
2012-03-22,139.17999267578125,139.5500030517578,138.74000549316406,139.1999969482422,108.35183715820312,135216700,0.0,0.0,0.0
2012-03-23,139.32000732421875,139.80999755859375,138.5500030517578,139.64999389648438,108.70211791992188,120521000,0.0,0.0,0.0
2012-03-26,140.64999389648438,141.61000061035156,140.60000610351562,141.61000061035156,110.22776794433594,120164000,0.0,0.0,0.0
2012-03-27,141.74000549316406,141.8300018310547,141.0800018310547,141.1699981689453,109.88523864746094,119868500,0.0,0.0,0.0
2012-03-28,141.10000610351562,141.32000732421875,139.63999938964844,140.47000122070312,109.34036254882812,148562100,0.0,0.0,0.0
2012-03-29,139.63999938964844,140.49000549316406,139.08999633789062,140.22999572753906,109.15360260009766,164963700,0.0,0.0,0.0
2012-03-30,140.9199981689453,141.0500030517578,140.0500030517578,140.80999755859375,109.60502624511719,135486800,0.0,0.0,0.0
2012-04-02,140.63999938964844,142.2100067138672,140.36000061035156,141.83999633789062,110.4067611694336,151741100,0.0,0.0,0.0
2012-04-03,141.63999938964844,141.8800048828125,140.42999267578125,141.25999450683594,109.95530700683594,155806700,0.0,0.0,0.0
2012-04-04,140.22000122070312,140.33999633789062,139.33999633789062,139.86000061035156,108.86559295654297,146896000,0.0,0.0,0.0
2012-04-05,139.3800048828125,140.1999969482422,139.25999450683594,139.7899932861328,108.81108856201172,137439400,0.0,0.0,0.0
2012-04-09,138.02999877929688,139.83999633789062,137.83999633789062,138.22000122070312,107.58904266357422,127555900,0.0,0.0,0.0
2012-04-10,137.9499969482422,138.33999633789062,135.75999450683594,135.89999389648438,105.78314208984375,235360300,0.0,0.0,0.0
2012-04-11,137.2899932861328,137.5399932861328,136.75,137.0,106.6393814086914,154133000,0.0,0.0,0.0
2012-04-12,137.1300048828125,138.89999389648438,137.02999877929688,138.7899932861328,108.03269958496094,154321500,0.0,0.0,0.0
2012-04-13,138.47000122070312,138.82000732421875,137.00999450683594,137.13999938964844,106.7483139038086,169246700,0.0,0.0,0.0
2012-04-16,137.83999633789062,138.0399932861328,136.5800018310547,137.0500030517578,106.67825317382812,147825300,0.0,0.0,0.0
2012-04-17,137.83999633789062,139.36000061035156,137.6999969482422,139.0800018310547,108.25838470458984,147877600,0.0,0.0,0.0
2012-04-18,138.4600067138672,139.0800018310547,138.3800048828125,138.61000061035156,107.89261627197266,123884200,0.0,0.0,0.0
2012-04-19,138.6300048828125,139.14999389648438,137.07000732421875,137.72000122070312,107.19981384277344,198666700,0.0,0.0,0.0
2012-04-20,138.3300018310547,138.8300018310547,137.8699951171875,137.9499969482422,107.37884521484375,143199600,0.0,0.0,0.0
2012-04-23,136.5399932861328,136.91000366210938,135.94000244140625,136.7899932861328,106.47591400146484,171844900,0.0,0.0,0.0
2012-04-24,136.91000366210938,137.66000366210938,136.8000030517578,137.30999755859375,106.88066864013672,137484200,0.0,0.0,0.0
2012-04-25,138.64999389648438,139.25,138.52999877929688,139.19000244140625,108.34405517578125,150252200,0.0,0.0,0.0
2012-04-26,138.88999938964844,140.32000732421875,138.80999755859375,140.16000366210938,109.09909057617188,136291600,0.0,0.0,0.0
2012-04-27,140.5800018310547,140.7899932861328,139.8000030517578,140.38999938964844,109.27813720703125,130725000,0.0,0.0,0.0
2012-04-30,140.11000061035156,140.2100067138672,139.49000549316406,139.8699951171875,108.87337493896484,115092200,0.0,0.0,0.0
2012-05-01,139.7899932861328,141.66000366210938,139.6300048828125,140.74000549316406,109.55054473876953,138832200,0.0,0.0,0.0
2012-05-02,139.9199981689453,140.4600067138672,139.4600067138672,140.32000732421875,109.22364044189453,121081000,0.0,0.0,0.0
2012-05-03,140.33999633789062,140.4499969482422,138.99000549316406,139.25,108.3907470703125,143759700,0.0,0.0,0.0
2012-05-04,138.52000427246094,139.3000030517578,136.9199981689453,137.0,106.6393814086914,193927300,0.0,0.0,0.0
2012-05-07,136.50999450683594,137.55999755859375,136.4600067138672,137.10000610351562,106.71722412109375,127765900,0.0,0.0,0.0
2012-05-08,136.27999877929688,136.77000427246094,134.9199981689453,136.5500030517578,106.28911590576172,213377700,0.0,0.0,0.0
2012-05-09,135.10000610351562,136.61000061035156,134.49000549316406,135.74000549316406,105.65860748291016,220752500,0.0,0.0,0.0
2012-05-10,136.67999267578125,136.85000610351562,135.7100067138672,136.02000427246094,105.87660217285156,150600000,0.0,0.0,0.0
2012-05-11,135.1699981689453,136.8699951171875,135.11000061035156,135.61000061035156,105.55740356445312,153032400,0.0,0.0,0.0
2012-05-14,134.30999755859375,135.61000061035156,133.91000366210938,134.11000061035156,104.38982391357422,163910000,0.0,0.0,0.0
2012-05-15,134.02000427246094,134.80999755859375,133.1300048828125,133.33999633789062,103.79045104980469,207629300,0.0,0.0,0.0
2012-05-16,133.94000244140625,134.5500030517578,132.8000030517578,132.8300018310547,103.39349365234375,207265500,0.0,0.0,0.0
2012-05-17,132.86000061035156,133.02000427246094,130.7899932861328,130.86000061035156,101.86004638671875,247992900,0.0,0.0,0.0
2012-05-18,131.3699951171875,131.60000610351562,129.5500030517578,129.74000549316406,100.98828887939453,319615900,0.0,0.0,0.0
2012-05-21,130.16000366210938,132.02000427246094,129.9499969482422,131.97000122070312,102.7240982055664,177861100,0.0,0.0,0.0
2012-05-22,132.30999755859375,133.22999572753906,131.33999633789062,132.1999969482422,102.90309143066406,197531200,0.0,0.0,0.0
2012-05-23,131.25,132.4600067138672,129.99000549316406,132.27000427246094,102.95759582519531,204958400,0.0,0.0,0.0
2012-05-24,132.6300048828125,132.83999633789062,131.4199981689453,132.52999877929688,103.15996551513672,167357600,0.0,0.0,0.0
2012-05-25,132.47999572753906,132.85000610351562,131.77999877929688,132.10000610351562,102.82528686523438,135465600,0.0,0.0,0.0
2012-05-29,133.16000366210938,133.92999267578125,131.1699981689453,133.6999969482422,104.07069396972656,152883500,0.0,0.0,0.0
2012-05-30,132.55999755859375,133.69000244140625,131.49000549316406,131.75999450683594,102.56063079833984,162370400,0.0,0.0,0.0
2012-05-31,131.7100067138672,132.4499969482422,130.33999633789062,131.47000122070312,102.33487701416016,196186000,0.0,0.0,0.0
2012-06-01,129.41000366210938,131.5,128.16000366210938,128.16000366210938,99.75843048095703,253240900,0.0,0.0,0.0
2012-06-04,128.38999938964844,128.74000549316406,127.13999938964844,128.10000610351562,99.7116928100586,202545800,0.0,0.0,0.0
2012-06-05,127.8499984741211,129.25999450683594,127.77999877929688,129.07000732421875,100.46676635742188,164149400,0.0,0.0,0.0
2012-06-06,129.97000122070312,132.02999877929688,129.92999267578125,131.97000122070312,102.7240982055664,184202800,0.0,0.0,0.0
2012-06-07,133.47000122070312,133.52999877929688,131.77999877929688,132.0500030517578,102.78636169433594,184772700,0.0,0.0,0.0
2012-06-08,131.7100067138672,133.1300048828125,131.2899932861328,133.10000610351562,103.60366821289062,143915400,0.0,0.0,0.0
2012-06-11,134.1699981689453,134.25,131.27999877929688,131.41000366210938,102.28816223144531,169756100,0.0,0.0,0.0
2012-06-12,131.7899932861328,133.00999450683594,131.16000366210938,132.9199981689453,103.46354675292969,181931800,0.0,0.0,0.0
2012-06-13,132.52999877929688,133.36000061035156,131.6199951171875,132.07000732421875,102.80191040039062,172223900,0.0,0.0,0.0
2012-06-14,132.33999633789062,134.0,131.97999572753906,133.47000122070312,103.89165496826172,230615500,0.0,0.0,0.0
2012-06-15,133.3800048828125,134.25999450683594,133.10000610351562,134.13999938964844,104.9542007446289,169444500,0.688,0.0,0.0
2012-06-18,133.5800018310547,134.72999572753906,133.27999877929688,134.39999389648438,105.1576156616211,131360900,0.0,0.0,0.0
2012-06-19,135.0800018310547,136.25,134.3699951171875,135.6999969482422,106.17477416992188,137382600,0.0,0.0,0.0
2012-06-20,135.7100067138672,136.10000610351562,134.27000427246094,135.47999572753906,106.00260925292969,206451800,0.0,0.0,0.0
2012-06-21,135.63999938964844,135.77999877929688,132.3300018310547,132.44000244140625,103.62408447265625,205272200,0.0,0.0,0.0
2012-06-22,133.1300048828125,133.7100067138672,132.6199951171875,133.4600067138672,104.42213439941406,130029200,0.0,0.0,0.0
2012-06-25,132.0500030517578,132.10000610351562,130.85000610351562,131.32000732421875,102.7477798461914,146375700,0.0,0.0,0.0
2012-06-26,131.6999969482422,132.3800048828125,130.92999267578125,131.97999572753906,103.26417541503906,141634000,0.0,0.0,0.0
2012-06-27,132.4199981689453,133.42999267578125,131.97000122070312,133.1699981689453,104.1952133178711,108088000,0.0,0.0,0.0
2012-06-28,132.2899932861328,132.99000549316406,131.27999877929688,132.7899932861328,103.89791107177734,169242100,0.0,0.0,0.0
2012-06-29,135.1999969482422,136.27000427246094,134.85000610351562,136.10000610351562,106.48771667480469,212250900,0.0,0.0,0.0
2012-07-02,136.47999572753906,136.64999389648438,135.52000427246094,136.50999450683594,106.80851745605469,129524500,0.0,0.0,0.0
2012-07-03,136.47999572753906,137.50999450683594,136.33999633789062,137.41000366210938,107.51274108886719,80450000,0.0,0.0,0.0
2012-07-05,136.89999389648438,137.8000030517578,136.2899932861328,136.7899932861328,107.02762603759766,126177500,0.0,0.0,0.0
2012-07-06,135.47000122070312,135.77000427246094,134.85000610351562,135.49000549316406,106.01050567626953,151192100,0.0,0.0,0.0
2012-07-09,135.3800048828125,135.57000732421875,134.6999969482422,135.32000732421875,105.8774185180664,103780500,0.0,0.0,0.0
2012-07-10,136.00999450683594,136.22999572753906,133.67999267578125,134.13999938964844,104.9542007446289,167884800,0.0,0.0,0.0
2012-07-11,134.2100067138672,134.60000610351562,133.3800048828125,134.16000366210938,104.96981048583984,141733400,0.0,0.0,0.0
2012-07-12,133.3800048828125,134.22999572753906,132.60000610351562,133.50999450683594,104.46122741699219,143583200,0.0,0.0,0.0
2012-07-13,133.86000061035156,135.88999938964844,133.83999633789062,135.75,106.21391296386719,129642600,0.0,0.0,0.0
2012-07-16,135.44000244140625,135.8300018310547,134.89999389648438,135.42999267578125,105.96349334716797,97525200,0.0,0.0,0.0
2012-07-17,135.97000122070312,136.63999938964844,134.5500030517578,136.36000061035156,106.69115447998047,138860300,0.0,0.0,0.0
2012-07-18,136.0399932861328,137.63999938964844,135.9600067138672,137.3699951171875,107.4814453125,113349700,0.0,0.0,0.0
2012-07-19,137.64999389648438,138.17999267578125,137.2100067138672,137.72999572753906,107.7630615234375,129847300,0.0,0.0,0.0
2012-07-20,136.9499969482422,137.16000366210938,136.32000732421875,136.47000122070312,106.7772216796875,142904500,0.0,0.0,0.0
2012-07-23,134.47000122070312,136.3800048828125,133.83999633789062,135.08999633789062,105.69750213623047,145210900,0.0,0.0,0.0
2012-07-24,135.19000244140625,135.25,133.02999877929688,133.92999267578125,104.78987884521484,173301200,0.0,0.0,0.0
2012-07-25,134.2100067138672,134.55999755859375,133.25,133.9600067138672,104.81338500976562,129122300,0.0,0.0,0.0
2012-07-26,135.88999938964844,136.4600067138672,135.25999450683594,136.1699981689453,106.5425033569336,156526500,0.0,0.0,0.0
2012-07-27,136.88999938964844,139.07000732421875,136.13999938964844,138.67999267578125,108.5063705444336,236768900,0.0,0.0,0.0
2012-07-30,138.52000427246094,139.33999633789062,138.27000427246094,138.67999267578125,108.5063705444336,106782000,0.0,0.0,0.0
2012-07-31,138.49000549316406,138.8699951171875,137.7100067138672,137.7100067138672,107.7474594116211,120575900,0.0,0.0,0.0
2012-08-01,138.6999969482422,138.72999572753906,137.39999389648438,137.58999633789062,107.65355682373047,138293800,0.0,0.0,0.0
2012-08-02,136.5500030517578,137.57000732421875,135.5800018310547,136.63999938964844,106.91021728515625,199556600,0.0,0.0,0.0
2012-08-03,138.55999755859375,139.63999938964844,136.67999267578125,139.35000610351562,109.03060913085938,157825000,0.0,0.0,0.0
2012-08-06,139.72000122070312,140.1699981689453,139.55999755859375,139.6199951171875,109.24185943603516,86326200,0.0,0.0,0.0
2012-08-07,140.17999267578125,140.9199981689453,140.02999877929688,140.32000732421875,109.78955078125,109545100,0.0,0.0,0.0
2012-08-08,139.85000610351562,140.64999389648438,139.80999755859375,140.49000549316406,109.92257690429688,89754700,0.0,0.0,0.0
2012-08-09,140.2899932861328,140.88999938964844,140.14999389648438,140.61000061035156,110.01647186279297,90291700,0.0,0.0,0.0
2012-08-10,140.0399932861328,140.88999938964844,139.80999755859375,140.83999633789062,110.19639587402344,99792700,0.0,0.0,0.0
2012-08-13,140.60000610351562,140.83999633789062,140.0399932861328,140.77000427246094,110.14168548583984,79426900,0.0,0.0,0.0
2012-08-14,141.2899932861328,141.3800048828125,140.3699951171875,140.7899932861328,110.15727996826172,102379400,0.0,0.0,0.0
2012-08-15,140.63999938964844,141.19000244140625,140.5500030517578,140.9499969482422,110.28250122070312,71085900,0.0,0.0,0.0
2012-08-16,141.14999389648438,142.16000366210938,140.8000030517578,141.99000549316406,111.09619903564453,112014200,0.0,0.0,0.0
2012-08-17,142.22999572753906,142.3000030517578,141.86000061035156,142.17999267578125,111.24488067626953,90813700,0.0,0.0,0.0
2012-08-20,141.97999572753906,142.22000122070312,141.58999633789062,142.19000244140625,111.25271606445312,78255700,0.0,0.0,0.0
2012-08-21,142.5399932861328,143.08999633789062,141.4499969482422,141.75999450683594,110.91621398925781,105581100,0.0,0.0,0.0
2012-08-22,141.39999389648438,142.0500030517578,141.07000732421875,141.82000732421875,110.96321868896484,133243500,0.0,0.0,0.0
2012-08-23,141.47000122070312,141.47999572753906,140.44000244140625,140.66000366210938,110.0555648803711,111466400,0.0,0.0,0.0
2012-08-24,140.30999755859375,141.8300018310547,140.22000122070312,141.50999450683594,110.7206039428711,99481200,0.0,0.0,0.0
2012-08-27,141.88999938964844,142.0800018310547,141.33999633789062,141.5399932861328,110.74410247802734,68785900,0.0,0.0,0.0
2012-08-28,141.17999267578125,141.83999633789062,140.97000122070312,141.39999389648438,110.63459777832031,75689600,0.0,0.0,0.0
2012-08-29,141.52000427246094,141.88999938964844,141.1199951171875,141.50999450683594,110.7206039428711,65421300,0.0,0.0,0.0
2012-08-30,140.89999389648438,140.94000244140625,140.19000244140625,140.49000549316406,109.92257690429688,96589900,0.0,0.0,0.0
2012-08-31,141.2899932861328,141.82000732421875,140.36000061035156,141.16000366210938,110.44674682617188,151970400,0.0,0.0,0.0
2012-09-04,141.0399932861328,141.4600067138672,140.1300048828125,141.02999877929688,110.34510040283203,120226200,0.0,0.0,0.0
2012-09-05,141.08999633789062,141.47000122070312,140.6300048828125,140.91000366210938,110.25119018554688,100660300,0.0,0.0,0.0
2012-09-06,141.75999450683594,143.77999877929688,141.75,143.77000427246094,112.48892974853516,158272500,0.0,0.0,0.0
2012-09-07,144.00999450683594,144.38999938964844,143.8800048828125,144.3300018310547,112.92707061767578,107272100,0.0,0.0,0.0
2012-09-10,144.19000244140625,144.44000244140625,143.4600067138672,143.50999450683594,112.2854995727539,86458500,0.0,0.0,0.0
2012-09-11,143.60000610351562,144.3699951171875,143.55999755859375,143.91000366210938,112.59843444824219,88760000,0.0,0.0,0.0
2012-09-12,144.38999938964844,144.5500030517578,143.89999389648438,144.38999938964844,112.97403717041016,87640900,0.0,0.0,0.0
2012-09-13,144.3699951171875,147.0399932861328,143.99000549316406,146.58999633789062,114.69532775878906,225470200,0.0,0.0,0.0
2012-09-14,146.8800048828125,148.11000061035156,146.75999450683594,147.24000549316406,115.20390319824219,169777000,0.0,0.0,0.0
2012-09-17,146.94000244140625,147.19000244140625,146.3699951171875,146.74000549316406,114.81275177001953,119427800,0.0,0.0,0.0
2012-09-18,146.49000549316406,146.80999755859375,146.25,146.6199951171875,114.71883392333984,98326600,0.0,0.0,0.0
2012-09-19,146.7899932861328,147.1699981689453,146.41000366210938,146.6999969482422,114.78138732910156,128318300,0.0,0.0,0.0
2012-09-20,146.02999877929688,146.7899932861328,145.6300048828125,146.7100067138672,114.789306640625,154009800,0.0,0.0,0.0
2012-09-21,146.63999938964844,146.6699981689453,145.80999755859375,145.8699951171875,114.74127960205078,108737500,0.779,0.0,0.0
2012-09-24,145.14999389648438,145.97999572753906,145.0399932861328,145.64999389648438,114.56822967529297,95682000,0.0,0.0,0.0
2012-09-25,145.9600067138672,146.24000549316406,144.05999755859375,144.10000610351562,113.34895324707031,133165200,0.0,0.0,0.0
2012-09-26,144.07000732421875,144.11000061035156,142.9499969482422,143.2899932861328,112.71183013916016,146502200,0.0,0.0,0.0
2012-09-27,143.88999938964844,144.97000122070312,143.50999450683594,144.63999938964844,113.77376556396484,111830300,0.0,0.0,0.0
2012-09-28,144.08999633789062,144.55999755859375,143.4600067138672,143.97000122070312,113.2467269897461,150696100,0.0,0.0,0.0
2012-10-01,144.52000427246094,145.69000244140625,144.00999450683594,144.35000610351562,113.5456314086914,135911200,0.0,0.0,0.0
2012-10-02,144.9199981689453,145.14999389648438,143.8300018310547,144.5,113.66358184814453,113422200,0.0,0.0,0.0
2012-10-03,144.88999938964844,145.42999267578125,144.1300048828125,145.08999633789062,114.1277084350586,121283100,0.0,0.0,0.0
2012-10-04,145.63999938964844,146.33999633789062,145.44000244140625,146.1300048828125,114.94579315185547,124311600,0.0,0.0,0.0
2012-10-05,146.91000366210938,147.16000366210938,145.6999969482422,146.13999938964844,114.95364379882812,124842100,0.0,0.0,0.0
2012-10-08,145.60000610351562,146.1199951171875,145.30999755859375,145.63999938964844,114.56037902832031,78415400,0.0,0.0,0.0
2012-10-09,145.52999877929688,145.64999389648438,144.14999389648438,144.1999969482422,113.4276351928711,148872900,0.0,0.0,0.0
2012-10-10,144.17999267578125,144.32000732421875,143.08999633789062,143.27999877929688,112.70392608642578,124247500,0.0,0.0,0.0
2012-10-11,144.27999877929688,144.49000549316406,143.3300018310547,143.36000061035156,112.76690673828125,123601500,0.0,0.0,0.0
2012-10-12,143.4600067138672,143.9499969482422,142.5800018310547,142.88999938964844,112.39720153808594,124181900,0.0,0.0,0.0
2012-10-15,143.22999572753906,144.22999572753906,142.77000427246094,144.0800018310547,113.3332748413086,107689100,0.0,0.0,0.0
2012-10-16,144.75999450683594,145.63999938964844,144.66000366210938,145.5399932861328,114.48165130615234,108815500,0.0,0.0,0.0
2012-10-17,145.63999938964844,146.32000732421875,145.4199981689453,146.1999969482422,115.00081634521484,128834100,0.0,0.0,0.0
2012-10-18,145.82000732421875,146.52000427246094,145.3300018310547,145.82000732421875,114.70191955566406,148108500,0.0,0.0,0.0
2012-10-19,145.5500030517578,145.55999755859375,143.0500030517578,143.38999938964844,112.79051208496094,185645200,0.0,0.0,0.0
2012-10-22,143.14999389648438,143.6699981689453,142.27999877929688,143.41000366210938,112.80619812011719,125578600,0.0,0.0,0.0
2012-10-23,141.86000061035156,142.05999755859375,140.8300018310547,141.4199981689453,111.24092102050781,192056300,0.0,0.0,0.0
2012-10-24,141.92999267578125,142.10000610351562,140.8000030517578,141.02000427246094,110.92626190185547,120179400,0.0,0.0,0.0
2012-10-25,142.02000427246094,142.27999877929688,140.57000732421875,141.42999267578125,111.2487564086914,134457400,0.0,0.0,0.0
2012-10-26,141.3000030517578,141.83999633789062,140.38999938964844,141.35000610351562,111.18579864501953,146023500,0.0,0.0,0.0
2012-10-31,141.85000610351562,142.02999877929688,140.67999267578125,141.35000610351562,111.18579864501953,103438500,0.0,0.0,0.0
2012-11-01,141.64999389648438,143.00999450683594,141.52000427246094,142.8300018310547,112.34996795654297,100995600,0.0,0.0,0.0
2012-11-02,143.67999267578125,143.72000122070312,141.41000366210938,141.55999755859375,111.35104370117188,137702200,0.0,0.0,0.0
2012-11-05,141.35000610351562,142.1699981689453,140.92999267578125,141.85000610351562,111.57911682128906,98378500,0.0,0.0,0.0
2012-11-06,142.27999877929688,143.52000427246094,142.1300048828125,142.9600067138672,112.45227813720703,107068100,0.0,0.0,0.0
2012-11-07,141.66000366210938,141.67999267578125,139.05999755859375,139.72000122070312,109.90367889404297,264304500,0.0,0.0,0.0
2012-11-08,139.6999969482422,140.41000366210938,137.92999267578125,138.0399932861328,108.58214569091797,181517300,0.0,0.0,0.0
2012-11-09,137.6199951171875,139.44000244140625,137.5500030517578,138.16000366210938,108.67660522460938,201055300,0.0,0.0,0.0
2012-11-12,138.58999633789062,138.80999755859375,137.9600067138672,138.27000427246094,108.76309967041016,97677500,0.0,0.0,0.0
2012-11-13,137.5399932861328,139.25,137.36000061035156,137.7899932861328,108.38553619384766,123018300,0.0,0.0,0.0
2012-11-14,138.2100067138672,138.42999267578125,135.6199951171875,135.92999267578125,106.9224624633789,191505000,0.0,0.0,0.0
2012-11-15,135.97999572753906,136.49000549316406,135.17999267578125,135.6999969482422,106.74156188964844,178128400,0.0,0.0,0.0
2012-11-16,135.89999389648438,136.63999938964844,134.6999969482422,136.3699951171875,107.2685775756836,239483900,0.0,0.0,0.0
2012-11-19,137.89999389648438,139.14999389648438,136.41000366210938,139.1300048828125,109.43953704833984,151495800,0.0,0.0,0.0
2012-11-20,138.91000366210938,139.4199981689453,138.0800018310547,139.19000244140625,109.48680114746094,119807400,0.0,0.0,0.0
2012-11-21,139.30999755859375,139.57000732421875,139.02999877929688,139.4499969482422,109.6913070678711,81710800,0.0,0.0,0.0
2012-11-23,140.1300048828125,141.39999389648438,140.0399932861328,141.35000610351562,111.18579864501953,65409200,0.0,0.0,0.0
2012-11-26,140.64999389648438,141.36000061035156,140.19000244140625,141.0500030517578,110.94988250732422,100124400,0.0,0.0,0.0
2012-11-27,140.91000366210938,141.38999938964844,140.24000549316406,140.3300018310547,110.38348388671875,128646200,0.0,0.0,0.0
2012-11-28,139.75999450683594,141.5399932861328,139.0,141.4600067138672,111.27237701416016,177086500,0.0,0.0,0.0
2012-11-29,141.99000549316406,142.50999450683594,141.3699951171875,142.1199951171875,111.79148864746094,151085900,0.0,0.0,0.0
2012-11-30,142.13999938964844,142.4199981689453,141.66000366210938,142.14999389648438,111.81513214111328,136568300,0.0,0.0,0.0
2012-12-03,142.8000030517578,142.9199981689453,141.33999633789062,141.4499969482422,111.26448822021484,124656300,0.0,0.0,0.0
2012-12-04,141.44000244140625,141.8699951171875,140.8699951171875,141.25,111.10720825195312,127512200,0.0,0.0,0.0
2012-12-05,141.3699951171875,142.16000366210938,140.3699951171875,141.5,111.3038330078125,147300500,0.0,0.0,0.0
2012-12-06,141.3699951171875,142.0399932861328,141.16000366210938,141.97999572753906,111.68138885498047,103220600,0.0,0.0,0.0
2012-12-07,142.52999877929688,142.69000244140625,141.6699981689453,142.41000366210938,112.0196304321289,108726400,0.0,0.0,0.0
2012-12-10,142.2100067138672,142.80999755859375,142.14999389648438,142.47000122070312,112.06682586669922,98840700,0.0,0.0,0.0
2012-12-11,143.05999755859375,144.11000061035156,142.99000549316406,143.44000244140625,112.82981872558594,152570400,0.0,0.0,0.0
2012-12-12,144.0,144.5500030517578,143.30999755859375,143.50999450683594,112.88488006591797,145880100,0.0,0.0,0.0
2012-12-13,143.4199981689453,143.8300018310547,142.27000427246094,142.6300048828125,112.19266510009766,135715000,0.0,0.0,0.0
2012-12-14,142.32000732421875,142.5800018310547,141.8800048828125,142.10000610351562,111.7757797241211,137701700,0.0,0.0,0.0
2012-12-17,142.47000122070312,143.85000610351562,142.42999267578125,143.77000427246094,113.08942413330078,143238200,0.0,0.0,0.0
2012-12-18,144.0,145.5,143.7899932861328,145.3699951171875,114.34793090820312,177762800,0.0,0.0,0.0
2012-12-19,145.52999877929688,145.5800018310547,144.24000549316406,144.2899932861328,113.49845123291016,150895400,0.0,0.0,0.0
2012-12-20,144.3800048828125,145.13999938964844,143.97999572753906,145.1199951171875,114.15131378173828,168487000,0.0,0.0,0.0
2012-12-21,142.1699981689453,144.08999633789062,141.94000244140625,142.7899932861328,113.11515808105469,245883800,1.022,0.0,0.0
2012-12-24,142.47999572753906,142.55999755859375,142.19000244140625,142.35000610351562,112.7666015625,53874600,0.0,0.0,0.0
2012-12-26,142.63999938964844,142.7100067138672,141.35000610351562,141.75,112.29126739501953,106947700,0.0,0.0,0.0
2012-12-27,141.7899932861328,142.0800018310547,139.9199981689453,141.55999755859375,112.14077758789062,167920600,0.0,0.0,0.0
2012-12-28,140.63999938964844,141.4199981689453,139.8699951171875,140.02999877929688,110.92872619628906,148806700,0.0,0.0,0.0
2012-12-31,139.66000366210938,142.55999755859375,139.5399932861328,142.41000366210938,112.81414794921875,243935200,0.0,0.0,0.0
2013-01-02,145.11000061035156,146.14999389648438,144.72999572753906,146.05999755859375,115.70558166503906,192059000,0.0,0.0,0.0
2013-01-03,145.99000549316406,146.3699951171875,145.33999633789062,145.72999572753906,115.44413757324219,144761800,0.0,0.0,0.0
2013-01-04,145.97000122070312,146.61000061035156,145.6699981689453,146.3699951171875,115.95110321044922,116817700,0.0,0.0,0.0
2013-01-07,145.85000610351562,146.11000061035156,145.42999267578125,145.97000122070312,115.63423919677734,110002500,0.0,0.0,0.0
2013-01-08,145.7100067138672,145.91000366210938,144.97999572753906,145.5500030517578,115.3016357421875,121265100,0.0,0.0,0.0
2013-01-09,145.8699951171875,146.32000732421875,145.63999938964844,145.9199981689453,115.59463500976562,90745600,0.0,0.0,0.0
2013-01-10,146.72999572753906,147.08999633789062,145.97000122070312,147.0800018310547,116.51363372802734,130735400,0.0,0.0,0.0
2013-01-11,147.0399932861328,147.14999389648438,146.61000061035156,147.07000732421875,116.50566864013672,113917300,0.0,0.0,0.0
2013-01-14,146.88999938964844,147.07000732421875,146.42999267578125,146.97000122070312,116.42646026611328,89567200,0.0,0.0,0.0
2013-01-15,146.2899932861328,147.2100067138672,146.1999969482422,147.07000732421875,116.50566864013672,93172600,0.0,0.0,0.0
2013-01-16,146.77000427246094,147.27999877929688,146.61000061035156,147.0500030517578,116.48989868164062,104849500,0.0,0.0,0.0
2013-01-17,147.6999969482422,148.4199981689453,147.14999389648438,148.0,117.24239349365234,133833500,0.0,0.0,0.0
2013-01-18,147.97000122070312,148.49000549316406,147.42999267578125,148.3300018310547,117.50382995605469,169906000,0.0,0.0,0.0
2013-01-22,148.3300018310547,149.1300048828125,147.97999572753906,149.1300048828125,118.1375732421875,111797300,0.0,0.0,0.0
2013-01-23,149.1300048828125,149.5,148.86000061035156,149.3699951171875,118.32770538330078,104596100,0.0,0.0,0.0
2013-01-24,149.14999389648438,150.13999938964844,149.00999450683594,149.41000366210938,118.35940551757812,146426400,0.0,0.0,0.0
2013-01-25,149.8800048828125,150.25,149.3699951171875,150.25,119.0247802734375,147211600,0.0,0.0,0.0
2013-01-28,150.2899932861328,150.3300018310547,149.50999450683594,150.07000732421875,118.88223266601562,113357700,0.0,0.0,0.0
2013-01-29,149.77000427246094,150.85000610351562,149.6699981689453,150.66000366210938,119.34955596923828,105694400,0.0,0.0,0.0
2013-01-30,150.63999938964844,150.94000244140625,149.92999267578125,150.07000732421875,118.88223266601562,137447700,0.0,0.0,0.0
2013-01-31,149.88999938964844,150.3800048828125,149.60000610351562,149.6999969482422,118.58910369873047,108975800,0.0,0.0,0.0
2013-02-01,150.64999389648438,151.4199981689453,150.38999938964844,151.24000549316406,119.8090591430664,131173000,0.0,0.0,0.0
2013-02-04,150.32000732421875,151.27000427246094,149.42999267578125,149.5399932861328,118.46233367919922,159073600,0.0,0.0,0.0
2013-02-05,150.35000610351562,151.47999572753906,150.2899932861328,151.0500030517578,119.65855407714844,113912400,0.0,0.0,0.0
2013-02-06,150.52000427246094,151.25999450683594,150.41000366210938,151.16000366210938,119.74564361572266,138762800,0.0,0.0,0.0
2013-02-07,151.2100067138672,151.35000610351562,149.86000061035156,150.9600067138672,119.5872573852539,162490000,0.0,0.0,0.0
2013-02-08,151.22000122070312,151.88999938964844,151.22000122070312,151.8000030517578,120.25267791748047,103133700,0.0,0.0,0.0
2013-02-11,151.74000549316406,151.89999389648438,151.38999938964844,151.77000427246094,120.22891998291016,73775000,0.0,0.0,0.0
2013-02-12,151.77999877929688,152.3000030517578,151.61000061035156,152.02000427246094,120.42692565917969,65392700,0.0,0.0,0.0
2013-02-13,152.3300018310547,152.61000061035156,151.72000122070312,152.14999389648438,120.52993774414062,82322600,0.0,0.0,0.0
2013-02-14,151.69000244140625,152.47000122070312,151.52000427246094,152.2899932861328,120.64080047607422,80834300,0.0,0.0,0.0
2013-02-15,152.42999267578125,152.58999633789062,151.5500030517578,152.11000061035156,120.49826049804688,215226500,0.0,0.0,0.0
2013-02-19,152.3699951171875,153.27999877929688,152.16000366210938,153.25,121.40137481689453,95105400,0.0,0.0,0.0
2013-02-20,153.13999938964844,153.19000244140625,151.25999450683594,151.33999633789062,119.88825988769531,160574800,0.0,0.0,0.0
2013-02-21,150.9600067138672,151.4199981689453,149.94000244140625,150.4199981689453,119.15947723388672,183257000,0.0,0.0,0.0
2013-02-22,151.14999389648438,151.88999938964844,150.49000549316406,151.88999938964844,120.32395935058594,106356600,0.0,0.0,0.0
2013-02-25,152.6300048828125,152.86000061035156,149.0,149.0,118.03459930419922,245824800,0.0,0.0,0.0
2013-02-26,149.72000122070312,150.1999969482422,148.72999572753906,150.02000427246094,118.84264373779297,186596200,0.0,0.0,0.0
2013-02-27,149.88999938964844,152.3300018310547,149.75999450683594,151.91000366210938,120.33976745605469,150781900,0.0,0.0,0.0
2013-02-28,151.89999389648438,152.8699951171875,151.41000366210938,151.61000061035156,120.10215759277344,126866000,0.0,0.0,0.0
2013-03-01,151.08999633789062,152.33999633789062,150.41000366210938,152.11000061035156,120.49826049804688,170634800,0.0,0.0,0.0
2013-03-04,151.75999450683594,152.9199981689453,151.52000427246094,152.9199981689453,121.13993835449219,99010200,0.0,0.0,0.0
2013-03-05,153.66000366210938,154.6999969482422,153.63999938964844,154.2899932861328,122.22522735595703,121431900,0.0,0.0,0.0
2013-03-06,154.83999633789062,154.9199981689453,154.16000366210938,154.5,122.3915786743164,94469900,0.0,0.0,0.0
2013-03-07,154.6999969482422,154.97999572753906,154.52000427246094,154.77999877929688,122.61333465576172,86101400,0.0,0.0,0.0
2013-03-08,155.4600067138672,155.64999389648438,154.66000366210938,155.44000244140625,123.13617706298828,123477800,0.0,0.0,0.0
2013-03-11,155.32000732421875,156.0399932861328,155.1300048828125,156.02999877929688,123.6036376953125,83746800,0.0,0.0,0.0
2013-03-12,155.9199981689453,156.10000610351562,155.2100067138672,155.67999267578125,123.32635498046875,105755800,0.0,0.0,0.0
2013-03-13,155.75999450683594,156.1199951171875,155.22999572753906,155.89999389648438,123.50057220458984,92550900,0.0,0.0,0.0
2013-03-14,156.30999755859375,156.8000030517578,155.91000366210938,156.72999572753906,124.15808868408203,126329900,0.0,0.0,0.0
2013-03-15,155.85000610351562,156.0399932861328,155.30999755859375,155.8300018310547,123.99417877197266,138601100,0.694,0.0,0.0
2013-03-18,154.33999633789062,155.63999938964844,154.1999969482422,154.97000122070312,123.30990600585938,126704300,0.0,0.0,0.0
2013-03-19,155.3000030517578,155.50999450683594,153.58999633789062,154.61000061035156,123.02342224121094,167567300,0.0,0.0,0.0
2013-03-20,155.52000427246094,155.9499969482422,155.25999450683594,155.69000244140625,123.88282012939453,113759300,0.0,0.0,0.0
2013-03-21,154.75999450683594,155.63999938964844,154.10000610351562,154.36000061035156,122.82453918457031,128605000,0.0,0.0,0.0
2013-03-22,154.85000610351562,155.60000610351562,154.72999572753906,155.60000610351562,123.81122589111328,111163600,0.0,0.0,0.0
2013-03-25,156.00999450683594,156.27000427246094,154.35000610351562,154.9499969482422,123.29402160644531,151322300,0.0,0.0,0.0
2013-03-26,155.58999633789062,156.22999572753906,155.4199981689453,156.19000244140625,124.2806625366211,86856600,0.0,0.0,0.0
2013-03-27,155.25999450683594,156.24000549316406,155.0,156.19000244140625,124.2806625366211,99950600,0.0,0.0,0.0
2013-03-28,156.08999633789062,156.85000610351562,155.75,156.6699981689453,124.6625747680664,102932800,0.0,0.0,0.0
2013-04-01,156.58999633789062,156.91000366210938,155.6699981689453,156.0500030517578,124.16921997070312,99194100,0.0,0.0,0.0
2013-04-02,156.61000061035156,157.2100067138672,156.3699951171875,156.82000732421875,124.78193664550781,101504300,0.0,0.0,0.0
2013-04-03,156.91000366210938,157.02999877929688,154.82000732421875,155.22999572753906,123.51676940917969,154167400,0.0,0.0,0.0
2013-04-04,155.42999267578125,156.1699981689453,155.08999633789062,155.86000061035156,124.01802062988281,131885000,0.0,0.0,0.0
2013-04-05,153.9499969482422,155.35000610351562,153.77000427246094,155.16000366210938,123.46107482910156,159666000,0.0,0.0,0.0
2013-04-08,155.27000427246094,156.22000122070312,154.75,156.2100067138672,124.29652404785156,86571200,0.0,0.0,0.0
2013-04-09,156.5,157.32000732421875,155.97999572753906,156.75,124.72626495361328,101922200,0.0,0.0,0.0
2013-04-10,157.1699981689453,158.8699951171875,157.1300048828125,158.6699981689453,126.2540283203125,135711100,0.0,0.0,0.0
2013-04-11,158.6999969482422,159.7100067138672,158.5399932861328,159.19000244140625,126.66770935058594,110142500,0.0,0.0,0.0
2013-04-12,158.67999267578125,159.0399932861328,157.9199981689453,158.8000030517578,126.35749053955078,116359900,0.0,0.0,0.0
2013-04-15,158.0,158.1300048828125,155.10000610351562,155.1199951171875,123.42927551269531,217259000,0.0,0.0,0.0
2013-04-16,156.2899932861328,157.49000549316406,155.91000366210938,157.41000366210938,125.25141906738281,147507800,0.0,0.0,0.0
2013-04-17,156.2899932861328,156.32000732421875,154.27999877929688,155.11000061035156,123.42129516601562,226834800,0.0,0.0,0.0
2013-04-18,155.3699951171875,155.41000366210938,153.5500030517578,154.13999938964844,122.64948272705078,167583200,0.0,0.0,0.0
2013-04-19,154.5,155.5500030517578,154.1199951171875,155.47999572753906,123.71571350097656,149687600,0.0,0.0,0.0
2013-04-22,155.77999877929688,156.5399932861328,154.75,156.1699981689453,124.26475524902344,106553500,0.0,0.0,0.0
2013-04-23,156.9499969482422,157.92999267578125,156.1699981689453,157.77999877929688,125.54576873779297,166141300,0.0,0.0,0.0
2013-04-24,157.8300018310547,158.3000030517578,157.5399932861328,157.8800048828125,125.62538146972656,96781200,0.0,0.0,0.0
2013-04-25,158.33999633789062,159.27000427246094,158.10000610351562,158.52000427246094,126.13461303710938,131060600,0.0,0.0,0.0
2013-04-26,158.3300018310547,158.60000610351562,157.72999572753906,158.24000549316406,125.91181182861328,95918800,0.0,0.0,0.0
2013-04-29,158.6699981689453,159.64999389648438,158.4199981689453,159.3000030517578,126.75523376464844,88572800,0.0,0.0,0.0
2013-04-30,159.27000427246094,159.72000122070312,158.61000061035156,159.67999267578125,127.05767822265625,116010700,0.0,0.0,0.0
2013-05-01,159.3300018310547,159.41000366210938,158.10000610351562,158.27999877929688,125.94367980957031,138874200,0.0,0.0,0.0
2013-05-02,158.67999267578125,159.88999938964844,158.52999877929688,159.75,127.11334228515625,96407600,0.0,0.0,0.0
2013-05-03,161.13999938964844,161.8800048828125,159.77999877929688,161.3699951171875,128.4024200439453,144202300,0.0,0.0,0.0
2013-05-06,161.49000549316406,162.00999450683594,161.4199981689453,161.77999877929688,128.7285919189453,66882100,0.0,0.0,0.0
2013-05-07,162.1300048828125,162.64999389648438,161.6699981689453,162.60000610351562,129.381103515625,90359200,0.0,0.0,0.0
2013-05-08,162.4199981689453,163.38999938964844,162.3300018310547,163.33999633789062,129.96998596191406,97419200,0.0,0.0,0.0
2013-05-09,163.27000427246094,163.6999969482422,162.47000122070312,162.8800048828125,129.60389709472656,106738600,0.0,0.0,0.0
2013-05-10,162.99000549316406,163.5500030517578,162.50999450683594,163.41000366210938,130.025634765625,103203000,0.0,0.0,0.0
2013-05-13,163.1999969482422,163.80999755859375,162.82000732421875,163.5399932861328,130.1290740966797,81843200,0.0,0.0,0.0
2013-05-14,163.6699981689453,165.35000610351562,163.6699981689453,165.22999572753906,131.47378540039062,119000900,0.0,0.0,0.0
2013-05-15,164.9600067138672,166.4499969482422,164.91000366210938,166.1199951171875,132.18194580078125,120718500,0.0,0.0,0.0
2013-05-16,165.77999877929688,166.36000061035156,165.08999633789062,165.33999633789062,131.56126403808594,109913600,0.0,0.0,0.0
2013-05-17,165.9499969482422,167.0399932861328,165.72999572753906,166.94000244140625,132.83444213867188,129801000,0.0,0.0,0.0
2013-05-20,166.77999877929688,167.5800018310547,166.61000061035156,166.92999267578125,132.8264923095703,85071200,0.0,0.0,0.0
2013-05-21,167.0800018310547,167.8000030517578,166.5,167.1699981689453,133.01744079589844,95804200,0.0,0.0,0.0
2013-05-22,167.33999633789062,169.07000732421875,165.1699981689453,165.92999267578125,132.0308074951172,244031800,0.0,0.0,0.0
2013-05-23,164.16000366210938,165.91000366210938,163.94000244140625,165.4499969482422,131.64881896972656,211064400,0.0,0.0,0.0
2013-05-24,164.47000122070312,165.3800048828125,163.97999572753906,165.30999755859375,131.53744506835938,151573900,0.0,0.0,0.0
2013-05-28,167.0399932861328,167.77999877929688,165.80999755859375,166.3000030517578,132.3251953125,143679800,0.0,0.0,0.0
2013-05-29,165.4199981689453,165.8000030517578,164.33999633789062,165.22000122070312,131.46580505371094,160363400,0.0,0.0,0.0
2013-05-30,165.35000610351562,166.58999633789062,165.22000122070312,165.8300018310547,131.95123291015625,107793800,0.0,0.0,0.0
2013-05-31,165.3699951171875,166.30999755859375,163.1300048828125,163.4499969482422,130.05747985839844,176850100,0.0,0.0,0.0
2013-06-03,163.8300018310547,164.4600067138672,162.66000366210938,164.35000610351562,130.77359008789062,168390700,0.0,0.0,0.0
2013-06-04,164.44000244140625,165.10000610351562,162.72999572753906,163.55999755859375,130.14492797851562,157631500,0.0,0.0,0.0
2013-06-05,163.08999633789062,163.4199981689453,161.1300048828125,161.27000427246094,128.32281494140625,211737800,0.0,0.0,0.0
2013-06-06,161.1999969482422,162.74000549316406,160.25,162.72999572753906,129.4845428466797,200225500,0.0,0.0,0.0
2013-06-07,163.85000610351562,164.9499969482422,163.13999938964844,164.8000030517578,131.13160705566406,188337800,0.0,0.0,0.0
2013-06-10,165.30999755859375,165.39999389648438,164.3699951171875,164.8000030517578,131.13160705566406,105667100,0.0,0.0,0.0
2013-06-11,163.3000030517578,164.5399932861328,162.74000549316406,163.10000610351562,129.77899169921875,159505400,0.0,0.0,0.0
2013-06-12,164.22000122070312,164.38999938964844,161.60000610351562,161.75,128.70474243164062,177361500,0.0,0.0,0.0
2013-06-13,161.66000366210938,164.5,161.3000030517578,164.2100067138672,130.66213989257812,163587800,0.0,0.0,0.0
2013-06-14,164.02999877929688,164.6699981689453,162.91000366210938,163.17999267578125,129.8425750732422,141197500,0.0,0.0,0.0
2013-06-17,164.2899932861328,165.22000122070312,163.22000122070312,164.44000244140625,130.84518432617188,136295600,0.0,0.0,0.0
2013-06-18,164.52999877929688,165.99000549316406,164.52000427246094,165.74000549316406,131.87960815429688,114695600,0.0,0.0,0.0
2013-06-19,165.60000610351562,165.88999938964844,163.3800048828125,163.4499969482422,130.05747985839844,206149500,0.0,0.0,0.0
2013-06-20,161.86000061035156,163.47000122070312,158.97999572753906,159.39999389648438,126.83485412597656,321255900,0.0,0.0,0.0
2013-06-21,159.63999938964844,159.75999450683594,157.47000122070312,159.07000732421875,127.24205017089844,271956800,0.839,0.0,0.0
2013-06-24,157.41000366210938,158.42999267578125,155.72999572753906,157.05999755859375,125.63422393798828,222329000,0.0,0.0,0.0
2013-06-25,158.47999572753906,160.10000610351562,157.4199981689453,158.57000732421875,126.84207153320312,162262200,0.0,0.0,0.0
2013-06-26,159.8699951171875,160.5,159.25,160.13999938964844,128.09791564941406,134848000,0.0,0.0,0.0
2013-06-27,161.10000610351562,161.82000732421875,160.9499969482422,161.0800018310547,128.84983825683594,129483700,0.0,0.0,0.0
2013-06-28,160.6300048828125,161.39999389648438,159.86000061035156,160.4199981689453,128.3218536376953,160402900,0.0,0.0,0.0
2013-07-01,161.25999450683594,162.47999572753906,161.0800018310547,161.36000061035156,129.07374572753906,131954800,0.0,0.0,0.0
2013-07-02,161.1199951171875,162.3000030517578,160.5,161.2100067138672,128.953857421875,154863700,0.0,0.0,0.0
2013-07-03,160.47999572753906,161.77000427246094,160.22000122070312,161.27999877929688,129.0098114013672,75216400,0.0,0.0,0.0
2013-07-05,162.47000122070312,163.0800018310547,161.3000030517578,163.02000427246094,130.40170288085938,122416900,0.0,0.0,0.0
2013-07-08,163.86000061035156,164.38999938964844,163.0800018310547,163.9499969482422,131.1455535888672,108092500,0.0,0.0,0.0
2013-07-09,164.97999572753906,165.3300018310547,164.27000427246094,165.1300048828125,132.0894775390625,119298000,0.0,0.0,0.0
2013-07-10,164.97000122070312,165.75,164.6300048828125,165.19000244140625,132.1374969482422,121410100,0.0,0.0,0.0
2013-07-11,167.11000061035156,167.61000061035156,165.17999267578125,167.44000244140625,133.9373016357422,135592200,0.0,0.0,0.0
2013-07-12,167.38999938964844,167.92999267578125,167.1300048828125,167.50999450683594,133.99325561523438,104212700,0.0,0.0,0.0
2013-07-15,167.97000122070312,168.38999938964844,167.67999267578125,168.14999389648438,134.5051727294922,69450600,0.0,0.0,0.0
2013-07-16,168.25999450683594,168.36000061035156,167.07000732421875,167.52000427246094,134.00132751464844,88702100,0.0,0.0,0.0
2013-07-17,168.16000366210938,168.47999572753906,167.72999572753906,167.9499969482422,134.34523010253906,92873900,0.0,0.0,0.0
2013-07-18,168.30999755859375,169.27000427246094,168.1999969482422,168.8699951171875,135.08116149902344,103620100,0.0,0.0,0.0
2013-07-19,168.52000427246094,169.22999572753906,168.30999755859375,169.1699981689453,135.3211212158203,103831700,0.0,0.0,0.0
2013-07-22,169.41000366210938,169.74000549316406,169.00999450683594,169.5,135.5850830078125,79428600,0.0,0.0,0.0
2013-07-23,169.8000030517578,169.8300018310547,169.0500030517578,169.13999938964844,135.29708862304688,80829700,0.0,0.0,0.0
2013-07-24,169.7899932861328,169.86000061035156,168.17999267578125,168.52000427246094,134.8011932373047,112914000,0.0,0.0,0.0
2013-07-25,168.22000122070312,169.0800018310547,167.94000244140625,168.92999267578125,135.12918090820312,111088600,0.0,0.0,0.0
2013-07-26,168.22000122070312,169.16000366210938,167.52000427246094,169.11000061035156,135.2731475830078,107814600,0.0,0.0,0.0
2013-07-29,168.67999267578125,169.05999755859375,168.11000061035156,168.58999633789062,134.85716247558594,79695000,0.0,0.0,0.0
2013-07-30,169.10000610351562,169.27999877929688,168.19000244140625,168.58999633789062,134.85716247558594,85209600,0.0,0.0,0.0
2013-07-31,168.94000244140625,169.85000610351562,168.49000549316406,168.7100067138672,134.9532012939453,142388700,0.0,0.0,0.0
2013-08-01,169.99000549316406,170.80999755859375,169.89999389648438,170.66000366210938,136.5129852294922,110438400,0.0,0.0,0.0
2013-08-02,170.27999877929688,170.97000122070312,170.0500030517578,170.9499969482422,136.74493408203125,91116700,0.0,0.0,0.0
2013-08-05,170.57000732421875,170.9600067138672,170.35000610351562,170.6999969482422,136.5449676513672,54072700,0.0,0.0,0.0
2013-08-06,170.3699951171875,170.74000549316406,169.35000610351562,169.72999572753906,135.76907348632812,87495000,0.0,0.0,0.0
2013-08-07,169.19000244140625,169.42999267578125,168.5500030517578,169.17999267578125,135.32904052734375,84854700,0.0,0.0,0.0
2013-08-08,169.97999572753906,170.17999267578125,168.92999267578125,169.8000030517578,135.82508850097656,102181300,0.0,0.0,0.0
2013-08-09,169.5800018310547,170.10000610351562,168.72000122070312,169.30999755859375,135.43313598632812,91757700,0.0,0.0,0.0
2013-08-12,168.4600067138672,169.30999755859375,168.3800048828125,169.11000061035156,135.2731475830078,68593300,0.0,0.0,0.0
2013-08-13,169.41000366210938,169.89999389648438,168.41000366210938,169.61000061035156,135.673095703125,80806000,0.0,0.0,0.0
2013-08-14,169.52999877929688,169.8000030517578,168.6999969482422,168.74000549316406,134.97715759277344,79829200,0.0,0.0,0.0
2013-08-15,167.41000366210938,167.42999267578125,166.08999633789062,166.3800048828125,133.08938598632812,152931800,0.0,0.0,0.0
2013-08-16,166.05999755859375,166.6300048828125,165.5,165.8300018310547,132.64942932128906,130868200,0.0,0.0,0.0
2013-08-19,165.63999938964844,166.2100067138672,164.75999450683594,164.77000427246094,131.801513671875,96437600,0.0,0.0,0.0
2013-08-20,165.0399932861328,166.1999969482422,164.86000061035156,165.5800018310547,132.449462890625,89294400,0.0,0.0,0.0
2013-08-21,165.1199951171875,166.02999877929688,164.19000244140625,164.55999755859375,131.63352966308594,159530500,0.0,0.0,0.0
2013-08-22,164.89999389648438,166.3000030517578,164.88999938964844,166.05999755859375,132.8333282470703,101471400,0.0,0.0,0.0
2013-08-23,166.5500030517578,166.8300018310547,165.77000427246094,166.6199951171875,133.28140258789062,90888900,0.0,0.0,0.0
2013-08-26,166.7899932861328,167.3000030517578,165.88999938964844,166.0,132.78543090820312,89702100,0.0,0.0,0.0
2013-08-27,164.36000061035156,166.0,163.2100067138672,163.3300018310547,130.64964294433594,158619400,0.0,0.0,0.0
2013-08-28,163.25999450683594,164.49000549316406,163.0500030517578,163.91000366210938,131.1136474609375,108113000,0.0,0.0,0.0
2013-08-29,163.5500030517578,165.0399932861328,163.39999389648438,164.1699981689453,131.32156372070312,119200500,0.0,0.0,0.0
2013-08-30,164.50999450683594,164.52999877929688,163.1699981689453,163.64999389648438,130.9055938720703,134928900,0.0,0.0,0.0
2013-09-03,165.22999572753906,165.5800018310547,163.6999969482422,164.38999938964844,131.49757385253906,142375100,0.0,0.0,0.0
2013-09-04,164.42999267578125,166.02999877929688,164.1300048828125,165.75,132.5854034423828,97389400,0.0,0.0,0.0
2013-09-05,165.85000610351562,166.39999389648438,165.72999572753906,165.9600067138672,132.75347900390625,63090500,0.0,0.0,0.0
2013-09-06,166.50999450683594,166.97999572753906,164.47999572753906,166.0399932861328,132.8174285888672,159756500,0.0,0.0,0.0
2013-09-09,166.4499969482422,167.72999572753906,166.4499969482422,167.6300048828125,134.08926391601562,87559300,0.0,0.0,0.0
2013-09-10,168.63999938964844,168.89999389648438,168.25999450683594,168.8699951171875,135.08116149902344,105847200,0.0,0.0,0.0
2013-09-11,168.63999938964844,169.39999389648438,168.35000610351562,169.39999389648438,135.50506591796875,94545900,0.0,0.0,0.0
2013-09-12,169.33999633789062,169.55999755859375,168.72000122070312,168.9499969482422,135.14517211914062,83209000,0.0,0.0,0.0
2013-09-13,169.1300048828125,169.4600067138672,168.74000549316406,169.3300018310547,135.4490966796875,72727800,0.0,0.0,0.0
2013-09-16,171.16000366210938,171.24000549316406,170.0399932861328,170.30999755859375,136.23300170898438,106299200,0.0,0.0,0.0
2013-09-17,170.4600067138672,171.11000061035156,170.4600067138672,171.07000732421875,136.84097290039062,82523300,0.0,0.0,0.0
2013-09-18,171.00999450683594,173.52000427246094,170.5800018310547,173.0500030517578,138.42477416992188,203460600,0.0,0.0,0.0
2013-09-19,173.52000427246094,173.60000610351562,172.58999633789062,172.75999450683594,138.1927947998047,146616900,0.0,0.0,0.0
2013-09-20,172.3300018310547,172.3300018310547,170.5800018310547,170.72000122070312,137.22662353515625,132867100,0.838,0.0,0.0
2013-09-23,170.49000549316406,170.64999389648438,169.38999938964844,169.92999267578125,136.5915985107422,104616500,0.0,0.0,0.0
2013-09-24,169.89999389648438,170.52999877929688,169.2100067138672,169.52999877929688,136.27012634277344,106333100,0.0,0.0,0.0
2013-09-25,169.63999938964844,169.97999572753906,168.88999938964844,169.0399932861328,135.87623596191406,117306500,0.0,0.0,0.0
2013-09-26,169.32000732421875,170.1699981689453,169.0500030517578,169.69000244140625,136.3987274169922,77146900,0.0,0.0,0.0
2013-09-27,168.83999633789062,169.13999938964844,168.47000122070312,168.91000366210938,135.77175903320312,99141800,0.0,0.0,0.0
2013-09-30,167.47999572753906,168.5399932861328,167.14999389648438,168.00999450683594,135.04833984375,143937000,0.0,0.0,0.0
2013-10-01,168.13999938964844,169.5,167.97000122070312,169.33999633789062,136.1173553466797,127160000,0.0,0.0,0.0
2013-10-02,168.35000610351562,169.33999633789062,167.8300018310547,169.17999267578125,135.98878479003906,113350000,0.0,0.0,0.0
2013-10-03,168.7899932861328,168.94000244140625,166.83999633789062,167.6199951171875,134.73483276367188,176698000,0.0,0.0,0.0
2013-10-04,167.75,169.05999755859375,167.52999877929688,168.88999938964844,135.7556915283203,96878000,0.0,0.0,0.0
2013-10-07,167.4199981689453,168.4499969482422,167.25,167.42999267578125,134.58206176757812,96295000,0.0,0.0,0.0
2013-10-08,167.39999389648438,167.6199951171875,165.36000061035156,165.47999572753906,133.0146484375,178015000,0.0,0.0,0.0
2013-10-09,165.8000030517578,166.1999969482422,164.52999877929688,165.60000610351562,133.11117553710938,168973000,0.0,0.0,0.0
2013-10-10,167.2899932861328,169.25999450683594,167.22999572753906,169.1699981689453,135.980712890625,195955000,0.0,0.0,0.0
2013-10-11,168.91000366210938,170.32000732421875,168.77000427246094,170.25999450683594,136.8568878173828,105040000,0.0,0.0,0.0
2013-10-14,169.2100067138672,171.0800018310547,169.0800018310547,170.94000244140625,137.40350341796875,112106000,0.0,0.0,0.0
2013-10-15,170.50999450683594,171.14999389648438,169.47000122070312,169.6999969482422,136.40675354003906,155485000,0.0,0.0,0.0
2013-10-16,170.72000122070312,172.16000366210938,170.63999938964844,172.07000732421875,138.31179809570312,161676000,0.0,0.0,0.0
2013-10-17,171.3699951171875,173.32000732421875,171.33999633789062,173.22000122070312,139.2361297607422,129389000,0.0,0.0,0.0
2013-10-18,173.86000061035156,174.50999450683594,173.50999450683594,174.38999938964844,140.1765899658203,138316000,0.0,0.0,0.0
2013-10-21,174.4499969482422,174.75,174.00999450683594,174.39999389648438,140.1846466064453,104104000,0.0,0.0,0.0
2013-10-22,174.91000366210938,175.92999267578125,174.42999267578125,175.41000366210938,140.99652099609375,126663000,0.0,0.0,0.0
2013-10-23,174.80999755859375,174.88999938964844,173.9600067138672,174.57000732421875,140.32131958007812,105484000,0.0,0.0,0.0
2013-10-24,174.9199981689453,175.3699951171875,174.50999450683594,175.14999389648438,140.78750610351562,70350000,0.0,0.0,0.0
2013-10-25,175.50999450683594,176.0,175.1699981689453,175.9499969482422,141.43057250976562,93625000,0.0,0.0,0.0
2013-10-28,175.88999938964844,176.47000122070312,175.6999969482422,176.22999572753906,141.65557861328125,84979000,0.0,0.0,0.0
2013-10-29,176.6300048828125,177.24000549316406,176.3800048828125,177.1699981689453,142.4111785888672,87401000,0.0,0.0,0.0
2013-10-30,177.3800048828125,177.50999450683594,175.66000366210938,176.2899932861328,141.703857421875,140002000,0.0,0.0,0.0
2013-10-31,176.14999389648438,176.88999938964844,175.52999877929688,175.7899932861328,141.30198669433594,133795000,0.0,0.0,0.0
2013-11-01,176.02000427246094,176.61000061035156,175.22000122070312,176.2100067138672,141.6395721435547,142805000,0.0,0.0,0.0
2013-11-04,176.69000244140625,176.89999389648438,175.97999572753906,176.8300018310547,142.13792419433594,85677000,0.0,0.0,0.0
2013-11-05,176.13999938964844,176.75,175.57000732421875,176.27000427246094,141.687744140625,85825000,0.0,0.0,0.0
2013-11-06,177.02999877929688,177.5,176.5399932861328,177.1699981689453,142.4111785888672,87348000,0.0,0.0,0.0
2013-11-07,177.5,177.63999938964844,174.75999450683594,174.92999267578125,140.6106414794922,157000000,0.0,0.0,0.0
2013-11-08,174.8699951171875,177.30999755859375,174.85000610351562,177.2899932861328,142.50770568847656,136713000,0.0,0.0,0.0
2013-11-11,177.1199951171875,177.52999877929688,176.91000366210938,177.32000732421875,142.53179931640625,62614000,0.0,0.0,0.0
2013-11-12,176.94000244140625,177.36000061035156,176.3699951171875,176.9600067138672,142.24241638183594,83990000,0.0,0.0,0.0
2013-11-13,176.08999633789062,178.42999267578125,176.08999633789062,178.3800048828125,143.38381958007812,103844000,0.0,0.0,0.0
2013-11-14,178.5399932861328,179.4199981689453,178.25,179.27000427246094,144.09921264648438,103435000,0.0,0.0,0.0
2013-11-15,179.55999755859375,180.1199951171875,179.3300018310547,180.0500030517578,144.72621154785156,102818000,0.0,0.0,0.0
2013-11-18,180.35000610351562,180.5,179.02000427246094,179.4199981689453,144.21974182128906,104796000,0.0,0.0,0.0
2013-11-19,179.3300018310547,179.8699951171875,178.72000122070312,179.02999877929688,143.90631103515625,93891000,0.0,0.0,0.0
2013-11-20,179.38999938964844,179.92999267578125,177.97999572753906,178.47000122070312,143.45614624023438,124909000,0.0,0.0,0.0
2013-11-21,178.97000122070312,180.0500030517578,178.86000061035156,179.91000366210938,144.61366271972656,92841000,0.0,0.0,0.0
2013-11-22,179.97999572753906,180.8300018310547,179.77000427246094,180.80999755859375,145.33709716796875,81296000,0.0,0.0,0.0
2013-11-25,181.1300048828125,181.1699981689453,180.3699951171875,180.6300048828125,145.19236755371094,79486000,0.0,0.0,0.0
2013-11-26,180.72000122070312,181.22000122070312,180.41000366210938,180.67999267578125,145.23265075683594,86994000,0.0,0.0,0.0
2013-11-27,180.8699951171875,181.24000549316406,180.64999389648438,181.1199951171875,145.5862274169922,58800000,0.0,0.0,0.0
2013-11-29,181.32000732421875,181.75,180.8000030517578,181.0,145.48983764648438,55870900,0.0,0.0,0.0
2013-12-02,181.08999633789062,181.42999267578125,180.25,180.52999877929688,145.1120147705078,99726000,0.0,0.0,0.0
2013-12-03,179.94000244140625,180.38999938964844,179.1699981689453,179.75,144.48507690429688,116563000,0.0,0.0,0.0
2013-12-04,179.10000610351562,180.47999572753906,178.35000610351562,179.72999572753906,144.4689178466797,123033000,0.0,0.0,0.0
2013-12-05,179.41000366210938,179.74000549316406,178.77000427246094,178.94000244140625,143.8339385986328,106934000,0.0,0.0,0.0
2013-12-06,180.6699981689453,181.11000061035156,180.14999389648438,180.94000244140625,145.44155883789062,127728000,0.0,0.0,0.0
2013-12-09,181.47000122070312,181.6699981689453,181.16000366210938,181.39999389648438,145.81129455566406,70124000,0.0,0.0,0.0
2013-12-10,180.97999572753906,181.36000061035156,180.63999938964844,180.75,145.288818359375,80976000,0.0,0.0,0.0
2013-12-11,180.82000732421875,180.85000610351562,178.5,178.72000122070312,143.6571044921875,130591000,0.0,0.0,0.0
2013-12-12,178.63999938964844,178.86000061035156,177.75999450683594,178.1300048828125,143.182861328125,115565000,0.0,0.0,0.0
2013-12-13,178.5,178.66000366210938,177.77000427246094,178.11000061035156,143.16683959960938,107808000,0.0,0.0,0.0
2013-12-16,178.9499969482422,179.80999755859375,178.89999389648438,179.22000122070312,144.05902099609375,96195000,0.0,0.0,0.0
2013-12-17,179.3800048828125,179.41000366210938,178.25,178.64999389648438,143.60079956054688,89886000,0.0,0.0,0.0
2013-12-18,178.9199981689453,181.72999572753906,177.32000732421875,181.6999969482422,146.05247497558594,234906000,0.0,0.0,0.0
2013-12-19,181.17999267578125,181.6999969482422,180.7100067138672,181.49000549316406,145.8836669921875,136531200,0.0,0.0,0.0
2013-12-20,180.69000244140625,181.99000549316406,180.57000732421875,181.55999755859375,146.73226928710938,197087000,0.98,0.0,0.0
2013-12-23,182.4499969482422,182.63999938964844,182.07000732421875,182.52999877929688,147.51617431640625,85598000,0.0,0.0,0.0
2013-12-24,182.5399932861328,183.00999450683594,182.52999877929688,182.92999267578125,147.8394317626953,45368800,0.0,0.0,0.0
2013-12-26,183.33999633789062,183.9600067138672,183.32000732421875,183.86000061035156,148.59107971191406,63365000,0.0,0.0,0.0
2013-12-27,184.10000610351562,184.17999267578125,183.66000366210938,183.85000610351562,148.58303833007812,61814000,0.0,0.0,0.0
2013-12-30,183.8699951171875,184.02000427246094,183.5800018310547,183.82000732421875,148.55874633789062,56857000,0.0,0.0,0.0
2013-12-31,184.07000732421875,184.69000244140625,183.92999267578125,184.69000244140625,149.2618865966797,86119900,0.0,0.0,0.0
2014-01-02,183.97999572753906,184.07000732421875,182.47999572753906,182.9199981689453,147.8313446044922,119636900,0.0,0.0,0.0
2014-01-03,183.22999572753906,183.60000610351562,182.6300048828125,182.88999938964844,147.80712890625,81390600,0.0,0.0,0.0
2014-01-06,183.49000549316406,183.55999755859375,182.0800018310547,182.36000061035156,147.3788299560547,108028200,0.0,0.0,0.0
2014-01-07,183.08999633789062,183.7899932861328,182.9499969482422,183.47999572753906,148.28395080566406,86144200,0.0,0.0,0.0
2014-01-08,183.4499969482422,183.8300018310547,182.88999938964844,183.52000427246094,148.31629943847656,96582300,0.0,0.0,0.0
2014-01-09,184.11000061035156,184.1300048828125,182.8000030517578,183.63999938964844,148.4132843017578,90683400,0.0,0.0,0.0
2014-01-10,183.9499969482422,184.22000122070312,183.00999450683594,184.13999938964844,148.81732177734375,102026400,0.0,0.0,0.0
2014-01-13,183.6699981689453,184.17999267578125,181.33999633789062,181.69000244140625,146.83734130859375,149892000,0.0,0.0,0.0
2014-01-14,182.2899932861328,183.77000427246094,181.9499969482422,183.6699981689453,148.4375762939453,105016100,0.0,0.0,0.0
2014-01-15,184.10000610351562,184.94000244140625,183.7100067138672,184.66000366210938,149.2376251220703,98525800,0.0,0.0,0.0
2014-01-16,184.27999877929688,184.66000366210938,183.8300018310547,184.4199981689453,149.04359436035156,72290600,0.0,0.0,0.0
2014-01-17,184.10000610351562,184.4499969482422,183.32000732421875,183.63999938964844,148.4132843017578,107848700,0.0,0.0,0.0
2014-01-21,184.6999969482422,184.77000427246094,183.0500030517578,184.17999267578125,148.84971618652344,88621200,0.0,0.0,0.0
2014-01-22,184.49000549316406,184.57000732421875,183.91000366210938,184.3000030517578,148.94668579101562,61270900,0.0,0.0,0.0
2014-01-23,183.3699951171875,183.39999389648438,181.82000732421875,182.7899932861328,147.726318359375,132496900,0.0,0.0,0.0
2014-01-24,181.60000610351562,181.66000366210938,178.8300018310547,178.88999938964844,144.57443237304688,208677100,0.0,0.0,0.0
2014-01-27,179.05999755859375,179.52000427246094,177.1199951171875,178.00999450683594,143.86328125,180843100,0.0,0.0,0.0
2014-01-28,178.13999938964844,179.3000030517578,178.1199951171875,179.07000732421875,144.71995544433594,110463200,0.0,0.0,0.0
2014-01-29,177.5800018310547,178.5500030517578,176.8800048828125,177.35000610351562,143.32986450195312,216597300,0.0,0.0,0.0
2014-01-30,178.8300018310547,179.80999755859375,178.25999450683594,179.22999572753906,144.8491973876953,118938100,0.0,0.0,0.0
2014-01-31,177.00999450683594,179.2899932861328,176.9199981689453,178.17999267578125,144.0006561279297,194677900,0.0,0.0,0.0
2014-02-03,177.97000122070312,178.3699951171875,173.8300018310547,174.1699981689453,140.7598419189453,254837100,0.0,0.0,0.0
2014-02-04,174.9499969482422,175.83999633789062,174.11000061035156,175.38999938964844,141.74583435058594,165012400,0.0,0.0,0.0
2014-02-05,174.77999877929688,175.55999755859375,173.7100067138672,175.1699981689453,141.5679931640625,164230500,0.0,0.0,0.0
2014-02-06,175.5800018310547,177.47999572753906,175.22000122070312,177.47999572753906,143.4348907470703,132877600,0.0,0.0,0.0
2014-02-07,178.30999755859375,179.8699951171875,177.72999572753906,179.67999267578125,145.21287536621094,170787200,0.0,0.0,0.0
2014-02-10,179.6999969482422,180.07000732421875,179.2100067138672,180.00999450683594,145.4795684814453,92218800,0.0,0.0,0.0
2014-02-11,180.16000366210938,182.44000244140625,180.0399932861328,181.97999572753906,147.07174682617188,117814100,0.0,0.0,0.0
2014-02-12,182.25,182.8300018310547,181.7100067138672,182.07000732421875,147.1443634033203,94717700,0.0,0.0,0.0
2014-02-13,180.83999633789062,183.1999969482422,180.8300018310547,183.00999450683594,147.9040985107422,100542200,0.0,0.0,0.0
2014-02-14,182.83999633789062,184.36000061035156,182.6699981689453,184.02000427246094,148.7203369140625,96498400,0.0,0.0,0.0
2014-02-18,184.17999267578125,184.49000549316406,183.64999389648438,184.24000549316406,148.898193359375,80460900,0.0,0.0,0.0
2014-02-19,183.75999450683594,184.9499969482422,182.8699951171875,183.02000427246094,147.91221618652344,126524300,0.0,0.0,0.0
2014-02-20,183.27000427246094,184.52000427246094,182.60000610351562,184.10000610351562,148.78501892089844,104998100,0.0,0.0,0.0
2014-02-21,184.4499969482422,184.88999938964844,183.8000030517578,183.88999938964844,148.6153106689453,118116400,0.0,0.0,0.0
2014-02-24,184.27999877929688,186.14999389648438,184.1999969482422,184.91000366210938,149.43959045410156,114063900,0.0,0.0,0.0
2014-02-25,185.05999755859375,185.58999633789062,184.22999572753906,184.83999633789062,149.383056640625,117085000,0.0,0.0,0.0
2014-02-26,185.11000061035156,185.60000610351562,184.3300018310547,184.85000610351562,149.39117431640625,98677200,0.0,0.0,0.0
2014-02-27,184.5800018310547,185.8699951171875,184.3699951171875,185.82000732421875,150.1750946044922,93880800,0.0,0.0,0.0
2014-02-28,185.7899932861328,187.14999389648438,185.0500030517578,186.2899932861328,150.554931640625,150842000,0.0,0.0,0.0
2014-03-03,184.64999389648438,185.4499969482422,183.75,184.97999572753906,149.4962615966797,167748500,0.0,0.0,0.0
2014-03-04,186.7899932861328,187.97999572753906,186.75,187.5800018310547,151.59750366210938,167545900,0.0,0.0,0.0
2014-03-05,187.74000549316406,188.07000732421875,187.4499969482422,187.75,151.73487854003906,88376900,0.0,0.0,0.0
2014-03-06,188.2100067138672,188.61000061035156,187.77999877929688,188.17999267578125,152.08236694335938,82516500,0.0,0.0,0.0
2014-03-07,188.9600067138672,188.9600067138672,187.42999267578125,188.25999450683594,152.14698791503906,114513500,0.0,0.0,0.0
2014-03-10,187.97000122070312,188.22999572753906,187.0800018310547,188.16000366210938,152.0662078857422,74939200,0.0,0.0,0.0
2014-03-11,188.44000244140625,188.7100067138672,186.8000030517578,187.22999572753906,151.3145751953125,99009100,0.0,0.0,0.0
2014-03-12,186.32000732421875,187.35000610351562,185.89999389648438,187.27999877929688,151.3550567626953,104824400,0.0,0.0,0.0
2014-03-13,187.83999633789062,187.99000549316406,184.66000366210938,185.17999267578125,149.6578369140625,155014300,0.0,0.0,0.0
2014-03-14,184.85000610351562,185.8000030517578,184.44000244140625,184.66000366210938,149.2376251220703,153919600,0.0,0.0,0.0
2014-03-17,185.58999633789062,186.77000427246094,185.50999450683594,186.3300018310547,150.5872802734375,98359500,0.0,0.0,0.0
2014-03-18,186.7100067138672,187.91000366210938,186.50999450683594,187.66000366210938,151.66212463378906,101804600,0.0,0.0,0.0
2014-03-19,187.67999267578125,187.94000244140625,185.47000122070312,186.66000366210938,150.8539581298828,176267300,0.0,0.0,0.0
2014-03-20,186.25,187.88999938964844,185.9199981689453,187.75,151.73487854003906,117241000,0.0,0.0,0.0
2014-03-21,187.7100067138672,189.02000427246094,186.02999877929688,186.1999969482422,151.14633178710938,163128000,0.825,0.0,0.0
2014-03-24,186.83999633789062,187.07000732421875,184.6199951171875,185.42999267578125,150.52125549316406,121411000,0.0,0.0,0.0
2014-03-25,186.3699951171875,186.94000244140625,185.27000427246094,186.30999755859375,151.23562622070312,103852000,0.0,0.0,0.0
2014-03-26,187.0399932861328,187.33999633789062,184.9199981689453,184.97000122070312,150.1478729248047,119843000,0.0,0.0,0.0
2014-03-27,184.75,185.33999633789062,183.89999389648438,184.5800018310547,149.8313446044922,142383000,0.0,0.0,0.0
2014-03-28,185.11000061035156,186.4199981689453,185.0,185.49000549316406,150.57000732421875,101642000,0.0,0.0,0.0
2014-03-31,186.6699981689453,187.3000030517578,185.52000427246094,187.00999450683594,151.8038787841797,99745000,0.0,0.0,0.0
2014-04-01,187.6199951171875,188.36000061035156,187.0,188.25,152.81040954589844,89193000,0.0,0.0,0.0
2014-04-02,188.49000549316406,189.1300048828125,188.13999938964844,188.8800048828125,153.3218536376953,78774000,0.0,0.0,0.0
2014-04-03,189.1699981689453,189.22000122070312,188.0500030517578,188.6300048828125,153.11888122558594,77435000,0.0,0.0,0.0
2014-04-04,189.66000366210938,189.6999969482422,186.10000610351562,186.39999389648438,151.3086700439453,169381000,0.0,0.0,0.0
2014-04-07,185.9499969482422,186.25999450683594,183.9600067138672,184.33999633789062,149.6365203857422,140803000,0.0,0.0,0.0
2014-04-08,184.25999450683594,185.39999389648438,183.58999633789062,185.10000610351562,150.25343322753906,112660000,0.0,0.0,0.0
2014-04-09,185.60000610351562,187.14999389648438,185.05999755859375,187.08999633789062,151.86880493164062,100254000,0.0,0.0,0.0
2014-04-10,187.0800018310547,187.1699981689453,182.92999267578125,183.16000366210938,148.67868041992188,172959000,0.0,0.0,0.0
2014-04-11,182.13999938964844,183.4199981689453,181.30999755859375,181.50999450683594,147.33924865722656,167251000,0.0,0.0,0.0
2014-04-14,182.92999267578125,183.3699951171875,181.44000244140625,182.94000244140625,148.50006103515625,132382000,0.0,0.0,0.0
2014-04-15,183.32000732421875,184.3300018310547,181.50999450683594,184.1999969482422,149.52285766601562,157093000,0.0,0.0,0.0
2014-04-16,185.47000122070312,186.13999938964844,184.64999389648438,186.1300048828125,151.0895538330078,105197000,0.0,0.0,0.0
2014-04-17,185.8800048828125,186.91000366210938,185.55999755859375,186.38999938964844,151.30055236816406,105255000,0.0,0.0,0.0
2014-04-21,186.44000244140625,187.10000610351562,186.2100067138672,187.0399932861328,151.8281707763672,68329000,0.0,0.0,0.0
2014-04-22,187.22999572753906,188.39999389648438,187.1300048828125,187.88999938964844,152.51817321777344,85790000,0.0,0.0,0.0
2014-04-23,187.82000732421875,187.9199981689453,187.3000030517578,187.4499969482422,152.16104125976562,73869000,0.0,0.0,0.0
2014-04-24,188.3699951171875,188.38999938964844,186.92999267578125,187.8300018310547,152.46949768066406,88170000,0.0,0.0,0.0
2014-04-25,187.22000122070312,187.3300018310547,185.8699951171875,186.2899932861328,151.21939086914062,100380000,0.0,0.0,0.0
2014-04-28,187.0500030517578,187.69000244140625,184.9600067138672,186.8800048828125,151.69827270507812,135121000,0.0,0.0,0.0
2014-04-29,187.47999572753906,188.0399932861328,187.0800018310547,187.75,152.404541015625,84098000,0.0,0.0,0.0
2014-04-30,187.44000244140625,188.5,187.17999267578125,188.30999755859375,152.859130859375,101508000,0.0,0.0,0.0
2014-05-01,188.22000122070312,188.83999633789062,187.72999572753906,188.3300018310547,152.87530517578125,93019000,0.0,0.0,0.0
2014-05-02,188.30999755859375,189.13999938964844,187.77999877929688,188.05999755859375,152.6561737060547,98122000,0.0,0.0,0.0
2014-05-05,187.13999938964844,188.5500030517578,186.6199951171875,188.4199981689453,152.9484100341797,75883000,0.0,0.0,0.0
2014-05-06,188.0,188.1300048828125,186.74000549316406,186.77999877929688,151.6171875,85454000,0.0,0.0,0.0
2014-05-07,187.41000366210938,187.97000122070312,186.00999450683594,187.8800048828125,152.5101318359375,106500000,0.0,0.0,0.0
2014-05-08,187.7100067138672,189.0500030517578,187.0800018310547,187.67999267578125,152.3477325439453,93618000,0.0,0.0,0.0
2014-05-09,187.7100067138672,188.0399932861328,186.8300018310547,187.9600067138672,152.5750274658203,83679000,0.0,0.0,0.0
2014-05-12,188.8000030517578,189.8800048828125,188.0,189.7899932861328,154.0605010986328,86940000,0.0,0.0,0.0
2014-05-13,190.0399932861328,190.4199981689453,189.77000427246094,189.9600067138672,154.198486328125,66454000,0.0,0.0,0.0
2014-05-14,189.7899932861328,189.8800048828125,188.7899932861328,189.05999755859375,153.46791076660156,72367000,0.0,0.0,0.0
2014-05-15,188.67999267578125,188.72000122070312,186.47999572753906,187.39999389648438,152.12046813964844,154956000,0.0,0.0,0.0
2014-05-16,187.50999450683594,188.1300048828125,186.72000122070312,188.0500030517578,152.64808654785156,97458000,0.0,0.0,0.0
2014-05-19,187.69000244140625,188.88999938964844,187.52000427246094,188.74000549316406,153.20819091796875,63839000,0.0,0.0,0.0
2014-05-20,188.64999389648438,188.6699981689453,187.07000732421875,187.5500030517578,152.24215698242188,111644000,0.0,0.0,0.0
2014-05-21,188.08999633789062,189.22000122070312,188.05999755859375,189.1300048828125,153.5247802734375,89093000,0.0,0.0,0.0
2014-05-22,189.17999267578125,189.97999572753906,188.86000061035156,189.58999633789062,153.89817810058594,61549000,0.0,0.0,0.0
2014-05-23,189.75999450683594,190.47999572753906,189.58999633789062,190.35000610351562,154.5150604248047,61092800,0.0,0.0,0.0
2014-05-27,191.05999755859375,191.5800018310547,190.9499969482422,191.52000427246094,155.46484375,72010000,0.0,0.0,0.0
2014-05-28,191.52000427246094,191.82000732421875,191.05999755859375,191.3800048828125,155.3511505126953,66723000,0.0,0.0,0.0
2014-05-29,191.82000732421875,192.39999389648438,191.3300018310547,192.3699951171875,156.15478515625,64377000,0.0,0.0,0.0
2014-05-30,192.19000244140625,192.8000030517578,192.02999877929688,192.67999267578125,156.4064483642578,76316000,0.0,0.0,0.0
2014-06-02,192.9499969482422,192.99000549316406,191.97000122070312,192.89999389648438,156.5850067138672,64656000,0.0,0.0,0.0
2014-06-03,192.42999267578125,192.89999389648438,192.25,192.8000030517578,156.50384521484375,65047000,0.0,0.0,0.0
2014-06-04,192.47000122070312,193.3000030517578,192.27000427246094,193.19000244140625,156.8203887939453,55529000,0.0,0.0,0.0
2014-06-05,193.41000366210938,194.64999389648438,192.6999969482422,194.4499969482422,157.84320068359375,92103000,0.0,0.0,0.0
2014-06-06,194.8699951171875,195.42999267578125,194.77999877929688,195.3800048828125,158.59814453125,78696000,0.0,0.0,0.0
2014-06-09,195.35000610351562,196.0500030517578,195.1699981689453,195.5800018310547,158.76055908203125,65119000,0.0,0.0,0.0
2014-06-10,195.33999633789062,195.63999938964844,194.9199981689453,195.60000610351562,158.77676391601562,57129000,0.0,0.0,0.0
2014-06-11,194.89999389648438,195.1199951171875,194.47999572753906,194.9199981689453,158.22474670410156,68772000,0.0,0.0,0.0
2014-06-12,194.69000244140625,194.8000030517578,193.11000061035156,193.5399932861328,157.1044921875,106350000,0.0,0.0,0.0
2014-06-13,193.9199981689453,194.32000732421875,193.3000030517578,194.1300048828125,157.58346557617188,82017000,0.0,0.0,0.0
2014-06-16,193.88999938964844,194.6999969482422,193.66000366210938,194.2899932861328,157.7133331298828,87424000,0.0,0.0,0.0
2014-06-17,194.02000427246094,194.97000122070312,193.80999755859375,194.8300018310547,158.1516571044922,84834000,0.0,0.0,0.0
2014-06-18,194.8300018310547,196.3699951171875,194.39999389648438,196.25999450683594,159.3125,105267000,0.0,0.0,0.0
2014-06-19,196.42999267578125,196.60000610351562,195.8000030517578,196.47999572753906,159.4910888671875,85929000,0.0,0.0,0.0
2014-06-20,196.02999877929688,196.10000610351562,195.6999969482422,195.94000244140625,159.8148651123047,100587000,0.937,0.0,0.0
2014-06-23,195.99000549316406,196.0500030517578,195.52000427246094,195.8800048828125,159.76589965820312,70611000,0.0,0.0,0.0
2014-06-24,195.52999877929688,196.5,194.47999572753906,194.6999969482422,158.80348205566406,96237000,0.0,0.0,0.0
2014-06-25,194.2899932861328,195.77999877929688,194.25,195.5800018310547,159.52127075195312,82782000,0.0,0.0,0.0
2014-06-26,195.61000061035156,195.6300048828125,194.1300048828125,195.44000244140625,159.40711975097656,84312000,0.0,0.0,0.0
2014-06-27,194.97999572753906,195.8800048828125,194.88999938964844,195.82000732421875,159.71697998046875,71445100,0.0,0.0,0.0
2014-06-30,195.6999969482422,196.1699981689453,195.52999877929688,195.72000122070312,159.63540649414062,70201200,0.0,0.0,0.0
2014-07-01,196.1999969482422,197.6300048828125,196.1300048828125,197.02999877929688,160.7039031982422,90470000,0.0,0.0,0.0
2014-07-02,197.0500030517578,197.47999572753906,196.9600067138672,197.22999572753906,160.8670196533203,52475000,0.0,0.0,0.0
2014-07-03,197.7899932861328,198.2899932861328,197.63999938964844,198.1999969482422,161.65821838378906,52938800,0.0,0.0,0.0
2014-07-07,197.82000732421875,197.97999572753906,197.22000122070312,197.50999450683594,161.0953826904297,61696000,0.0,0.0,0.0
2014-07-08,197.14999389648438,197.22000122070312,195.75999450683594,196.24000549316406,160.05953979492188,108143000,0.0,0.0,0.0
2014-07-09,196.72999572753906,197.3000030517578,196.30999755859375,197.1199951171875,160.7772979736328,72992000,0.0,0.0,0.0
2014-07-10,195.22000122070312,196.86000061035156,195.05999755859375,196.33999633789062,160.14111328125,99040000,0.0,0.0,0.0
2014-07-11,196.22000122070312,196.75,195.77999877929688,196.61000061035156,160.361328125,64243000,0.0,0.0,0.0
2014-07-14,197.61000061035156,197.86000061035156,197.44000244140625,197.60000610351562,161.16880798339844,58658000,0.0,0.0,0.0
2014-07-15,197.72000122070312,198.10000610351562,196.36000061035156,197.22999572753906,160.8670196533203,111307000,0.0,0.0,0.0
2014-07-16,198.11000061035156,198.25999450683594,197.4199981689453,197.9600067138672,161.46246337890625,79986400,0.0,0.0,0.0
2014-07-17,197.35000610351562,198.10000610351562,195.42999267578125,195.7100067138672,159.62728881835938,145398000,0.0,0.0,0.0
2014-07-18,196.35000610351562,197.91000366210938,196.24000549316406,197.7100067138672,161.25851440429688,124330000,0.0,0.0,0.0
2014-07-21,197.08999633789062,197.5,196.42999267578125,197.33999633789062,160.956787109375,67592000,0.0,0.0,0.0
2014-07-22,198.00999450683594,198.55999755859375,197.8699951171875,198.1999969482422,161.65821838378906,67678000,0.0,0.0,0.0
2014-07-23,198.5,198.85000610351562,198.10000610351562,198.63999938964844,162.01707458496094,65612000,0.0,0.0,0.0
2014-07-24,198.8300018310547,199.05999755859375,198.4499969482422,198.64999389648438,162.02516174316406,56888000,0.0,0.0,0.0
2014-07-25,198.08999633789062,198.25999450683594,197.3300018310547,197.72000122070312,161.26670837402344,76837000,0.0,0.0,0.0
2014-07-28,197.75999450683594,198.08999633789062,196.6199951171875,197.8000030517578,161.33193969726562,69259000,0.0,0.0,0.0
2014-07-29,198.1699981689453,198.4499969482422,196.9199981689453,196.9499969482422,160.638671875,80466000,0.0,0.0,0.0
2014-07-30,197.64999389648438,197.91000366210938,196.16000366210938,196.97999572753906,160.6631622314453,104222000,0.0,0.0,0.0
2014-07-31,195.61000061035156,195.77999877929688,192.97000122070312,193.08999633789062,157.49032592773438,183479000,0.0,0.0,0.0
2014-08-01,192.55999755859375,193.75999450683594,191.57000732421875,192.5,157.00912475585938,189261000,0.0,0.0,0.0
2014-08-04,192.8699951171875,194.3000030517578,192.0500030517578,193.88999938964844,158.14279174804688,91340000,0.0,0.0,0.0
2014-08-05,193.10000610351562,193.60000610351562,191.30999755859375,192.00999450683594,156.60946655273438,152690000,0.0,0.0,0.0
2014-08-06,191.11000061035156,192.88999938964844,191.0800018310547,192.07000732421875,156.6584014892578,94818000,0.0,0.0,0.0
2014-08-07,192.94000244140625,193.1300048828125,190.5500030517578,191.02999877929688,155.81008911132812,135733000,0.0,0.0,0.0
2014-08-08,191.4600067138672,193.3699951171875,190.9499969482422,193.24000549316406,157.61265563964844,117014000,0.0,0.0,0.0
2014-08-11,193.97000122070312,194.66000366210938,193.7100067138672,193.8000030517578,158.0693817138672,74544000,0.0,0.0,0.0
2014-08-12,193.61000061035156,194.14999389648438,192.94000244140625,193.52999877929688,157.8491668701172,73632000,0.0,0.0,0.0
2014-08-13,194.2899932861328,195.05999755859375,193.9600067138672,194.83999633789062,158.91769409179688,69047000,0.0,0.0,0.0
2014-08-14,195.16000366210938,195.75999450683594,194.97999572753906,195.75999450683594,159.66802978515625,57371000,0.0,0.0,0.0
2014-08-15,196.47000122070312,196.64999389648438,194.30999755859375,195.72000122070312,159.63540649414062,139951000,0.0,0.0,0.0
2014-08-18,196.8000030517578,197.4499969482422,196.69000244140625,197.36000061035156,160.97305297851562,75424000,0.0,0.0,0.0
2014-08-19,197.83999633789062,198.5399932861328,197.44000244140625,198.38999938964844,161.81312561035156,59135000,0.0,0.0,0.0
2014-08-20,198.1199951171875,199.16000366210938,198.0800018310547,198.9199981689453,162.24545288085938,72763000,0.0,0.0,0.0
2014-08-21,199.08999633789062,199.75999450683594,198.92999267578125,199.5,162.71856689453125,67791000,0.0,0.0,0.0
2014-08-22,199.33999633789062,199.69000244140625,198.74000549316406,199.19000244140625,162.46568298339844,76107000,0.0,0.0,0.0
2014-08-25,200.13999938964844,200.58999633789062,199.14999389648438,200.1999969482422,163.2894287109375,63855000,0.0,0.0,0.0
2014-08-26,200.3300018310547,200.82000732421875,200.27999877929688,200.3300018310547,163.39547729492188,47298000,0.0,0.0,0.0
2014-08-27,200.42999267578125,200.57000732421875,199.94000244140625,200.25,163.33023071289062,47874000,0.0,0.0,0.0
2014-08-28,199.58999633789062,200.27000427246094,199.38999938964844,200.13999938964844,163.24050903320312,58330000,0.0,0.0,0.0
2014-08-29,200.4499969482422,200.72999572753906,199.82000732421875,200.7100067138672,163.70541381835938,65907000,0.0,0.0,0.0
2014-09-02,200.97000122070312,201.0,199.86000061035156,200.61000061035156,163.6238250732422,72426000,0.0,0.0,0.0
2014-09-03,201.3800048828125,201.41000366210938,200.22000122070312,200.5,163.53411865234375,57462000,0.0,0.0,0.0
2014-09-04,200.83999633789062,201.5800018310547,199.66000366210938,200.2100067138672,163.29763793945312,85236000,0.0,0.0,0.0
2014-09-05,200.1699981689453,201.19000244140625,199.41000366210938,201.11000061035156,164.0316619873047,102177000,0.0,0.0,0.0
2014-09-08,200.9199981689453,201.2100067138672,200.0,200.58999633789062,163.60752868652344,64146000,0.0,0.0,0.0
2014-09-09,200.41000366210938,200.5500030517578,198.91000366210938,199.32000732421875,162.5717010498047,88591000,0.0,0.0,0.0
2014-09-10,199.42999267578125,200.1999969482422,198.77000427246094,200.07000732421875,163.1833953857422,67251000,0.0,0.0,0.0
2014-09-11,199.27000427246094,200.3300018310547,199.1199951171875,200.3000030517578,163.37098693847656,66774400,0.0,0.0,0.0
2014-09-12,200.10000610351562,200.1199951171875,198.55999755859375,199.1300048828125,162.416748046875,117409300,0.0,0.0,0.0
2014-09-15,199.16000366210938,199.32000732421875,198.3800048828125,198.97999572753906,162.29437255859375,76401000,0.0,0.0,0.0
2014-09-16,198.61000061035156,200.83999633789062,198.5,200.47999572753906,163.51779174804688,116201000,0.0,0.0,0.0
2014-09-17,200.77000427246094,201.67999267578125,199.75,200.75,163.73805236816406,151266000,0.0,0.0,0.0
2014-09-18,201.36000061035156,201.85000610351562,201.10000610351562,201.82000732421875,164.61077880859375,94990000,0.0,0.0,0.0
2014-09-19,201.52000427246094,201.89999389648438,200.2899932861328,200.6999969482422,164.4624786376953,121649000,0.939,0.0,0.0
2014-09-22,200.35000610351562,200.3800048828125,198.72999572753906,199.14999389648438,163.19232177734375,125553000,0.0,0.0,0.0
2014-09-23,198.42999267578125,199.25999450683594,197.9499969482422,198.00999450683594,162.25811767578125,111393000,0.0,0.0,0.0
2014-09-24,198.0399932861328,199.69000244140625,197.52000427246094,199.55999755859375,163.52822875976562,107276000,0.0,0.0,0.0
2014-09-25,199.0399932861328,199.0500030517578,196.27000427246094,196.33999633789062,160.88961791992188,150300000,0.0,0.0,0.0
2014-09-26,196.6999969482422,198.38999938964844,196.4199981689453,197.89999389648438,162.16799926757812,103547000,0.0,0.0,0.0
2014-09-29,196.1999969482422,197.88999938964844,196.0500030517578,197.5399932861328,161.87303161621094,95112000,0.0,0.0,0.0
2014-09-30,197.69000244140625,198.3000030517578,196.61000061035156,197.02000427246094,161.44691467285156,131302000,0.0,0.0,0.0
2014-10-01,196.6999969482422,196.77000427246094,193.91000366210938,194.35000610351562,159.2589569091797,177798000,0.0,0.0,0.0
2014-10-02,194.17999267578125,195.05999755859375,192.35000610351562,194.3800048828125,159.28358459472656,157285000,0.0,0.0,0.0
2014-10-03,195.67999267578125,196.94000244140625,195.0800018310547,196.52000427246094,161.0371856689453,121569000,0.0,0.0,0.0
2014-10-06,197.33999633789062,197.60000610351562,195.5800018310547,196.2899932861328,160.8487548828125,104778000,0.0,0.0,0.0
2014-10-07,195.27999877929688,195.72000122070312,193.22000122070312,193.25999450683594,158.3657684326172,147913000,0.0,0.0,0.0
2014-10-08,193.3699951171875,196.9199981689453,192.36000061035156,196.63999938964844,161.13552856445312,186461000,0.0,0.0,0.0
2014-10-09,196.3300018310547,196.60000610351562,192.5800018310547,192.74000549316406,157.93968200683594,210705000,0.0,0.0,0.0
2014-10-10,192.69000244140625,193.64999389648438,190.49000549316406,190.5399932861328,156.13687133789062,221909000,0.0,0.0,0.0
2014-10-13,190.4600067138672,191.14999389648438,187.3000030517578,187.41000366210938,153.57203674316406,230939000,0.0,0.0,0.0
2014-10-14,188.4199981689453,189.82000732421875,187.0399932861328,187.6999969482422,153.80967712402344,215847000,0.0,0.0,0.0
2014-10-15,185.16000366210938,187.69000244140625,181.9199981689453,186.42999267578125,152.76901245117188,380715000,0.0,0.0,0.0
2014-10-16,183.05999755859375,187.5800018310547,182.88999938964844,186.27000427246094,152.6378936767578,270391000,0.0,0.0,0.0
2014-10-17,188.4199981689453,189.75,187.6199951171875,188.47000122070312,154.4406280517578,214625000,0.0,0.0,0.0
2014-10-20,188.1300048828125,190.4499969482422,188.07000732421875,190.3000030517578,155.940185546875,130011000,0.0,0.0,0.0
2014-10-21,191.67999267578125,194.1999969482422,191.47999572753906,194.07000732421875,159.029541015625,154949000,0.0,0.0,0.0
2014-10-22,194.41000366210938,194.91000366210938,192.61000061035156,192.69000244140625,157.8987274169922,151822000,0.0,0.0,0.0
2014-10-23,194.6199951171875,196.1999969482422,194.25999450683594,194.92999267578125,159.7342529296875,154944000,0.0,0.0,0.0
2014-10-24,195.25,196.49000549316406,194.49000549316406,196.42999267578125,160.96343994140625,117927000,0.0,0.0,0.0
2014-10-27,195.72999572753906,196.4499969482422,195.02999877929688,196.16000366210938,160.74220275878906,82954000,0.0,0.0,0.0
2014-10-28,196.82000732421875,198.4199981689453,196.72999572753906,198.41000366210938,162.5859375,106736000,0.0,0.0,0.0
2014-10-29,198.5500030517578,199.1199951171875,196.8000030517578,198.11000061035156,162.340087890625,142557000,0.0,0.0,0.0
2014-10-30,197.5800018310547,199.9499969482422,197.39999389648438,199.3800048828125,163.38079833984375,113330000,0.0,0.0,0.0
2014-10-31,201.77999877929688,201.82000732421875,200.77000427246094,201.66000366210938,165.24911499023438,146903000,0.0,0.0,0.0
2014-11-03,201.9199981689453,202.4499969482422,201.30999755859375,201.77000427246094,165.3392791748047,93600000,0.0,0.0,0.0
2014-11-04,201.22999572753906,201.60000610351562,200.05999755859375,201.07000732421875,164.765625,93343000,0.0,0.0,0.0
2014-11-05,202.5399932861328,202.58999633789062,201.4499969482422,202.33999633789062,165.80636596679688,91709000,0.0,0.0,0.0
2014-11-06,202.38999938964844,203.25999450683594,201.63999938964844,203.14999389648438,166.47007751464844,107089000,0.0,0.0,0.0
2014-11-07,203.1699981689453,203.60000610351562,202.61000061035156,203.33999633789062,166.6258087158203,89540000,0.0,0.0,0.0
2014-11-10,203.3800048828125,204.0399932861328,203.1300048828125,203.97999572753906,167.15025329589844,66319000,0.0,0.0,0.0
2014-11-11,204.05999755859375,204.30999755859375,203.64999389648438,204.17999267578125,167.31405639648438,54499400,0.0,0.0,0.0
2014-11-12,203.35000610351562,204.24000549316406,203.30999755859375,203.9600067138672,167.1337890625,90120300,0.0,0.0,0.0
2014-11-13,204.16000366210938,204.8300018310547,203.2100067138672,204.19000244140625,167.3223114013672,85357900,0.0,0.0,0.0
2014-11-14,204.10000610351562,204.49000549316406,203.72000122070312,204.24000549316406,167.36326599121094,80417500,0.0,0.0,0.0
2014-11-17,203.85000610351562,204.5800018310547,203.64999389648438,204.3699951171875,167.46981811523438,80441000,0.0,0.0,0.0
2014-11-18,204.44000244140625,205.9199981689453,204.44000244140625,205.5500030517578,168.43675231933594,76068100,0.0,0.0,0.0
2014-11-19,205.30999755859375,205.5500030517578,204.3000030517578,205.22000122070312,168.16636657714844,82373000,0.0,0.0,0.0
2014-11-20,204.25999450683594,205.7100067138672,204.17999267578125,205.5800018310547,168.46133422851562,72840300,0.0,0.0,0.0
2014-11-21,207.63999938964844,207.83999633789062,205.97999572753906,206.67999267578125,169.36273193359375,142327300,0.0,0.0,0.0
2014-11-24,207.1699981689453,207.38999938964844,206.91000366210938,207.25999450683594,169.8379669189453,65880800,0.0,0.0,0.0
2014-11-25,207.5399932861328,207.7899932861328,206.8000030517578,207.11000061035156,169.715087890625,79108300,0.0,0.0,0.0
2014-11-26,207.2899932861328,207.75999450683594,207.02999877929688,207.63999938964844,170.14935302734375,62167800,0.0,0.0,0.0
2014-11-28,207.49000549316406,207.8699951171875,206.91000366210938,207.1999969482422,169.788818359375,57890100,0.0,0.0,0.0
2014-12-01,206.39999389648438,206.5399932861328,205.3800048828125,205.75999450683594,168.60887145996094,103968400,0.0,0.0,0.0
2014-12-02,205.80999755859375,207.33999633789062,205.77999877929688,207.08999633789062,169.69866943359375,74507200,0.0,0.0,0.0
2014-12-03,207.3000030517578,208.14999389648438,207.10000610351562,207.88999938964844,170.35427856445312,68952000,0.0,0.0,0.0
2014-12-04,207.5399932861328,208.27000427246094,206.6999969482422,207.66000366210938,170.16575622558594,91316600,0.0,0.0,0.0
2014-12-05,207.8699951171875,208.47000122070312,207.5500030517578,208.0,170.4443817138672,91025500,0.0,0.0,0.0
2014-12-08,207.52000427246094,208.1199951171875,205.92999267578125,206.61000061035156,169.30538940429688,108588200,0.0,0.0,0.0
2014-12-09,204.3699951171875,206.60000610351562,203.91000366210938,206.47000122070312,169.1905975341797,125180100,0.0,0.0,0.0
2014-12-10,205.91000366210938,205.97999572753906,202.92999267578125,203.16000366210938,166.47830200195312,159856400,0.0,0.0,0.0
2014-12-11,203.8800048828125,206.19000244140625,203.7100067138672,204.19000244140625,167.3223114013672,159012800,0.0,0.0,0.0
2014-12-12,202.63999938964844,203.82000732421875,200.85000610351562,200.88999938964844,164.61817932128906,202330200,0.0,0.0,0.0
2014-12-15,201.97999572753906,202.52999877929688,198.77999877929688,199.50999450683594,163.4872589111328,189965800,0.0,0.0,0.0
2014-12-16,198.5800018310547,202.39999389648438,197.86000061035156,197.91000366210938,162.17620849609375,259543800,0.0,0.0,0.0
2014-12-17,198.44000244140625,202.33999633789062,198.2899932861328,201.7899932861328,165.35562133789062,253910100,0.0,0.0,0.0
2014-12-18,204.74000549316406,212.97000122070312,203.9199981689453,206.77999877929688,169.4446563720703,257633900,0.0,0.0,0.0
2014-12-19,206.42999267578125,207.3300018310547,205.61000061035156,206.52000427246094,170.16566467285156,245084600,1.135,0.0,0.0
2014-12-22,206.75,207.47000122070312,206.4600067138672,207.47000122070312,170.94845581054688,148318900,0.0,0.0,0.0
2014-12-23,208.1699981689453,208.22999572753906,207.39999389648438,207.75,171.1791229248047,122167900,0.0,0.0,0.0
2014-12-24,208.02000427246094,208.33999633789062,207.72000122070312,207.77000427246094,171.1956024169922,42963400,0.0,0.0,0.0
2014-12-26,208.30999755859375,208.85000610351562,208.25,208.44000244140625,171.74765014648438,57326700,0.0,0.0,0.0
2014-12-29,208.22000122070312,208.97000122070312,208.13999938964844,208.72000122070312,171.9783477783203,79643900,0.0,0.0,0.0
2014-12-30,208.2100067138672,208.3699951171875,207.50999450683594,207.60000610351562,171.05551147460938,73540800,0.0,0.0,0.0
2014-12-31,207.99000549316406,208.19000244140625,205.38999938964844,205.5399932861328,169.35816955566406,130333800,0.0,0.0,0.0
2015-01-02,206.3800048828125,206.8800048828125,204.17999267578125,205.42999267578125,169.2675323486328,121465900,0.0,0.0,0.0
2015-01-05,204.1699981689453,204.3699951171875,201.35000610351562,201.72000122070312,166.2106170654297,169632600,0.0,0.0,0.0
2015-01-06,202.08999633789062,202.72000122070312,198.86000061035156,199.82000732421875,164.64508056640625,209151400,0.0,0.0,0.0
2015-01-07,201.4199981689453,202.72000122070312,200.8800048828125,202.30999755859375,166.6967315673828,125346700,0.0,0.0,0.0
2015-01-08,204.00999450683594,206.16000366210938,203.99000549316406,205.89999389648438,169.65476989746094,147217800,0.0,0.0,0.0
2015-01-09,206.39999389648438,206.4199981689453,203.50999450683594,204.25,168.2952423095703,158567300,0.0,0.0,0.0
2015-01-12,204.41000366210938,204.60000610351562,201.9199981689453,202.64999389648438,166.97691345214844,144396100,0.0,0.0,0.0
2015-01-13,204.1199951171875,205.47999572753906,200.50999450683594,202.0800018310547,166.5072021484375,214553300,0.0,0.0,0.0
2015-01-14,199.64999389648438,201.10000610351562,198.57000732421875,200.86000061035156,165.50201416015625,192991100,0.0,0.0,0.0
2015-01-15,201.6300048828125,202.00999450683594,198.8800048828125,199.02000427246094,163.98594665527344,176613900,0.0,0.0,0.0
2015-01-16,198.77000427246094,201.82000732421875,198.5500030517578,201.6300048828125,166.136474609375,211879600,0.0,0.0,0.0
2015-01-20,202.39999389648438,202.72000122070312,200.1699981689453,202.05999755859375,166.4907989501953,130991100,0.0,0.0,0.0
2015-01-21,201.5,203.66000366210938,200.94000244140625,203.0800018310547,167.3311767578125,122942700,0.0,0.0,0.0
2015-01-22,203.99000549316406,206.25999450683594,202.3300018310547,206.10000610351562,169.81959533691406,174356000,0.0,0.0,0.0
2015-01-23,205.7899932861328,206.10000610351562,204.80999755859375,204.97000122070312,168.88848876953125,117516800,0.0,0.0,0.0
2015-01-26,204.7100067138672,205.55999755859375,203.85000610351562,205.4499969482422,169.2840118408203,92009700,0.0,0.0,0.0
2015-01-27,202.97000122070312,204.1199951171875,201.74000549316406,202.74000549316406,167.0510711669922,134044600,0.0,0.0,0.0
2015-01-28,204.1699981689453,204.2899932861328,199.91000366210938,200.13999938964844,164.90872192382812,168514300,0.0,0.0,0.0
2015-01-29,200.3800048828125,202.3000030517578,198.67999267578125,201.99000549316406,166.43309020996094,173585400,0.0,0.0,0.0
2015-01-30,200.57000732421875,202.1699981689453,199.1300048828125,199.4499969482422,164.3401641845703,197729700,0.0,0.0,0.0
2015-02-02,200.0500030517578,202.02999877929688,197.86000061035156,201.9199981689453,166.3754119873047,163107000,0.0,0.0,0.0
2015-02-03,203.0,204.85000610351562,202.5500030517578,204.83999633789062,168.78138732910156,124212900,0.0,0.0,0.0
2015-02-04,203.9199981689453,205.3800048828125,203.50999450683594,204.05999755859375,168.13870239257812,134306700,0.0,0.0,0.0
2015-02-05,204.86000061035156,206.3000030517578,204.77000427246094,206.1199951171875,169.8360595703125,97953200,0.0,0.0,0.0
2015-02-06,206.55999755859375,207.24000549316406,204.9199981689453,205.5500030517578,169.3663787841797,125672000,0.0,0.0,0.0
2015-02-09,204.77000427246094,205.63999938964844,204.13999938964844,204.6300048828125,168.60836791992188,87219000,0.0,0.0,0.0
2015-02-10,205.8800048828125,207.1199951171875,204.67999267578125,206.80999755859375,170.40460205078125,96164200,0.0,0.0,0.0
2015-02-11,206.61000061035156,207.4499969482422,205.8300018310547,206.92999267578125,170.5034942626953,91087800,0.0,0.0,0.0
2015-02-12,207.88999938964844,208.99000549316406,206.97000122070312,208.9199981689453,172.14317321777344,97545900,0.0,0.0,0.0
2015-02-13,209.07000732421875,209.83999633789062,208.75999450683594,209.77999877929688,172.851806640625,93670400,0.0,0.0,0.0
2015-02-17,209.39999389648438,210.32000732421875,209.10000610351562,210.11000061035156,173.1236572265625,76968200,0.0,0.0,0.0
2015-02-18,209.66000366210938,210.22000122070312,209.33999633789062,210.1300048828125,173.14016723632812,80652900,0.0,0.0,0.0
2015-02-19,209.41000366210938,210.4199981689453,209.24000549316406,209.97999572753906,173.0165557861328,91462500,0.0,0.0,0.0
2015-02-20,209.47999572753906,211.3300018310547,208.72999572753906,211.24000549316406,174.05482482910156,140896400,0.0,0.0,0.0
2015-02-23,210.94000244140625,211.2100067138672,210.47999572753906,211.2100067138672,174.03005981445312,74411100,0.0,0.0,0.0
2015-02-24,211.1199951171875,212.0500030517578,210.75999450683594,211.80999755859375,174.52444458007812,72472300,0.0,0.0,0.0
2015-02-25,211.66000366210938,212.24000549316406,211.22000122070312,211.6300048828125,174.37611389160156,73061700,0.0,0.0,0.0
2015-02-26,211.52000427246094,211.7100067138672,210.64999389648438,211.3800048828125,174.1701202392578,72697900,0.0,0.0,0.0
2015-02-27,211.25999450683594,211.5800018310547,210.60000610351562,210.66000366210938,173.57687377929688,108076000,0.0,0.0,0.0
2015-03-02,210.77999877929688,212.05999755859375,210.72000122070312,211.99000549316406,174.6727752685547,87491400,0.0,0.0,0.0
2015-03-03,211.47000122070312,212.0500030517578,210.0800018310547,211.1199951171875,173.95590209960938,110325800,0.0,0.0,0.0
2015-03-04,210.39999389648438,210.49000549316406,209.05999755859375,210.22999572753906,173.22254943847656,114497200,0.0,0.0,0.0
2015-03-05,210.6199951171875,210.8000030517578,209.85000610351562,210.4600067138672,173.41207885742188,76873000,0.0,0.0,0.0
2015-03-06,209.4199981689453,209.94000244140625,207.10000610351562,207.5,170.97312927246094,188128000,0.0,0.0,0.0
2015-03-09,207.74000549316406,208.7899932861328,207.5500030517578,208.36000061035156,171.68173217773438,89818900,0.0,0.0,0.0
2015-03-10,206.7100067138672,206.80999755859375,204.92999267578125,204.97999572753906,168.89669799804688,157121300,0.0,0.0,0.0
2015-03-11,205.2899932861328,205.5,204.39999389648438,204.5,168.50125122070312,110145700,0.0,0.0,0.0
2015-03-12,205.25999450683594,207.17999267578125,205.1999969482422,207.10000610351562,170.64356994628906,93993500,0.0,0.0,0.0
2015-03-13,206.77000427246094,207.92999267578125,204.5800018310547,205.8300018310547,169.59715270996094,162410900,0.0,0.0,0.0
2015-03-16,206.7100067138672,208.69000244140625,205.86000061035156,208.5800018310547,171.86297607421875,136099200,0.0,0.0,0.0
2015-03-17,207.69000244140625,208.4199981689453,206.97999572753906,207.9600067138672,171.35214233398438,94510400,0.0,0.0,0.0
2015-03-18,207.38999938964844,211.27000427246094,206.6199951171875,210.4600067138672,173.41207885742188,228808500,0.0,0.0,0.0
2015-03-19,209.9600067138672,210.47000122070312,209.02999877929688,209.5,172.62106323242188,117917300,0.0,0.0,0.0
2015-03-20,209.7100067138672,211.02000427246094,209.49000549316406,210.41000366210938,174.14479064941406,177715100,0.931,0.0,0.0
2015-03-23,210.4199981689453,211.11000061035156,210.0,210.0,173.805419921875,71784500,0.0,0.0,0.0
2015-03-24,209.85000610351562,210.39999389648438,208.74000549316406,208.82000732421875,172.82882690429688,77805300,0.0,0.0,0.0
2015-03-25,209.07000732421875,209.35000610351562,205.7100067138672,205.75999450683594,170.29627990722656,159521700,0.0,0.0,0.0
2015-03-26,204.9600067138672,206.3699951171875,204.1199951171875,205.27000427246094,169.89071655273438,153067200,0.0,0.0,0.0
2015-03-27,205.1300048828125,205.9499969482422,204.89999389648438,205.74000549316406,170.27964782714844,118939000,0.0,0.0,0.0
2015-03-30,206.97999572753906,208.61000061035156,206.9600067138672,208.25,172.3571014404297,96180400,0.0,0.0,0.0
2015-03-31,207.25999450683594,208.10000610351562,206.36000061035156,206.42999267578125,170.8507537841797,126768700,0.0,0.0,0.0
2015-04-01,206.38999938964844,206.4199981689453,204.50999450683594,205.6999969482422,170.2465362548828,137303600,0.0,0.0,0.0
2015-04-02,205.6199951171875,206.97999572753906,205.39999389648438,206.44000244140625,170.85902404785156,86900900,0.0,0.0,0.0
2015-04-06,205.3699951171875,208.4499969482422,205.2100067138672,207.8300018310547,172.0094451904297,114368200,0.0,0.0,0.0
2015-04-07,207.86000061035156,208.75999450683594,207.24000549316406,207.27999877929688,171.5542449951172,81236300,0.0,0.0,0.0
2015-04-08,207.5500030517578,208.50999450683594,207.0800018310547,207.97999572753906,172.1335906982422,89351900,0.0,0.0,0.0
2015-04-09,207.77999877929688,209.17999267578125,207.19000244140625,208.89999389648438,172.89500427246094,85548900,0.0,0.0,0.0
2015-04-10,209.1999969482422,210.08999633789062,208.9600067138672,210.0399932861328,173.8385009765625,72722900,0.0,0.0,0.0
2015-04-13,209.8699951171875,210.6300048828125,209.02999877929688,209.08999633789062,173.05224609375,74436600,0.0,0.0,0.0
2015-04-14,208.85000610351562,209.7100067138672,208.10000610351562,209.49000549316406,173.38333129882812,75099900,0.0,0.0,0.0
2015-04-15,210.0500030517578,211.0399932861328,209.9499969482422,210.42999267578125,174.1613006591797,99529300,0.0,0.0,0.0
2015-04-16,210.02999877929688,210.97999572753906,209.7899932861328,210.3699951171875,174.11163330078125,68934900,0.0,0.0,0.0
2015-04-17,208.94000244140625,209.22999572753906,207.00999450683594,207.9499969482422,172.10879516601562,191113200,0.0,0.0,0.0
2015-04-20,209.05999755859375,210.25,208.9600067138672,209.85000610351562,173.68124389648438,92189500,0.0,0.0,0.0
2015-04-21,210.6699981689453,210.86000061035156,209.24000549316406,209.60000610351562,173.474365234375,72559800,0.0,0.0,0.0
2015-04-22,210.00999450683594,210.85000610351562,208.89999389648438,210.6300048828125,174.3268280029297,78264600,0.0,0.0,0.0
2015-04-23,210.14999389648438,211.94000244140625,210.00999450683594,211.16000366210938,174.76553344726562,102585900,0.0,0.0,0.0
2015-04-24,211.66000366210938,211.97000122070312,211.11000061035156,211.64999389648438,175.1710205078125,61327400,0.0,0.0,0.0
2015-04-27,212.3300018310547,212.47999572753906,210.5399932861328,210.77000427246094,174.4427032470703,79358100,0.0,0.0,0.0
2015-04-28,210.74000549316406,211.5,209.3300018310547,211.44000244140625,174.9972381591797,86863500,0.0,0.0,0.0
2015-04-29,210.3699951171875,211.2899932861328,209.60000610351562,210.57000732421875,174.27719116210938,125684900,0.0,0.0,0.0
2015-04-30,209.8800048828125,210.35000610351562,207.6199951171875,208.4600067138672,172.53086853027344,161304900,0.0,0.0,0.0
2015-05-01,209.39999389648438,210.77000427246094,209.27999877929688,210.72000122070312,174.4013214111328,103399700,0.0,0.0,0.0
2015-05-04,211.22999572753906,212.02000427246094,211.10000610351562,211.32000732421875,174.89791870117188,70927200,0.0,0.0,0.0
2015-05-05,211.02999877929688,211.4600067138672,208.72999572753906,208.89999389648438,172.89500427246094,113326200,0.0,0.0,0.0
2015-05-06,209.55999755859375,209.92999267578125,206.75999450683594,208.0399932861328,172.18324279785156,135060200,0.0,0.0,0.0
2015-05-07,207.9199981689453,209.3800048828125,207.52000427246094,208.8699951171875,172.87014770507812,88244900,0.0,0.0,0.0
2015-05-08,210.8800048828125,211.86000061035156,210.77999877929688,211.6199951171875,175.14620971679688,155877300,0.0,0.0,0.0
2015-05-11,211.57000732421875,211.88999938964844,210.52000427246094,210.61000061035156,174.31027221679688,75708100,0.0,0.0,0.0
2015-05-12,209.61000061035156,210.6300048828125,208.6199951171875,209.97999572753906,173.7888946533203,119727600,0.0,0.0,0.0
2015-05-13,210.47000122070312,211.22000122070312,209.74000549316406,210.02000427246094,173.822021484375,94667900,0.0,0.0,0.0
2015-05-14,211.24000549316406,212.32000732421875,210.91000366210938,212.2100067138672,175.6345672607422,95934000,0.0,0.0,0.0
2015-05-15,212.44000244140625,212.61000061035156,211.86000061035156,212.44000244140625,175.8248748779297,76510100,0.0,0.0,0.0
2015-05-18,212.24000549316406,213.39999389648438,212.16000366210938,213.10000610351562,176.37118530273438,74549700,0.0,0.0,0.0
2015-05-19,213.24000549316406,213.57000732421875,212.69000244140625,213.02999877929688,176.31321716308594,72114600,0.0,0.0,0.0
2015-05-20,213.14999389648438,213.77999877929688,212.5,212.8800048828125,176.18910217285156,76857500,0.0,0.0,0.0
2015-05-21,212.7100067138672,213.75,212.50999450683594,213.5,176.70220947265625,64764600,0.0,0.0,0.0
2015-05-22,213.0399932861328,213.5399932861328,212.91000366210938,212.99000549316406,176.2801055908203,57433500,0.0,0.0,0.0
2015-05-26,212.39999389648438,212.91000366210938,210.1999969482422,210.6999969482422,174.38478088378906,124308600,0.0,0.0,0.0
2015-05-27,211.25,212.97999572753906,210.75999450683594,212.6999969482422,176.0400390625,93214000,0.0,0.0,0.0
2015-05-28,212.3300018310547,212.58999633789062,211.6300048828125,212.4600067138672,175.84146118164062,74974600,0.0,0.0,0.0
2015-05-29,212.3800048828125,212.42999267578125,210.82000732421875,211.13999938964844,174.74896240234375,124919600,0.0,0.0,0.0
2015-06-01,211.94000244140625,212.33999633789062,210.6199951171875,211.57000732421875,175.1048583984375,93338800,0.0,0.0,0.0
2015-06-02,211.02000427246094,212.19000244140625,210.27000427246094,211.36000061035156,174.9310302734375,91531000,0.0,0.0,0.0
2015-06-03,212.0,212.6699981689453,211.3300018310547,211.9199981689453,175.39454650878906,87820900,0.0,0.0,0.0
2015-06-04,211.07000732421875,211.86000061035156,209.75,210.1300048828125,173.91302490234375,151882800,0.0,0.0,0.0
2015-06-05,209.9499969482422,210.5800018310547,208.97999572753906,209.77000427246094,173.6150665283203,121704700,0.0,0.0,0.0
2015-06-08,209.63999938964844,209.82000732421875,208.38999938964844,208.47999572753906,172.5474395751953,89063300,0.0,0.0,0.0
2015-06-09,208.4499969482422,209.10000610351562,207.69000244140625,208.4499969482422,172.5225372314453,105034700,0.0,0.0,0.0
2015-06-10,209.3699951171875,211.41000366210938,209.3000030517578,210.9499969482422,174.59170532226562,134551300,0.0,0.0,0.0
2015-06-11,211.47999572753906,212.08999633789062,211.1999969482422,211.6300048828125,175.15451049804688,73876400,0.0,0.0,0.0
2015-06-12,210.63999938964844,211.47999572753906,209.67999267578125,210.00999450683594,173.81369018554688,135382400,0.0,0.0,0.0
2015-06-15,208.63999938964844,209.4499969482422,207.7899932861328,209.11000061035156,173.0688018798828,124384200,0.0,0.0,0.0
2015-06-16,208.92999267578125,210.35000610351562,208.72000122070312,210.25,174.01234436035156,85308200,0.0,0.0,0.0
2015-06-17,210.58999633789062,211.32000732421875,209.36000061035156,210.58999633789062,174.29373168945312,126708600,0.0,0.0,0.0
2015-06-18,211.30999755859375,213.33999633789062,210.6300048828125,212.77999877929688,176.10630798339844,165867900,0.0,0.0,0.0
2015-06-19,211.4600067138672,211.5500030517578,210.36000061035156,210.80999755859375,175.32452392578125,130478700,1.03,0.0,0.0
2015-06-22,211.91000366210938,212.58999633789062,211.63999938964844,211.88999938964844,176.22276306152344,70696000,0.0,0.0,0.0
2015-06-23,212.13999938964844,212.44000244140625,211.57000732421875,212.0399932861328,176.3474578857422,68476800,0.0,0.0,0.0
2015-06-24,211.72000122070312,212.1699981689453,210.47000122070312,210.5,175.06666564941406,92307300,0.0,0.0,0.0
2015-06-25,211.10000610351562,211.25,209.77000427246094,209.86000061035156,174.53439331054688,97107400,0.0,0.0,0.0
2015-06-26,210.2899932861328,210.5800018310547,209.16000366210938,209.82000732421875,174.50119018554688,104174800,0.0,0.0,0.0
2015-06-29,208.0500030517578,209.8300018310547,205.3300018310547,205.4199981689453,170.84181213378906,202621300,0.0,0.0,0.0
2015-06-30,207.25999450683594,207.32000732421875,205.27999877929688,205.85000610351562,171.1993865966797,182925100,0.0,0.0,0.0
2015-07-01,207.72999572753906,208.02999877929688,206.55999755859375,207.5,172.57168579101562,135979900,0.0,0.0,0.0
2015-07-02,208.07000732421875,208.27000427246094,206.80999755859375,207.30999755859375,172.4136505126953,104373700,0.0,0.0,0.0
2015-07-06,205.77000427246094,207.64999389648438,205.52999877929688,206.72000122070312,171.92298889160156,117975400,0.0,0.0,0.0
2015-07-07,206.9600067138672,208.1699981689453,204.11000061035156,208.02000427246094,173.00416564941406,173820200,0.0,0.0,0.0
2015-07-08,206.4199981689453,206.75999450683594,204.25,204.52999877929688,170.10166931152344,164020100,0.0,0.0,0.0
2015-07-09,207.0399932861328,207.35000610351562,204.77000427246094,204.89999389648438,170.40931701660156,144113100,0.0,0.0,0.0
2015-07-10,207.2899932861328,207.97999572753906,204.9499969482422,207.47999572753906,172.5550537109375,129456900,0.0,0.0,0.0
2015-07-13,208.99000549316406,209.89999389648438,208.94000244140625,209.77000427246094,174.45957946777344,106069400,0.0,0.0,0.0
2015-07-14,209.72000122070312,211.0500030517578,209.64999389648438,210.67999267578125,175.21641540527344,81709600,0.0,0.0,0.0
2015-07-15,210.72999572753906,211.27999877929688,210.0399932861328,210.61000061035156,175.1581573486328,97914100,0.0,0.0,0.0
2015-07-16,211.8699951171875,212.3000030517578,211.5800018310547,212.3000030517578,176.56373596191406,106683300,0.0,0.0,0.0
2015-07-17,212.2899932861328,212.5500030517578,211.8000030517578,212.47999572753906,176.71343994140625,89030000,0.0,0.0,0.0
2015-07-20,212.75,213.17999267578125,212.2100067138672,212.58999633789062,176.80491638183594,70446800,0.0,0.0,0.0
2015-07-21,212.42999267578125,212.74000549316406,211.38999938964844,211.75,176.1062469482422,77965000,0.0,0.0,0.0
2015-07-22,210.92999267578125,211.77000427246094,210.88999938964844,211.3699951171875,175.79025268554688,88667900,0.0,0.0,0.0
2015-07-23,211.52999877929688,211.64999389648438,209.75,210.17999267578125,174.80059814453125,90509100,0.0,0.0,0.0
2015-07-24,210.3000030517578,210.3699951171875,207.60000610351562,208.0,172.9874725341797,117755000,0.0,0.0,0.0
2015-07-27,206.94000244140625,207.5500030517578,206.25999450683594,206.7899932861328,171.9811553955078,132361100,0.0,0.0,0.0
2015-07-28,207.7899932861328,209.5,206.8000030517578,209.3300018310547,174.09365844726562,123544800,0.0,0.0,0.0
2015-07-29,209.47999572753906,211.0399932861328,209.30999755859375,210.77000427246094,175.29124450683594,105791300,0.0,0.0,0.0
2015-07-30,210.16000366210938,211.02000427246094,209.4199981689453,210.82000732421875,175.33285522460938,91304400,0.0,0.0,0.0
2015-07-31,211.4199981689453,211.4499969482422,210.16000366210938,210.5,175.06666564941406,103266900,0.0,0.0,0.0
2015-08-03,210.4600067138672,210.52999877929688,208.64999389648438,209.7899932861328,174.47625732421875,113965700,0.0,0.0,0.0
2015-08-04,209.6999969482422,210.25,208.8000030517578,209.3800048828125,174.13522338867188,81820800,0.0,0.0,0.0
2015-08-05,210.4499969482422,211.30999755859375,209.72999572753906,210.07000732421875,174.70912170410156,85786800,0.0,0.0,0.0
2015-08-06,210.2899932861328,210.4199981689453,207.64999389648438,208.35000610351562,173.27862548828125,116030800,0.0,0.0,0.0
2015-08-07,208.16000366210938,208.33999633789062,206.8699951171875,207.9499969482422,172.94595336914062,117858000,0.0,0.0,0.0
2015-08-10,209.27999877929688,210.6699981689453,209.27999877929688,210.57000732421875,175.12490844726562,80270700,0.0,0.0,0.0
2015-08-11,208.97000122070312,209.47000122070312,207.75999450683594,208.6699981689453,173.54473876953125,126081400,0.0,0.0,0.0
2015-08-12,207.11000061035156,209.13999938964844,205.36000061035156,208.9199981689453,173.75265502929688,172123700,0.0,0.0,0.0
2015-08-13,208.72999572753906,209.5500030517578,208.00999450683594,208.66000366210938,173.5364227294922,89383300,0.0,0.0,0.0
2015-08-14,208.42999267578125,209.50999450683594,208.25999450683594,209.4199981689453,174.1685028076172,72786500,0.0,0.0,0.0
2015-08-17,208.7100067138672,210.58999633789062,208.16000366210938,210.58999633789062,175.1415557861328,79072600,0.0,0.0,0.0
2015-08-18,210.25999450683594,210.67999267578125,209.6999969482422,209.97999572753906,174.6342315673828,71692700,0.0,0.0,0.0
2015-08-19,209.08999633789062,210.00999450683594,207.35000610351562,208.32000732421875,173.253662109375,172946000,0.0,0.0,0.0
2015-08-20,206.50999450683594,208.2899932861328,203.89999389648438,203.97000122070312,169.63587951660156,194327900,0.0,0.0,0.0
2015-08-21,201.72999572753906,203.94000244140625,197.52000427246094,197.8300018310547,164.5294647216797,346588500,0.0,0.0,0.0
2015-08-24,187.49000549316406,197.47999572753906,182.39999389648438,189.5,157.60154724121094,507244300,0.0,0.0,0.0
2015-08-25,195.42999267578125,195.4499969482422,186.9199981689453,187.27000427246094,155.74700927734375,369833100,0.0,0.0,0.0
2015-08-26,192.0800018310547,194.7899932861328,188.3699951171875,194.4600067138672,161.7267608642578,339257000,0.0,0.0,0.0
2015-08-27,197.02000427246094,199.4199981689453,195.2100067138672,199.27000427246094,165.7270050048828,274143900,0.0,0.0,0.0
2015-08-28,198.5,199.83999633789062,197.9199981689453,199.27999877929688,165.73533630371094,160414400,0.0,0.0,0.0
2015-08-31,198.11000061035156,199.1300048828125,197.00999450683594,197.6699981689453,164.39637756347656,163298800,0.0,0.0,0.0
2015-09-01,193.1199951171875,194.77000427246094,190.72999572753906,191.77000427246094,159.489501953125,256000400,0.0,0.0,0.0
2015-09-02,194.6199951171875,195.4600067138672,192.4199981689453,195.41000366210938,162.51678466796875,160269300,0.0,0.0,0.0
2015-09-03,196.25999450683594,198.0500030517578,194.9600067138672,195.5500030517578,162.6332244873047,152087800,0.0,0.0,0.0
2015-09-04,192.85000610351562,193.86000061035156,191.61000061035156,192.58999633789062,160.1714630126953,207081000,0.0,0.0,0.0
2015-09-08,195.94000244140625,197.61000061035156,195.1699981689453,197.42999267578125,164.19674682617188,116025700,0.0,0.0,0.0
2015-09-09,199.32000732421875,199.47000122070312,194.35000610351562,194.7899932861328,162.00115966796875,149347700,0.0,0.0,0.0
2015-09-10,194.55999755859375,197.22000122070312,194.25,195.85000610351562,162.88270568847656,158611100,0.0,0.0,0.0
2015-09-11,195.3800048828125,196.82000732421875,194.52999877929688,196.74000549316406,163.62290954589844,119691200,0.0,0.0,0.0
2015-09-14,196.9499969482422,197.00999450683594,195.42999267578125,196.00999450683594,163.01580810546875,79452000,0.0,0.0,0.0
2015-09-15,196.61000061035156,198.99000549316406,195.9600067138672,198.4600067138672,165.0533905029297,113806200,0.0,0.0,0.0
2015-09-16,198.82000732421875,200.41000366210938,198.41000366210938,200.17999267578125,166.48388671875,99581600,0.0,0.0,0.0
2015-09-17,200.02000427246094,202.88999938964844,199.27999877929688,199.72999572753906,166.1095733642578,276046600,0.0,0.0,0.0
2015-09-18,195.7100067138672,198.67999267578125,194.9600067138672,195.4499969482422,163.39512634277344,223657500,1.033,0.0,0.0
2015-09-21,196.44000244140625,197.67999267578125,195.2100067138672,196.4600067138672,164.23947143554688,105726200,0.0,0.0,0.0
2015-09-22,193.8800048828125,194.4600067138672,192.55999755859375,193.91000366210938,162.107666015625,153890900,0.0,0.0,0.0
2015-09-23,194.11000061035156,194.6699981689453,192.91000366210938,193.60000610351562,161.84854125976562,92790600,0.0,0.0,0.0
2015-09-24,192.14999389648438,193.4499969482422,190.55999755859375,192.89999389648438,161.2633056640625,159378800,0.0,0.0,0.0
2015-09-25,194.63999938964844,195.0,191.80999755859375,192.85000610351562,161.22158813476562,155054800,0.0,0.0,0.0
2015-09-28,191.77999877929688,191.91000366210938,187.63999938964844,188.00999450683594,157.17530822753906,178515900,0.0,0.0,0.0
2015-09-29,188.27000427246094,189.74000549316406,186.92999267578125,188.1199951171875,157.2672882080078,159045600,0.0,0.0,0.0
2015-09-30,190.3699951171875,191.8300018310547,189.44000244140625,191.6300048828125,160.20166015625,163452000,0.0,0.0,0.0
2015-10-01,192.0800018310547,192.49000549316406,189.82000732421875,192.1300048828125,160.61959838867188,131079000,0.0,0.0,0.0
2015-10-02,189.77000427246094,195.02999877929688,189.1199951171875,195.0,163.0189208984375,211003300,0.0,0.0,0.0
2015-10-05,196.4600067138672,198.74000549316406,196.3300018310547,198.47000122070312,165.91983032226562,126320800,0.0,0.0,0.0
2015-10-06,198.30999755859375,198.97999572753906,197.0,197.7899932861328,165.3513641357422,110274500,0.0,0.0,0.0
2015-10-07,198.89999389648438,199.8300018310547,197.47999572753906,199.41000366210938,166.7056427001953,124307300,0.0,0.0,0.0
2015-10-08,198.9499969482422,201.5500030517578,198.58999633789062,201.2100067138672,168.21044921875,153055200,0.0,0.0,0.0
2015-10-09,201.3800048828125,201.89999389648438,200.5800018310547,201.3300018310547,168.3107452392578,107069200,0.0,0.0,0.0
2015-10-12,201.4199981689453,201.75999450683594,200.91000366210938,201.52000427246094,168.4696502685547,56395600,0.0,0.0,0.0
2015-10-13,200.64999389648438,202.16000366210938,200.0500030517578,200.25,167.40789794921875,88038700,0.0,0.0,0.0
2015-10-14,200.17999267578125,200.8699951171875,198.94000244140625,199.2899932861328,166.6053009033203,99106200,0.0,0.0,0.0
2015-10-15,200.0800018310547,202.36000061035156,199.63999938964844,202.35000610351562,169.1634521484375,134142200,0.0,0.0,0.0
2015-10-16,202.8300018310547,203.2899932861328,201.9199981689453,203.27000427246094,169.93263244628906,114580100,0.0,0.0,0.0
2015-10-19,202.5,203.3699951171875,202.1300048828125,203.3699951171875,170.01625061035156,76523900,0.0,0.0,0.0
2015-10-20,202.85000610351562,203.83999633789062,202.5500030517578,203.11000061035156,169.79884338378906,78448500,0.0,0.0,0.0
2015-10-21,203.61000061035156,203.7899932861328,201.64999389648438,201.85000610351562,168.7454833984375,102038000,0.0,0.0,0.0
2015-10-22,202.97999572753906,205.50999450683594,201.85000610351562,205.25999450683594,171.59622192382812,174911700,0.0,0.0,0.0
2015-10-23,207.25,207.9499969482422,206.3000030517578,207.50999450683594,173.47718811035156,144442300,0.0,0.0,0.0
2015-10-26,207.3000030517578,207.3699951171875,206.55999755859375,207.0,173.0509033203125,69033000,0.0,0.0,0.0
2015-10-27,206.1999969482422,207.0,205.7899932861328,206.60000610351562,172.7165069580078,77905800,0.0,0.0,0.0
2015-10-28,207.0,208.97999572753906,206.2100067138672,208.9499969482422,174.68104553222656,135906700,0.0,0.0,0.0
2015-10-29,208.35000610351562,209.27000427246094,208.2100067138672,208.8300018310547,174.5807647705078,90525500,0.0,0.0,0.0
2015-10-30,209.05999755859375,209.44000244140625,207.74000549316406,207.92999267578125,173.82826232910156,131076900,0.0,0.0,0.0
2015-11-02,208.32000732421875,210.6199951171875,208.1699981689453,210.38999938964844,175.8848419189453,86270800,0.0,0.0,0.0
2015-11-03,209.97000122070312,211.66000366210938,209.6999969482422,211.0,176.3948211669922,95246100,0.0,0.0,0.0
2015-11-04,211.35000610351562,211.5,209.72000122070312,210.36000061035156,175.85983276367188,96224500,0.0,0.0,0.0
2015-11-05,210.42999267578125,210.97999572753906,209.08999633789062,210.14999389648438,175.6842041015625,78408700,0.0,0.0,0.0
2015-11-06,209.74000549316406,210.32000732421875,208.4600067138672,210.0399932861328,175.59225463867188,110471500,0.0,0.0,0.0
2015-11-09,209.30999755859375,209.49000549316406,206.9499969482422,208.0800018310547,173.95372009277344,131008700,0.0,0.0,0.0
2015-11-10,207.50999450683594,208.60000610351562,207.19000244140625,208.55999755859375,174.35498046875,75874600,0.0,0.0,0.0
2015-11-11,208.8800048828125,208.94000244140625,207.66000366210938,207.74000549316406,173.6694793701172,67846000,0.0,0.0,0.0
2015-11-12,206.5,207.05999755859375,204.82000732421875,204.83999633789062,171.24514770507812,121315200,0.0,0.0,0.0
2015-11-13,204.35000610351562,204.6699981689453,202.44000244140625,202.5399932861328,169.32228088378906,153577100,0.0,0.0,0.0
2015-11-16,202.32000732421875,205.69000244140625,202.17999267578125,205.6199951171875,171.89718627929688,117645200,0.0,0.0,0.0
2015-11-17,205.99000549316406,207.0399932861328,204.8800048828125,205.47000122070312,171.77178955078125,121123700,0.0,0.0,0.0
2015-11-18,206.0399932861328,208.89999389648438,205.99000549316406,208.72999572753906,174.4971160888672,121342500,0.0,0.0,0.0
2015-11-19,208.58999633789062,209.0500030517578,208.1999969482422,208.5500030517578,174.3466339111328,88220500,0.0,0.0,0.0
2015-11-20,209.4499969482422,210.1199951171875,208.86000061035156,209.30999755859375,174.98202514648438,94011500,0.0,0.0,0.0
2015-11-23,209.3800048828125,209.97999572753906,208.52000427246094,209.07000732421875,174.78138732910156,64931200,0.0,0.0,0.0
2015-11-24,207.8699951171875,209.8300018310547,207.41000366210938,209.35000610351562,175.01544189453125,98874400,0.0,0.0,0.0
2015-11-25,209.5,209.74000549316406,209.00999450683594,209.32000732421875,174.99034118652344,51980100,0.0,0.0,0.0
2015-11-27,209.42999267578125,209.8000030517578,208.86000061035156,209.55999755859375,175.1909637451172,37317800,0.0,0.0,0.0
2015-11-30,209.75,209.88999938964844,208.55999755859375,208.69000244140625,174.4636688232422,112822700,0.0,0.0,0.0
2015-12-01,209.44000244140625,210.82000732421875,209.11000061035156,210.67999267578125,176.1273193359375,97858400,0.0,0.0,0.0
2015-12-02,210.6199951171875,211.0,208.22999572753906,208.52999877929688,174.3299102783203,108441300,0.0,0.0,0.0
2015-12-03,208.8300018310547,209.14999389648438,204.75,205.61000061035156,171.88882446289062,166224200,0.0,0.0,0.0
2015-12-04,205.61000061035156,209.97000122070312,205.61000061035156,209.6199951171875,175.24114990234375,192913900,0.0,0.0,0.0
2015-12-07,209.22999572753906,209.72999572753906,207.1999969482422,208.35000610351562,174.1794891357422,102027100,0.0,0.0,0.0
2015-12-08,206.49000549316406,208.2899932861328,205.77999877929688,206.9499969482422,173.009033203125,103372400,0.0,0.0,0.0
2015-12-09,206.19000244140625,208.67999267578125,204.17999267578125,205.33999633789062,171.66311645507812,162401500,0.0,0.0,0.0
2015-12-10,205.4199981689453,207.42999267578125,205.13999938964844,205.8699951171875,172.10617065429688,116128900,0.0,0.0,0.0
2015-12-11,203.35000610351562,204.13999938964844,201.50999450683594,201.8800048828125,168.77059936523438,211173300,0.0,0.0,0.0
2015-12-14,202.07000732421875,203.0500030517578,199.9499969482422,202.89999389648438,169.62326049804688,182385200,0.0,0.0,0.0
2015-12-15,204.6999969482422,206.11000061035156,202.8699951171875,205.02999877929688,171.4039306640625,154069600,0.0,0.0,0.0
2015-12-16,206.3699951171875,208.38999938964844,204.8000030517578,208.02999877929688,173.91192626953125,197017000,0.0,0.0,0.0
2015-12-17,208.39999389648438,208.47999572753906,204.83999633789062,204.86000061035156,171.26185607910156,173092500,0.0,0.0,0.0
2015-12-18,202.77000427246094,202.92999267578125,199.8300018310547,200.02000427246094,168.2108154296875,251393500,1.212,0.0,0.0
2015-12-21,201.41000366210938,201.8800048828125,200.08999633789062,201.6699981689453,169.59832763671875,99094300,0.0,0.0,0.0
2015-12-22,202.72000122070312,203.85000610351562,201.5500030517578,203.5,171.1373748779297,111026200,0.0,0.0,0.0
2015-12-23,204.69000244140625,206.07000732421875,204.5800018310547,206.02000427246094,173.25665283203125,110987200,0.0,0.0,0.0
2015-12-24,205.72000122070312,206.3300018310547,205.4199981689453,205.67999267578125,172.97071838378906,48539600,0.0,0.0,0.0
2015-12-28,204.86000061035156,205.25999450683594,203.94000244140625,205.2100067138672,172.5753936767578,65899900,0.0,0.0,0.0
2015-12-29,206.50999450683594,207.7899932861328,206.47000122070312,207.39999389648438,174.4171142578125,92640700,0.0,0.0,0.0
2015-12-30,207.11000061035156,207.2100067138672,205.75999450683594,205.92999267578125,173.1809539794922,63317700,0.0,0.0,0.0
2015-12-31,205.1300048828125,205.88999938964844,203.8699951171875,203.8699951171875,171.44850158691406,114877900,0.0,0.0,0.0
2016-01-04,200.49000549316406,201.02999877929688,198.58999633789062,201.02000427246094,169.0517578125,222353500,0.0,0.0,0.0
2016-01-05,201.39999389648438,201.89999389648438,200.0500030517578,201.36000061035156,169.33773803710938,110845800,0.0,0.0,0.0
2016-01-06,198.33999633789062,200.05999755859375,197.60000610351562,198.82000732421875,167.20164489746094,152112600,0.0,0.0,0.0
2016-01-07,195.3300018310547,197.44000244140625,193.58999633789062,194.0500030517578,163.19017028808594,213436100,0.0,0.0,0.0
2016-01-08,195.19000244140625,195.85000610351562,191.5800018310547,191.9199981689453,161.3989715576172,209817200,0.0,0.0,0.0
2016-01-11,193.00999450683594,193.41000366210938,189.82000732421875,192.11000061035156,161.55870056152344,187941300,0.0,0.0,0.0
2016-01-12,193.82000732421875,194.5500030517578,191.13999938964844,193.66000366210938,162.8621826171875,172330500,0.0,0.0,0.0
2016-01-13,194.4499969482422,194.86000061035156,188.3800048828125,188.8300018310547,158.80030822753906,221168900,0.0,0.0,0.0
2016-01-14,189.5500030517578,193.25999450683594,187.66000366210938,191.92999267578125,161.40736389160156,240795600,0.0,0.0,0.0
2016-01-15,186.77000427246094,188.75999450683594,185.52000427246094,187.80999755859375,157.9425506591797,324846400,0.0,0.0,0.0
2016-01-19,189.9600067138672,190.11000061035156,186.1999969482422,188.05999755859375,158.15280151367188,195244400,0.0,0.0,0.0
2016-01-20,185.02999877929688,187.5,181.02000427246094,185.64999389648438,156.1260223388672,286547800,0.0,0.0,0.0
2016-01-21,186.2100067138672,188.8699951171875,184.63999938964844,186.69000244140625,157.0006103515625,195772900,0.0,0.0,0.0
2016-01-22,189.77999877929688,190.75999450683594,188.8800048828125,190.52000427246094,160.22152709960938,168319600,0.0,0.0,0.0
2016-01-25,189.9199981689453,190.14999389648438,187.41000366210938,187.63999938964844,157.799560546875,130371700,0.0,0.0,0.0
2016-01-26,188.4199981689453,190.52999877929688,188.02000427246094,190.1999969482422,159.9524688720703,141036800,0.0,0.0,0.0
2016-01-27,189.5800018310547,191.55999755859375,187.05999755859375,188.1300048828125,158.21163940429688,185681700,0.0,0.0,0.0
2016-01-28,189.9600067138672,190.1999969482422,187.16000366210938,189.11000061035156,159.0358123779297,143798800,0.0,0.0,0.0
2016-01-29,190.02000427246094,193.8800048828125,189.8800048828125,193.72000122070312,162.91270446777344,210529300,0.0,0.0,0.0
2016-02-01,192.52999877929688,194.5800018310547,191.83999633789062,193.64999389648438,162.85379028320312,136061600,0.0,0.0,0.0
2016-02-02,191.9600067138672,191.97000122070312,189.5399932861328,190.16000366210938,159.9188232421875,182564900,0.0,0.0,0.0
2016-02-03,191.41000366210938,191.77999877929688,187.10000610351562,191.3000030517578,160.87753295898438,205054900,0.0,0.0,0.0
2016-02-04,190.7100067138672,192.75,189.9600067138672,191.60000610351562,161.12986755371094,139531800,0.0,0.0,0.0
2016-02-05,190.99000549316406,191.6699981689453,187.1999969482422,187.9499969482422,158.060302734375,180788300,0.0,0.0,0.0
2016-02-08,185.77000427246094,186.1199951171875,182.8000030517578,185.4199981689453,155.93264770507812,191526700,0.0,0.0,0.0
2016-02-09,183.36000061035156,186.94000244140625,183.1999969482422,185.42999267578125,155.94105529785156,184513100,0.0,0.0,0.0
2016-02-10,186.41000366210938,188.33999633789062,185.1199951171875,185.27000427246094,155.8064727783203,148214100,0.0,0.0,0.0
2016-02-11,182.33999633789062,184.10000610351562,181.08999633789062,182.86000061035156,153.7797393798828,219058900,0.0,0.0,0.0
2016-02-12,184.9600067138672,186.64999389648438,183.9600067138672,186.6300048828125,156.95022583007812,127632400,0.0,0.0,0.0
2016-02-16,188.77000427246094,189.80999755859375,187.6300048828125,189.77999877929688,159.59922790527344,120250700,0.0,0.0,0.0
2016-02-17,191.16000366210938,193.32000732421875,191.00999450683594,192.8800048828125,162.20626831054688,136009500,0.0,0.0,0.0
2016-02-18,193.1999969482422,193.27000427246094,191.72000122070312,192.08999633789062,161.54188537597656,102343000,0.0,0.0,0.0
2016-02-19,191.1699981689453,192.17999267578125,190.4499969482422,192.0,161.4662322998047,114793000,0.0,0.0,0.0
2016-02-22,193.8699951171875,194.9499969482422,193.7899932861328,194.77999877929688,163.8041229248047,103640300,0.0,0.0,0.0
2016-02-23,194.0,194.32000732421875,192.17999267578125,192.32000732421875,161.73536682128906,111455300,0.0,0.0,0.0
2016-02-24,190.6300048828125,193.52999877929688,189.32000732421875,193.1999969482422,162.4753875732422,150812200,0.0,0.0,0.0
2016-02-25,193.72999572753906,195.5500030517578,192.8300018310547,195.5399932861328,164.4432373046875,110728300,0.0,0.0,0.0
2016-02-26,196.57000732421875,196.67999267578125,194.89999389648438,195.08999633789062,164.0648193359375,129833700,0.0,0.0,0.0
2016-02-29,195.11000061035156,196.22999572753906,193.3300018310547,193.55999755859375,162.77816772460938,125918100,0.0,0.0,0.0
2016-03-01,195.00999450683594,198.2100067138672,194.4499969482422,198.11000061035156,166.60452270507812,141799700,0.0,0.0,0.0
2016-03-02,197.74000549316406,199.05999755859375,197.25,199.0,167.35301208496094,102415000,0.0,0.0,0.0
2016-03-03,198.7899932861328,199.8000030517578,198.11000061035156,199.77999877929688,168.0089874267578,95172200,0.0,0.0,0.0
2016-03-04,200.00999450683594,201.35000610351562,199.02999877929688,200.42999267578125,168.5555877685547,129293600,0.0,0.0,0.0
2016-03-07,199.33999633789062,201.07000732421875,199.25,200.58999633789062,168.6901092529297,100219000,0.0,0.0,0.0
2016-03-08,199.32000732421875,199.9199981689453,198.2100067138672,198.39999389648438,166.84844970703125,123974900,0.0,0.0,0.0
2016-03-09,199.36000061035156,199.7899932861328,198.42999267578125,199.3800048828125,167.6725616455078,94801200,0.0,0.0,0.0
2016-03-10,199.9600067138672,201.07000732421875,197.3800048828125,199.5399932861328,167.80711364746094,156838700,0.0,0.0,0.0
2016-03-11,201.25999450683594,202.80999755859375,199.52000427246094,202.75999450683594,170.51502990722656,137964500,0.0,0.0,0.0
2016-03-14,202.16000366210938,203.0399932861328,201.77000427246094,202.5,170.29640197753906,73612000,0.0,0.0,0.0
2016-03-15,201.36000061035156,202.52999877929688,201.0500030517578,202.1699981689453,170.0188751220703,93169100,0.0,0.0,0.0
2016-03-16,201.60000610351562,203.82000732421875,201.5500030517578,203.33999633789062,171.00277709960938,129303200,0.0,0.0,0.0
2016-03-17,203.24000549316406,205.22999572753906,202.77000427246094,204.6300048828125,172.08766174316406,134278500,0.0,0.0,0.0
2016-03-18,204.1699981689453,204.77999877929688,203.8000030517578,204.3800048828125,172.76394653320312,138372400,1.05,0.0,0.0
2016-03-21,204.07000732421875,204.94000244140625,203.8000030517578,204.6699981689453,173.00906372070312,72926700,0.0,0.0,0.0
2016-03-22,203.75999450683594,205.22999572753906,203.57000732421875,204.55999755859375,172.916015625,97471900,0.0,0.0,0.0
2016-03-23,204.11000061035156,204.3300018310547,203.00999450683594,203.2100067138672,171.77488708496094,81052500,0.0,0.0,0.0
2016-03-24,202.0,203.16000366210938,201.74000549316406,203.1199951171875,171.6987762451172,84360900,0.0,0.0,0.0
2016-03-28,203.61000061035156,203.86000061035156,202.7100067138672,203.24000549316406,171.80026245117188,62408200,0.0,0.0,0.0
2016-03-29,202.75999450683594,205.25,202.39999389648438,205.1199951171875,173.3894500732422,92922900,0.0,0.0,0.0
2016-03-30,206.3000030517578,206.8699951171875,205.58999633789062,206.02000427246094,174.15025329589844,86365300,0.0,0.0,0.0
2016-03-31,205.91000366210938,206.41000366210938,205.3300018310547,205.52000427246094,173.7275390625,94584100,0.0,0.0,0.0
2016-04-01,204.35000610351562,207.13999938964844,203.97999572753906,206.9199981689453,174.9109649658203,114423500,0.0,0.0,0.0
2016-04-04,206.8300018310547,207.07000732421875,205.88999938964844,206.25,174.34458923339844,63497000,0.0,0.0,0.0
2016-04-05,204.6699981689453,206.25999450683594,203.88999938964844,204.19000244140625,172.60333251953125,99662200,0.0,0.0,0.0
2016-04-06,204.19000244140625,206.49000549316406,203.97999572753906,206.4199981689453,174.48831176757812,91839800,0.0,0.0,0.0
2016-04-07,205.13999938964844,205.55999755859375,203.08999633789062,203.9499969482422,172.400390625,113859000,0.0,0.0,0.0
2016-04-08,205.33999633789062,205.85000610351562,203.8699951171875,204.5,172.86534118652344,95040600,0.0,0.0,0.0
2016-04-11,205.25,206.07000732421875,203.91000366210938,204.02000427246094,172.45962524414062,83757500,0.0,0.0,0.0
2016-04-12,204.22000122070312,206.25,203.6999969482422,205.9199981689453,174.06568908691406,115350600,0.0,0.0,0.0
2016-04-13,207.0,208.10000610351562,206.83999633789062,208.0,175.823974609375,96336400,0.0,0.0,0.0
2016-04-14,208.07000732421875,208.60000610351562,207.60000610351562,208.00999450683594,175.83238220214844,65212900,0.0,0.0,0.0
2016-04-15,208.00999450683594,208.1699981689453,207.39999389648438,207.77999877929688,175.63796997070312,75761600,0.0,0.0,0.0
2016-04-18,207.77999877929688,209.27999877929688,207.0,209.24000549316406,176.87213134765625,82531000,0.0,0.0,0.0
2016-04-19,209.74000549316406,210.1999969482422,208.94000244140625,209.89999389648438,177.4300537109375,88316100,0.0,0.0,0.0
2016-04-20,209.9499969482422,210.9199981689453,209.38999938964844,210.10000610351562,177.59909057617188,81100300,0.0,0.0,0.0
2016-04-21,210.1199951171875,210.25,208.64999389648438,208.97000122070312,176.6438446044922,85695000,0.0,0.0,0.0
2016-04-22,208.5500030517578,209.2899932861328,207.91000366210938,208.97000122070312,176.6438446044922,99251700,0.0,0.0,0.0
2016-04-25,208.25999450683594,208.66000366210938,207.5399932861328,208.61000061035156,176.33953857421875,66166500,0.0,0.0,0.0
2016-04-26,209.0399932861328,209.52000427246094,208.36000061035156,208.9199981689453,176.60159301757812,75864200,0.0,0.0,0.0
2016-04-27,208.47000122070312,209.80999755859375,208.0500030517578,209.35000610351562,176.96511840820312,77329400,0.0,0.0,0.0
2016-04-28,208.4600067138672,209.75999450683594,206.9600067138672,207.4499969482422,175.35899353027344,97216200,0.0,0.0,0.0
2016-04-29,206.72000122070312,207.1300048828125,205.02999877929688,206.3300018310547,174.4122772216797,142424100,0.0,0.0,0.0
2016-05-02,206.9199981689453,208.17999267578125,206.41000366210938,207.97000122070312,175.79855346679688,62188000,0.0,0.0,0.0
2016-05-03,206.52000427246094,206.8000030517578,205.27999877929688,206.16000366210938,174.26858520507812,106422100,0.0,0.0,0.0
2016-05-04,204.99000549316406,205.85000610351562,204.4199981689453,205.00999450683594,173.2964324951172,92243800,0.0,0.0,0.0
2016-05-05,205.55999755859375,205.97999572753906,204.47000122070312,204.97000122070312,173.2626190185547,67619200,0.0,0.0,0.0
2016-05-06,204.05999755859375,205.77000427246094,203.8800048828125,205.72000122070312,173.89662170410156,89315000,0.0,0.0,0.0
2016-05-09,205.57000732421875,206.39999389648438,205.36000061035156,205.88999938964844,174.04031372070312,74374900,0.0,0.0,0.0
2016-05-10,206.72000122070312,208.47000122070312,206.63999938964844,208.4499969482422,176.2042694091797,77472200,0.0,0.0,0.0
2016-05-11,207.91000366210938,208.5399932861328,206.5,206.5,174.55596923828125,81727000,0.0,0.0,0.0
2016-05-12,207.2899932861328,207.49000549316406,205.3699951171875,206.55999755859375,174.60670471191406,89586300,0.0,0.0,0.0
2016-05-13,206.2100067138672,206.86000061035156,204.3800048828125,204.75999450683594,173.08511352539062,96474600,0.0,0.0,0.0
2016-05-16,204.9600067138672,207.33999633789062,204.88999938964844,206.77999877929688,174.79269409179688,77486800,0.0,0.0,0.0
2016-05-17,206.4600067138672,206.8000030517578,204.22999572753906,204.85000610351562,173.1611785888672,114924900,0.0,0.0,0.0
2016-05-18,204.44000244140625,206.3000030517578,203.6300048828125,204.91000366210938,173.21194458007812,120062100,0.0,0.0,0.0
2016-05-19,204.05999755859375,204.5399932861328,202.77999877929688,204.1999969482422,172.61175537109375,115430500,0.0,0.0,0.0
2016-05-20,204.9199981689453,206.10000610351562,204.86000061035156,205.49000549316406,173.7022247314453,104990400,0.0,0.0,0.0
2016-05-23,205.50999450683594,205.83999633789062,204.99000549316406,205.2100067138672,173.4654541015625,58682600,0.0,0.0,0.0
2016-05-24,206.1699981689453,208.24000549316406,206.13999938964844,207.8699951171875,175.7140655517578,93537800,0.0,0.0,0.0
2016-05-25,208.6699981689453,209.77000427246094,207.8699951171875,209.27999877929688,176.9059600830078,76621400,0.0,0.0,0.0
2016-05-26,209.44000244140625,209.7100067138672,208.97000122070312,209.33999633789062,176.9566192626953,55280700,0.0,0.0,0.0
2016-05-27,209.52999877929688,210.25,209.47000122070312,210.24000549316406,177.7173614501953,64211200,0.0,0.0,0.0
2016-05-31,210.55999755859375,210.69000244140625,209.17999267578125,209.83999633789062,177.37928771972656,109879400,0.0,0.0,0.0
2016-06-01,209.1199951171875,210.47999572753906,208.88999938964844,210.27000427246094,177.7427978515625,69936200,0.0,0.0,0.0
2016-06-02,209.8000030517578,210.92999267578125,209.24000549316406,210.91000366210938,178.28378295898438,63044700,0.0,0.0,0.0
2016-06-03,210.25,210.69000244140625,208.86000061035156,210.27999877929688,177.75123596191406,101757100,0.0,0.0,0.0
2016-06-06,210.6999969482422,211.77000427246094,210.50999450683594,211.35000610351562,178.65574645996094,64887000,0.0,0.0,0.0
2016-06-07,211.52999877929688,212.33999633789062,211.5,211.67999267578125,178.9346160888672,60974800,0.0,0.0,0.0
2016-06-08,211.83999633789062,212.52000427246094,211.69000244140625,212.3699951171875,179.51791381835938,66170900,0.0,0.0,0.0
2016-06-09,211.50999450683594,212.22000122070312,211.19000244140625,212.0800018310547,179.2727508544922,73786900,0.0,0.0,0.0
2016-06-10,210.4600067138672,210.86000061035156,209.42999267578125,210.07000732421875,177.57373046875,113829200,0.0,0.0,0.0
2016-06-13,209.36000061035156,210.3699951171875,208.35000610351562,208.4499969482422,176.2042694091797,117751200,0.0,0.0,0.0
2016-06-14,208.0,208.74000549316406,206.9199981689453,208.0399932861328,175.8577423095703,125059300,0.0,0.0,0.0
2016-06-15,208.0399932861328,209.36000061035156,207.52999877929688,207.75,175.61260986328125,109124500,0.0,0.0,0.0
2016-06-16,207.75,208.57000732421875,205.58999633789062,208.3699951171875,176.13670349121094,149533100,0.0,0.0,0.0
2016-06-17,207.1699981689453,207.1999969482422,205.75,206.52000427246094,175.480712890625,117055700,1.078,0.0,0.0
2016-06-20,208.82000732421875,209.61000061035156,207.75,207.85000610351562,176.61080932617188,82789600,0.0,0.0,0.0
2016-06-21,208.3000030517578,208.9199981689453,207.77999877929688,208.44000244140625,177.11215209960938,72461700,0.0,0.0,0.0
2016-06-22,208.64999389648438,209.5,207.92999267578125,208.10000610351562,176.82321166992188,95560500,0.0,0.0,0.0
2016-06-23,209.80999755859375,210.8699951171875,209.27000427246094,210.80999755859375,179.12596130371094,102731400,0.0,0.0,0.0
2016-06-24,203.6300048828125,210.85000610351562,202.72000122070312,203.24000549316406,172.69369506835938,333444400,0.0,0.0,0.0
2016-06-27,201.58999633789062,201.60000610351562,198.64999389648438,199.60000610351562,169.60076904296875,230775800,0.0,0.0,0.0
2016-06-28,201.47999572753906,203.22999572753906,201.1199951171875,203.1999969482422,172.6597137451172,159382400,0.0,0.0,0.0
2016-06-29,204.83999633789062,206.92999267578125,204.72000122070312,206.66000366210938,175.59974670410156,137328600,0.0,0.0,0.0
2016-06-30,207.2100067138672,209.5399932861328,206.55999755859375,209.47999572753906,177.99581909179688,165021900,0.0,0.0,0.0
2016-07-01,209.47999572753906,210.49000549316406,209.2899932861328,209.9199981689453,178.36968994140625,106055300,0.0,0.0,0.0
2016-07-05,208.9499969482422,209.0800018310547,207.7100067138672,208.41000366210938,177.086669921875,109803700,0.0,0.0,0.0
2016-07-06,207.8300018310547,209.8000030517578,207.05999755859375,209.66000366210938,178.14881896972656,96021500,0.0,0.0,0.0
2016-07-07,209.8699951171875,210.64999389648438,208.6300048828125,209.52999877929688,178.03831481933594,85593800,0.0,0.0,0.0
2016-07-08,211.0500030517578,212.94000244140625,210.77999877929688,212.64999389648438,180.68936157226562,133971000,0.0,0.0,0.0
2016-07-11,213.19000244140625,214.07000732421875,212.9499969482422,213.39999389648438,181.3267059326172,73633900,0.0,0.0,0.0
2016-07-12,214.52999877929688,215.3000030517578,213.42999267578125,214.9499969482422,182.6437225341797,101275600,0.0,0.0,0.0
2016-07-13,215.44000244140625,215.4499969482422,214.35000610351562,214.9199981689453,182.6182098388672,87324100,0.0,0.0,0.0
2016-07-14,216.39999389648438,216.6699981689453,215.66000366210938,216.1199951171875,183.6378936767578,91230900,0.0,0.0,0.0
2016-07-15,216.77999877929688,217.00999450683594,215.30999755859375,215.8300018310547,183.39141845703125,107155400,0.0,0.0,0.0
2016-07-18,215.97000122070312,216.60000610351562,215.6699981689453,216.41000366210938,183.8843231201172,58725900,0.0,0.0,0.0
2016-07-19,215.9199981689453,216.22999572753906,215.6300048828125,216.19000244140625,183.69735717773438,54345700,0.0,0.0,0.0
2016-07-20,216.19000244140625,217.3699951171875,216.19000244140625,217.08999633789062,184.46206665039062,58159500,0.0,0.0,0.0
2016-07-21,216.9600067138672,217.22000122070312,215.75,216.27000427246094,183.7653350830078,67777300,0.0,0.0,0.0
2016-07-22,216.41000366210938,217.3000030517578,216.10000610351562,217.24000549316406,184.58956909179688,62787500,0.0,0.0,0.0
2016-07-25,217.0,217.05999755859375,215.97000122070312,216.64999389648438,184.08822631835938,55873100,0.0,0.0,0.0
2016-07-26,216.52999877929688,217.1699981689453,215.75999450683594,216.75,184.1732177734375,70080500,0.0,0.0,0.0
2016-07-27,217.19000244140625,217.27000427246094,215.6199951171875,216.52000427246094,183.97772216796875,84083900,0.0,0.0,0.0
2016-07-28,216.2899932861328,217.11000061035156,215.75,216.77000427246094,184.1901397705078,65035700,0.0,0.0,0.0
2016-07-29,216.4600067138672,217.5399932861328,216.1300048828125,217.1199951171875,184.48753356933594,79519400,0.0,0.0,0.0
2016-08-01,217.19000244140625,217.64999389648438,216.41000366210938,216.94000244140625,184.33457946777344,73311400,0.0,0.0,0.0
2016-08-02,216.64999389648438,216.8300018310547,214.57000732421875,215.5500030517578,183.15354919433594,92295500,0.0,0.0,0.0
2016-08-03,215.47999572753906,216.25,215.1300048828125,216.17999267578125,183.68882751464844,53993600,0.0,0.0,0.0
2016-08-04,216.30999755859375,216.77999877929688,214.25,216.41000366210938,183.8843231201172,46585500,0.0,0.0,0.0
2016-08-05,216.41000366210938,218.22999572753906,216.41000366210938,218.17999267578125,185.38816833496094,71892200,0.0,0.0,0.0
2016-08-08,218.39999389648438,218.52000427246094,217.74000549316406,218.0500030517578,185.27780151367188,39906500,0.0,0.0,0.0
2016-08-09,218.1300048828125,218.75999450683594,217.8000030517578,218.17999267578125,185.38816833496094,51251700,0.0,0.0,0.0
2016-08-10,218.30999755859375,218.39999389648438,217.22999572753906,217.63999938964844,184.9293975830078,57941100,0.0,0.0,0.0
2016-08-11,218.25999450683594,218.94000244140625,217.9499969482422,218.64999389648438,185.78758239746094,72504300,0.0,0.0,0.0
2016-08-12,218.2899932861328,218.7100067138672,217.99000549316406,218.4600067138672,185.62615966796875,61313500,0.0,0.0,0.0
2016-08-15,218.88999938964844,219.5,218.8800048828125,219.08999633789062,186.1614532470703,49813500,0.0,0.0,0.0
2016-08-16,218.60000610351562,218.67999267578125,217.9600067138672,217.9600067138672,185.20132446289062,53213600,0.0,0.0,0.0
2016-08-17,218.0,218.52999877929688,217.02000427246094,218.3699951171875,185.5497283935547,75134300,0.0,0.0,0.0
2016-08-18,218.33999633789062,218.89999389648438,218.2100067138672,218.86000061035156,185.96604919433594,52989300,0.0,0.0,0.0
2016-08-19,218.30999755859375,218.75,217.74000549316406,218.5399932861328,185.6941680908203,75443000,0.0,0.0,0.0
2016-08-22,218.25999450683594,218.8000030517578,217.8300018310547,218.52999877929688,185.6856231689453,61368800,0.0,0.0,0.0
2016-08-23,219.25,219.60000610351562,218.89999389648438,218.97000122070312,186.05953979492188,53399200,0.0,0.0,0.0
2016-08-24,218.8000030517578,218.91000366210938,217.36000061035156,217.85000610351562,185.1078338623047,71728900,0.0,0.0,0.0
2016-08-25,217.39999389648438,218.19000244140625,217.22000122070312,217.6999969482422,184.98040771484375,69224800,0.0,0.0,0.0
2016-08-26,217.9199981689453,219.1199951171875,216.25,217.2899932861328,184.63201904296875,122506300,0.0,0.0,0.0
2016-08-29,217.44000244140625,218.6699981689453,217.39999389648438,218.36000061035156,185.54122924804688,70502200,0.0,0.0,0.0
2016-08-30,218.25999450683594,218.58999633789062,217.35000610351562,218.0,185.23533630371094,58114500,0.0,0.0,0.0
2016-08-31,217.61000061035156,217.75,216.47000122070312,217.3800048828125,184.70852661132812,85269500,0.0,0.0,0.0
2016-09-01,217.3699951171875,217.72999572753906,216.02999877929688,217.38999938964844,184.71697998046875,97844200,0.0,0.0,0.0
2016-09-02,218.38999938964844,218.8699951171875,217.6999969482422,218.3699951171875,185.5497283935547,79293900,0.0,0.0,0.0
2016-09-06,218.6999969482422,219.1199951171875,217.86000061035156,219.02999877929688,186.1104736328125,56702100,0.0,0.0,0.0
2016-09-07,218.83999633789062,219.22000122070312,218.3000030517578,219.00999450683594,186.0935516357422,76554900,0.0,0.0,0.0
2016-09-08,218.6199951171875,218.94000244140625,218.14999389648438,218.50999450683594,185.66864013671875,74102900,0.0,0.0,0.0
2016-09-09,216.97000122070312,217.02999877929688,213.25,213.27999877929688,181.22470092773438,221589100,0.0,0.0,0.0
2016-09-12,212.38999938964844,216.80999755859375,212.30999755859375,216.33999633789062,183.8248291015625,168110900,0.0,0.0,0.0
2016-09-13,214.83999633789062,215.14999389648438,212.5,213.22999572753906,181.18218994140625,182828800,0.0,0.0,0.0
2016-09-14,213.2899932861328,214.6999969482422,212.5,213.14999389648438,181.11422729492188,134185500,0.0,0.0,0.0
2016-09-15,212.9600067138672,215.72999572753906,212.75,215.27999877929688,182.92413330078125,134427900,0.0,0.0,0.0
2016-09-16,213.47999572753906,213.69000244140625,212.57000732421875,213.3699951171875,182.2169647216797,155236400,1.082,0.0,0.0
2016-09-19,214.1300048828125,214.8800048828125,213.02999877929688,213.41000366210938,182.25119018554688,80250500,0.0,0.0,0.0
2016-09-20,214.41000366210938,214.58999633789062,213.3800048828125,213.4199981689453,182.25967407226562,69665300,0.0,0.0,0.0
2016-09-21,214.24000549316406,216.02999877929688,213.44000244140625,215.82000732421875,184.30934143066406,110284400,0.0,0.0,0.0
2016-09-22,217.0,217.52999877929688,216.7100067138672,217.17999267578125,185.47071838378906,76678700,0.0,0.0,0.0
2016-09-23,216.72000122070312,216.8800048828125,215.8800048828125,215.99000549316406,184.45445251464844,73630900,0.0,0.0,0.0
2016-09-26,215.02000427246094,215.22999572753906,214.00999450683594,214.24000549316406,182.95997619628906,89827300,0.0,0.0,0.0
2016-09-27,214.0500030517578,215.67999267578125,213.6199951171875,215.57000732421875,184.09573364257812,78494800,0.0,0.0,0.0
2016-09-28,215.8300018310547,216.82000732421875,214.7100067138672,216.63999938964844,185.00955200195312,87411000,0.0,0.0,0.0
2016-09-29,216.39999389648438,216.8699951171875,214.0399932861328,214.67999267578125,183.33575439453125,128070600,0.0,0.0,0.0
2016-09-30,215.64999389648438,217.1199951171875,215.36000061035156,216.3000030517578,184.71917724609375,117202900,0.0,0.0,0.0
2016-10-03,215.82000732421875,216.0399932861328,215.0399932861328,215.77999877929688,184.27516174316406,83512100,0.0,0.0,0.0
2016-10-04,215.91000366210938,216.1699981689453,213.99000549316406,214.67999267578125,183.33575439453125,119948100,0.0,0.0,0.0
2016-10-05,215.41000366210938,216.1300048828125,215.3300018310547,215.6300048828125,184.14698791503906,72816000,0.0,0.0,0.0
2016-10-06,215.3699951171875,216.0399932861328,214.74000549316406,215.77999877929688,184.27516174316406,62927400,0.0,0.0,0.0
2016-10-07,216.10000610351562,216.3000030517578,214.19000244140625,215.0399932861328,183.64317321777344,89788300,0.0,0.0,0.0
2016-10-10,216.16000366210938,216.6999969482422,215.99000549316406,216.16000366210938,184.59963989257812,51855000,0.0,0.0,0.0
2016-10-11,215.66000366210938,215.74000549316406,212.5800018310547,213.42999267578125,182.26828002929688,130367400,0.0,0.0,0.0
2016-10-12,213.58999633789062,214.32000732421875,213.00999450683594,213.7100067138672,182.50735473632812,73866100,0.0,0.0,0.0
2016-10-13,212.16000366210938,213.58999633789062,211.2100067138672,213.00999450683594,181.90953063964844,101357000,0.0,0.0,0.0
2016-10-14,214.14999389648438,214.69000244140625,213.02999877929688,213.1199951171875,182.0034637451172,93346200,0.0,0.0,0.0
2016-10-17,213.08999633789062,213.38999938964844,212.1699981689453,212.3800048828125,181.37156677246094,58275700,0.0,0.0,0.0
2016-10-18,214.24000549316406,214.30999755859375,213.27000427246094,213.7100067138672,182.50735473632812,76869700,0.0,0.0,0.0
2016-10-19,214.02000427246094,214.63999938964844,213.60000610351562,214.27999877929688,182.9940948486328,66519200,0.0,0.0,0.0
2016-10-20,213.8699951171875,214.52999877929688,213.11000061035156,213.8800048828125,182.6525421142578,73639800,0.0,0.0,0.0
2016-10-21,213.8800048828125,214.0800018310547,212.75999450683594,213.97999572753906,182.73794555664062,89089100,0.0,0.0,0.0
2016-10-24,215.0,215.32000732421875,214.47999572753906,214.88999938964844,183.5150604248047,60146600,0.0,0.0,0.0
2016-10-25,214.67999267578125,214.97999572753906,213.97999572753906,214.1699981689453,182.90016174316406,66542300,0.0,0.0,0.0
2016-10-26,213.2100067138672,214.4199981689453,212.92999267578125,213.74000549316406,182.532958984375,75705500,0.0,0.0,0.0
2016-10-27,214.5800018310547,214.6199951171875,213.0800018310547,213.1699981689453,182.0461883544922,77220200,0.0,0.0,0.0
2016-10-28,213.13999938964844,213.92999267578125,211.7100067138672,212.5399932861328,181.50819396972656,140623200,0.0,0.0,0.0
2016-10-31,212.92999267578125,213.19000244140625,212.36000061035156,212.5500030517578,181.51673889160156,61272500,0.0,0.0,0.0
2016-11-01,212.92999267578125,212.99000549316406,209.60000610351562,211.00999450683594,180.20152282714844,122781800,0.0,0.0,0.0
2016-11-02,210.64999389648438,211.10000610351562,209.22999572753906,209.74000549316406,179.11703491210938,103330800,0.0,0.0,0.0
2016-11-03,209.99000549316406,210.24000549316406,208.4600067138672,208.77999877929688,178.29718017578125,88939300,0.0,0.0,0.0
2016-11-04,208.91000366210938,209.88999938964844,208.3800048828125,208.5500030517578,178.1007537841797,109122100,0.0,0.0,0.0
2016-11-07,208.5500030517578,213.19000244140625,208.5500030517578,213.14999389648438,182.0291290283203,109794900,0.0,0.0,0.0
2016-11-08,212.69000244140625,214.77000427246094,212.3800048828125,214.11000061035156,182.8489990234375,106772100,0.0,0.0,0.0
2016-11-09,212.3699951171875,217.10000610351562,212.33999633789062,216.3800048828125,184.78758239746094,258429000,0.0,0.0,0.0
2016-11-10,217.3000030517578,218.30999755859375,215.22000122070312,216.9199981689453,185.24864196777344,172113300,0.0,0.0,0.0
2016-11-11,216.0800018310547,216.6999969482422,215.32000732421875,216.4199981689453,184.82168579101562,100552700,0.0,0.0,0.0
2016-11-14,217.02999877929688,217.27000427246094,215.72000122070312,216.58999633789062,184.96685791015625,94580000,0.0,0.0,0.0
2016-11-15,217.0399932861328,218.27999877929688,216.8000030517578,218.27999877929688,186.41012573242188,91652600,0.0,0.0,0.0
2016-11-16,217.55999755859375,218.13999938964844,217.4199981689453,217.8699951171875,186.0599365234375,65617700,0.0,0.0,0.0
2016-11-17,218.0500030517578,219.05999755859375,217.9199981689453,218.99000549316406,187.01646423339844,69797200,0.0,0.0,0.0
2016-11-18,219.07000732421875,219.27000427246094,218.2899932861328,218.5,186.59796142578125,86265800,0.0,0.0,0.0
2016-11-21,219.1699981689453,220.17999267578125,219.0,220.14999389648438,188.00709533691406,72402600,0.0,0.0,0.0
2016-11-22,220.50999450683594,220.7899932861328,219.72999572753906,220.5800018310547,188.3743133544922,67429000,0.0,0.0,0.0
2016-11-23,219.97999572753906,220.75999450683594,219.75,220.6999969482422,188.476806640625,56620200,0.0,0.0,0.0
2016-11-25,221.10000610351562,221.55999755859375,221.00999450683594,221.52000427246094,189.1770477294922,37872300,0.0,0.0,0.0
2016-11-28,221.16000366210938,221.47999572753906,220.36000061035156,220.47999572753906,188.28892517089844,76572500,0.0,0.0,0.0
2016-11-29,220.52000427246094,221.44000244140625,220.1699981689453,220.91000366210938,188.65614318847656,69886700,0.0,0.0,0.0
2016-11-30,221.6300048828125,221.82000732421875,220.30999755859375,220.3800048828125,188.2035369873047,113291800,0.0,0.0,0.0
2016-12-01,220.72999572753906,220.72999572753906,219.14999389648438,219.57000732421875,187.51174926757812,79040500,0.0,0.0,0.0
2016-12-02,219.6699981689453,220.25,219.25999450683594,219.67999267578125,187.60572814941406,74840300,0.0,0.0,0.0
2016-12-05,220.64999389648438,221.39999389648438,220.4199981689453,221.0,188.73301696777344,67837800,0.0,0.0,0.0
2016-12-06,221.22000122070312,221.74000549316406,220.66000366210938,221.6999969482422,189.3307647705078,59877400,0.0,0.0,0.0
2016-12-07,221.52000427246094,224.6699981689453,221.3800048828125,224.60000610351562,191.80738830566406,110738100,0.0,0.0,0.0
2016-12-08,224.57000732421875,225.6999969482422,224.25999450683594,225.14999389648438,192.2770538330078,99714400,0.0,0.0,0.0
2016-12-09,225.41000366210938,226.52999877929688,225.3699951171875,226.50999450683594,193.43846130371094,88005800,0.0,0.0,0.0
2016-12-12,226.39999389648438,226.9600067138672,225.75999450683594,226.25,193.21644592285156,102016100,0.0,0.0,0.0
2016-12-13,227.02000427246094,228.33999633789062,227.0,227.75999450683594,194.50596618652344,110477500,0.0,0.0,0.0
2016-12-14,227.41000366210938,228.22999572753906,225.3699951171875,225.8800048828125,192.90048217773438,142501800,0.0,0.0,0.0
2016-12-15,226.16000366210938,227.80999755859375,225.88999938964844,226.80999755859375,193.69473266601562,124972600,0.0,0.0,0.0
2016-12-16,226.00999450683594,226.0800018310547,224.6699981689453,225.0399932861328,193.3158721923828,156420200,1.329,0.0,0.0
2016-12-19,225.25,226.02000427246094,225.0800018310547,225.52999877929688,193.73678588867188,90341100,0.0,0.0,0.0
2016-12-20,226.14999389648438,226.57000732421875,225.8800048828125,226.39999389648438,194.48414611816406,89838800,0.0,0.0,0.0
2016-12-21,226.25,226.4499969482422,225.77000427246094,225.77000427246094,193.94297790527344,67909000,0.0,0.0,0.0
2016-12-22,225.60000610351562,225.74000549316406,224.9199981689453,225.3800048828125,193.60794067382812,56219100,0.0,0.0,0.0
2016-12-23,225.42999267578125,225.72000122070312,225.2100067138672,225.7100067138672,193.8914337158203,36697800,0.0,0.0,0.0
2016-12-27,226.02000427246094,226.72999572753906,226.0,226.27000427246094,194.3724365234375,42672500,0.0,0.0,0.0
2016-12-28,226.57000732421875,226.58999633789062,224.27000427246094,224.39999389648438,192.76609802246094,64095000,0.0,0.0,0.0
2016-12-29,224.47999572753906,224.88999938964844,223.83999633789062,224.35000610351562,192.72312927246094,48696100,0.0,0.0,0.0
2016-12-30,224.72999572753906,224.8300018310547,222.72999572753906,223.52999877929688,192.01876831054688,108998300,0.0,0.0,0.0
2017-01-03,225.0399932861328,225.8300018310547,223.8800048828125,225.24000549316406,193.4876708984375,91366500,0.0,0.0,0.0
2017-01-04,225.6199951171875,226.75,225.61000061035156,226.5800018310547,194.63882446289062,78744400,0.0,0.0,0.0
2017-01-05,226.27000427246094,226.5800018310547,225.47999572753906,226.39999389648438,194.48414611816406,78379000,0.0,0.0,0.0
2017-01-06,226.52999877929688,227.75,225.89999389648438,227.2100067138672,195.17994689941406,71559900,0.0,0.0,0.0
2017-01-09,226.91000366210938,227.07000732421875,226.4199981689453,226.4600067138672,194.5357208251953,46939700,0.0,0.0,0.0
2017-01-10,226.47999572753906,227.4499969482422,226.00999450683594,226.4600067138672,194.5357208251953,63771900,0.0,0.0,0.0
2017-01-11,226.36000061035156,227.10000610351562,225.58999633789062,227.10000610351562,195.08546447753906,74650000,0.0,0.0,0.0
2017-01-12,226.5,226.75,224.9600067138672,226.52999877929688,194.59584045410156,72113200,0.0,0.0,0.0
2017-01-13,226.72999572753906,227.39999389648438,226.69000244140625,227.0500030517578,195.0425262451172,62717900,0.0,0.0,0.0
2017-01-17,226.30999755859375,226.77999877929688,225.8000030517578,226.25,194.35528564453125,61240800,0.0,0.0,0.0
2017-01-18,226.5399932861328,226.8000030517578,225.89999389648438,226.75,194.78480529785156,54793300,0.0,0.0,0.0
2017-01-19,226.83999633789062,227.0,225.41000366210938,225.91000366210938,194.0631866455078,66608800,0.0,0.0,0.0
2017-01-20,226.6999969482422,227.30999755859375,225.97000122070312,226.74000549316406,194.77626037597656,129168600,0.0,0.0,0.0
2017-01-23,226.74000549316406,226.80999755859375,225.27000427246094,226.14999389648438,194.26937866210938,75061600,0.0,0.0,0.0
2017-01-24,226.39999389648438,228.0800018310547,226.27000427246094,227.60000610351562,195.5149688720703,95555300,0.0,0.0,0.0
2017-01-25,228.6999969482422,229.57000732421875,228.50999450683594,229.57000732421875,197.20724487304688,84437700,0.0,0.0,0.0
2017-01-26,229.39999389648438,229.7100067138672,229.00999450683594,229.3300018310547,197.00111389160156,59970700,0.0,0.0,0.0
2017-01-27,229.4199981689453,229.58999633789062,228.75999450683594,228.97000122070312,196.69186401367188,59711100,0.0,0.0,0.0
2017-01-30,228.1699981689453,228.1999969482422,226.41000366210938,227.5500030517578,195.47207641601562,79737300,0.0,0.0,0.0
2017-01-31,226.97999572753906,227.60000610351562,226.32000732421875,227.52999877929688,195.45486450195312,75880800,0.0,0.0,0.0
2017-02-01,227.52999877929688,228.58999633789062,226.94000244140625,227.6199951171875,195.53219604492188,79117700,0.0,0.0,0.0
2017-02-02,227.6199951171875,228.10000610351562,226.82000732421875,227.77000427246094,195.6610107421875,69657600,0.0,0.0,0.0
2017-02-03,228.82000732421875,229.5500030517578,228.4600067138672,229.33999633789062,197.00973510742188,80563200,0.0,0.0,0.0
2017-02-06,228.8699951171875,229.3300018310547,228.5399932861328,228.92999267578125,196.65744018554688,57790100,0.0,0.0,0.0
2017-02-07,229.3800048828125,229.66000366210938,228.72000122070312,228.94000244140625,196.66610717773438,57931200,0.0,0.0,0.0
2017-02-08,228.94000244140625,229.38999938964844,228.30999755859375,229.24000549316406,196.92376708984375,51566200,0.0,0.0,0.0
2017-02-09,229.24000549316406,230.9499969482422,229.24000549316406,230.60000610351562,198.09207153320312,65955200,0.0,0.0,0.0
2017-02-10,231.0,231.77000427246094,230.6199951171875,231.50999450683594,198.87379455566406,66015900,0.0,0.0,0.0
2017-02-13,232.0800018310547,233.07000732421875,232.0500030517578,232.77000427246094,199.95619201660156,55182100,0.0,0.0,0.0
2017-02-14,232.55999755859375,233.7100067138672,232.16000366210938,233.6999969482422,200.75503540039062,71109000,0.0,0.0,0.0
2017-02-15,233.4499969482422,235.13999938964844,233.38999938964844,234.9199981689453,201.80308532714844,86785800,0.0,0.0,0.0
2017-02-16,234.9499969482422,235.16000366210938,233.85000610351562,234.72000122070312,201.63125610351562,84722400,0.0,0.0,0.0
2017-02-17,233.9499969482422,235.08999633789062,233.92999267578125,235.08999633789062,201.9491424560547,77204100,0.0,0.0,0.0
2017-02-21,235.52000427246094,236.69000244140625,235.50999450683594,236.49000549316406,203.15174865722656,88946100,0.0,0.0,0.0
2017-02-22,236.02000427246094,236.5399932861328,235.8300018310547,236.27999877929688,202.97134399414062,62115200,0.0,0.0,0.0
2017-02-23,236.8800048828125,236.89999389648438,235.55999755859375,236.44000244140625,203.10877990722656,74615900,0.0,0.0,0.0
2017-02-24,235.4600067138672,236.7899932861328,235.41000366210938,236.74000549316406,203.3665008544922,82381600,0.0,0.0,0.0
2017-02-27,236.63999938964844,237.30999755859375,236.35000610351562,237.11000061035156,203.68434143066406,56515400,0.0,0.0,0.0
2017-02-28,236.6699981689453,236.9499969482422,236.02000427246094,236.47000122070312,203.13458251953125,96961900,0.0,0.0,0.0
2017-03-01,238.38999938964844,240.32000732421875,238.3699951171875,239.77999877929688,205.97796630859375,149158200,0.0,0.0,0.0
2017-03-02,239.55999755859375,239.57000732421875,238.2100067138672,238.27000427246094,204.68084716796875,70246000,0.0,0.0,0.0
2017-03-03,238.1699981689453,238.61000061035156,237.72999572753906,238.4199981689453,204.80967712402344,81974300,0.0,0.0,0.0
2017-03-06,237.5,238.1199951171875,237.00999450683594,237.7100067138672,204.19979858398438,55391500,0.0,0.0,0.0
2017-03-07,237.36000061035156,237.77000427246094,236.75999450683594,237.0,203.58985900878906,65103700,0.0,0.0,0.0
2017-03-08,237.33999633789062,237.63999938964844,236.39999389648438,236.55999755859375,203.21188354492188,78168800,0.0,0.0,0.0
2017-03-09,236.6999969482422,237.24000549316406,235.74000549316406,236.86000061035156,203.46961975097656,90683900,0.0,0.0,0.0
2017-03-10,237.97000122070312,238.02000427246094,236.58999633789062,237.69000244140625,204.18260192871094,81991700,0.0,0.0,0.0
2017-03-13,237.6199951171875,237.86000061035156,237.24000549316406,237.80999755859375,204.28562927246094,57256800,0.0,0.0,0.0
2017-03-14,237.17999267578125,237.24000549316406,236.19000244140625,236.89999389648438,203.50393676757812,59880800,0.0,0.0,0.0
2017-03-15,237.55999755859375,239.44000244140625,237.2899932861328,238.9499969482422,205.2649688720703,96081800,0.0,0.0,0.0
2017-03-16,239.11000061035156,239.1999969482422,238.10000610351562,238.47999572753906,204.86117553710938,78344000,0.0,0.0,0.0
2017-03-17,237.75,237.97000122070312,237.02999877929688,237.02999877929688,204.50140380859375,89002100,1.033,0.0,0.0
2017-03-20,237.02999877929688,237.36000061035156,236.32000732421875,236.77000427246094,204.27720642089844,52537000,0.0,0.0,0.0
2017-03-21,237.47000122070312,237.61000061035156,233.5800018310547,233.72999572753906,201.654296875,131809300,0.0,0.0,0.0
2017-03-22,233.77000427246094,234.61000061035156,233.0500030517578,234.27999877929688,202.12879943847656,97569200,0.0,0.0,0.0
2017-03-23,234.27999877929688,235.33999633789062,233.60000610351562,234.02999877929688,201.9131622314453,100410300,0.0,0.0,0.0
2017-03-24,234.3800048828125,235.0399932861328,232.9600067138672,233.86000061035156,201.76651000976562,112504900,0.0,0.0,0.0
2017-03-27,231.92999267578125,233.9199981689453,231.61000061035156,233.6199951171875,201.5593719482422,87454500,0.0,0.0,0.0
2017-03-28,233.27000427246094,235.80999755859375,233.13999938964844,235.32000732421875,203.02610778808594,93483900,0.0,0.0,0.0
2017-03-29,234.99000549316406,235.80999755859375,234.72999572753906,235.5399932861328,203.21592712402344,61950400,0.0,0.0,0.0
2017-03-30,235.47000122070312,236.52000427246094,235.27000427246094,236.2899932861328,203.8629913330078,56737900,0.0,0.0,0.0
2017-03-31,235.89999389648438,236.50999450683594,235.67999267578125,235.74000549316406,203.38845825195312,73733100,0.0,0.0,0.0
2017-04-03,235.8000030517578,236.02999877929688,233.91000366210938,235.3300018310547,203.03472900390625,85546500,0.0,0.0,0.0
2017-04-04,235.0,235.5800018310547,234.55999755859375,235.47999572753906,203.16412353515625,56466200,0.0,0.0,0.0
2017-04-05,236.25999450683594,237.38999938964844,234.5399932861328,234.77999877929688,202.5601806640625,108800600,0.0,0.0,0.0
2017-04-06,234.94000244140625,236.0399932861328,234.42999267578125,235.44000244140625,203.129638671875,69135800,0.0,0.0,0.0
2017-04-07,235.14999389648438,236.0,234.63999938964844,235.1999969482422,202.92257690429688,74412300,0.0,0.0,0.0
2017-04-10,235.36000061035156,236.25999450683594,234.72999572753906,235.33999633789062,203.0433807373047,67615300,0.0,0.0,0.0
2017-04-11,234.89999389648438,235.17999267578125,233.33999633789062,235.05999755859375,202.80181884765625,88045300,0.0,0.0,0.0
2017-04-12,234.74000549316406,234.9600067138672,233.77000427246094,234.02999877929688,201.9131622314453,81864400,0.0,0.0,0.0
2017-04-13,233.63999938964844,234.49000549316406,232.50999450683594,232.50999450683594,200.60174560546875,92880400,0.0,0.0,0.0
2017-04-17,233.11000061035156,234.57000732421875,232.8800048828125,234.57000732421875,202.37904357910156,68405400,0.0,0.0,0.0
2017-04-18,233.72000122070312,234.49000549316406,233.0800018310547,233.8699951171875,201.7750701904297,83225800,0.0,0.0,0.0
2017-04-19,234.52000427246094,234.9499969482422,233.17999267578125,233.44000244140625,201.40411376953125,68699900,0.0,0.0,0.0
2017-04-20,234.14999389648438,235.85000610351562,233.77999877929688,235.33999633789062,203.0433807373047,92572200,0.0,0.0,0.0
2017-04-21,235.25,235.30999755859375,234.1300048828125,234.58999633789062,202.39630126953125,110389800,0.0,0.0,0.0
2017-04-24,237.17999267578125,237.41000366210938,234.55999755859375,237.1699981689453,204.6222381591797,119209900,0.0,0.0,0.0
2017-04-25,237.91000366210938,238.9499969482422,237.80999755859375,238.5500030517578,205.8128662109375,76698300,0.0,0.0,0.0
2017-04-26,238.50999450683594,239.52999877929688,238.35000610351562,238.39999389648438,205.68348693847656,84702500,0.0,0.0,0.0
2017-04-27,238.77000427246094,238.9499969482422,237.97999572753906,238.60000610351562,205.85604858398438,57410300,0.0,0.0,0.0
2017-04-28,238.89999389648438,238.92999267578125,237.92999267578125,238.0800018310547,205.4073486328125,63532800,0.0,0.0,0.0
2017-05-01,238.67999267578125,239.1699981689453,238.1999969482422,238.67999267578125,205.92506408691406,66882500,0.0,0.0,0.0
2017-05-02,238.83999633789062,238.97999572753906,238.3000030517578,238.77000427246094,206.002685546875,57375700,0.0,0.0,0.0
2017-05-03,238.77000427246094,238.8800048828125,237.6999969482422,238.47999572753906,205.75245666503906,73137700,0.0,0.0,0.0
2017-05-04,238.8300018310547,238.9199981689453,237.77999877929688,238.75999450683594,205.99398803710938,61462700,0.0,0.0,0.0
2017-05-05,239.19000244140625,239.72000122070312,238.67999267578125,239.6999969482422,206.8050079345703,62001300,0.0,0.0,0.0
2017-05-08,239.75,239.9199981689453,239.1699981689453,239.66000366210938,206.77053833007812,48385700,0.0,0.0,0.0
2017-05-09,239.9600067138672,240.19000244140625,239.0399932861328,239.44000244140625,206.5806884765625,51363200,0.0,0.0,0.0
2017-05-10,239.38999938964844,239.8699951171875,239.14999389648438,239.8699951171875,206.95172119140625,54293800,0.0,0.0,0.0
2017-05-11,239.35000610351562,239.57000732421875,238.1300048828125,239.3800048828125,206.52894592285156,62358300,0.0,0.0,0.0
2017-05-12,239.08999633789062,239.42999267578125,238.6699981689453,238.97999572753906,206.183837890625,53912700,0.0,0.0,0.0
2017-05-15,239.47000122070312,240.44000244140625,239.4499969482422,240.3000030517578,207.32264709472656,61918900,0.0,0.0,0.0
2017-05-16,240.63999938964844,240.6699981689453,239.6300048828125,240.0800018310547,207.13287353515625,51241800,0.0,0.0,0.0
2017-05-17,240.0800018310547,240.0800018310547,235.75,235.82000732421875,203.45751953125,172174100,0.0,0.0,0.0
2017-05-18,235.72999572753906,237.75,235.42999267578125,236.77000427246094,204.27720642089844,107047700,0.0,0.0,0.0
2017-05-19,237.3300018310547,239.0800018310547,237.27000427246094,238.30999755859375,205.60580444335938,115011400,0.0,0.0,0.0
2017-05-22,238.89999389648438,239.7100067138672,238.82000732421875,239.52000427246094,206.64974975585938,61010600,0.0,0.0,0.0
2017-05-23,239.9499969482422,240.24000549316406,239.50999450683594,240.0500030517578,207.1070098876953,48341700,0.0,0.0,0.0
2017-05-24,240.32000732421875,240.72999572753906,239.92999267578125,240.61000061035156,207.59014892578125,46927700,0.0,0.0,0.0
2017-05-25,241.1999969482422,242.0800018310547,240.9600067138672,241.75999450683594,208.5823516845703,64071700,0.0,0.0,0.0
2017-05-26,241.5399932861328,241.89999389648438,241.4499969482422,241.7100067138672,208.53919982910156,46629900,0.0,0.0,0.0
2017-05-30,241.33999633789062,241.7899932861328,241.16000366210938,241.5,208.3579559326172,35201900,0.0,0.0,0.0
2017-05-31,241.83999633789062,241.8800048828125,240.63999938964844,241.44000244140625,208.3062286376953,91796000,0.0,0.0,0.0
2017-06-01,241.97000122070312,243.3800048828125,241.63999938964844,243.36000061035156,209.9627685546875,68962000,0.0,0.0,0.0
2017-06-02,243.4199981689453,244.35000610351562,243.0800018310547,244.1699981689453,210.6615753173828,88666100,0.0,0.0,0.0
2017-06-05,243.97000122070312,244.3000030517578,243.75999450683594,243.99000549316406,210.5062713623047,44698800,0.0,0.0,0.0
2017-06-06,243.33999633789062,243.97999572753906,243.1199951171875,243.2100067138672,209.83331298828125,50375400,0.0,0.0,0.0
2017-06-07,243.60000610351562,243.9199981689453,242.8300018310547,243.66000366210938,210.22158813476562,54144300,0.0,0.0,0.0
2017-06-08,243.77000427246094,244.3300018310547,243.1699981689453,243.77999877929688,210.3251495361328,65950700,0.0,0.0,0.0
2017-06-09,244.08999633789062,245.00999450683594,241.9499969482422,243.41000366210938,210.00592041015625,132256400,0.0,0.0,0.0
2017-06-12,243.1300048828125,243.4199981689453,242.3800048828125,243.36000061035156,209.9627685546875,86108100,0.0,0.0,0.0
2017-06-13,243.97999572753906,244.61000061035156,243.5800018310547,244.5500030517578,210.98948669433594,60067000,0.0,0.0,0.0
2017-06-14,244.86000061035156,244.8699951171875,243.2899932861328,244.24000549316406,210.72201538085938,78602300,0.0,0.0,0.0
2017-06-15,242.67999267578125,243.91000366210938,242.36000061035156,243.77000427246094,210.31649780273438,66464900,0.0,0.0,0.0
2017-06-16,242.77000427246094,242.8300018310547,241.6300048828125,242.63999938964844,210.36244201660156,84553100,1.183,0.0,0.0
2017-06-19,243.58999633789062,244.72999572753906,243.47999572753906,244.66000366210938,212.1137237548828,65123800,0.0,0.0,0.0
2017-06-20,244.25,244.25999450683594,242.99000549316406,243.00999450683594,210.68324279785156,56906400,0.0,0.0,0.0
2017-06-21,243.4600067138672,243.58999633789062,242.41000366210938,242.9499969482422,210.6312255859375,55977600,0.0,0.0,0.0
2017-06-22,242.9600067138672,243.52999877929688,242.63999938964844,242.83999633789062,210.53579711914062,44148100,0.0,0.0,0.0
2017-06-23,242.91000366210938,243.50999450683594,242.47000122070312,243.1300048828125,210.7872772216797,66986800,0.0,0.0,0.0
2017-06-26,243.89999389648438,244.3800048828125,243.0500030517578,243.2899932861328,210.92601013183594,56700500,0.0,0.0,0.0
2017-06-27,243.0399932861328,243.3800048828125,241.30999755859375,241.3300018310547,209.22669982910156,82247700,0.0,0.0,0.0
2017-06-28,242.5,243.72000122070312,242.22999572753906,243.49000549316406,211.09939575195312,70042600,0.0,0.0,0.0
2017-06-29,243.66000366210938,243.72000122070312,239.9600067138672,241.35000610351562,209.2440643310547,106949700,0.0,0.0,0.0
2017-06-30,242.27999877929688,242.7100067138672,241.5800018310547,241.8000030517578,209.63421630859375,86820700,0.0,0.0,0.0
2017-07-03,242.8800048828125,243.3800048828125,242.2100067138672,242.2100067138672,209.9896240234375,39153800,0.0,0.0,0.0
2017-07-05,242.6300048828125,243.00999450683594,241.6999969482422,242.77000427246094,210.47515869140625,54427600,0.0,0.0,0.0
2017-07-06,241.88999938964844,242.02999877929688,240.33999633789062,240.5500030517578,208.5504608154297,65400800,0.0,0.0,0.0
2017-07-07,241.2100067138672,242.27999877929688,240.55999755859375,242.11000061035156,209.90293884277344,57972300,0.0,0.0,0.0
2017-07-10,242.11000061035156,242.8000030517578,241.75999450683594,242.3699951171875,210.12835693359375,36663300,0.0,0.0,0.0
2017-07-11,242.3699951171875,242.5500030517578,240.85000610351562,242.19000244140625,209.97230529785156,50354600,0.0,0.0,0.0
2017-07-12,243.3000030517578,244.1999969482422,243.3000030517578,244.00999450683594,211.55020141601562,59610400,0.0,0.0,0.0
2017-07-13,244.02000427246094,244.5500030517578,243.75999450683594,244.4199981689453,211.90560913085938,39471600,0.0,0.0,0.0
2017-07-14,244.4199981689453,245.97000122070312,244.30999755859375,245.55999755859375,212.89398193359375,60262700,0.0,0.0,0.0
2017-07-17,245.47000122070312,245.91000366210938,245.3300018310547,245.52999877929688,212.86795043945312,33531900,0.0,0.0,0.0
2017-07-18,245.05999755859375,245.72000122070312,244.6699981689453,245.66000366210938,212.980712890625,42742500,0.0,0.0,0.0
2017-07-19,246.02000427246094,247.0,246.00999450683594,246.99000549316406,214.1337432861328,51034300,0.0,0.0,0.0
2017-07-20,247.27999877929688,247.4199981689453,246.47000122070312,247.10000610351562,214.22914123535156,47135200,0.0,0.0,0.0
2017-07-21,246.44000244140625,246.91000366210938,246.17999267578125,246.8800048828125,214.03839111328125,82340800,0.0,0.0,0.0
2017-07-24,246.7899932861328,246.97999572753906,246.27999877929688,246.82000732421875,213.98638916015625,46622300,0.0,0.0,0.0
2017-07-25,247.67999267578125,247.8000030517578,247.16000366210938,247.4199981689453,214.5065460205078,54915600,0.0,0.0,0.0
2017-07-26,247.75,247.7899932861328,247.1300048828125,247.42999267578125,214.51522827148438,47575400,0.0,0.0,0.0
2017-07-27,247.9600067138672,248.0,245.67999267578125,247.1999969482422,214.31582641601562,70766600,0.0,0.0,0.0
2017-07-28,246.64999389648438,247.05999755859375,246.1300048828125,246.91000366210938,214.064453125,50088400,0.0,0.0,0.0
2017-07-31,247.3699951171875,247.47999572753906,246.52999877929688,246.77000427246094,213.94302368164062,65838700,0.0,0.0,0.0
2017-08-01,247.4600067138672,247.5,246.72000122070312,247.32000732421875,214.4198455810547,55050400,0.0,0.0,0.0
2017-08-02,247.47000122070312,247.60000610351562,246.3699951171875,247.44000244140625,214.52392578125,47211200,0.0,0.0,0.0
2017-08-03,247.30999755859375,247.33999633789062,246.63999938964844,246.9600067138672,214.10777282714844,40856000,0.0,0.0,0.0
2017-08-04,247.52000427246094,247.7899932861328,246.97000122070312,247.41000366210938,214.49794006347656,60191800,0.0,0.0,0.0
2017-08-07,247.49000549316406,247.8699951171875,247.3699951171875,247.8699951171875,214.896728515625,31995000,0.0,0.0,0.0
2017-08-08,247.50999450683594,248.91000366210938,246.8300018310547,247.25999450683594,214.36785888671875,61719400,0.0,0.0,0.0
2017-08-09,246.47000122070312,247.30999755859375,246.05999755859375,247.25,214.35919189453125,62632600,0.0,0.0,0.0
2017-08-10,246.2899932861328,246.44000244140625,243.6999969482422,243.75999450683594,211.3334197998047,120479500,0.0,0.0,0.0
2017-08-11,244.02000427246094,244.8000030517578,243.75,244.1199951171875,211.6455535888672,74869900,0.0,0.0,0.0
2017-08-14,245.58999633789062,246.7899932861328,245.5500030517578,246.5399932861328,213.7436065673828,73291900,0.0,0.0,0.0
2017-08-15,246.97999572753906,247.0,246.16000366210938,246.50999450683594,213.71762084960938,55242700,0.0,0.0,0.0
2017-08-16,247.11000061035156,247.57000732421875,246.4499969482422,246.94000244140625,214.09043884277344,56715500,0.0,0.0,0.0
2017-08-17,246.24000549316406,246.60000610351562,243.08999633789062,243.08999633789062,210.7525634765625,128490400,0.0,0.0,0.0
2017-08-18,242.89999389648438,244.19000244140625,242.1999969482422,242.7100067138672,210.42312622070312,136748000,0.0,0.0,0.0
2017-08-21,242.63999938964844,243.1999969482422,241.8300018310547,242.89999389648438,210.58787536621094,65469700,0.0,0.0,0.0
2017-08-22,243.57000732421875,245.6199951171875,243.5500030517578,245.44000244140625,212.7899627685547,63140100,0.0,0.0,0.0
2017-08-23,244.3300018310547,245.0500030517578,244.16000366210938,244.55999755859375,212.0270538330078,50203800,0.0,0.0,0.0
2017-08-24,245.0,245.17999267578125,243.75,243.99000549316406,211.53285217285156,50741700,0.0,0.0,0.0
2017-08-25,244.89999389648438,245.61000061035156,244.38999938964844,244.55999755859375,212.0270538330078,64445900,0.0,0.0,0.0
2017-08-28,245.1699981689453,245.1999969482422,244.08999633789062,244.57000732421875,212.03575134277344,40565600,0.0,0.0,0.0
2017-08-29,243.05999755859375,245.14999389648438,242.92999267578125,244.85000610351562,212.27845764160156,51135700,0.0,0.0,0.0
2017-08-30,244.8300018310547,246.32000732421875,244.6199951171875,246.00999450683594,213.2841796875,62030800,0.0,0.0,0.0
2017-08-31,246.72000122070312,247.77000427246094,246.0500030517578,247.49000549316406,214.5672607421875,103803900,0.0,0.0,0.0
2017-09-01,247.9199981689453,248.3300018310547,247.6699981689453,247.83999633789062,214.8707275390625,62007000,0.0,0.0,0.0
2017-09-05,247.25999450683594,247.52000427246094,244.9499969482422,246.05999755859375,213.32749938964844,91398800,0.0,0.0,0.0
2017-09-06,246.83999633789062,247.27999877929688,246.22999572753906,246.89999389648438,214.0557861328125,57916900,0.0,0.0,0.0
2017-09-07,247.25,247.27000427246094,246.39999389648438,246.8699951171875,214.02972412109375,58034700,0.0,0.0,0.0
2017-09-08,246.5399932861328,247.11000061035156,246.3000030517578,246.5800018310547,213.77828979492188,63832800,0.0,0.0,0.0
2017-09-11,248.0399932861328,249.3000030517578,248.02000427246094,249.2100067138672,216.0584259033203,71364800,0.0,0.0,0.0
2017-09-12,249.6300048828125,250.08999633789062,249.4199981689453,250.0500030517578,216.78668212890625,56896000,0.0,0.0,0.0
2017-09-13,249.72000122070312,250.2100067138672,249.58999633789062,250.1699981689453,216.89073181152344,59228000,0.0,0.0,0.0
2017-09-14,249.8000030517578,250.32000732421875,249.60000610351562,250.08999633789062,216.82144165039062,95446300,0.0,0.0,0.0
2017-09-15,248.69000244140625,249.2899932861328,248.57000732421875,249.19000244140625,217.1132354736328,95432400,1.235,0.0,0.0
2017-09-18,249.61000061035156,250.1199951171875,249.27999877929688,249.72000122070312,217.5750732421875,46235200,0.0,0.0,0.0
2017-09-19,250.0,250.07000732421875,249.60000610351562,249.97000122070312,217.7928466796875,47108100,0.0,0.0,0.0
2017-09-20,250.07000732421875,250.19000244140625,248.9199981689453,250.05999755859375,217.87127685546875,59574100,0.0,0.0,0.0
2017-09-21,249.8800048828125,249.97999572753906,249.19000244140625,249.38999938964844,217.2874755859375,48211400,0.0,0.0,0.0
2017-09-22,249.0500030517578,249.6300048828125,249.02000427246094,249.44000244140625,217.33108520507812,51214000,0.0,0.0,0.0
2017-09-25,249.14999389648438,249.5500030517578,248.0800018310547,248.92999267578125,216.88670349121094,57064400,0.0,0.0,0.0
2017-09-26,249.4199981689453,249.6999969482422,248.80999755859375,249.0800018310547,217.01742553710938,54082000,0.0,0.0,0.0
2017-09-27,249.8800048828125,250.49000549316406,248.8699951171875,250.0500030517578,217.86257934570312,81001400,0.0,0.0,0.0
2017-09-28,249.72999572753906,250.44000244140625,249.6300048828125,250.35000610351562,218.1239471435547,44778800,0.0,0.0,0.0
2017-09-29,250.33999633789062,251.32000732421875,250.1300048828125,251.22999572753906,218.8906707763672,85578000,0.0,0.0,0.0
2017-10-02,251.49000549316406,252.32000732421875,251.2899932861328,252.32000732421875,219.84036254882812,59023000,0.0,0.0,0.0
2017-10-03,252.32000732421875,252.88999938964844,252.22999572753906,252.86000061035156,220.31088256835938,66810200,0.0,0.0,0.0
2017-10-04,252.69000244140625,253.44000244140625,252.55999755859375,253.16000366210938,220.572265625,55953600,0.0,0.0,0.0
2017-10-05,253.5399932861328,254.67999267578125,253.1999969482422,254.66000366210938,221.87918090820312,63522800,0.0,0.0,0.0
2017-10-06,254.14999389648438,254.6999969482422,253.85000610351562,254.3699951171875,221.6264190673828,80646000,0.0,0.0,0.0
2017-10-09,254.6300048828125,254.6999969482422,253.64999389648438,253.9499969482422,221.26055908203125,35803100,0.0,0.0,0.0
2017-10-10,254.60000610351562,255.0500030517578,253.97999572753906,254.6199951171875,221.8443145751953,43057400,0.0,0.0,0.0
2017-10-11,254.50999450683594,255.02000427246094,254.32000732421875,255.02000427246094,222.1928253173828,47674300,0.0,0.0,0.0
2017-10-12,254.66000366210938,255.05999755859375,254.3699951171875,254.63999938964844,221.86172485351562,47065100,0.0,0.0,0.0
2017-10-13,255.13999938964844,255.27000427246094,254.63999938964844,254.9499969482422,222.1317901611328,54800400,0.0,0.0,0.0
2017-10-16,255.2100067138672,255.50999450683594,254.82000732421875,255.2899932861328,222.42803955078125,38221700,0.0,0.0,0.0
2017-10-17,255.22999572753906,255.52000427246094,254.97999572753906,255.47000122070312,222.58486938476562,31561000,0.0,0.0,0.0
2017-10-18,255.89999389648438,255.9499969482422,255.5,255.72000122070312,222.80270385742188,40888300,0.0,0.0,0.0
2017-10-19,254.8300018310547,255.8300018310547,254.35000610351562,255.7899932861328,222.8636932373047,61903800,0.0,0.0,0.0
2017-10-20,256.70001220703125,257.1400146484375,255.77000427246094,257.1099853515625,224.01377868652344,89176400,0.0,0.0,0.0
2017-10-23,257.4800109863281,257.510009765625,256.0199890136719,256.1099853515625,223.14251708984375,63915300,0.0,0.0,0.0
2017-10-24,256.6000061035156,256.8299865722656,256.1499938964844,256.55999755859375,223.5345916748047,66935900,0.0,0.0,0.0
2017-10-25,256.17999267578125,256.30999755859375,254.0,255.2899932861328,222.42803955078125,103715300,0.0,0.0,0.0
2017-10-26,255.99000549316406,256.29998779296875,255.47999572753906,255.6199951171875,222.71554565429688,69798000,0.0,0.0,0.0
2017-10-27,256.4700012207031,257.8900146484375,255.6300048828125,257.7099914550781,224.5364990234375,85562500,0.0,0.0,0.0
2017-10-30,256.4700012207031,257.6000061035156,256.4100036621094,256.75,223.70013427734375,54285700,0.0,0.0,0.0
2017-10-31,257.17999267578125,257.44000244140625,256.80999755859375,257.1499938964844,224.0486297607422,60304800,0.0,0.0,0.0
2017-11-01,258.0400085449219,258.42999267578125,257.07000732421875,257.489990234375,224.34487915039062,54202700,0.0,0.0,0.0
2017-11-02,257.4100036621094,257.75,256.19000244140625,257.5899963378906,224.43197631835938,56449500,0.0,0.0,0.0
2017-11-03,257.7699890136719,258.5,257.29998779296875,258.45001220703125,225.18128967285156,59589700,0.0,0.0,0.0
2017-11-06,258.29998779296875,259.0,258.2200012207031,258.8500061035156,225.52981567382812,49652600,0.0,0.0,0.0
2017-11-07,258.9700012207031,259.3500061035156,258.0899963378906,258.6700134277344,225.3729248046875,57502200,0.0,0.0,0.0
2017-11-08,258.4700012207031,259.2200012207031,258.1499938964844,259.1099853515625,225.75628662109375,50469600,0.0,0.0,0.0
2017-11-09,257.7300109863281,258.3900146484375,256.3599853515625,258.1700134277344,224.93736267089844,95085500,0.0,0.0,0.0
2017-11-10,257.7300109863281,258.2900085449219,257.3699951171875,258.0899963378906,224.8676300048828,59984700,0.0,0.0,0.0
2017-11-13,257.30999755859375,258.5899963378906,257.2699890136719,258.3299865722656,225.07667541503906,50228600,0.0,0.0,0.0
2017-11-14,257.4100036621094,257.8500061035156,256.5199890136719,257.7300109863281,224.55398559570312,61315200,0.0,0.0,0.0
2017-11-15,256.6199951171875,257.2200012207031,255.6300048828125,256.44000244140625,223.43002319335938,80811500,0.0,0.0,0.0
2017-11-16,257.5199890136719,259.0400085449219,257.4700012207031,258.6199951171875,225.32937622070312,67777000,0.0,0.0,0.0
2017-11-17,258.2200012207031,258.5899963378906,257.7699890136719,257.8599853515625,224.6671905517578,75756800,0.0,0.0,0.0
2017-11-20,258.1400146484375,258.5199890136719,257.8599853515625,258.29998779296875,225.05059814453125,48075500,0.0,0.0,0.0
2017-11-21,259.17999267578125,260.20001220703125,258.260009765625,259.989990234375,226.5229949951172,69176800,0.0,0.0,0.0
2017-11-22,260.0,260.1499938964844,259.57000732421875,259.760009765625,226.32264709472656,45033400,0.0,0.0,0.0
2017-11-24,260.32000732421875,260.4800109863281,260.1600036621094,260.3599853515625,226.8453826904297,27856500,0.0,0.0,0.0
2017-11-27,260.4100036621094,260.75,260.0,260.2300109863281,226.73219299316406,52274900,0.0,0.0,0.0
2017-11-28,260.760009765625,262.8999938964844,260.6499938964844,262.8699951171875,229.0323944091797,98971700,0.0,0.0,0.0
2017-11-29,263.0199890136719,263.6300048828125,262.20001220703125,262.7099914550781,228.89292907714844,77512100,0.0,0.0,0.0
2017-11-30,263.760009765625,266.04998779296875,263.6700134277344,265.010009765625,230.8968963623047,127894400,0.0,0.0,0.0
2017-12-01,264.760009765625,265.30999755859375,260.760009765625,264.4599914550781,230.41766357421875,164390900,0.0,0.0,0.0
2017-12-04,266.30999755859375,266.79998779296875,264.0799865722656,264.1400146484375,230.13888549804688,94040600,0.0,0.0,0.0
2017-12-05,263.19000244140625,265.1499938964844,263.0400085449219,263.19000244140625,229.3111114501953,77994500,0.0,0.0,0.0
2017-12-06,263.29998779296875,263.7300109863281,262.7099914550781,263.239990234375,229.3546600341797,75898600,0.0,0.0,0.0
2017-12-07,264.07000732421875,264.42999267578125,262.94000244140625,264.07000732421875,230.07786560058594,77218600,0.0,0.0,0.0
2017-12-08,265.1600036621094,265.5199890136719,264.0299987792969,265.510009765625,231.33251953125,76563900,0.0,0.0,0.0
2017-12-11,266.30999755859375,266.3800048828125,265.4800109863281,266.30999755859375,232.02951049804688,83077500,0.0,0.0,0.0
2017-12-12,267.2099914550781,267.32000732421875,266.3500061035156,266.7799987792969,232.4390106201172,85195800,0.0,0.0,0.0
2017-12-13,267.05999755859375,267.55999755859375,266.6499938964844,266.75,232.4128875732422,102905400,0.0,0.0,0.0
2017-12-14,267.0899963378906,267.2200012207031,265.6000061035156,265.6600036621094,231.46319580078125,100666700,0.0,0.0,0.0
2017-12-15,265.45001220703125,267.0400085449219,265.3900146484375,266.510009765625,233.3906707763672,144610300,1.351,0.0,0.0
2017-12-18,268.1000061035156,268.6000061035156,267.9800109863281,268.20001220703125,234.8706512451172,83653600,0.0,0.0,0.0
2017-12-19,268.4800109863281,268.5299987792969,267.0899963378906,267.1700134277344,233.9686279296875,82382900,0.0,0.0,0.0
2017-12-20,268.2699890136719,268.3299865722656,266.69000244140625,267.0299987792969,233.8460693359375,76751500,0.0,0.0,0.0
2017-12-21,267.739990234375,268.3900146484375,267.29998779296875,267.5799865722656,234.3276824951172,67032300,0.0,0.0,0.0
2017-12-22,267.6000061035156,267.6400146484375,266.8999938964844,267.510009765625,234.26641845703125,78720900,0.0,0.0,0.0
2017-12-26,267.04998779296875,267.44000244140625,266.8900146484375,267.19000244140625,233.98622131347656,45244400,0.0,0.0,0.0
2017-12-27,267.3800048828125,267.7300109863281,267.010009765625,267.32000732421875,234.09999084472656,57751000,0.0,0.0,0.0
2017-12-28,267.8900146484375,267.9200134277344,267.45001220703125,267.8699951171875,234.58168029785156,45116100,0.0,0.0,0.0
2017-12-29,268.5299987792969,268.54998779296875,266.6400146484375,266.8599853515625,233.6971893310547,96007400,0.0,0.0,0.0
2018-01-02,267.8399963378906,268.80999755859375,267.3999938964844,268.7699890136719,235.36985778808594,86655700,0.0,0.0,0.0
2018-01-03,268.9599914550781,270.6400146484375,268.9599914550781,270.4700012207031,236.85858154296875,90070400,0.0,0.0,0.0
2018-01-04,271.20001220703125,272.1600036621094,270.5400085449219,271.6099853515625,237.85691833496094,80636400,0.0,0.0,0.0
2018-01-05,272.510009765625,273.55999755859375,271.95001220703125,273.4200134277344,239.44203186035156,83524000,0.0,0.0,0.0
2018-01-08,273.30999755859375,274.1000061035156,272.9800109863281,273.9200134277344,239.8798370361328,57319200,0.0,0.0,0.0
2018-01-09,274.3999938964844,275.25,274.0799865722656,274.5400085449219,240.4228057861328,57254000,0.0,0.0,0.0
2018-01-10,273.67999267578125,274.4200134277344,272.9200134277344,274.1199951171875,240.0550079345703,69574300,0.0,0.0,0.0
2018-01-11,274.75,276.1199951171875,274.55999755859375,276.1199951171875,241.80642700195312,62361500,0.0,0.0,0.0
2018-01-12,276.4200134277344,278.1099853515625,276.0799865722656,277.9200134277344,243.3828125,90816100,0.0,0.0,0.0
2018-01-16,279.3500061035156,280.0899963378906,276.17999267578125,276.9700012207031,242.55087280273438,106555100,0.0,0.0,0.0
2018-01-17,278.0299987792969,280.04998779296875,276.9700012207031,279.6099853515625,244.86277770996094,113258800,0.0,0.0,0.0
2018-01-18,279.4800109863281,279.9599914550781,278.5799865722656,279.1400146484375,244.45118713378906,100728000,0.0,0.0,0.0
2018-01-19,279.79998779296875,280.4100036621094,279.1400146484375,280.4100036621094,245.56333923339844,140920100,0.0,0.0,0.0
2018-01-22,280.1700134277344,282.69000244140625,280.1099853515625,282.69000244140625,247.55992126464844,91322400,0.0,0.0,0.0
2018-01-23,282.739990234375,283.6199951171875,282.3699951171875,283.2900085449219,248.08546447753906,97084700,0.0,0.0,0.0
2018-01-24,284.0199890136719,284.70001220703125,281.8399963378906,283.17999267578125,247.9891357421875,134816100,0.0,0.0,0.0
2018-01-25,284.1600036621094,284.2699890136719,282.3999938964844,283.29998779296875,248.09417724609375,84587300,0.0,0.0,0.0
2018-01-26,284.25,286.6300048828125,283.9599914550781,286.5799865722656,250.9665985107422,107743100,0.0,0.0,0.0
2018-01-29,285.92999267578125,286.42999267578125,284.5,284.67999267578125,249.30267333984375,90118300,0.0,0.0,0.0
2018-01-30,282.6000061035156,284.739990234375,281.2200012207031,281.760009765625,246.7454833984375,131796400,0.0,0.0,0.0
2018-01-31,282.7300109863281,283.29998779296875,280.67999267578125,281.8999938964844,246.8681640625,108364800,0.0,0.0,0.0
2018-02-01,281.07000732421875,283.05999755859375,280.67999267578125,281.5799865722656,246.58790588378906,90102500,0.0,0.0,0.0
2018-02-02,280.0799865722656,280.2300109863281,275.4100036621094,275.45001220703125,241.2197265625,173174800,0.0,0.0,0.0
2018-02-05,273.45001220703125,275.8500061035156,263.30999755859375,263.92999267578125,231.13131713867188,294681800,0.0,0.0,0.0
2018-02-06,259.94000244140625,269.70001220703125,258.70001220703125,269.1300048828125,235.68507385253906,355026800,0.0,0.0,0.0
2018-02-07,268.5,272.3599853515625,267.5799865722656,267.6700134277344,234.40655517578125,167376100,0.0,0.0,0.0
2018-02-08,268.010009765625,268.1700134277344,257.5899963378906,257.6300048828125,225.6142120361328,246449500,0.0,0.0,0.0
2018-02-09,260.79998779296875,263.6099853515625,252.9199981689453,261.5,229.0032501220703,283565300,0.0,0.0,0.0
2018-02-12,263.8299865722656,267.010009765625,261.6600036621094,265.3399963378906,232.36605834960938,143736000,0.0,0.0,0.0
2018-02-13,263.9700012207031,266.6199951171875,263.30999755859375,266.0,232.9440460205078,81223600,0.0,0.0,0.0
2018-02-14,264.30999755859375,270.0,264.29998779296875,269.5899963378906,236.0879364013672,120735700,0.0,0.0,0.0
2018-02-15,271.57000732421875,273.0400085449219,268.7699890136719,273.0299987792969,239.10047912597656,111200300,0.0,0.0,0.0
2018-02-16,272.32000732421875,275.32000732421875,272.2699890136719,273.1099853515625,239.1704559326172,160420100,0.0,0.0,0.0
2018-02-20,272.0299987792969,273.6700134277344,270.5,271.3999938964844,237.67298889160156,86369700,0.0,0.0,0.0
2018-02-21,271.8999938964844,274.7200012207031,269.94000244140625,270.04998779296875,236.49069213867188,98883700,0.0,0.0,0.0
2018-02-22,271.1000061035156,273.04998779296875,269.6400146484375,270.3999938964844,236.7972869873047,110511300,0.0,0.0,0.0
2018-02-23,271.7900085449219,274.7099914550781,271.25,274.7099914550781,240.57167053222656,92766400,0.0,0.0,0.0
2018-02-26,275.92999267578125,278.010009765625,275.260009765625,277.8999938964844,243.36532592773438,86491400,0.0,0.0,0.0
2018-02-27,278.1099853515625,278.9200134277344,274.3599853515625,274.42999267578125,240.32647705078125,99099200,0.0,0.0,0.0
2018-02-28,275.67999267578125,276.19000244140625,271.2900085449219,271.6499938964844,237.8919677734375,121907800,0.0,0.0,0.0
2018-03-01,271.4100036621094,273.1700134277344,266.0,267.70001220703125,234.4328155517578,176855100,0.0,0.0,0.0
2018-03-02,265.79998779296875,269.7200012207031,264.82000732421875,269.0799865722656,235.64122009277344,139083200,0.0,0.0,0.0
2018-03-05,267.7300109863281,272.8900146484375,267.6099853515625,272.19000244140625,238.3648681640625,97307400,0.0,0.0,0.0
2018-03-06,273.29998779296875,273.3900146484375,271.17999267578125,272.8800048828125,238.9690704345703,79213200,0.0,0.0,0.0
2018-03-07,270.4200134277344,273.17999267578125,270.20001220703125,272.7799987792969,238.8815460205078,87063500,0.0,0.0,0.0
2018-03-08,273.54998779296875,274.239990234375,272.4200134277344,274.1000061035156,240.0375518798828,66901200,0.0,0.0,0.0
2018-03-09,275.70001220703125,278.8699951171875,275.3399963378906,278.8699951171875,244.21463012695312,113625300,0.0,0.0,0.0
2018-03-12,279.20001220703125,279.9100036621094,278.0799865722656,278.5199890136719,243.90817260742188,71924800,0.0,0.0,0.0
2018-03-13,279.8399963378906,280.4100036621094,276.0299987792969,276.7200012207031,242.3318634033203,91968900,0.0,0.0,0.0
2018-03-14,277.80999755859375,278.0199890136719,274.6700134277344,275.29998779296875,241.0883026123047,105895100,0.0,0.0,0.0
2018-03-15,275.8800048828125,276.6099853515625,274.42999267578125,275.0,240.82566833496094,83433000,0.0,0.0,0.0
2018-03-16,274.5,275.3900146484375,274.1400146484375,274.20001220703125,241.08670043945312,100343700,1.097,0.0,0.0
2018-03-19,273.3500061035156,274.3999938964844,268.6199951171875,270.489990234375,237.82476806640625,109208400,0.0,0.0,0.0
2018-03-20,270.94000244140625,271.6700134277344,270.17999267578125,270.95001220703125,238.2292022705078,59757300,0.0,0.0,0.0
2018-03-21,270.8999938964844,273.2699890136719,270.19000244140625,270.42999267578125,237.77206420898438,78709600,0.0,0.0,0.0
2018-03-22,267.9100036621094,268.8699951171875,263.3599853515625,263.6700134277344,231.8284149169922,148785900,0.0,0.0,0.0
2018-03-23,264.1700134277344,264.5400085449219,257.8299865722656,258.04998779296875,226.88710021972656,183534800,0.0,0.0,0.0
2018-03-26,262.1300048828125,265.42999267578125,259.4100036621094,265.1099853515625,233.094482421875,141956100,0.0,0.0,0.0
2018-03-27,266.1700134277344,266.7699890136719,258.8399963378906,260.6000061035156,229.1291046142578,129941400,0.0,0.0,0.0
2018-03-28,260.75,262.6400146484375,258.5799865722656,259.8299865722656,228.45211791992188,146452300,0.0,0.0,0.0
2018-03-29,261.1199951171875,265.260009765625,259.8399963378906,263.1499938964844,231.37115478515625,111601600,0.0,0.0,0.0
2018-04-02,262.54998779296875,263.1300048828125,254.6699981689453,257.4700012207031,226.37709045410156,186286300,0.0,0.0,0.0
2018-04-03,258.8699951171875,261.30999755859375,256.8399963378906,260.7699890136719,229.2786102294922,119956900,0.0,0.0,0.0
2018-04-04,256.75,264.3599853515625,256.6000061035156,263.55999755859375,231.73167419433594,123715300,0.0,0.0,0.0
2018-04-05,265.54998779296875,266.6400146484375,264.32000732421875,265.6400146484375,233.56053161621094,82652600,0.0,0.0,0.0
2018-04-06,263.4200134277344,265.1099853515625,258.0,259.7200012207031,228.35536193847656,179521200,0.0,0.0,0.0
2018-04-09,261.3699951171875,264.8399963378906,259.94000244140625,261.0,229.48080444335938,105442900,0.0,0.0,0.0
2018-04-10,264.2699890136719,266.0400085449219,262.9800109863281,265.1499938964844,233.12969970703125,103529000,0.0,0.0,0.0
2018-04-11,263.4700012207031,265.6400146484375,263.3900146484375,263.760009765625,231.90748596191406,91140200,0.0,0.0,0.0
2018-04-12,265.260009765625,267.0,265.05999755859375,265.92999267578125,233.8154296875,68890500,0.0,0.0,0.0
2018-04-13,267.4100036621094,267.5400085449219,264.010009765625,265.1499938964844,233.12969970703125,85079200,0.0,0.0,0.0
2018-04-16,267.0,268.20001220703125,266.07000732421875,267.3299865722656,235.04640197753906,63405300,0.0,0.0,0.0
2018-04-17,269.3299865722656,270.8699951171875,268.75,270.19000244140625,237.56100463867188,64682000,0.0,0.0,0.0
2018-04-18,270.69000244140625,271.29998779296875,269.8699951171875,270.3900146484375,237.73687744140625,57303900,0.0,0.0,0.0
2018-04-19,269.6499938964844,269.8800048828125,267.7200012207031,268.8900146484375,236.41796875,77655900,0.0,0.0,0.0
2018-04-20,268.80999755859375,269.05999755859375,265.6099853515625,266.6099853515625,234.41334533691406,99953100,0.0,0.0,0.0
2018-04-23,267.260009765625,267.8900146484375,265.3500061035156,266.57000732421875,234.37815856933594,65558000,0.0,0.0,0.0
2018-04-24,267.7300109863281,267.9800109863281,261.2799987792969,262.9800109863281,231.2217559814453,112885500,0.0,0.0,0.0
2018-04-25,262.9100036621094,264.1300048828125,260.8500061035156,263.6300048828125,231.7932586669922,103840900,0.0,0.0,0.0
2018-04-26,264.7900085449219,267.25,264.2900085449219,266.30999755859375,234.14955139160156,67731900,0.0,0.0,0.0
2018-04-27,267.0,267.3399963378906,265.5,266.55999755859375,234.36935424804688,57053600,0.0,0.0,0.0
2018-04-30,267.260009765625,267.8900146484375,264.42999267578125,264.510009765625,232.56690979003906,82182300,0.0,0.0,0.0
2018-05-01,263.8699951171875,265.1000061035156,262.1099853515625,264.9800109863281,232.98019409179688,74203400,0.0,0.0,0.0
2018-05-02,264.760009765625,265.67999267578125,262.760009765625,263.20001220703125,231.4151611328125,86368900,0.0,0.0,0.0
2018-05-03,262.260009765625,263.3599853515625,259.04998779296875,262.6199951171875,230.90516662597656,136311500,0.0,0.0,0.0
2018-05-04,261.5199890136719,266.7900085449219,261.1499938964844,266.0199890136719,233.8945770263672,91222100,0.0,0.0,0.0
2018-05-07,266.8900146484375,268.0199890136719,266.1099853515625,266.9200134277344,234.68589782714844,55304900,0.0,0.0,0.0
2018-05-08,266.5,267.3299865722656,265.1499938964844,266.9200134277344,234.68589782714844,67499200,0.0,0.0,0.0
2018-05-09,267.67999267578125,269.8699951171875,267.0899963378906,269.5,236.95433044433594,59666100,0.0,0.0,0.0
2018-05-10,270.3399963378906,272.3900146484375,270.2200012207031,272.0199890136719,239.17005920410156,72063900,0.0,0.0,0.0
2018-05-11,272.1600036621094,273.1499938964844,271.5799865722656,272.8500061035156,239.89974975585938,59871500,0.0,0.0,0.0
2018-05-14,273.3399963378906,274.0799865722656,272.3599853515625,272.9800109863281,240.01409912109375,54790600,0.0,0.0,0.0
2018-05-15,271.5899963378906,271.6099853515625,270.0299987792969,271.1000061035156,238.3611297607422,87036100,0.0,0.0,0.0
2018-05-16,271.1400146484375,272.760009765625,271.1099853515625,272.239990234375,239.36346435546875,53942600,0.0,0.0,0.0
2018-05-17,271.94000244140625,273.2300109863281,271.1300048828125,272.010009765625,239.16122436523438,56536400,0.0,0.0,0.0
2018-05-18,271.6199951171875,272.0299987792969,270.92999267578125,271.3299865722656,238.5634002685547,64368000,0.0,0.0,0.0
2018-05-21,273.010009765625,273.9800109863281,272.57000732421875,273.3699951171875,240.3569793701172,58025900,0.0,0.0,0.0
2018-05-22,273.9599914550781,274.25,272.239990234375,272.6099853515625,239.688720703125,52966400,0.0,0.0,0.0
2018-05-23,271.1700134277344,273.3900146484375,270.989990234375,273.3599853515625,240.34814453125,64694200,0.0,0.0,0.0
2018-05-24,272.9100036621094,273.2200012207031,270.7799987792969,272.79998779296875,239.8558349609375,76043800,0.0,0.0,0.0
2018-05-25,272.1499938964844,272.8599853515625,271.5799865722656,272.1499938964844,239.28433227539062,56374800,0.0,0.0,0.0
2018-05-29,270.30999755859375,271.1700134277344,267.760009765625,269.0199890136719,236.53228759765625,115908600,0.0,0.0,0.0
2018-05-30,270.5,273.1099853515625,270.4200134277344,272.6099853515625,239.688720703125,69678400,0.0,0.0,0.0
2018-05-31,272.1499938964844,272.489990234375,270.260009765625,270.94000244140625,238.2204132080078,93519900,0.0,0.0,0.0
2018-06-01,272.4100036621094,273.94000244140625,272.3299865722656,273.6000061035156,240.5592803955078,71258400,0.0,0.0,0.0
2018-06-04,274.5299987792969,275.19000244140625,274.260009765625,274.8999938964844,241.7022705078125,45385200,0.0,0.0,0.0
2018-06-05,275.04998779296875,275.5299987792969,274.17999267578125,275.1000061035156,241.87808227539062,51135000,0.0,0.0,0.0
2018-06-06,275.7900085449219,277.5199890136719,275.0899963378906,277.3999938964844,243.90032958984375,62732200,0.0,0.0,0.0
2018-06-07,277.95001220703125,278.2799987792969,276.3399963378906,277.3699951171875,243.87400817871094,72969400,0.0,0.0,0.0
2018-06-08,276.8500061035156,278.25,276.6600036621094,278.19000244140625,244.5948944091797,72139700,0.0,0.0,0.0
2018-06-11,278.44000244140625,279.3699951171875,278.30999755859375,278.55999755859375,244.92022705078125,58892500,0.0,0.0,0.0
2018-06-12,279.0299987792969,279.3299865722656,278.19000244140625,278.9200134277344,245.2367706298828,72329000,0.0,0.0,0.0
2018-06-13,279.19000244140625,279.4800109863281,277.79998779296875,278.0299987792969,244.45419311523438,79070600,0.0,0.0,0.0
2018-06-14,279.010009765625,279.3299865722656,278.05999755859375,278.7300109863281,245.06968688964844,77097600,0.0,0.0,0.0
2018-06-15,276.6000061035156,277.510009765625,275.3500061035156,277.1300048828125,244.75706481933594,120041600,1.246,0.0,0.0
2018-06-18,275.489990234375,276.70001220703125,274.95001220703125,276.55999755859375,244.25367736816406,52917600,0.0,0.0,0.0
2018-06-19,274.0,275.75,273.5299987792969,275.5,243.31748962402344,97531500,0.0,0.0,0.0
2018-06-20,276.2699890136719,276.7200012207031,275.5899963378906,275.9700012207031,243.73252868652344,53785500,0.0,0.0,0.0
2018-06-21,275.9599914550781,275.9800109863281,273.67999267578125,274.239990234375,242.2046661376953,71061400,0.0,0.0,0.0
2018-06-22,275.6600036621094,275.7900085449219,274.489990234375,274.739990234375,242.64620971679688,54898500,0.0,0.0,0.0
2018-06-25,273.44000244140625,273.6199951171875,269.1000061035156,271.0,239.34315490722656,137854200,0.0,0.0,0.0
2018-06-26,271.6400146484375,272.55999755859375,270.7900085449219,271.6000061035156,239.87301635742188,68547400,0.0,0.0,0.0
2018-06-27,272.260009765625,273.8699951171875,269.17999267578125,269.3500061035156,237.88584899902344,105110700,0.0,0.0,0.0
2018-06-28,269.2900085449219,271.75,268.489990234375,270.8900146484375,239.24600219726562,76650500,0.0,0.0,0.0
2018-06-29,272.1199951171875,273.6600036621094,271.1499938964844,271.2799987792969,239.59043884277344,97592500,0.0,0.0,0.0
2018-07-02,269.510009765625,272.0400085449219,269.239990234375,271.8599853515625,240.1026153564453,63554800,0.0,0.0,0.0
2018-07-03,272.8699951171875,272.9800109863281,270.4200134277344,270.8999938964844,239.2548370361328,42187100,0.0,0.0,0.0
2018-07-05,272.1700134277344,273.17999267578125,270.9599914550781,273.1099853515625,241.20664978027344,56925900,0.0,0.0,0.0
2018-07-06,273.1400146484375,275.8399963378906,272.7099914550781,275.4200134277344,243.2467498779297,66493700,0.0,0.0,0.0
2018-07-09,276.54998779296875,277.9599914550781,276.5,277.8999938964844,245.4371337890625,50550400,0.0,0.0,0.0
2018-07-10,278.4100036621094,279.010009765625,278.0799865722656,278.8999938964844,246.32032775878906,51966800,0.0,0.0,0.0
2018-07-11,277.1499938964844,278.0400085449219,276.5199890136719,276.8599853515625,244.51858520507812,77054700,0.0,0.0,0.0
2018-07-12,278.2799987792969,279.42999267578125,277.6000061035156,279.3699951171875,246.7353515625,60124700,0.0,0.0,0.0
2018-07-13,279.1700134277344,279.92999267578125,278.6600036621094,279.5899963378906,246.92965698242188,48216000,0.0,0.0,0.0
2018-07-16,279.6400146484375,279.79998779296875,278.8399963378906,279.3399963378906,246.7089080810547,48201000,0.0,0.0,0.0
2018-07-17,278.4700012207031,280.9100036621094,278.4100036621094,280.4700012207031,247.7069549560547,52315500,0.0,0.0,0.0
2018-07-18,280.55999755859375,281.17999267578125,280.05999755859375,281.05999755859375,248.22796630859375,44593500,0.0,0.0,0.0
2018-07-19,280.30999755859375,280.739990234375,279.4599914550781,280.0,247.291748046875,61412100,0.0,0.0,0.0
2018-07-20,279.7699890136719,280.4800109863281,279.5,279.67999267578125,247.0091552734375,82337700,0.0,0.0,0.0
2018-07-23,279.45001220703125,280.42999267578125,279.05999755859375,280.20001220703125,247.46847534179688,47047600,0.0,0.0,0.0
2018-07-24,281.7900085449219,282.55999755859375,280.6300048828125,281.6099853515625,248.7137451171875,68026900,0.0,0.0,0.0
2018-07-25,281.3299865722656,284.3699951171875,281.2799987792969,284.010009765625,250.8334197998047,78882900,0.0,0.0,0.0
2018-07-26,283.20001220703125,284.1099853515625,283.0899963378906,283.3399963378906,250.24166870117188,57919500,0.0,0.0,0.0
2018-07-27,283.7099914550781,283.82000732421875,280.3800048828125,281.4200134277344,248.54598999023438,76768700,0.0,0.0,0.0
2018-07-30,281.510009765625,281.69000244140625,279.3599853515625,279.95001220703125,247.24757385253906,63742500,0.0,0.0,0.0
2018-07-31,280.80999755859375,282.0199890136719,280.3800048828125,281.3299865722656,248.4664764404297,68570500,0.0,0.0,0.0
2018-08-01,281.55999755859375,282.1300048828125,280.1300048828125,280.8599853515625,248.05130004882812,53853300,0.0,0.0,0.0
2018-08-02,279.3900146484375,282.5799865722656,279.1600036621094,282.3900146484375,249.40261840820312,63426400,0.0,0.0,0.0
2018-08-03,282.5299987792969,283.6600036621094,282.3299865722656,283.6000061035156,250.4713134765625,53935400,0.0,0.0,0.0
2018-08-06,283.6400146484375,284.989990234375,283.20001220703125,284.6400146484375,251.3897247314453,39400900,0.0,0.0,0.0
2018-08-07,285.3900146484375,286.010009765625,285.239990234375,285.5799865722656,252.21994018554688,43196600,0.0,0.0,0.0
2018-08-08,285.3900146484375,285.9100036621094,284.94000244140625,285.4599914550781,252.11404418945312,42114600,0.0,0.0,0.0
2018-08-09,285.5299987792969,285.9700012207031,284.9200134277344,285.07000732421875,251.76953125,35717000,0.0,0.0,0.0
2018-08-10,283.45001220703125,284.05999755859375,282.3599853515625,283.1600036621094,250.0826416015625,77076000,0.0,0.0,0.0
2018-08-13,283.4700012207031,284.1600036621094,281.7699890136719,282.1000061035156,249.14651489257812,65732900,0.0,0.0,0.0
2018-08-14,282.9200134277344,284.1700134277344,282.4800109863281,283.8999938964844,250.73623657226562,43842000,0.0,0.0,0.0
2018-08-15,282.3800048828125,282.5400085449219,280.1600036621094,281.7799987792969,248.8638916015625,102925400,0.0,0.0,0.0
2018-08-16,283.3999938964844,285.0400085449219,283.3599853515625,284.05999755859375,250.8775634765625,69967900,0.0,0.0,0.0
2018-08-17,283.8299865722656,285.55999755859375,283.3699951171875,285.05999755859375,251.76065063476562,65618500,0.0,0.0,0.0
2018-08-20,285.57000732421875,285.9700012207031,285.05999755859375,285.6700134277344,252.29945373535156,39807500,0.0,0.0,0.0
2018-08-21,286.25,287.30999755859375,285.7099914550781,286.3399963378906,252.8911590576172,67272000,0.0,0.0,0.0
2018-08-22,285.8800048828125,286.760009765625,285.5799865722656,286.1700134277344,252.74105834960938,44993300,0.0,0.0,0.0
2018-08-23,285.9700012207031,286.94000244140625,285.42999267578125,285.7900085449219,252.40550231933594,49204900,0.0,0.0,0.0
2018-08-24,286.44000244140625,287.6700134277344,286.3800048828125,287.510009765625,253.92454528808594,57487400,0.0,0.0,0.0
2018-08-27,288.8599853515625,289.8999938964844,288.67999267578125,289.7799987792969,255.92942810058594,57072400,0.0,0.0,0.0
2018-08-28,290.29998779296875,290.4200134277344,289.3999938964844,289.9200134277344,256.0529479980469,46943500,0.0,0.0,0.0
2018-08-29,290.1600036621094,291.739990234375,289.8900146484375,291.4800109863281,257.4306945800781,61485500,0.0,0.0,0.0
2018-08-30,290.94000244140625,291.3599853515625,289.6300048828125,290.29998779296875,256.3885498046875,61229500,0.0,0.0,0.0
2018-08-31,289.8399963378906,290.80999755859375,289.2900085449219,290.30999755859375,256.3974304199219,66140800,0.0,0.0,0.0
2018-09-04,289.8399963378906,290.2099914550781,288.67999267578125,289.80999755859375,255.95582580566406,57594400,0.0,0.0,0.0
2018-09-05,289.4100036621094,289.6400146484375,287.8900146484375,289.0299987792969,255.2669677734375,72452400,0.0,0.0,0.0
2018-09-06,289.1499938964844,289.489990234375,287.0,288.1600036621094,254.4986114501953,65909900,0.0,0.0,0.0
2018-09-07,286.9800109863281,288.70001220703125,286.7099914550781,287.6000061035156,254.0040740966797,73524800,0.0,0.0,0.0
2018-09-10,288.739990234375,289.0400085449219,287.8800048828125,288.1000061035156,254.44554138183594,50210900,0.0,0.0,0.0
2018-09-11,287.3699951171875,289.54998779296875,286.9800109863281,289.04998779296875,255.28460693359375,50530500,0.0,0.0,0.0
2018-09-12,289.05999755859375,289.79998779296875,288.2300109863281,289.1199951171875,255.34637451171875,59810800,0.0,0.0,0.0
2018-09-13,290.32000732421875,291.0400085449219,290.0,290.8299865722656,256.8566589355469,51034200,0.0,0.0,0.0
2018-09-14,291.05999755859375,291.2699890136719,290.0,290.8800048828125,256.90081787109375,55079900,0.0,0.0,0.0
2018-09-17,290.82000732421875,290.8599853515625,289.0299987792969,289.3399963378906,255.54075622558594,68244000,0.0,0.0,0.0
2018-09-18,289.5799865722656,291.5799865722656,289.54998779296875,290.9100036621094,256.9273681640625,61930400,0.0,0.0,0.0
2018-09-19,290.9700012207031,291.69000244140625,290.8299865722656,291.2200012207031,257.201171875,49080600,0.0,0.0,0.0
2018-09-20,292.6400146484375,293.94000244140625,291.239990234375,293.5799865722656,259.2854309082031,100360600,0.0,0.0,0.0
2018-09-21,293.0899963378906,293.2200012207031,291.80999755859375,291.989990234375,259.04852294921875,105479700,1.323,0.0,0.0
2018-09-24,291.3399963378906,291.5,290.3699951171875,291.0199890136719,258.1880187988281,53409600,0.0,0.0,0.0
2018-09-25,291.5299987792969,291.6499938964844,290.4800109863281,290.75,257.9485168457031,44370000,0.0,0.0,0.0
2018-09-26,290.9100036621094,292.239990234375,289.4100036621094,289.8800048828125,257.176513671875,79739700,0.0,0.0,0.0
2018-09-27,290.4100036621094,291.9100036621094,290.1000061035156,290.69000244140625,257.89520263671875,59249500,0.0,0.0,0.0
2018-09-28,289.989990234375,291.2799987792969,289.95001220703125,290.7200012207031,257.921875,70091400,0.0,0.0,0.0
2018-10-01,292.1099853515625,292.92999267578125,290.9800109863281,291.7300109863281,258.81793212890625,62078900,0.0,0.0,0.0
2018-10-02,291.55999755859375,292.3599853515625,291.1400146484375,291.55999755859375,258.6671142578125,47258200,0.0,0.0,0.0
2018-10-03,292.739990234375,293.2099914550781,291.32000732421875,291.7200012207031,258.8090515136719,64694600,0.0,0.0,0.0
2018-10-04,291.17999267578125,291.239990234375,287.6600036621094,289.44000244140625,256.7862854003906,111545900,0.0,0.0,0.0
2018-10-05,289.69000244140625,290.2699890136719,286.2200012207031,287.82000732421875,255.34913635253906,105951700,0.0,0.0,0.0
2018-10-08,287.04998779296875,288.2200012207031,285.5,287.82000732421875,255.34913635253906,87742200,0.0,0.0,0.0
2018-10-09,287.3900146484375,288.8599853515625,286.7699890136719,287.3999938964844,254.9763641357422,74339000,0.0,0.0,0.0
2018-10-10,286.8299865722656,286.9100036621094,277.8800048828125,278.29998779296875,246.90301513671875,214731000,0.0,0.0,0.0
2018-10-11,277.0799865722656,278.8999938964844,270.3599853515625,272.1700134277344,241.4646759033203,274840500,0.0,0.0,0.0
2018-10-12,276.7699890136719,277.0899963378906,272.3699951171875,275.95001220703125,244.81822204589844,183186500,0.0,0.0,0.0
2018-10-15,275.54998779296875,277.0400085449219,274.29998779296875,274.3999938964844,243.44302368164062,102263700,0.0,0.0,0.0
2018-10-16,276.6000061035156,280.82000732421875,276.07000732421875,280.3999938964844,248.76608276367188,118255800,0.0,0.0,0.0
2018-10-17,280.44000244140625,281.1499938964844,277.55999755859375,280.45001220703125,248.81051635742188,110626000,0.0,0.0,0.0
2018-10-18,279.3999938964844,280.07000732421875,274.9700012207031,276.3999938964844,245.2173614501953,134557500,0.0,0.0,0.0
2018-10-19,277.1300048828125,279.29998779296875,275.4700012207031,276.25,245.0842742919922,139901600,0.0,0.0,0.0
2018-10-22,277.0,277.3599853515625,274.4100036621094,275.010009765625,243.98419189453125,82415800,0.0,0.0,0.0
2018-10-23,270.95001220703125,274.8699951171875,268.6099853515625,273.6099853515625,242.7421417236328,146352700,0.0,0.0,0.0
2018-10-24,273.3299865722656,273.760009765625,264.70001220703125,265.32000732421875,235.3874053955078,177806700,0.0,0.0,0.0
2018-10-25,267.3800048828125,271.80999755859375,266.2300109863281,270.0799865722656,239.61032104492188,138061500,0.0,0.0,0.0
2018-10-26,265.9200134277344,271.0,262.2900085449219,265.3299865722656,235.39622497558594,201574600,0.0,0.0,0.0
2018-10-29,268.79998779296875,270.25,259.8500061035156,263.8599853515625,234.09210205078125,160749100,0.0,0.0,0.0
2018-10-30,263.6700134277344,268.1199951171875,263.1199951171875,267.7699890136719,237.5609893798828,157116000,0.0,0.0,0.0
2018-10-31,270.6499938964844,273.2300109863281,270.1199951171875,270.6300048828125,240.09832763671875,128296300,0.0,0.0,0.0
2018-11-01,271.6000061035156,273.7300109863281,270.3800048828125,273.510009765625,242.65345764160156,99495000,0.0,0.0,0.0
2018-11-02,274.75,275.2300109863281,269.5899963378906,271.8900146484375,241.21624755859375,122634100,0.0,0.0,0.0
2018-11-05,272.44000244140625,274.010009765625,271.3500061035156,273.3900146484375,242.54701232910156,65622500,0.0,0.0,0.0
2018-11-06,273.32000732421875,275.29998779296875,273.25,275.1199951171875,244.08172607421875,60085900,0.0,0.0,0.0
2018-11-07,277.55999755859375,281.1000061035156,277.0799865722656,281.010009765625,249.30731201171875,102752100,0.0,0.0,0.0
2018-11-08,280.1099853515625,281.2200012207031,279.2200012207031,280.5,248.85484313964844,65584900,0.0,0.0,0.0
2018-11-09,279.0299987792969,279.239990234375,276.17999267578125,277.760009765625,246.42404174804688,98812600,0.0,0.0,0.0
2018-11-12,277.19000244140625,277.4599914550781,271.989990234375,272.57000732421875,241.81942749023438,99673600,0.0,0.0,0.0
2018-11-13,273.0899963378906,275.3299865722656,271.25,272.05999755859375,241.36697387695312,98176600,0.0,0.0,0.0
2018-11-14,274.1600036621094,274.6099853515625,268.45001220703125,270.20001220703125,239.7168426513672,125335900,0.0,0.0,0.0
2018-11-15,268.7799987792969,273.5400085449219,267.010009765625,273.0199890136719,242.21871948242188,135101400,0.0,0.0,0.0
2018-11-16,271.7900085449219,274.75,271.2099914550781,273.7300109863281,242.84860229492188,126668000,0.0,0.0,0.0
2018-11-19,273.04998779296875,273.3800048828125,268.07000732421875,269.1000061035156,238.74095153808594,103061700,0.0,0.0,0.0
2018-11-20,265.3599853515625,267.0,263.1499938964844,264.1199951171875,234.3227996826172,136021300,0.0,0.0,0.0
2018-11-21,265.8599853515625,267.1499938964844,265.010009765625,265.0199890136719,235.12123107910156,75563700,0.0,0.0,0.0
2018-11-23,263.17999267578125,264.82000732421875,263.07000732421875,263.25,233.55093383789062,42807900,0.0,0.0,0.0
2018-11-26,265.7799987792969,267.75,265.3399963378906,267.5,237.32144165039062,79981400,0.0,0.0,0.0
2018-11-27,266.3399963378906,268.3999938964844,265.6600036621094,268.3999938964844,238.11988830566406,75502400,0.0,0.0,0.0
2018-11-28,269.6000061035156,274.5799865722656,268.3299865722656,274.5799865722656,243.60267639160156,127629600,0.0,0.0,0.0
2018-11-29,273.7099914550781,275.54998779296875,272.42999267578125,273.9800109863281,243.0703887939453,82346400,0.0,0.0,0.0
2018-11-30,273.80999755859375,276.2799987792969,273.45001220703125,275.6499938964844,244.55203247070312,98204200,0.0,0.0,0.0
2018-12-03,280.2799987792969,280.3999938964844,277.510009765625,279.29998779296875,247.79017639160156,103176300,0.0,0.0,0.0
2018-12-04,278.3699951171875,278.8500061035156,269.8999938964844,270.25,239.76121520996094,177986000,0.0,0.0,0.0
2018-12-06,265.9200134277344,269.9700012207031,262.44000244140625,269.8399963378906,239.39744567871094,204185400,0.0,0.0,0.0
2018-12-07,269.4599914550781,271.2200012207031,262.6300048828125,263.57000732421875,233.8348388671875,161018900,0.0,0.0,0.0
2018-12-10,263.3699951171875,265.1600036621094,258.6199951171875,264.07000732421875,234.27841186523438,151445900,0.0,0.0,0.0
2018-12-11,267.6600036621094,267.8699951171875,262.4800109863281,264.1300048828125,234.3316192626953,121504400,0.0,0.0,0.0
2018-12-12,267.4700012207031,269.0,265.3699951171875,265.4599914550781,235.5115966796875,97976700,0.0,0.0,0.0
2018-12-13,266.5199890136719,267.489990234375,264.1199951171875,265.3699951171875,235.43179321289062,96662700,0.0,0.0,0.0
2018-12-14,262.9599914550781,264.0299987792969,259.8500061035156,260.4700012207031,231.0845947265625,116961100,0.0,0.0,0.0
2018-12-17,259.3999938964844,260.6499938964844,253.52999877929688,255.36000061035156,226.551025390625,165492300,0.0,0.0,0.0
2018-12-18,257.20001220703125,257.95001220703125,253.27999877929688,255.0800018310547,226.30262756347656,134515100,0.0,0.0,0.0
2018-12-19,255.1699981689453,259.3999938964844,249.35000610351562,251.25999450683594,222.91358947753906,214992800,0.0,0.0,0.0
2018-12-20,249.86000061035156,251.6199951171875,244.64999389648438,247.1699981689453,219.28500366210938,252053400,0.0,0.0,0.0
2018-12-21,246.74000549316406,249.7100067138672,239.97999572753906,240.6999969482422,214.7919464111328,255345600,1.435,0.0,0.0
2018-12-24,239.0399932861328,240.83999633789062,234.27000427246094,234.33999633789062,209.11656188964844,147311600,0.0,0.0,0.0
2018-12-26,235.97000122070312,246.17999267578125,233.75999450683594,246.17999267578125,219.68212890625,218485400,0.0,0.0,0.0
2018-12-27,242.57000732421875,248.2899932861328,238.9600067138672,248.07000732421875,221.36868286132812,186267300,0.0,0.0,0.0
2018-12-28,249.5800018310547,251.39999389648438,246.4499969482422,247.75,221.08314514160156,153100200,0.0,0.0,0.0
2018-12-31,249.55999755859375,250.19000244140625,247.47000122070312,249.9199981689453,223.0196075439453,144299400,0.0,0.0,0.0
2019-01-02,245.97999572753906,251.2100067138672,245.9499969482422,250.17999267578125,223.25157165527344,126925200,0.0,0.0,0.0
2019-01-03,248.22999572753906,248.57000732421875,243.6699981689453,244.2100067138672,217.9241180419922,144140700,0.0,0.0,0.0
2019-01-04,247.58999633789062,253.11000061035156,247.1699981689453,252.38999938964844,225.2237091064453,142628800,0.0,0.0,0.0
2019-01-07,252.69000244140625,255.9499969482422,251.69000244140625,254.3800048828125,226.99949645996094,103139100,0.0,0.0,0.0
2019-01-08,256.82000732421875,257.30999755859375,254.0,256.7699890136719,229.1322784423828,102512600,0.0,0.0,0.0
2019-01-09,257.55999755859375,258.9100036621094,256.19000244140625,257.9700012207031,230.20309448242188,95006600,0.0,0.0,0.0
2019-01-10,256.260009765625,259.1600036621094,255.5,258.8800048828125,231.0152130126953,96823900,0.0,0.0,0.0
2019-01-11,257.67999267578125,259.010009765625,257.0299987792969,258.9800109863281,231.1044158935547,73858100,0.0,0.0,0.0
2019-01-14,256.8599853515625,258.29998779296875,256.4100036621094,257.3999938964844,229.6944580078125,70908200,0.0,0.0,0.0
2019-01-15,257.82000732421875,260.70001220703125,257.80999755859375,260.3500061035156,232.32688903808594,85208300,0.0,0.0,0.0
2019-01-16,260.8299865722656,261.9700012207031,260.6000061035156,260.9800109863281,232.88905334472656,77636700,0.0,0.0,0.0
2019-01-17,260.010009765625,263.9200134277344,259.9599914550781,262.9599914550781,234.65597534179688,96118400,0.0,0.0,0.0
2019-01-18,264.9800109863281,266.9800109863281,263.0,266.4599914550781,237.7792205810547,127900300,0.0,0.0,0.0
2019-01-22,264.82000732421875,265.05999755859375,261.05999755859375,262.8599853515625,234.5667724609375,115531200,0.0,0.0,0.0
2019-01-23,264.010009765625,264.7900085449219,260.6600036621094,263.4100036621094,235.0575714111328,86030300,0.0,0.0,0.0
2019-01-24,263.2099914550781,264.20001220703125,262.0799865722656,263.54998779296875,235.18251037597656,59204100,0.0,0.0,0.0
2019-01-25,265.6099853515625,266.70001220703125,263.6600036621094,265.7799987792969,237.17242431640625,96883400,0.0,0.0,0.0
2019-01-28,263.3900146484375,263.8299865722656,261.7900085449219,263.760009765625,235.36990356445312,85613700,0.0,0.0,0.0
2019-01-29,263.9200134277344,264.54998779296875,262.4800109863281,263.4100036621094,235.0575714111328,66136300,0.0,0.0,0.0
2019-01-30,265.1000061035156,268.5199890136719,264.25,267.5799865722656,238.77867126464844,92473700,0.0,0.0,0.0
2019-01-31,267.510009765625,270.4700012207031,267.2699890136719,269.92999267578125,240.87574768066406,104012100,0.0,0.0,0.0
2019-02-01,270.1499938964844,271.20001220703125,269.17999267578125,270.05999755859375,240.99180603027344,85782500,0.0,0.0,0.0
2019-02-04,270.1099853515625,272.0299987792969,269.3599853515625,271.9599914550781,242.68724060058594,60744800,0.0,0.0,0.0
2019-02-05,272.44000244140625,273.44000244140625,271.8800048828125,273.1000061035156,243.7045135498047,79552800,0.0,0.0,0.0
2019-02-06,272.7900085449219,273.3399963378906,271.9200134277344,272.739990234375,243.38330078125,58347800,0.0,0.0,0.0
2019-02-07,270.94000244140625,271.54998779296875,268.2900085449219,270.1400146484375,241.0631866455078,95482000,0.0,0.0,0.0
2019-02-08,268.75,270.5799865722656,267.8299865722656,270.4700012207031,241.35765075683594,75788900,0.0,0.0,0.0
2019-02-11,271.20001220703125,271.489990234375,270.0299987792969,270.6199951171875,241.49151611328125,68021400,0.0,0.0,0.0
2019-02-12,272.4200134277344,274.5199890136719,272.3399963378906,274.1000061035156,244.59690856933594,72270200,0.0,0.0,0.0
2019-02-13,275.0299987792969,275.92999267578125,274.55999755859375,274.989990234375,245.39120483398438,65277200,0.0,0.0,0.0
2019-02-14,273.7799987792969,275.6400146484375,272.8699951171875,274.3800048828125,244.84674072265625,83234400,0.0,0.0,0.0
2019-02-15,276.3599853515625,277.4100036621094,276.1300048828125,277.3699951171875,247.5149688720703,97088700,0.0,0.0,0.0
2019-02-19,276.4800109863281,278.5799865722656,276.4700012207031,277.8500061035156,247.94332885742188,59120800,0.0,0.0,0.0
2019-02-20,277.80999755859375,278.9200134277344,277.25,278.4100036621094,248.4430389404297,76610800,0.0,0.0,0.0
2019-02-21,277.70001220703125,278.1000061035156,276.3500061035156,277.4200134277344,247.55963134765625,64214700,0.0,0.0,0.0
2019-02-22,278.1099853515625,279.3599853515625,277.3999938964844,279.1400146484375,249.09445190429688,78114600,0.0,0.0,0.0
2019-02-25,280.7300109863281,281.30999755859375,279.42999267578125,279.5199890136719,249.43353271484375,69030700,0.0,0.0,0.0
2019-02-26,279.1300048828125,280.29998779296875,278.8999938964844,279.32000732421875,249.25511169433594,56844100,0.0,0.0,0.0
2019-02-27,278.5199890136719,279.5899963378906,277.4800109863281,279.20001220703125,249.1480255126953,56921600,0.0,0.0,0.0
2019-02-28,278.9599914550781,279.45001220703125,278.32000732421875,278.67999267578125,248.68389892578125,69268300,0.0,0.0,0.0
2019-03-01,280.44000244140625,280.8800048828125,278.82000732421875,280.4200134277344,250.2366485595703,78880500,0.0,0.0,0.0
2019-03-04,281.6000061035156,281.8699951171875,276.8399963378906,279.3999938964844,249.3264923095703,106494600,0.0,0.0,0.0
2019-03-05,279.5400085449219,279.760009765625,278.4100036621094,279.0199890136719,248.98728942871094,59114600,0.0,0.0,0.0
2019-03-06,279.1499938964844,279.1600036621094,276.9700012207031,277.3299865722656,247.4792022705078,75039800,0.0,0.0,0.0
2019-03-07,276.8299865722656,276.989990234375,274.07000732421875,275.010009765625,245.4089813232422,94885100,0.0,0.0,0.0
2019-03-08,272.94000244140625,274.6499938964844,272.4200134277344,274.4599914550781,244.91807556152344,85795800,0.0,0.0,0.0
2019-03-11,275.260009765625,278.6199951171875,275.2300109863281,278.44000244140625,248.46978759765625,65098900,0.0,0.0,0.0
2019-03-12,279.05999755859375,280.07000732421875,278.8500061035156,279.489990234375,249.40670776367188,79667500,0.0,0.0,0.0
2019-03-13,280.4800109863281,282.3800048828125,280.29998779296875,281.3399963378906,251.05764770507812,80639200,0.0,0.0,0.0
2019-03-14,281.3699951171875,281.8399963378906,280.6700134277344,281.1600036621094,250.8970489501953,67518400,0.0,0.0,0.0
2019-03-15,280.5400085449219,282.2099914550781,280.3299865722656,281.30999755859375,252.1365966796875,81309000,1.233,0.0,0.0
2019-03-18,281.54998779296875,282.6600036621094,281.29998779296875,282.3299865722656,253.0508575439453,62199800,0.0,0.0,0.0
2019-03-19,283.510009765625,284.3599853515625,281.4100036621094,282.3999938964844,253.11346435546875,90268100,0.0,0.0,0.0
2019-03-20,282.1600036621094,283.5,280.32000732421875,281.54998779296875,252.35166931152344,84609200,0.0,0.0,0.0
2019-03-21,280.6400146484375,285.17999267578125,280.5899963378906,284.7300109863281,255.2018280029297,79550400,0.0,0.0,0.0
2019-03-22,283.2200012207031,283.79998779296875,279.17999267578125,279.25,250.29014587402344,122659300,0.0,0.0,0.0
2019-03-25,278.8699951171875,280.19000244140625,277.6400146484375,279.0400085449219,250.1019744873047,85575200,0.0,0.0,0.0
2019-03-26,280.989990234375,282.17999267578125,279.55999755859375,281.1199951171875,251.96627807617188,68125900,0.0,0.0,0.0
2019-03-27,281.1099853515625,281.760009765625,277.92999267578125,279.6499938964844,250.64874267578125,72224700,0.0,0.0,0.0
2019-03-28,280.3500061035156,281.2099914550781,279.07000732421875,280.7099914550781,251.59884643554688,56238500,0.0,0.0,0.0
2019-03-29,282.3900146484375,282.8399963378906,281.1400146484375,282.4800109863281,253.1852569580078,82186800,0.0,0.0,0.0
2019-04-01,284.70001220703125,286.1600036621094,284.3999938964844,285.8299865722656,256.18792724609375,77617900,0.0,0.0,0.0
2019-04-02,286.0400085449219,286.2300109863281,285.0899963378906,285.9700012207031,256.3132629394531,40070400,0.0,0.0,0.0
2019-04-03,287.32000732421875,287.760009765625,285.75,286.4200134277344,256.7167053222656,68243200,0.0,0.0,0.0
2019-04-04,286.7799987792969,287.4599914550781,286.010009765625,287.17999267578125,257.39776611328125,48997500,0.0,0.0,0.0
2019-04-05,287.9200134277344,288.6300048828125,287.6000061035156,288.57000732421875,258.6436462402344,58621700,0.0,0.0,0.0
2019-04-08,288.1000061035156,288.9100036621094,287.3699951171875,288.7900085449219,258.8409118652344,53566300,0.0,0.0,0.0
2019-04-09,287.7200012207031,288.0799865722656,286.70001220703125,287.30999755859375,257.514404296875,66142300,0.0,0.0,0.0
2019-04-10,287.7699890136719,288.3900146484375,287.30999755859375,288.2900085449219,258.392822265625,52601500,0.0,0.0,0.0
2019-04-11,288.8299865722656,288.8399963378906,287.5799865722656,288.2099914550781,258.3210754394531,55093100,0.0,0.0,0.0
2019-04-12,290.0,290.4700012207031,288.260009765625,290.1600036621094,260.0688781738281,69727800,0.0,0.0,0.0
2019-04-15,290.239990234375,290.3500061035156,289.0799865722656,289.9700012207031,259.8984680175781,49596700,0.0,0.0,0.0
2019-04-16,290.95001220703125,291.010009765625,289.5,290.1600036621094,260.0688781738281,52153200,0.0,0.0,0.0
2019-04-17,291.3999938964844,291.42999267578125,288.989990234375,289.45001220703125,259.4325256347656,58268300,0.0,0.0,0.0
2019-04-18,290.1000061035156,290.32000732421875,288.6600036621094,290.0199890136719,259.9432373046875,68708500,0.0,0.0,0.0
2019-04-22,289.1700134277344,290.44000244140625,289.07000732421875,290.2699890136719,260.1673889160156,40160100,0.0,0.0,0.0
2019-04-23,290.67999267578125,293.1400146484375,290.4200134277344,292.8800048828125,262.5068054199219,52246600,0.0,0.0,0.0
2019-04-24,292.7900085449219,293.1600036621094,292.07000732421875,292.2300109863281,261.9241027832031,50392900,0.0,0.0,0.0
2019-04-25,292.1199951171875,292.7799987792969,290.7300109863281,292.04998779296875,261.76275634765625,57770900,0.0,0.0,0.0
2019-04-26,292.1000061035156,293.489990234375,291.239990234375,293.4100036621094,262.98175048828125,50916400,0.0,0.0,0.0
2019-04-29,293.510009765625,294.45001220703125,293.4100036621094,293.8699951171875,263.3940124511719,57197700,0.0,0.0,0.0
2019-04-30,293.489990234375,294.3399963378906,291.9200134277344,294.0199890136719,263.5284729003906,81111700,0.0,0.0,0.0
2019-05-01,294.7200012207031,294.95001220703125,291.79998779296875,291.80999755859375,261.54766845703125,71671900,0.0,0.0,0.0
2019-05-02,291.67999267578125,292.70001220703125,289.5199890136719,291.17999267578125,260.9829406738281,65030200,0.0,0.0,0.0
2019-05-03,292.82000732421875,294.3399963378906,291.29998779296875,294.0299987792969,263.5374755859375,56543700,0.0,0.0,0.0
2019-05-06,289.25,293.30999755859375,288.8999938964844,292.82000732421875,262.4529724121094,107198100,0.0,0.0,0.0
2019-05-07,290.1499938964844,290.80999755859375,285.80999755859375,287.92999267578125,258.07000732421875,144729900,0.0,0.0,0.0
2019-05-08,287.5299987792969,289.42999267578125,286.8699951171875,287.5299987792969,257.7115173339844,91568300,0.0,0.0,0.0
2019-05-09,285.2300109863281,287.3299865722656,283.29998779296875,286.6600036621094,256.9317626953125,103471100,0.0,0.0,0.0
2019-05-10,285.6199951171875,288.94000244140625,282.29998779296875,288.1000061035156,258.22247314453125,112429300,0.0,0.0,0.0
2019-05-13,282.4200134277344,283.489990234375,279.92999267578125,280.8599853515625,251.73318481445312,127290500,0.0,0.0,0.0
2019-05-14,281.989990234375,285.1000061035156,281.8500061035156,283.3999938964844,254.00985717773438,77003200,0.0,0.0,0.0
2019-05-15,281.5899963378906,285.7699890136719,281.3599853515625,285.05999755859375,255.49769592285156,73956400,0.0,0.0,0.0
2019-05-16,285.8399963378906,289.2099914550781,285.760009765625,287.70001220703125,257.8638610839844,76749600,0.0,0.0,0.0
2019-05-17,285.1400146484375,288.6000061035156,285.1199951171875,285.8399963378906,256.1968994140625,100353000,0.0,0.0,0.0
2019-05-20,284.05999755859375,285.9599914550781,283.1199951171875,283.95001220703125,254.5028839111328,62877600,0.0,0.0,0.0
2019-05-21,285.8299865722656,286.92999267578125,285.54998779296875,286.510009765625,256.7973327636719,46847100,0.0,0.0,0.0
2019-05-22,285.45001220703125,286.69000244140625,285.1000061035156,285.6300048828125,256.0085754394531,49482500,0.0,0.0,0.0
2019-05-23,283.1600036621094,283.2099914550781,280.57000732421875,282.1400146484375,252.88050842285156,98733800,0.0,0.0,0.0
2019-05-24,283.739990234375,284.20001220703125,282.0899963378906,282.7799987792969,253.45413208007812,55268100,0.0,0.0,0.0
2019-05-28,283.0899963378906,284.1499938964844,280.1300048828125,280.1499938964844,251.09683227539062,70029400,0.0,0.0,0.0
2019-05-29,278.9100036621094,279.3599853515625,276.7099914550781,278.2699890136719,249.41180419921875,104972900,0.0,0.0,0.0
2019-05-30,279.1099853515625,280.0400085449219,277.80999755859375,279.0299987792969,250.09304809570312,62523800,0.0,0.0,0.0
2019-05-31,276.20001220703125,277.1199951171875,275.239990234375,275.2699890136719,246.72293090820312,86862800,0.0,0.0,0.0
2019-06-03,275.30999755859375,276.54998779296875,273.0899963378906,274.57000732421875,246.09559631347656,96428000,0.0,0.0,0.0
2019-06-04,277.1199951171875,280.67999267578125,276.6199951171875,280.5299987792969,251.43746948242188,77231900,0.0,0.0,0.0
2019-06-05,282.3299865722656,282.989990234375,280.32000732421875,282.9599914550781,253.61549377441406,71169700,0.0,0.0,0.0
2019-06-06,283.2900085449219,285.54998779296875,282.57000732421875,284.79998779296875,255.2646026611328,69430400,0.0,0.0,0.0
2019-06-07,285.92999267578125,288.8500061035156,285.739990234375,287.6499938964844,257.819091796875,74272200,0.0,0.0,0.0
2019-06-10,289.3699951171875,290.82000732421875,288.8699951171875,288.9700012207031,259.002197265625,60799100,0.0,0.0,0.0
2019-06-11,290.989990234375,291.3999938964844,288.17999267578125,288.8999938964844,258.9394836425781,58641300,0.0,0.0,0.0
2019-06-12,288.6400146484375,289.260009765625,287.82000732421875,288.3900146484375,258.4823303222656,47096300,0.0,0.0,0.0
2019-06-13,289.3999938964844,289.9800109863281,288.6199951171875,289.5799865722656,259.54888916015625,48945200,0.0,0.0,0.0
2019-06-14,289.260009765625,289.92999267578125,288.4100036621094,289.260009765625,259.2621154785156,52324700,0.0,0.0,0.0
2019-06-17,289.5199890136719,290.2200012207031,289.17999267578125,289.3699951171875,259.3606872558594,39205700,0.0,0.0,0.0
2019-06-18,291.3900146484375,293.57000732421875,290.989990234375,292.3999938964844,262.0765075683594,85434800,0.0,0.0,0.0
2019-06-19,292.54998779296875,293.6499938964844,291.4700012207031,293.05999755859375,262.6681213378906,78674400,0.0,0.0,0.0
2019-06-20,296.0400085449219,296.30999755859375,293.1300048828125,295.8599853515625,265.1777038574219,116570000,0.0,0.0,0.0
2019-06-21,294.1300048828125,295.5199890136719,293.760009765625,294.0,264.79217529296875,83309500,1.432,0.0,0.0
2019-06-24,294.2300109863281,294.5799865722656,293.4700012207031,293.6400146484375,264.468017578125,47582700,0.0,0.0,0.0
2019-06-25,293.70001220703125,293.7300109863281,290.6400146484375,290.760009765625,261.8740539550781,82028700,0.0,0.0,0.0
2019-06-26,291.75,292.30999755859375,290.3500061035156,290.4700012207031,261.6128845214844,51584900,0.0,0.0,0.0
2019-06-27,291.30999755859375,292.05999755859375,290.8900146484375,291.5,262.5405578613281,40355200,0.0,0.0,0.0
2019-06-28,292.5799865722656,293.54998779296875,292.010009765625,293.0,263.89154052734375,59350900,0.0,0.0,0.0
2019-07-01,296.67999267578125,296.9200134277344,294.3299865722656,295.6600036621094,266.28729248046875,78705600,0.0,0.0,0.0
2019-07-02,295.6099853515625,296.489990234375,294.67999267578125,296.42999267578125,266.98089599609375,61504500,0.0,0.0,0.0
2019-07-03,297.17999267578125,298.82000732421875,297.0199890136719,298.79998779296875,269.11529541015625,40898900,0.0,0.0,0.0
2019-07-05,297.44000244140625,298.6400146484375,296.010009765625,298.4599914550781,268.80908203125,51677300,0.0,0.0,0.0
2019-07-08,297.010009765625,298.260009765625,296.2200012207031,296.82000732421875,267.3320007324219,45841800,0.0,0.0,0.0
2019-07-09,295.5400085449219,297.5199890136719,295.4800109863281,297.19000244140625,267.665283203125,41101300,0.0,0.0,0.0
2019-07-10,298.3699951171875,299.6600036621094,297.7799987792969,298.6099853515625,268.9442138671875,58448500,0.0,0.0,0.0
2019-07-11,299.32000732421875,299.5799865722656,298.20001220703125,299.30999755859375,269.57464599609375,50826100,0.0,0.0,0.0
2019-07-12,299.8500061035156,300.7300109863281,299.510009765625,300.6499938964844,270.7815246582031,40326000,0.0,0.0,0.0
2019-07-15,301.1300048828125,301.1300048828125,300.19000244140625,300.75,270.8715515136719,33900000,0.0,0.0,0.0
2019-07-16,300.6499938964844,300.8800048828125,299.44000244140625,299.7799987792969,269.9978942871094,36650100,0.0,0.0,0.0
2019-07-17,299.75,299.92999267578125,297.739990234375,297.739990234375,268.16070556640625,36036300,0.0,0.0,0.0
2019-07-18,297.19000244140625,299.25,296.70001220703125,298.8299865722656,269.14227294921875,51392600,0.0,0.0,0.0
2019-07-19,300.0400085449219,300.07000732421875,296.9800109863281,297.1700134277344,267.6473083496094,58678600,0.0,0.0,0.0
2019-07-22,297.6099853515625,298.5,297.0400085449219,297.8999938964844,268.30474853515625,43638100,0.0,0.0,0.0
2019-07-23,299.1400146484375,300.0299987792969,298.2200012207031,300.0299987792969,270.2231140136719,44564500,0.0,0.0,0.0
2019-07-24,299.19000244140625,301.44000244140625,299.0899963378906,301.44000244140625,271.4930419921875,47213200,0.0,0.0,0.0
2019-07-25,300.94000244140625,301.0,299.1099853515625,300.0,270.1960754394531,55394100,0.0,0.0,0.0
2019-07-26,300.760009765625,302.2300109863281,300.6199951171875,302.010009765625,272.0064392089844,45084100,0.0,0.0,0.0
2019-07-29,301.8800048828125,302.010009765625,300.8500061035156,301.4599914550781,271.5110168457031,38126500,0.0,0.0,0.0
2019-07-30,299.9100036621094,301.1700134277344,299.489990234375,300.7200012207031,270.8445739746094,45849000,0.0,0.0,0.0
2019-07-31,300.989990234375,301.20001220703125,295.20001220703125,297.42999267578125,267.8814392089844,104245200,0.0,0.0,0.0
2019-08-01,297.6000061035156,300.8699951171875,293.9599914550781,294.8399963378906,265.5487060546875,142646600,0.0,0.0,0.0
2019-08-02,293.8500061035156,294.1199951171875,290.8999938964844,292.6199951171875,263.5492858886719,116749700,0.0,0.0,0.0
2019-08-05,288.0899963378906,288.2099914550781,281.7200012207031,283.82000732421875,255.62359619140625,178745400,0.0,0.0,0.0
2019-08-06,285.9100036621094,288.0400085449219,284.2799987792969,287.79998779296875,259.2082214355469,120711700,0.0,0.0,0.0
2019-08-07,284.3999938964844,288.82000732421875,282.0400085449219,287.9700012207031,259.3611755371094,140572300,0.0,0.0,0.0
2019-08-08,289.6199951171875,293.6199951171875,289.010009765625,293.6199951171875,264.449951171875,87713900,0.0,0.0,0.0
2019-08-09,292.5799865722656,293.239990234375,289.6499938964844,291.6199951171875,262.64862060546875,93730000,0.0,0.0,0.0
2019-08-12,289.9599914550781,291.6099853515625,287.0199890136719,288.07000732421875,259.4512939453125,65527600,0.0,0.0,0.0
2019-08-13,287.739990234375,294.1499938964844,287.3599853515625,292.54998779296875,263.4862976074219,94299800,0.0,0.0,0.0
2019-08-14,288.07000732421875,288.739990234375,283.760009765625,283.8999938964844,255.6956329345703,135622100,0.0,0.0,0.0
2019-08-15,284.8800048828125,285.6400146484375,282.3900146484375,284.6499938964844,256.37109375,99556600,0.0,0.0,0.0
2019-08-16,286.4800109863281,289.3299865722656,284.7099914550781,288.8500061035156,260.15380859375,83018300,0.0,0.0,0.0
2019-08-19,292.19000244140625,293.0799865722656,291.44000244140625,292.3299865722656,263.28814697265625,53571800,0.0,0.0,0.0
2019-08-20,291.7699890136719,292.3599853515625,289.95001220703125,290.0899963378906,261.2705993652344,51596400,0.0,0.0,0.0
2019-08-21,292.4800109863281,292.8599853515625,291.7200012207031,292.45001220703125,263.3961486816406,49524700,0.0,0.0,0.0
2019-08-22,293.2300109863281,293.92999267578125,290.3999938964844,292.3599853515625,263.31512451171875,51666400,0.0,0.0,0.0
2019-08-23,290.9200134277344,292.760009765625,283.4700012207031,284.8500061035156,256.5512390136719,149161500,0.0,0.0,0.0
2019-08-26,287.2699890136719,288.0,285.5799865722656,288.0,259.38818359375,72423800,0.0,0.0,0.0
2019-08-27,289.5400085449219,289.95001220703125,286.0299987792969,286.8699951171875,258.3705139160156,66668900,0.0,0.0,0.0
2019-08-28,286.1400146484375,289.07000732421875,285.25,288.8900146484375,260.1898193359375,59696700,0.0,0.0,0.0
2019-08-29,291.7200012207031,293.1600036621094,290.6099853515625,292.5799865722656,263.51324462890625,57899400,0.0,0.0,0.0
2019-08-30,294.2200012207031,294.239990234375,291.4200134277344,292.45001220703125,263.3961486816406,62901200,0.0,0.0,0.0
2019-09-03,290.57000732421875,291.5799865722656,289.2699890136719,290.739990234375,261.8560791015625,69101400,0.0,0.0,0.0
2019-09-04,293.1400146484375,294.05999755859375,292.30999755859375,294.0400085449219,264.8282165527344,46887300,0.0,0.0,0.0
2019-09-05,296.7900085449219,298.8299865722656,294.0,297.82000732421875,268.23260498046875,83258100,0.0,0.0,0.0
2019-09-06,298.1700134277344,298.760009765625,297.4200134277344,298.04998779296875,268.4398193359375,49584300,0.0,0.0,0.0
2019-09-09,299.1400146484375,299.239990234375,297.1600036621094,298.20001220703125,268.5749816894531,51260300,0.0,0.0,0.0
2019-09-10,297.3599853515625,298.20001220703125,295.9700012207031,298.1300048828125,268.5119323730469,57947100,0.0,0.0,0.0
2019-09-11,298.4700012207031,300.3399963378906,297.75,300.25,270.42132568359375,68821100,0.0,0.0,0.0
2019-09-12,301.25,302.4599914550781,300.4100036621094,301.2900085449219,271.3579406738281,72908700,0.0,0.0,0.0
2019-09-13,301.7799987792969,302.1700134277344,300.67999267578125,301.0899963378906,271.1778259277344,62104800,0.0,0.0,0.0
2019-09-16,299.8399963378906,301.1400146484375,299.45001220703125,300.1600036621094,270.3402099609375,58191200,0.0,0.0,0.0
2019-09-17,299.94000244140625,301.0199890136719,299.75,300.9200134277344,271.02471923828125,41475500,0.0,0.0,0.0
2019-09-18,300.489990234375,301.2200012207031,298.239990234375,301.1000061035156,271.1868591308594,73375800,0.0,0.0,0.0
2019-09-19,301.5299987792969,302.6300048828125,300.7099914550781,301.0799865722656,271.16876220703125,76560500,0.0,0.0,0.0
2019-09-20,300.3599853515625,300.6700134277344,297.4100036621094,298.2799987792969,269.8875732421875,89565000,1.384,0.0,0.0
2019-09-23,297.54998779296875,299.0,297.2699890136719,298.2099914550781,269.82421875,43476800,0.0,0.0,0.0
2019-09-24,299.4100036621094,299.8399963378906,294.80999755859375,295.8699951171875,267.70697021484375,94869400,0.0,0.0,0.0
2019-09-25,295.9599914550781,298.1099853515625,294.3299865722656,297.6199951171875,269.29034423828125,71854000,0.0,0.0,0.0
2019-09-26,297.6300048828125,297.8599853515625,295.45001220703125,297.0,268.7294616699219,56179700,0.0,0.0,0.0
2019-09-27,297.8299865722656,297.95001220703125,293.69000244140625,295.3999938964844,267.2817077636719,84746600,0.0,0.0,0.0
2019-09-30,295.9700012207031,297.54998779296875,295.9200134277344,296.7699890136719,268.5213317871094,51662400,0.0,0.0,0.0
2019-10-01,297.739990234375,298.4599914550781,293.0,293.239990234375,265.3272399902344,88242400,0.0,0.0,0.0
2019-10-02,291.5,291.510009765625,286.6400146484375,288.05999755859375,260.64044189453125,122539500,0.0,0.0,0.0
2019-10-03,287.80999755859375,290.45001220703125,284.82000732421875,290.4200134277344,262.77569580078125,85278800,0.0,0.0,0.0
2019-10-04,291.1400146484375,294.6300048828125,291.0799865722656,294.3500061035156,266.33160400390625,65091200,0.0,0.0,0.0
2019-10-07,293.4700012207031,295.260009765625,292.7699890136719,293.0799865722656,265.18255615234375,59610500,0.0,0.0,0.0
2019-10-08,291.0400085449219,291.8500061035156,288.489990234375,288.5299987792969,261.065673828125,95708100,0.0,0.0,0.0
2019-10-09,290.75,292.29998779296875,290.05999755859375,291.2699890136719,263.5448913574219,62359400,0.0,0.0,0.0
2019-10-10,291.17999267578125,294.2099914550781,291.0,293.239990234375,265.3272399902344,55296300,0.0,0.0,0.0
2019-10-11,296.2699890136719,298.739990234375,296.1400146484375,296.2799987792969,268.077880859375,98720400,0.0,0.0,0.0
2019-10-14,295.92999267578125,296.6700134277344,295.57000732421875,295.95001220703125,267.77935791015625,40394800,0.0,0.0,0.0
2019-10-15,297.1000061035156,299.70001220703125,296.9700012207031,298.8800048828125,270.4305114746094,46754500,0.0,0.0,0.0
2019-10-16,298.3699951171875,299.1600036621094,297.9200134277344,298.3999938964844,269.9962158203125,48928200,0.0,0.0,0.0
2019-10-17,299.67999267578125,300.239990234375,298.5199890136719,299.2799987792969,270.79241943359375,45736600,0.0,0.0,0.0
2019-10-18,298.69000244140625,299.3999938964844,297.0299987792969,297.9700012207031,269.6070861816406,64304000,0.0,0.0,0.0
2019-10-21,299.4200134277344,300.2099914550781,298.94000244140625,299.989990234375,271.43475341796875,39048600,0.0,0.0,0.0
2019-10-22,300.5799865722656,300.8999938964844,298.9100036621094,299.010009765625,270.5481872558594,48594700,0.0,0.0,0.0
2019-10-23,298.7300109863281,299.94000244140625,298.5,299.8800048828125,271.3352966308594,34352200,0.0,0.0,0.0
2019-10-24,300.9100036621094,301.07000732421875,299.4599914550781,300.3699951171875,271.7787170410156,35453100,0.0,0.0,0.0
2019-10-25,299.739990234375,302.20001220703125,299.67999267578125,301.6000061035156,272.89154052734375,45205400,0.0,0.0,0.0
2019-10-28,302.94000244140625,303.8500061035156,302.9100036621094,303.29998779296875,274.4297790527344,42147000,0.0,0.0,0.0
2019-10-29,303.0,304.2300109863281,302.8599853515625,303.2099914550781,274.3483581542969,44284900,0.0,0.0,0.0
2019-10-30,303.42999267578125,304.54998779296875,301.989990234375,304.1400146484375,275.1897888183594,49643900,0.0,0.0,0.0
2019-10-31,304.1300048828125,304.1300048828125,301.7300109863281,303.3299865722656,274.4569091796875,69053800,0.0,0.0,0.0
2019-11-01,304.9200134277344,306.19000244140625,304.739990234375,306.1400146484375,276.99945068359375,71141500,0.0,0.0,0.0
2019-11-04,307.8500061035156,308.0,306.9599914550781,307.3699951171875,278.1123352050781,60606900,0.0,0.0,0.0
2019-11-05,307.5899963378906,307.9200134277344,306.7099914550781,307.0299987792969,277.8046875,42933200,0.0,0.0,0.0
2019-11-06,307.0299987792969,307.3999938964844,306.05999755859375,307.1000061035156,277.8680725097656,46487100,0.0,0.0,0.0
2019-11-07,308.57000732421875,309.6499938964844,307.6600036621094,308.17999267578125,278.84521484375,54272300,0.0,0.0,0.0
2019-11-08,307.79998779296875,309.0,307.0299987792969,308.94000244140625,279.53289794921875,49032100,0.0,0.0,0.0
2019-11-11,307.4200134277344,308.5400085449219,307.2699890136719,308.3500061035156,278.9990539550781,35797300,0.0,0.0,0.0
2019-11-12,308.75,309.989990234375,308.1499938964844,309.0,279.5871887207031,46484600,0.0,0.0,0.0
2019-11-13,307.9100036621094,309.5400085449219,307.6600036621094,309.1000061035156,279.6776428222656,53917700,0.0,0.0,0.0
2019-11-14,308.7900085449219,309.6400146484375,308.0899963378906,309.54998779296875,280.08477783203125,51219900,0.0,0.0,0.0
2019-11-15,311.0199890136719,311.8399963378906,310.260009765625,311.7900085449219,282.1116638183594,62023600,0.0,0.0,0.0
2019-11-18,311.5299987792969,312.2799987792969,311.0299987792969,312.0199890136719,282.3197326660156,49228000,0.0,0.0,0.0
2019-11-19,312.67999267578125,312.69000244140625,311.2200012207031,311.92999267578125,282.2383117675781,67804700,0.0,0.0,0.0
2019-11-20,311.2799987792969,311.8500061035156,309.05999755859375,310.7699890136719,281.188720703125,79406200,0.0,0.0,0.0
2019-11-21,310.8900146484375,311.010009765625,309.3900146484375,310.2699890136719,280.7362976074219,54664700,0.0,0.0,0.0
2019-11-22,311.0899963378906,311.239990234375,309.8500061035156,310.9599914550781,281.36065673828125,44850200,0.0,0.0,0.0
2019-11-25,311.9800109863281,313.3699951171875,311.9800109863281,313.3699951171875,283.5412902832031,48647200,0.0,0.0,0.0
2019-11-26,313.4100036621094,314.2799987792969,313.05999755859375,314.0799865722656,284.1836242675781,37569000,0.0,0.0,0.0
2019-11-27,314.6099853515625,315.4800109863281,314.3699951171875,315.4800109863281,285.45037841796875,44444600,0.0,0.0,0.0
2019-11-29,314.8599853515625,315.1300048828125,314.05999755859375,314.30999755859375,284.3918151855469,36592700,0.0,0.0,0.0
2019-12-02,314.5899963378906,314.6600036621094,311.1700134277344,311.6400146484375,281.9759216308594,75767800,0.0,0.0,0.0
2019-12-03,308.6499938964844,309.6400146484375,307.1300048828125,309.54998779296875,280.08477783203125,73941700,0.0,0.0,0.0
2019-12-04,310.70001220703125,312.1199951171875,310.32000732421875,311.4599914550781,281.8130798339844,49080000,0.0,0.0,0.0
2019-12-05,312.2300109863281,312.25,310.5799865722656,312.0199890136719,282.3197326660156,40709000,0.0,0.0,0.0
2019-12-06,314.1199951171875,315.30999755859375,314.1099853515625,314.8699951171875,284.8984069824219,48927000,0.0,0.0,0.0
2019-12-09,314.44000244140625,315.17999267578125,313.79998779296875,313.8800048828125,284.002685546875,34838500,0.0,0.0,0.0
2019-12-10,313.82000732421875,314.54998779296875,312.80999755859375,313.5299987792969,283.6859130859375,52649800,0.0,0.0,0.0
2019-12-11,314.0299987792969,314.70001220703125,313.44000244140625,314.4200134277344,284.49127197265625,53429100,0.0,0.0,0.0
2019-12-12,314.42999267578125,317.989990234375,314.1700134277344,317.1300048828125,286.94329833984375,96389600,0.0,0.0,0.0
2019-12-13,316.8699951171875,318.6700134277344,316.0199890136719,317.32000732421875,287.1153564453125,81503900,0.0,0.0,0.0
2019-12-16,319.2200012207031,320.1499938964844,317.25,319.5,289.0876770019531,82749700,0.0,0.0,0.0
2019-12-17,319.9200134277344,320.25,319.4800109863281,319.57000732421875,289.1510925292969,61097700,0.0,0.0,0.0
2019-12-18,320.0,320.25,319.5299987792969,319.5899963378906,289.1692199707031,48133000,0.0,0.0,0.0
2019-12-19,319.79998779296875,320.9800109863281,319.5199890136719,320.8999938964844,290.3544616699219,85310500,0.0,0.0,0.0
2019-12-20,320.4599914550781,321.9700012207031,319.3900146484375,320.7300109863281,291.62744140625,147142100,1.57,0.0,0.0
2019-12-23,321.5899963378906,321.6499938964844,321.05999755859375,321.2200012207031,292.0730285644531,52990000,0.0,0.0,0.0
2019-12-24,321.4700012207031,321.5199890136719,320.8999938964844,321.2300109863281,292.0821228027344,20270000,0.0,0.0,0.0
2019-12-26,321.6499938964844,322.95001220703125,321.6400146484375,322.94000244140625,293.6368713378906,30911200,0.0,0.0,0.0
2019-12-27,323.739990234375,323.79998779296875,322.2799987792969,322.8599853515625,293.5641784667969,42528800,0.0,0.0,0.0
2019-12-30,322.95001220703125,323.1000061035156,320.54998779296875,321.0799865722656,291.94561767578125,49729100,0.0,0.0,0.0
2019-12-31,320.5299987792969,322.1300048828125,320.1499938964844,321.8599853515625,292.6548767089844,57077300,0.0,0.0,0.0
2020-01-02,323.5400085449219,324.8900146484375,322.5299987792969,324.8699951171875,295.39178466796875,59151200,0.0,0.0,0.0
2020-01-03,321.1600036621094,323.6400146484375,321.1000061035156,322.4100036621094,293.1549987792969,77709700,0.0,0.0,0.0
2020-01-06,320.489990234375,323.7300109863281,320.3599853515625,323.6400146484375,294.27337646484375,55653900,0.0,0.0,0.0
2020-01-07,323.0199890136719,323.5400085449219,322.239990234375,322.7300109863281,293.4460144042969,40496400,0.0,0.0,0.0
2020-01-08,322.94000244140625,325.7799987792969,322.6700134277344,324.45001220703125,295.00994873046875,68296000,0.0,0.0,0.0
2020-01-09,326.1600036621094,326.7300109863281,325.5199890136719,326.6499938964844,297.01031494140625,48473300,0.0,0.0,0.0
2020-01-10,327.2900085449219,327.4599914550781,325.20001220703125,325.7099914550781,296.1555480957031,53029300,0.0,0.0,0.0
2020-01-13,326.3900146484375,327.9599914550781,325.9200134277344,327.95001220703125,298.1923828125,47086800,0.0,0.0,0.0
2020-01-14,327.4700012207031,328.6199951171875,326.8399963378906,327.45001220703125,297.7376708984375,62832800,0.0,0.0,0.0
2020-01-15,327.3500061035156,329.0199890136719,327.260009765625,328.19000244140625,298.4105529785156,72056600,0.0,0.0,0.0
2020-01-16,329.70001220703125,330.9200134277344,329.45001220703125,330.9200134277344,300.89288330078125,54050300,0.0,0.0,0.0
2020-01-17,331.70001220703125,332.17999267578125,330.8500061035156,331.95001220703125,301.8293151855469,95846000,0.0,0.0,0.0
2020-01-21,330.8999938964844,332.17999267578125,330.82000732421875,331.29998779296875,301.2383117675781,77742400,0.0,0.0,0.0
2020-01-22,332.239990234375,332.95001220703125,331.1700134277344,331.3399963378906,301.2746276855469,48914900,0.0,0.0,0.0
2020-01-23,330.6300048828125,332.1700134277344,329.4100036621094,331.7200012207031,301.62030029296875,51963000,0.0,0.0,0.0
2020-01-24,332.44000244140625,332.5299987792969,327.3599853515625,328.7699890136719,298.9379577636719,87578400,0.0,0.0,0.0
2020-01-27,323.0299987792969,325.1199951171875,322.6600036621094,323.5,294.1460876464844,84062500,0.0,0.0,0.0
2020-01-28,325.05999755859375,327.8500061035156,323.6000061035156,326.8900146484375,297.228515625,63834000,0.0,0.0,0.0
2020-01-29,328.3800048828125,328.6300048828125,326.3999938964844,326.6199951171875,296.98297119140625,53888900,0.0,0.0,0.0
2020-01-30,324.3599853515625,327.9100036621094,323.5400085449219,327.67999267578125,297.94683837890625,75491800,0.0,0.0,0.0
2020-01-31,327.0,327.1700134277344,320.7300109863281,321.7300109863281,292.5367736816406,113845600,0.0,0.0,0.0
2020-02-03,323.3500061035156,326.1600036621094,323.2200012207031,324.1199951171875,294.7098388671875,69083000,0.0,0.0,0.0
2020-02-04,328.07000732421875,330.010009765625,327.7200012207031,329.05999755859375,299.2015075683594,62573200,0.0,0.0,0.0
2020-02-05,332.2699890136719,333.0899963378906,330.6700134277344,332.8599853515625,302.65679931640625,65951100,0.0,0.0,0.0
2020-02-06,333.9100036621094,334.19000244140625,332.79998779296875,333.9800109863281,303.6751403808594,50359700,0.0,0.0,0.0
2020-02-07,332.82000732421875,333.989990234375,331.6000061035156,332.20001220703125,302.0566711425781,64139400,0.0,0.0,0.0
2020-02-10,331.2300109863281,334.75,331.19000244140625,334.67999267578125,304.3115539550781,42070000,0.0,0.0,0.0
2020-02-11,336.1600036621094,337.0199890136719,334.67999267578125,335.260009765625,304.8389892578125,54864500,0.0,0.0,0.0
2020-02-12,336.8299865722656,337.6499938964844,336.42999267578125,337.4200134277344,306.8030090332031,43992700,0.0,0.0,0.0
2020-02-13,335.8599853515625,338.1199951171875,335.55999755859375,337.05999755859375,306.4756774902344,54501900,0.0,0.0,0.0
2020-02-14,337.510009765625,337.7300109863281,336.20001220703125,337.6000061035156,306.9667053222656,64582200,0.0,0.0,0.0
2020-02-18,336.510009765625,337.6700134277344,335.2099914550781,336.7300109863281,306.1756591796875,57226200,0.0,0.0,0.0
2020-02-19,337.7900085449219,339.0799865722656,337.4800109863281,338.3399963378906,307.6395568847656,48814700,0.0,0.0,0.0
2020-02-20,337.739990234375,338.6400146484375,333.67999267578125,336.95001220703125,306.3756408691406,74163400,0.0,0.0,0.0
2020-02-21,335.4700012207031,335.80999755859375,332.5799865722656,333.4800109863281,303.2205810546875,113788200,0.0,0.0,0.0
2020-02-24,323.1400146484375,333.55999755859375,321.239990234375,322.4200134277344,293.1640319824219,161088400,0.0,0.0,0.0
2020-02-25,323.94000244140625,324.6099853515625,311.69000244140625,312.6499938964844,284.2805480957031,218913200,0.0,0.0,0.0
2020-02-26,314.17999267578125,318.1099853515625,310.70001220703125,311.5,283.2348937988281,194773800,0.0,0.0,0.0
2020-02-27,305.4599914550781,311.55999755859375,297.510009765625,297.510009765625,270.51434326171875,284353500,0.0,0.0,0.0
2020-02-28,288.70001220703125,297.8900146484375,285.5400085449219,296.260009765625,269.3777770996094,384975800,0.0,0.0,0.0
2020-03-02,298.2099914550781,309.1600036621094,294.4599914550781,309.0899963378906,281.0435791015625,238703600,0.0,0.0,0.0
2020-03-03,309.5,313.8399963378906,297.57000732421875,300.239990234375,272.9967041015625,300139100,0.0,0.0,0.0
2020-03-04,306.1199951171875,313.1000061035156,303.3299865722656,312.8599853515625,284.4715881347656,176613400,0.0,0.0,0.0
2020-03-05,304.9800109863281,308.4700012207031,300.010009765625,302.4599914550781,275.0152282714844,186366800,0.0,0.0,0.0
2020-03-06,293.1499938964844,298.7799987792969,290.2300109863281,297.4599914550781,270.46893310546875,228667200,0.0,0.0,0.0
2020-03-09,275.29998779296875,284.19000244140625,273.45001220703125,274.2300109863281,249.34677124023438,309417300,0.0,0.0,0.0
2020-03-10,284.6400146484375,288.5199890136719,273.5,288.4200134277344,262.2491455078125,276444100,0.0,0.0,0.0
2020-03-11,280.70001220703125,281.94000244140625,270.8800048828125,274.3599853515625,249.46498107910156,255316300,0.0,0.0,0.0
2020-03-12,256.0,266.6600036621094,247.67999267578125,248.11000061035156,225.59689331054688,392220700,0.0,0.0,0.0
2020-03-13,263.0899963378906,271.4800109863281,248.52000427246094,269.32000732421875,244.88230895996094,329566100,0.0,0.0,0.0
2020-03-16,241.17999267578125,256.8999938964844,237.36000061035156,239.85000610351562,218.0863494873047,297240000,0.0,0.0,0.0
2020-03-17,245.0399932861328,256.1700134277344,237.07000732421875,252.8000030517578,229.86129760742188,262070500,0.0,0.0,0.0
2020-03-18,236.25,248.3699951171875,228.02000427246094,240.0,218.22276306152344,327597100,0.0,0.0,0.0
2020-03-19,239.25,247.3800048828125,232.22000122070312,240.50999450683594,218.68646240234375,289322000,0.0,0.0,0.0
2020-03-20,242.52999877929688,244.47000122070312,228.5,228.8000030517578,209.26235961914062,347158800,1.406,0.0,0.0
2020-03-23,228.19000244140625,229.67999267578125,218.25999450683594,222.9499969482422,203.91189575195312,326025200,0.0,0.0,0.0
2020-03-24,234.4199981689453,244.10000610351562,233.8000030517578,243.14999389648438,222.386962890625,235494500,0.0,0.0,0.0
2020-03-25,244.8699951171875,256.3500061035156,239.75,246.7899932861328,225.71612548828125,299430300,0.0,0.0,0.0
2020-03-26,249.52000427246094,262.79998779296875,249.0500030517578,261.20001220703125,238.89566040039062,257632800,0.0,0.0,0.0
2020-03-27,253.27000427246094,260.80999755859375,251.0500030517578,253.4199981689453,231.77999877929688,224341200,0.0,0.0,0.0
2020-03-30,255.6999969482422,262.42999267578125,253.52999877929688,261.6499938964844,239.30718994140625,171369500,0.0,0.0,0.0
2020-03-31,260.55999755859375,263.3299865722656,256.2200012207031,257.75,235.74026489257812,194881100,0.0,0.0,0.0
2020-04-01,247.97999572753906,257.6600036621094,243.89999389648438,246.14999389648438,225.1308135986328,189554600,0.0,0.0,0.0
2020-04-02,245.19000244140625,252.67999267578125,244.58999633789062,251.8300018310547,230.32574462890625,177660400,0.0,0.0,0.0
2020-04-03,250.75999450683594,253.32000732421875,245.22000122070312,248.19000244140625,226.99659729003906,135561200,0.0,0.0,0.0
2020-04-06,257.8399963378906,267.0,248.1699981689453,264.8599853515625,242.24310302734375,188061200,0.0,0.0,0.0
2020-04-07,274.2099914550781,275.0299987792969,264.8900146484375,265.1300048828125,242.49009704589844,201427200,0.0,0.0,0.0
2020-04-08,267.9599914550781,276.0,265.25,274.0299987792969,250.63009643554688,153774500,0.0,0.0,0.0
2020-04-09,277.5799865722656,281.20001220703125,275.4700012207031,278.20001220703125,254.44400024414062,189999200,0.0,0.0,0.0
2020-04-13,277.1400146484375,277.510009765625,271.4100036621094,275.6600036621094,252.12094116210938,114839100,0.0,0.0,0.0
2020-04-14,280.9800109863281,284.8999938964844,275.510009765625,283.7900085449219,259.556640625,134143400,0.0,0.0,0.0
2020-04-15,277.57000732421875,283.94000244140625,275.4599914550781,277.760009765625,254.04164123535156,121775000,0.0,0.0,0.0
2020-04-16,279.1499938964844,280.0299987792969,275.760009765625,279.1000061035156,255.26715087890625,131798300,0.0,0.0,0.0
2020-04-17,285.3800048828125,287.29998779296875,282.3999938964844,286.6400146484375,262.163330078125,146684800,0.0,0.0,0.0
2020-04-20,282.6099853515625,286.7900085449219,281.3500061035156,281.5899963378906,257.5445556640625,100109300,0.0,0.0,0.0
2020-04-21,276.7300109863281,278.0400085449219,272.0199890136719,273.0400085449219,249.72467041015625,126385700,0.0,0.0,0.0
2020-04-22,278.3500061035156,281.0,276.9100036621094,279.1000061035156,255.26715087890625,92951600,0.0,0.0,0.0
2020-04-23,280.489990234375,283.94000244140625,278.75,279.0799865722656,255.24891662597656,104709700,0.0,0.0,0.0
2020-04-24,280.7300109863281,283.70001220703125,278.5,282.9700012207031,258.8066711425781,85063200,0.0,0.0,0.0
2020-04-27,285.1199951171875,288.2699890136719,284.6199951171875,287.04998779296875,262.53826904296875,77896600,0.0,0.0,0.0
2020-04-28,291.0199890136719,291.3999938964844,285.3999938964844,285.7300109863281,261.3309631347656,105270000,0.0,0.0,0.0
2020-04-29,291.5299987792969,294.8800048828125,290.4100036621094,293.2099914550781,268.1722106933594,118745600,0.0,0.0,0.0
2020-04-30,291.7099914550781,293.32000732421875,288.5899963378906,290.4800109863281,265.67535400390625,122901700,0.0,0.0,0.0
2020-05-01,285.30999755859375,290.6600036621094,281.5199890136719,282.7900085449219,258.64208984375,125180000,0.0,0.0,0.0
2020-05-04,280.739990234375,283.8999938964844,279.1300048828125,283.57000732421875,259.35546875,80873200,0.0,0.0,0.0
2020-05-05,286.6400146484375,289.25,283.7099914550781,286.19000244140625,261.7517395019531,79569900,0.0,0.0,0.0
2020-05-06,288.0400085449219,288.4599914550781,283.7799987792969,284.25,259.9774169921875,73632600,0.0,0.0,0.0
2020-05-07,287.75,289.7799987792969,287.1300048828125,287.67999267578125,263.1144714355469,75250400,0.0,0.0,0.0
2020-05-08,291.0899963378906,292.95001220703125,289.8599853515625,292.44000244140625,267.468017578125,76452400,0.0,0.0,0.0
2020-05-11,290.3399963378906,294.0,289.8800048828125,292.5,267.52288818359375,79514200,0.0,0.0,0.0
2020-05-12,293.7900085449219,294.239990234375,286.5199890136719,286.6700134277344,262.1907043457031,95870800,0.0,0.0,0.0
2020-05-13,286.05999755859375,287.19000244140625,278.9599914550781,281.6000061035156,257.5537109375,144721100,0.0,0.0,0.0
2020-05-14,278.95001220703125,285.1099853515625,272.989990234375,284.9700012207031,260.6358337402344,121977900,0.0,0.0,0.0
2020-05-15,282.3699951171875,286.3299865722656,281.3399963378906,286.2799987792969,261.8340759277344,111146300,0.0,0.0,0.0
2020-05-18,293.04998779296875,296.75,292.70001220703125,295.0,269.8093566894531,119703800,0.0,0.0,0.0
2020-05-19,294.3500061035156,296.2099914550781,291.95001220703125,291.9700012207031,267.0381774902344,95189300,0.0,0.0,0.0
2020-05-20,295.82000732421875,297.8699951171875,295.57000732421875,296.92999267578125,271.5746154785156,85861700,0.0,0.0,0.0
2020-05-21,296.7900085449219,297.6700134277344,293.69000244140625,294.8800048828125,269.6996765136719,78293900,0.0,0.0,0.0
2020-05-22,294.57000732421875,295.6300048828125,293.2200012207031,295.44000244140625,270.21185302734375,63958200,0.0,0.0,0.0
2020-05-26,301.92999267578125,302.19000244140625,295.4599914550781,299.0799865722656,273.541015625,88951400,0.0,0.0,0.0
2020-05-27,302.1199951171875,303.57000732421875,296.8699951171875,303.5299987792969,277.6110534667969,104817400,0.0,0.0,0.0
2020-05-28,304.6499938964844,306.8399963378906,302.239990234375,302.9700012207031,277.09893798828125,90405200,0.0,0.0,0.0
2020-05-29,302.4599914550781,304.9599914550781,299.4700012207031,304.32000732421875,278.3335876464844,119090800,0.0,0.0,0.0
2020-06-01,303.6199951171875,306.2099914550781,303.05999755859375,305.54998779296875,279.4585266113281,55758300,0.0,0.0,0.0
2020-06-02,306.54998779296875,308.1300048828125,305.1000061035156,308.0799865722656,281.7724609375,74267200,0.0,0.0,0.0
2020-06-03,310.239990234375,313.2200012207031,309.94000244140625,312.17999267578125,285.5223693847656,92567600,0.0,0.0,0.0
2020-06-04,311.1099853515625,313.0,309.0799865722656,311.3599853515625,284.77239990234375,75794400,0.0,0.0,0.0
2020-06-05,317.2300109863281,321.2699890136719,317.1600036621094,319.3399963378906,292.07098388671875,150524700,0.0,0.0,0.0
2020-06-08,320.2200012207031,323.4100036621094,319.6300048828125,323.20001220703125,295.60137939453125,73641200,0.0,0.0,0.0
2020-06-09,320.29998779296875,323.2799987792969,319.3599853515625,320.7900085449219,293.3971862792969,77479200,0.0,0.0,0.0
2020-06-10,321.4200134277344,322.3900146484375,318.2200012207031,319.0,291.7599792480469,95000800,0.0,0.0,0.0
2020-06-11,311.4599914550781,312.1499938964844,300.010009765625,300.6099853515625,274.9403381347656,209243600,0.0,0.0,0.0
2020-06-12,308.239990234375,309.0799865722656,298.6000061035156,304.2099914550781,278.2330017089844,194678900,0.0,0.0,0.0
2020-06-15,298.0199890136719,308.2799987792969,296.739990234375,307.04998779296875,280.8304748535156,135782700,0.0,0.0,0.0
2020-06-16,315.4800109863281,315.6400146484375,307.6700134277344,312.9599914550781,286.23577880859375,137627500,0.0,0.0,0.0
2020-06-17,314.07000732421875,314.3900146484375,310.8599853515625,311.6600036621094,285.0468444824219,83398900,0.0,0.0,0.0
2020-06-18,310.010009765625,312.29998779296875,309.510009765625,311.7799987792969,285.156494140625,80828700,0.0,0.0,0.0
2020-06-19,314.1700134277344,314.3800048828125,306.5299987792969,308.6400146484375,283.52691650390625,135549600,1.366,0.0,0.0
2020-06-22,307.989990234375,311.04998779296875,306.75,310.6199951171875,285.34576416015625,74649400,0.0,0.0,0.0
2020-06-23,313.489990234375,314.5,311.6099853515625,312.04998779296875,286.65948486328125,68471200,0.0,0.0,0.0
2020-06-24,309.8399963378906,310.510009765625,302.1000061035156,304.0899963378906,279.3471374511719,132813500,0.0,0.0,0.0
2020-06-25,303.4700012207031,307.6400146484375,301.2799987792969,307.3500061035156,282.34185791015625,89468000,0.0,0.0,0.0
2020-06-26,306.1600036621094,306.3900146484375,299.4200134277344,300.04998779296875,275.63580322265625,127961000,0.0,0.0,0.0
2020-06-29,301.4100036621094,304.6099853515625,298.92999267578125,304.4599914550781,279.6870422363281,79773300,0.0,0.0,0.0
2020-06-30,303.989990234375,310.20001220703125,303.82000732421875,308.3599853515625,283.2696838378906,113394800,0.0,0.0,0.0
2020-07-01,309.57000732421875,311.8900146484375,309.07000732421875,310.5199890136719,285.25390625,72396500,0.0,0.0,0.0
2020-07-02,314.239990234375,315.70001220703125,311.510009765625,312.2300109863281,286.8249206542969,69344200,0.0,0.0,0.0
2020-07-06,316.3699951171875,317.67999267578125,315.55999755859375,317.04998779296875,291.2525634765625,61713800,0.0,0.0,0.0
2020-07-07,315.3800048828125,317.5199890136719,313.3699951171875,313.7799987792969,288.2486267089844,82910000,0.0,0.0,0.0
2020-07-08,314.6099853515625,316.29998779296875,312.70001220703125,316.17999267578125,290.4533386230469,54638600,0.0,0.0,0.0
2020-07-09,316.8399963378906,317.1000061035156,310.67999267578125,314.3800048828125,288.79974365234375,83354200,0.0,0.0,0.0
2020-07-10,314.30999755859375,317.8800048828125,312.760009765625,317.5899963378906,291.7486572265625,57550400,0.0,0.0,0.0
2020-07-13,320.1300048828125,322.7099914550781,314.1300048828125,314.8399963378906,289.2224426269531,102997500,0.0,0.0,0.0
2020-07-14,313.29998779296875,319.760009765625,312.0,318.9200134277344,292.970458984375,93657000,0.0,0.0,0.0
2020-07-15,322.4100036621094,323.0400085449219,319.2699890136719,321.8500061035156,295.6619873046875,87196500,0.0,0.0,0.0
2020-07-16,319.7900085449219,321.2799987792969,319.0899963378906,320.7900085449219,294.688232421875,54622500,0.0,0.0,0.0
2020-07-17,321.8800048828125,322.57000732421875,319.739990234375,321.7200012207031,295.5426330566406,62774900,0.0,0.0,0.0
2020-07-20,321.42999267578125,325.1300048828125,320.6199951171875,324.32000732421875,297.9310607910156,56308800,0.0,0.0,0.0
2020-07-21,326.45001220703125,326.92999267578125,323.94000244140625,325.010009765625,298.56500244140625,57292200,0.0,0.0,0.0
2020-07-22,324.6199951171875,327.20001220703125,324.5,326.8599853515625,300.264404296875,57792900,0.0,0.0,0.0
2020-07-23,326.4700012207031,327.2300109863281,321.4800109863281,322.9599914550781,296.6816711425781,75738000,0.0,0.0,0.0
2020-07-24,320.95001220703125,321.989990234375,319.25,320.8800048828125,294.7709045410156,73766600,0.0,0.0,0.0
2020-07-27,321.6300048828125,323.4100036621094,320.7699890136719,323.2200012207031,296.9205627441406,48293000,0.0,0.0,0.0
2020-07-28,322.42999267578125,323.6400146484375,320.8500061035156,321.1700134277344,295.037353515625,57495000,0.0,0.0,0.0
2020-07-29,322.1199951171875,325.7300109863281,322.0799865722656,325.1199951171875,298.66595458984375,48454200,0.0,0.0,0.0
2020-07-30,321.8999938964844,324.4100036621094,319.6400146484375,323.9599914550781,297.60040283203125,61861700,0.0,0.0,0.0
2020-07-31,325.8999938964844,326.6300048828125,321.3299865722656,326.5199890136719,299.95196533203125,84986800,0.0,0.0,0.0
2020-08-03,328.32000732421875,329.6199951171875,327.7300109863281,328.7900085449219,302.0373840332031,53077900,0.0,0.0,0.0
2020-08-04,327.8599853515625,330.05999755859375,327.8599853515625,330.05999755859375,303.2040100097656,41917900,0.0,0.0,0.0
2020-08-05,331.4700012207031,332.3900146484375,331.17999267578125,332.1099853515625,305.0871887207031,42697700,0.0,0.0,0.0
2020-08-06,331.4800109863281,334.4599914550781,331.1300048828125,334.3299865722656,307.1265869140625,43679400,0.0,0.0,0.0
2020-08-07,333.2799987792969,334.8800048828125,332.29998779296875,334.57000732421875,307.3470153808594,57308300,0.0,0.0,0.0
2020-08-10,335.05999755859375,335.7699890136719,332.9599914550781,335.57000732421875,308.26568603515625,44282100,0.0,0.0,0.0
2020-08-11,336.8500061035156,337.5400085449219,332.010009765625,332.79998779296875,305.7210998535156,69601100,0.0,0.0,0.0
2020-08-12,335.44000244140625,338.2799987792969,335.4100036621094,337.44000244140625,309.9835205078125,53774400,0.0,0.0,0.0
2020-08-13,336.6099853515625,338.25,335.8299865722656,336.8299865722656,309.42315673828125,41816100,0.0,0.0,0.0
2020-08-14,336.4100036621094,337.4200134277344,335.6199951171875,336.8399963378906,309.4323425292969,47260400,0.0,0.0,0.0
2020-08-17,337.94000244140625,338.3399963378906,336.8500061035156,337.9100036621094,310.415283203125,35481000,0.0,0.0,0.0
2020-08-18,338.3399963378906,339.1000061035156,336.6099853515625,338.6400146484375,311.0858459472656,38733900,0.0,0.0,0.0
2020-08-19,339.04998779296875,339.6099853515625,336.6199951171875,337.2300109863281,309.79071044921875,68054200,0.0,0.0,0.0
2020-08-20,335.3599853515625,338.79998779296875,335.2200012207031,338.2799987792969,310.7552185058594,42207800,0.0,0.0,0.0
2020-08-21,337.9200134277344,339.7200012207031,337.54998779296875,339.4800109863281,311.8575134277344,55106600,0.0,0.0,0.0
2020-08-24,342.1199951171875,343.0,339.45001220703125,342.9200134277344,315.01763916015625,48588700,0.0,0.0,0.0
2020-08-25,343.5299987792969,344.2099914550781,342.2699890136719,344.1199951171875,316.1199645996094,38463400,0.0,0.0,0.0
2020-08-26,344.760009765625,347.8599853515625,344.1700134277344,347.57000732421875,319.28924560546875,50790200,0.0,0.0,0.0
2020-08-27,348.510009765625,349.8999938964844,346.5299987792969,348.3299865722656,319.9874572753906,58034100,0.0,0.0,0.0
2020-08-28,349.44000244140625,350.7200012207031,348.1499938964844,350.5799865722656,322.0542907714844,48588900,0.0,0.0,0.0
2020-08-31,350.3500061035156,351.29998779296875,349.05999755859375,349.30999755859375,320.8876953125,66099200,0.0,0.0,0.0
2020-09-01,350.2099914550781,352.7099914550781,349.239990234375,352.6000061035156,323.9100646972656,54908700,0.0,0.0,0.0
2020-09-02,354.6700134277344,358.75,353.42999267578125,357.70001220703125,328.5950622558594,69540000,0.0,0.0,0.0
2020-09-03,355.8699951171875,356.3800048828125,342.5899963378906,345.3900146484375,317.28668212890625,148011100,0.0,0.0,0.0
2020-09-04,346.1300048828125,347.8299865722656,334.8699951171875,342.57000732421875,314.69610595703125,139156300,0.0,0.0,0.0
2020-09-08,336.7099914550781,342.6400146484375,332.8800048828125,333.2099914550781,306.09771728515625,114465300,0.0,0.0,0.0
2020-09-09,337.54998779296875,342.4599914550781,336.6099853515625,339.7900085449219,312.14227294921875,91462300,0.0,0.0,0.0
2020-09-10,341.82000732421875,342.5299987792969,332.8500061035156,333.8900146484375,306.7223205566406,90569500,0.0,0.0,0.0
2020-09-11,335.82000732421875,336.9700012207031,331.0,334.05999755859375,306.8785095214844,84680200,0.0,0.0,0.0
2020-09-14,337.489990234375,340.3800048828125,334.2200012207031,338.4599914550781,310.9205627441406,65605700,0.0,0.0,0.0
2020-09-15,341.1199951171875,342.0199890136719,338.4700012207031,340.1700134277344,312.4914245605469,52920900,0.0,0.0,0.0
2020-09-16,341.510009765625,343.05999755859375,338.5199890136719,338.82000732421875,311.2512512207031,82096000,0.0,0.0,0.0
2020-09-17,333.55999755859375,337.70001220703125,332.989990234375,335.8399963378906,308.51373291015625,91523300,0.0,0.0,0.0
2020-09-18,335.3699951171875,335.489990234375,327.9700012207031,330.6499938964844,304.96185302734375,105877900,1.339,0.0,0.0
2020-09-21,325.70001220703125,327.1300048828125,321.7300109863281,326.9700012207031,301.56781005859375,99450800,0.0,0.0,0.0
2020-09-22,328.57000732421875,330.8999938964844,325.8599853515625,330.29998779296875,304.6390686035156,63612100,0.0,0.0,0.0
2020-09-23,330.8999938964844,331.20001220703125,322.1000061035156,322.6400146484375,297.5741882324219,93112200,0.0,0.0,0.0
2020-09-24,321.2200012207031,326.79998779296875,319.79998779296875,323.5,298.3673400878906,76681300,0.0,0.0,0.0
2020-09-25,322.5799865722656,329.5799865722656,321.6400146484375,328.7300109863281,303.19110107421875,71069400,0.0,0.0,0.0
2020-09-28,333.2200012207031,334.9599914550781,332.1499938964844,334.19000244140625,308.2268981933594,64584600,0.0,0.0,0.0
2020-09-29,333.9700012207031,334.7699890136719,331.6199951171875,332.3699951171875,306.5483093261719,51304000,0.0,0.0,0.0
2020-09-30,333.0899963378906,338.2900085449219,332.8800048828125,334.8900146484375,308.8725280761719,104081100,0.0,0.0,0.0
2020-10-01,337.69000244140625,338.739990234375,335.010009765625,337.0400085449219,310.8554992675781,88698700,0.0,0.0,0.0
2020-10-02,331.70001220703125,337.010009765625,331.19000244140625,333.8399963378906,307.9040832519531,89431100,0.0,0.0,0.0
2020-10-05,336.05999755859375,339.9599914550781,336.010009765625,339.760009765625,313.36407470703125,45713100,0.0,0.0,0.0
2020-10-06,339.9100036621094,342.1700134277344,334.3800048828125,334.92999267578125,308.9093322753906,90128900,0.0,0.0,0.0
2020-10-07,338.1199951171875,341.6300048828125,338.0899963378906,340.760009765625,314.2864685058594,56999600,0.0,0.0,0.0
2020-10-08,342.8500061035156,343.8500061035156,341.8599853515625,343.7799987792969,317.0718078613281,45242500,0.0,0.0,0.0
2020-10-09,345.55999755859375,347.3500061035156,344.8900146484375,346.8500061035156,319.9032897949219,59528600,0.0,0.0,0.0
2020-10-12,349.5899963378906,354.0199890136719,349.05999755859375,352.42999267578125,325.0498046875,80388500,0.0,0.0,0.0
2020-10-13,352.2799987792969,352.4700012207031,349.0899963378906,350.1300048828125,322.928466796875,73255500,0.0,0.0,0.0
2020-10-14,350.75,351.92999267578125,347.1400146484375,347.92999267578125,320.8994445800781,57727900,0.0,0.0,0.0
2020-10-15,343.7099914550781,348.0199890136719,343.1300048828125,347.5,320.5028381347656,60357700,0.0,0.0,0.0
2020-10-16,348.9599914550781,350.75,347.1000061035156,347.2900085449219,320.3091735839844,89501900,0.0,0.0,0.0
2020-10-19,348.6499938964844,349.3299865722656,341.0400085449219,342.010009765625,315.43939208984375,68425600,0.0,0.0,0.0
2020-10-20,343.4599914550781,346.8800048828125,342.6400146484375,343.3800048828125,316.702880859375,60051900,0.0,0.0,0.0
2020-10-21,343.3299865722656,345.6700134277344,342.3999938964844,342.7300109863281,316.1034240722656,63575000,0.0,0.0,0.0
2020-10-22,342.9599914550781,345.239990234375,340.6499938964844,344.6099853515625,317.83734130859375,55399300,0.0,0.0,0.0
2020-10-23,345.92999267578125,345.989990234375,343.1300048828125,345.7799987792969,318.91644287109375,49143900,0.0,0.0,0.0
2020-10-26,342.1300048828125,342.9800109863281,335.6199951171875,339.3900146484375,313.02288818359375,91473000,0.0,0.0,0.0
2020-10-27,339.760009765625,340.1199951171875,337.989990234375,338.2200012207031,311.9438171386719,65994100,0.0,0.0,0.0
2020-10-28,332.1000061035156,338.25,326.1300048828125,326.6600036621094,301.2818908691406,127094300,0.0,0.0,0.0
2020-10-29,326.9100036621094,333.3999938964844,325.0899963378906,329.9800109863281,304.34393310546875,90597700,0.0,0.0,0.0
2020-10-30,328.2799987792969,329.69000244140625,322.6000061035156,326.5400085449219,301.17120361328125,120287300,0.0,0.0,0.0
2020-11-02,330.20001220703125,332.3599853515625,327.239990234375,330.20001220703125,304.54681396484375,86068300,0.0,0.0,0.0
2020-11-03,333.69000244140625,338.25,330.2900085449219,336.0299987792969,309.9239196777344,93294200,0.0,0.0,0.0
2020-11-04,340.8599853515625,347.94000244140625,339.5899963378906,343.5400085449219,316.8504333496094,126959700,0.0,0.0,0.0
2020-11-05,349.239990234375,352.19000244140625,348.8599853515625,350.239990234375,323.02996826171875,82039700,0.0,0.0,0.0
2020-11-06,349.92999267578125,351.510009765625,347.6499938964844,350.1600036621094,322.9561767578125,74973000,0.0,0.0,0.0
2020-11-09,363.9700012207031,364.3800048828125,354.05999755859375,354.55999755859375,327.0143127441406,172304200,0.0,0.0,0.0
2020-11-10,353.489990234375,355.17999267578125,350.510009765625,354.0400085449219,326.53472900390625,85552000,0.0,0.0,0.0
2020-11-11,356.3999938964844,357.55999755859375,355.05999755859375,356.6700134277344,328.96038818359375,58649000,0.0,0.0,0.0
2020-11-12,355.5799865722656,356.7200012207031,351.260009765625,353.2099914550781,325.7691650390625,67546200,0.0,0.0,0.0
2020-11-13,355.2699890136719,358.8999938964844,354.7099914550781,358.1000061035156,330.2793884277344,62892200,0.0,0.0,0.0
2020-11-16,360.9800109863281,362.7799987792969,359.5899963378906,362.57000732421875,334.4020690917969,74541100,0.0,0.0,0.0
2020-11-17,359.9700012207031,361.9200134277344,358.3399963378906,360.6199951171875,332.6035461425781,66111000,0.0,0.0,0.0
2020-11-18,360.9100036621094,361.5,356.239990234375,356.2799987792969,328.6007385253906,70591300,0.0,0.0,0.0
2020-11-19,355.6000061035156,358.17999267578125,354.1499938964844,357.7799987792969,329.984130859375,59940900,0.0,0.0,0.0
2020-11-20,357.5,357.7200012207031,355.25,355.3299865722656,327.72454833984375,70417300,0.0,0.0,0.0
2020-11-23,357.2799987792969,358.82000732421875,354.8699951171875,357.4599914550781,329.6889953613281,63230600,0.0,0.0,0.0
2020-11-24,360.2099914550781,363.80999755859375,359.2900085449219,363.2200012207031,335.00152587890625,62415900,0.0,0.0,0.0
2020-11-25,363.1300048828125,363.1600036621094,361.4800109863281,362.6600036621094,334.48504638671875,45330900,0.0,0.0,0.0
2020-11-27,363.8399963378906,364.17999267578125,362.5799865722656,363.6700134277344,335.4165954589844,28514100,0.0,0.0,0.0
2020-11-30,362.8299865722656,363.1199951171875,359.1700134277344,362.05999755859375,333.9316711425781,83872700,0.0,0.0,0.0
2020-12-01,365.57000732421875,367.67999267578125,364.92999267578125,366.0199890136719,337.5840148925781,74231400,0.0,0.0,0.0
2020-12-02,364.82000732421875,366.9599914550781,364.20001220703125,366.7900085449219,338.2941589355469,45927000,0.0,0.0,0.0
2020-12-03,366.67999267578125,368.19000244140625,365.5,366.69000244140625,338.2019348144531,62882000,0.0,0.0,0.0
2020-12-04,367.32000732421875,369.8500061035156,367.2200012207031,369.8500061035156,341.1164855957031,50749900,0.0,0.0,0.0
2020-12-07,369.0199890136719,369.6199951171875,367.7200012207031,369.0899963378906,340.4154357910156,48944300,0.0,0.0,0.0
2020-12-08,367.7200012207031,370.7799987792969,367.6700134277344,370.1700134277344,341.41156005859375,42458900,0.0,0.0,0.0
2020-12-09,370.8800048828125,371.04998779296875,365.95001220703125,366.8500061035156,338.34954833984375,74098300,0.0,0.0,0.0
2020-12-10,365.3699951171875,367.8599853515625,364.42999267578125,366.7300109863281,338.23883056640625,57735400,0.0,0.0,0.0
2020-12-11,364.8999938964844,366.739990234375,363.260009765625,366.29998779296875,337.8423156738281,57698600,0.0,0.0,0.0
2020-12-14,368.6400146484375,369.79998779296875,364.4700012207031,364.6600036621094,336.3296813964844,69216200,0.0,0.0,0.0
2020-12-15,367.3999938964844,369.5899963378906,365.9200134277344,369.5899963378906,340.87664794921875,63865300,0.0,0.0,0.0
2020-12-16,369.82000732421875,371.1600036621094,368.8699951171875,370.1700134277344,341.41156005859375,58420500,0.0,0.0,0.0
2020-12-17,371.94000244140625,372.4599914550781,371.04998779296875,372.239990234375,343.3207092285156,64119500,0.0,0.0,0.0
2020-12-18,370.9700012207031,371.1499938964844,367.0199890136719,369.17999267578125,341.949951171875,136542300,1.58,0.0,0.0
2020-12-21,364.9700012207031,378.4599914550781,362.0299987792969,367.8599853515625,340.72723388671875,96386700,0.0,0.0,0.0
2020-12-22,368.2099914550781,368.3299865722656,366.0299987792969,367.239990234375,340.153076171875,47949000,0.0,0.0,0.0
2020-12-23,368.2799987792969,369.6199951171875,367.2200012207031,367.57000732421875,340.458740234375,46201400,0.0,0.0,0.0
2020-12-24,368.0799865722656,369.0299987792969,367.45001220703125,369.0,341.78326416015625,26457900,0.0,0.0,0.0
2020-12-28,371.739990234375,372.5899963378906,371.07000732421875,372.1700134277344,344.71942138671875,39000400,0.0,0.0,0.0
2020-12-29,373.80999755859375,374.0,370.8299865722656,371.4599914550781,344.061767578125,53680500,0.0,0.0,0.0
2020-12-30,372.3399963378906,373.1000061035156,371.57000732421875,371.989990234375,344.5526428222656,49455300,0.0,0.0,0.0
2020-12-31,371.7799987792969,374.6600036621094,371.2300109863281,373.8800048828125,346.3033142089844,78520700,0.0,0.0,0.0
2021-01-04,375.30999755859375,375.45001220703125,364.82000732421875,368.7900085449219,341.5886535644531,110210800,0.0,0.0,0.0
2021-01-05,368.1000061035156,372.5,368.04998779296875,371.3299865722656,343.9414367675781,66426200,0.0,0.0,0.0
2021-01-06,369.7099914550781,376.9800109863281,369.1199951171875,373.54998779296875,345.99755859375,107997700,0.0,0.0,0.0
2021-01-07,376.1000061035156,379.8999938964844,375.9100036621094,379.1000061035156,351.1382751464844,68766800,0.0,0.0,0.0
2021-01-08,380.5899963378906,381.489990234375,377.1000061035156,381.260009765625,353.1389465332031,71677200,0.0,0.0,0.0
2021-01-11,377.8500061035156,380.5799865722656,377.7200012207031,378.69000244140625,350.7585144042969,51034700,0.0,0.0,0.0
2021-01-12,378.8900146484375,379.8599853515625,376.3599853515625,378.7699890136719,350.83258056640625,52547700,0.0,0.0,0.0
2021-01-13,378.69000244140625,380.8599853515625,377.8500061035156,379.7900085449219,351.77740478515625,45303600,0.0,0.0,0.0
2021-01-14,380.5899963378906,381.1300048828125,378.1000061035156,378.4599914550781,350.54547119140625,49989100,0.0,0.0,0.0
2021-01-15,376.7200012207031,377.5799865722656,373.70001220703125,375.70001220703125,347.98907470703125,107160000,0.0,0.0,0.0
2021-01-19,378.3399963378906,379.2300109863281,376.75,378.6499938964844,350.72149658203125,51233300,0.0,0.0,0.0
2021-01-20,381.1099853515625,384.7900085449219,380.69000244140625,383.8900146484375,355.574951171875,61836100,0.0,0.0,0.0
2021-01-21,384.489990234375,384.95001220703125,383.25,384.239990234375,355.8990478515625,47840100,0.0,0.0,0.0
2021-01-22,382.25,384.1300048828125,381.8399963378906,382.8800048828125,354.6393737792969,52860500,0.0,0.0,0.0
2021-01-25,383.6700134277344,384.7699890136719,378.4599914550781,384.3900146484375,356.0380859375,70402000,0.0,0.0,0.0
2021-01-26,385.4100036621094,385.8500061035156,383.5400085449219,383.7900085449219,355.4823303222656,42665300,0.0,0.0,0.0
2021-01-27,380.2200012207031,380.32000732421875,372.010009765625,374.4100036621094,346.79412841796875,123351100,0.0,0.0,0.0
2021-01-28,376.3599853515625,381.92999267578125,375.8900146484375,377.6300048828125,349.7767333984375,94198100,0.0,0.0,0.0
2021-01-29,375.6300048828125,376.6700134277344,368.2699890136719,370.07000732421875,342.7742919921875,126765100,0.0,0.0,0.0
2021-02-01,373.7200012207031,377.3399963378906,370.3800048828125,376.2300109863281,348.4798889160156,75817600,0.0,0.0,0.0
2021-02-02,379.6499938964844,383.2200012207031,376.32000732421875,381.54998779296875,353.407470703125,64450700,0.0,0.0,0.0
2021-02-03,382.44000244140625,383.70001220703125,380.4800109863281,381.8500061035156,353.68536376953125,52427100,0.0,0.0,0.0
2021-02-04,382.9599914550781,386.239990234375,381.9700012207031,386.19000244140625,357.70526123046875,47142600,0.0,0.0,0.0
2021-02-05,388.20001220703125,388.4700012207031,386.1400146484375,387.7099914550781,359.1131286621094,48669800,0.0,0.0,0.0
2021-02-08,389.2699890136719,390.55999755859375,388.3500061035156,390.510009765625,361.7066345214844,38365200,0.0,0.0,0.0
2021-02-09,389.6099853515625,390.8900146484375,389.1700134277344,390.25,361.4657897949219,35551100,0.0,0.0,0.0
2021-02-10,392.1199951171875,392.2799987792969,387.5,390.0799865722656,361.308349609375,59154400,0.0,0.0,0.0
2021-02-11,391.239990234375,391.69000244140625,388.1000061035156,390.7099914550781,361.8918762207031,42913300,0.0,0.0,0.0
2021-02-12,389.8500061035156,392.8999938964844,389.7699890136719,392.6400146484375,363.6795349121094,50593300,0.0,0.0,0.0
2021-02-16,393.9599914550781,394.1700134277344,391.5299987792969,392.29998779296875,363.3646240234375,50972400,0.0,0.0,0.0
2021-02-17,390.4200134277344,392.6600036621094,389.3299865722656,392.3900146484375,363.4480285644531,52290600,0.0,0.0,0.0
2021-02-18,389.5899963378906,391.5199890136719,387.739990234375,390.7200012207031,361.9011535644531,59712800,0.0,0.0,0.0
2021-02-19,392.07000732421875,392.3800048828125,389.54998779296875,390.0299987792969,361.2620849609375,83241000,0.0,0.0,0.0
2021-02-22,387.05999755859375,389.6199951171875,386.739990234375,387.0299987792969,358.4832763671875,67414200,0.0,0.0,0.0
2021-02-23,384.6600036621094,388.95001220703125,380.20001220703125,387.5,358.918701171875,107284100,0.0,0.0,0.0
2021-02-24,386.3299865722656,392.2300109863281,385.2699890136719,391.7699890136719,362.87371826171875,72433900,0.0,0.0,0.0
2021-02-25,390.4100036621094,391.8800048828125,380.7799987792969,382.3299865722656,354.1299743652344,146670500,0.0,0.0,0.0
2021-02-26,384.3500061035156,385.5799865722656,378.2300109863281,380.3599853515625,352.3053283691406,152701600,0.0,0.0,0.0
2021-03-01,385.5899963378906,390.9200134277344,380.57000732421875,389.5799865722656,360.8452453613281,105348800,0.0,0.0,0.0
2021-03-02,389.82000732421875,390.07000732421875,386.0,386.5400085449219,358.0294494628906,79595300,0.0,0.0,0.0
2021-03-03,385.7900085449219,386.8299865722656,381.30999755859375,381.4200134277344,353.28717041015625,119940200,0.0,0.0,0.0
2021-03-04,381.2200012207031,384.0,371.8800048828125,376.70001220703125,348.91522216796875,183433000,0.0,0.0,0.0
2021-03-05,380.4599914550781,384.760009765625,372.6400146484375,383.6300048828125,355.33416748046875,152039600,0.0,0.0,0.0
2021-03-08,384.6600036621094,387.67999267578125,381.4200134277344,381.7200012207031,353.56500244140625,123149200,0.0,0.0,0.0
2021-03-09,385.8500061035156,389.9100036621094,385.30999755859375,387.1700134277344,358.613037109375,113633600,0.0,0.0,0.0
2021-03-10,389.69000244140625,391.3999938964844,388.1700134277344,389.5799865722656,360.8452453613281,109899400,0.0,0.0,0.0
2021-03-11,392.2300109863281,395.6499938964844,391.739990234375,393.5299987792969,364.50384521484375,86245000,0.0,0.0,0.0
2021-03-12,392.07000732421875,394.2099914550781,391.20001220703125,394.05999755859375,364.9947814941406,64653600,0.0,0.0,0.0
2021-03-15,394.3299865722656,396.69000244140625,392.0299987792969,396.4100036621094,367.17144775390625,73427200,0.0,0.0,0.0
2021-03-16,397.07000732421875,397.8299865722656,395.0799865722656,395.9100036621094,366.7083435058594,73722500,0.0,0.0,0.0
2021-03-17,394.5299987792969,398.1199951171875,393.29998779296875,397.260009765625,367.9588317871094,97959300,0.0,0.0,0.0
2021-03-18,394.4800109863281,396.7200012207031,390.75,391.4800109863281,362.6051330566406,115349100,0.0,0.0,0.0
2021-03-19,389.8800048828125,391.57000732421875,387.1499938964844,389.4800109863281,361.93426513671875,113624500,1.278,0.0,0.0
2021-03-22,390.0299987792969,394.07000732421875,389.9700012207031,392.5899963378906,364.82427978515625,73778600,0.0,0.0,0.0
2021-03-23,391.9100036621094,393.4599914550781,388.6600036621094,389.5,361.9527893066406,90686600,0.0,0.0,0.0
2021-03-24,391.0,392.75,387.4700012207031,387.5199890136719,360.1128234863281,97588600,0.0,0.0,0.0
2021-03-25,385.9800109863281,390.54998779296875,383.8999938964844,389.70001220703125,362.1386413574219,116128600,0.0,0.0,0.0
2021-03-26,390.92999267578125,396.4100036621094,390.2900085449219,395.9800109863281,367.9744567871094,114409100,0.0,0.0,0.0
2021-03-29,394.3999938964844,396.75,392.80999755859375,395.7799987792969,367.7886657714844,108107600,0.0,0.0,0.0
2021-03-30,394.4200134277344,395.45001220703125,393.0199890136719,394.7300109863281,366.8128662109375,76262200,0.0,0.0,0.0
2021-03-31,395.3399963378906,398.0,395.30999755859375,396.3299865722656,368.2996520996094,112734200,0.0,0.0,0.0
2021-04-01,398.3999938964844,400.6700134277344,398.17999267578125,400.6099853515625,372.2770080566406,99682900,0.0,0.0,0.0
2021-04-05,403.4599914550781,406.94000244140625,403.3800048828125,406.3599853515625,377.6203308105469,91684800,0.0,0.0,0.0
2021-04-06,405.760009765625,407.239990234375,405.3999938964844,406.1199951171875,377.3973388671875,62021000,0.0,0.0,0.0
2021-04-07,405.94000244140625,406.9599914550781,405.45001220703125,406.5899963378906,377.8340148925781,55836300,0.0,0.0,0.0
2021-04-08,407.92999267578125,408.5799865722656,406.92999267578125,408.5199890136719,379.6275634765625,57863100,0.0,0.0,0.0
2021-04-09,408.3900146484375,411.6700134277344,408.260009765625,411.489990234375,382.3875732421875,61104600,0.0,0.0,0.0
2021-04-12,410.8500061035156,411.92999267578125,410.20001220703125,411.6400146484375,382.5269470214844,56704900,0.0,0.0,0.0
2021-04-13,411.5299987792969,413.5299987792969,411.1199951171875,412.8599853515625,383.66070556640625,56551000,0.0,0.0,0.0
2021-04-14,412.8299865722656,413.9599914550781,410.8699951171875,411.45001220703125,382.35040283203125,61659900,0.0,0.0,0.0
2021-04-15,413.739990234375,416.1600036621094,413.69000244140625,415.8699951171875,386.4577941894531,60229800,0.0,0.0,0.0
2021-04-16,417.25,417.9100036621094,415.7300109863281,417.260009765625,387.7494812011719,82037300,0.0,0.0,0.0
2021-04-19,416.260009765625,416.739990234375,413.7900085449219,415.2099914550781,385.844482421875,78498500,0.0,0.0,0.0
2021-04-20,413.9100036621094,415.0899963378906,410.5899963378906,412.1700134277344,383.01953125,81851800,0.0,0.0,0.0
2021-04-21,411.510009765625,416.2900085449219,411.3599853515625,416.07000732421875,386.64361572265625,66793000,0.0,0.0,0.0
2021-04-22,415.8900146484375,416.7799987792969,411.1300048828125,412.2699890136719,383.1123046875,97582800,0.0,0.0,0.0
2021-04-23,412.8699951171875,418.25,412.7900085449219,416.739990234375,387.2662048339844,73209200,0.0,0.0,0.0
2021-04-26,417.44000244140625,418.2200012207031,416.80999755859375,417.6099853515625,388.0746765136719,52182400,0.0,0.0,0.0
2021-04-27,417.92999267578125,418.1400146484375,416.29998779296875,417.5199890136719,387.9910888671875,51303100,0.0,0.0,0.0
2021-04-28,417.80999755859375,419.010009765625,416.8999938964844,417.3999938964844,387.87957763671875,51238900,0.0,0.0,0.0
2021-04-29,420.32000732421875,420.7200012207031,416.44000244140625,420.05999755859375,390.3514404296875,78544300,0.0,0.0,0.0
2021-04-30,417.6300048828125,418.5400085449219,416.3399963378906,417.29998779296875,387.7865905761719,85527000,0.0,0.0,0.0
2021-05-03,419.42999267578125,419.8399963378906,417.6700134277344,418.20001220703125,388.62298583984375,68128300,0.0,0.0,0.0
2021-05-04,416.07000732421875,416.6000061035156,411.6700134277344,415.6199951171875,386.2254638671875,101591200,0.0,0.0,0.0
2021-05-05,417.3800048828125,417.6300048828125,415.1499938964844,415.75,386.34625244140625,60162200,0.0,0.0,0.0
2021-05-06,415.8299865722656,419.2099914550781,413.67999267578125,419.07000732421875,389.4314880371094,74321400,0.0,0.0,0.0
2021-05-07,419.8900146484375,422.82000732421875,419.1600036621094,422.1199951171875,392.2657165527344,67733800,0.0,0.0,0.0
2021-05-10,422.5,422.739990234375,417.80999755859375,417.94000244140625,388.3814392089844,81852400,0.0,0.0,0.0
2021-05-11,413.1000061035156,415.2699890136719,410.05999755859375,414.2099914550781,384.9152526855469,116888000,0.0,0.0,0.0
2021-05-12,411.2300109863281,412.5899963378906,404.0,405.4100036621094,376.73748779296875,134811000,0.0,0.0,0.0
2021-05-13,407.07000732421875,412.3500061035156,407.0199890136719,410.2799987792969,381.2630920410156,106394000,0.0,0.0,0.0
2021-05-14,413.2099914550781,417.489990234375,413.17999267578125,416.5799865722656,387.1175231933594,82201600,0.0,0.0,0.0
2021-05-17,415.3900146484375,416.3900146484375,413.3599853515625,415.5199890136719,386.13250732421875,65129200,0.0,0.0,0.0
2021-05-18,415.79998779296875,416.05999755859375,411.7699890136719,411.94000244140625,382.8057556152344,59810200,0.0,0.0,0.0
2021-05-19,406.9200134277344,411.04998779296875,405.3299865722656,410.8599853515625,381.8021240234375,106467100,0.0,0.0,0.0
2021-05-20,411.79998779296875,416.6300048828125,411.6700134277344,415.2799987792969,385.9095153808594,78022200,0.0,0.0,0.0
2021-05-21,416.8699951171875,418.20001220703125,414.45001220703125,414.94000244140625,385.5935974121094,76578700,0.0,0.0,0.0
2021-05-24,417.3399963378906,420.32000732421875,417.0799865722656,419.1700134277344,389.5243835449219,51376700,0.0,0.0,0.0
2021-05-25,420.3299865722656,420.7099914550781,417.6199951171875,418.239990234375,388.6601257324219,57451400,0.0,0.0,0.0
2021-05-26,418.8699951171875,419.6099853515625,417.760009765625,419.07000732421875,389.4314880371094,43088600,0.0,0.0,0.0
2021-05-27,420.1700134277344,420.7200012207031,418.989990234375,419.2900085449219,389.6358337402344,56707700,0.0,0.0,0.0
2021-05-28,420.9700012207031,421.25,419.7900085449219,420.0400085449219,390.3327941894531,58520200,0.0,0.0,0.0
2021-06-01,422.57000732421875,422.7200012207031,419.20001220703125,419.6700134277344,389.989013671875,54216600,0.0,0.0,0.0
2021-06-02,420.3699951171875,421.2300109863281,419.2900085449219,420.3299865722656,390.6023864746094,49097100,0.0,0.0,0.0
2021-06-03,417.8500061035156,419.989990234375,416.2799987792969,418.7699890136719,389.1526184082031,58138800,0.0,0.0,0.0
2021-06-04,420.75,422.9200134277344,418.8399963378906,422.6000061035156,392.7117614746094,55938800,0.0,0.0,0.0
2021-06-07,422.5899963378906,422.7799987792969,421.19000244140625,422.19000244140625,392.330810546875,51555000,0.0,0.0,0.0
2021-06-08,423.1099853515625,423.2099914550781,420.32000732421875,422.2799987792969,392.41448974609375,47134300,0.0,0.0,0.0
2021-06-09,423.17999267578125,423.260009765625,421.4100036621094,421.6499938964844,391.82891845703125,48436300,0.0,0.0,0.0
2021-06-10,422.9599914550781,424.6300048828125,421.54998779296875,423.6099853515625,393.650390625,51020100,0.0,0.0,0.0
2021-06-11,424.20001220703125,424.42999267578125,422.82000732421875,424.30999755859375,394.30084228515625,45570800,0.0,0.0,0.0
2021-06-14,424.42999267578125,425.3699951171875,423.1000061035156,425.260009765625,395.1836853027344,42358500,0.0,0.0,0.0
2021-06-15,425.4200134277344,425.4599914550781,423.5400085449219,424.4800109863281,394.45880126953125,51508500,0.0,0.0,0.0
2021-06-16,424.6300048828125,424.8699951171875,419.9200134277344,422.1099853515625,392.2563171386719,80386100,0.0,0.0,0.0
2021-06-17,421.6700134277344,423.0199890136719,419.32000732421875,421.9700012207031,392.1263427734375,90949700,0.0,0.0,0.0
2021-06-18,417.0899963378906,417.8299865722656,414.70001220703125,414.9200134277344,386.83636474609375,118676300,1.376,0.0,0.0
2021-06-21,416.79998779296875,421.05999755859375,415.92999267578125,420.8599853515625,392.3742980957031,72822000,0.0,0.0,0.0
2021-06-22,420.8500061035156,424.0,420.0799865722656,423.1099853515625,394.47210693359375,57700300,0.0,0.0,0.0
2021-06-23,423.19000244140625,424.04998779296875,422.510009765625,422.6000061035156,393.9965515136719,49445400,0.0,0.0,0.0
2021-06-24,424.8900146484375,425.54998779296875,424.6199951171875,425.1000061035156,396.327392578125,45110300,0.0,0.0,0.0
2021-06-25,425.8999938964844,427.0899963378906,425.54998779296875,426.6099853515625,397.73516845703125,58129500,0.0,0.0,0.0
2021-06-28,427.1700134277344,427.6499938964844,425.8900146484375,427.4700012207031,398.5369873046875,53159600,0.0,0.0,0.0
2021-06-29,427.8800048828125,428.55999755859375,427.1300048828125,427.70001220703125,398.7513427734375,35970500,0.0,0.0,0.0
2021-06-30,427.2099914550781,428.7799987792969,427.17999267578125,428.05999755859375,399.0869445800781,64827900,0.0,0.0,0.0
2021-07-01,428.8699951171875,430.6000061035156,428.79998779296875,430.42999267578125,401.296630859375,53441000,0.0,0.0,0.0
2021-07-02,431.6700134277344,434.1000061035156,430.5199890136719,433.7200012207031,404.3639221191406,57697700,0.0,0.0,0.0
2021-07-06,433.7799987792969,434.010009765625,430.010009765625,432.92999267578125,403.6273498535156,68710400,0.0,0.0,0.0
2021-07-07,433.6600036621094,434.760009765625,431.510009765625,434.4599914550781,405.0537109375,63549500,0.0,0.0,0.0
2021-07-08,428.7799987792969,431.7300109863281,427.5199890136719,430.9200134277344,401.75341796875,97595200,0.0,0.0,0.0
2021-07-09,432.5299987792969,435.8399963378906,430.7099914550781,435.5199890136719,406.0421142578125,76238600,0.0,0.0,0.0
2021-07-12,435.42999267578125,437.3500061035156,434.9700012207031,437.0799865722656,407.4964294433594,52889600,0.0,0.0,0.0
2021-07-13,436.239990234375,437.8399963378906,435.30999755859375,435.5899963378906,406.1073303222656,52911300,0.0,0.0,0.0
2021-07-14,437.3999938964844,437.9200134277344,434.9100036621094,436.239990234375,406.71331787109375,64130400,0.0,0.0,0.0
2021-07-15,434.80999755859375,435.5299987792969,432.7200012207031,434.75,405.3241882324219,55126400,0.0,0.0,0.0
2021-07-16,436.010009765625,436.05999755859375,430.9200134277344,431.3399963378906,402.14501953125,75874700,0.0,0.0,0.0
2021-07-19,426.19000244140625,431.4100036621094,421.9700012207031,424.9700012207031,396.20623779296875,147987000,0.0,0.0,0.0
2021-07-20,425.67999267578125,432.4200134277344,424.8299865722656,431.05999755859375,401.8839416503906,99608200,0.0,0.0,0.0
2021-07-21,432.3399963378906,434.70001220703125,431.010009765625,434.54998779296875,405.1377868652344,64724400,0.0,0.0,0.0
2021-07-22,434.739990234375,435.7200012207031,433.69000244140625,435.4599914550781,405.9862060546875,47878500,0.0,0.0,0.0
2021-07-23,437.5199890136719,440.29998779296875,436.7900085449219,439.94000244140625,410.16290283203125,63766600,0.0,0.0,0.0
2021-07-26,439.30999755859375,441.0299987792969,439.260009765625,441.0199890136719,411.1698303222656,43719200,0.0,0.0,0.0
2021-07-27,439.9100036621094,439.94000244140625,435.989990234375,439.010009765625,409.29583740234375,67397100,0.0,0.0,0.0
2021-07-28,439.67999267578125,440.29998779296875,437.30999755859375,438.8299865722656,409.1280822753906,52472400,0.0,0.0,0.0
2021-07-29,439.82000732421875,441.79998779296875,439.80999755859375,440.6499938964844,410.8248291015625,47435300,0.0,0.0,0.0
2021-07-30,437.9100036621094,440.05999755859375,437.7699890136719,438.510009765625,408.8297424316406,68951200,0.0,0.0,0.0
2021-08-02,440.3399963378906,440.92999267578125,437.2099914550781,437.5899963378906,407.9720764160156,58783300,0.0,0.0,0.0
2021-08-03,438.44000244140625,441.2799987792969,436.1000061035156,441.1499938964844,411.291015625,58053900,0.0,0.0,0.0
2021-08-04,439.7799987792969,441.1199951171875,438.7300109863281,438.9800109863281,409.26788330078125,46732200,0.0,0.0,0.0
2021-08-05,440.2200012207031,441.8500061035156,439.8800048828125,441.760009765625,411.8597412109375,38969700,0.0,0.0,0.0
2021-08-06,442.1000061035156,442.94000244140625,441.79998779296875,442.489990234375,412.5403747558594,46930000,0.0,0.0,0.0
2021-08-09,442.4599914550781,442.79998779296875,441.30999755859375,442.1300048828125,412.2046813964844,41222600,0.0,0.0,0.0
2021-08-10,442.6099853515625,443.44000244140625,441.8800048828125,442.67999267578125,412.71746826171875,43339300,0.0,0.0,0.0
2021-08-11,443.82000732421875,443.8800048828125,442.6199951171875,443.7799987792969,413.7430114746094,44034300,0.0,0.0,0.0
2021-08-12,443.6199951171875,445.260009765625,442.6600036621094,445.1099853515625,414.98297119140625,38909400,0.0,0.0,0.0
2021-08-13,445.5899963378906,445.94000244140625,445.07000732421875,445.9200134277344,415.73809814453125,39470300,0.0,0.0,0.0
2021-08-16,444.5299987792969,447.1099853515625,442.8699951171875,446.9700012207031,416.7171325683594,73740000,0.0,0.0,0.0
2021-08-17,444.239990234375,444.9599914550781,440.8500061035156,444.0400085449219,413.98541259765625,92673900,0.0,0.0,0.0
2021-08-18,442.9599914550781,444.6300048828125,438.9200134277344,439.17999267578125,409.4543762207031,89351900,0.0,0.0,0.0
2021-08-19,436.2699890136719,441.1400146484375,436.1199951171875,439.8599853515625,410.08831787109375,92812200,0.0,0.0,0.0
2021-08-20,440.2300109863281,443.7099914550781,439.7099914550781,443.3599853515625,413.3514099121094,72008700,0.0,0.0,0.0
2021-08-23,445.1600036621094,448.2300109863281,443.44000244140625,447.260009765625,416.98748779296875,54973000,0.0,0.0,0.0
2021-08-24,447.9700012207031,448.5400085449219,447.4200134277344,447.9700012207031,417.6494140625,38744700,0.0,0.0,0.0
2021-08-25,448.1700134277344,449.4599914550781,447.7699890136719,448.9100036621094,418.5257873535156,40529700,0.0,0.0,0.0
2021-08-26,448.6099853515625,448.8599853515625,446.1600036621094,446.260009765625,416.0551452636719,57829600,0.0,0.0,0.0
2021-08-27,447.1199951171875,450.6499938964844,447.05999755859375,450.25,419.77508544921875,77235100,0.0,0.0,0.0
2021-08-30,450.9700012207031,453.07000732421875,450.7099914550781,452.2300109863281,421.6210632324219,48357400,0.0,0.0,0.0
2021-08-31,452.1300048828125,452.489990234375,450.9200134277344,451.55999755859375,420.99639892578125,59300200,0.0,0.0,0.0
2021-09-01,452.55999755859375,453.1099853515625,451.54998779296875,451.79998779296875,421.2202453613281,48721400,0.0,0.0,0.0
2021-09-02,453.32000732421875,454.04998779296875,451.9100036621094,453.19000244140625,422.5161437988281,42501000,0.0,0.0,0.0
2021-09-03,451.9800109863281,453.6300048828125,451.54998779296875,453.0799865722656,422.4135437011719,47170500,0.0,0.0,0.0
2021-09-07,452.7099914550781,452.80999755859375,450.739990234375,451.4599914550781,420.90313720703125,51671500,0.0,0.0,0.0
2021-09-08,450.8900146484375,451.6700134277344,448.8599853515625,450.9100036621094,420.3904113769531,56181900,0.0,0.0,0.0
2021-09-09,450.70001220703125,452.57000732421875,448.7200012207031,448.9800109863281,418.591064453125,57970400,0.0,0.0,0.0
2021-09-10,451.0400085449219,451.489990234375,445.30999755859375,445.44000244140625,415.2906494140625,89948200,0.0,0.0,0.0
2021-09-13,448.6400146484375,448.9200134277344,444.1099853515625,446.5799865722656,416.3533935546875,83738600,0.0,0.0,0.0
2021-09-14,448.1199951171875,448.3399963378906,443.2200012207031,444.1700134277344,414.106689453125,78197100,0.0,0.0,0.0
2021-09-15,444.6199951171875,448.4100036621094,443.44000244140625,447.8800048828125,417.56549072265625,78792200,0.0,0.0,0.0
2021-09-16,447.32000732421875,448.3599853515625,444.0199890136719,447.1700134277344,416.9035949707031,77786700,0.0,0.0,0.0
2021-09-17,444.9200134277344,445.3699951171875,441.0199890136719,441.3999938964844,412.84246826171875,118425000,1.428,0.0,0.0
2021-09-20,434.8800048828125,436.55999755859375,428.8599853515625,434.0400085449219,405.95867919921875,166445500,0.0,0.0,0.0
2021-09-21,436.5299987792969,437.9100036621094,433.07000732421875,433.6300048828125,405.57525634765625,92526100,0.0,0.0,0.0
2021-09-22,436.04998779296875,440.0299987792969,433.75,437.8599853515625,409.5315246582031,102350100,0.0,0.0,0.0
2021-09-23,439.8500061035156,444.8900146484375,439.6000061035156,443.17999267578125,414.50732421875,76396000,0.0,0.0,0.0
2021-09-24,441.44000244140625,444.6700134277344,441.2099914550781,443.9100036621094,415.190185546875,62094800,0.0,0.0,0.0
2021-09-27,442.80999755859375,444.04998779296875,441.8999938964844,442.6400146484375,414.0022888183594,61371100,0.0,0.0,0.0
2021-09-28,439.69000244140625,440.0400085449219,432.94000244140625,433.7200012207031,405.6593322753906,130436300,0.0,0.0,0.0
2021-09-29,435.19000244140625,437.0400085449219,433.8500061035156,434.45001220703125,406.34222412109375,82329200,0.0,0.0,0.0
2021-09-30,436.0199890136719,436.7699890136719,428.7799987792969,429.1400146484375,401.37567138671875,140506000,0.0,0.0,0.0
2021-10-01,430.9800109863281,436.0299987792969,427.2300109863281,434.239990234375,406.14569091796875,129240100,0.0,0.0,0.0
2021-10-04,433.0,433.9599914550781,426.3599853515625,428.6400146484375,400.9081115722656,128570000,0.0,0.0,0.0
2021-10-05,430.239990234375,435.489990234375,429.3900146484375,433.1000061035156,405.0794372558594,90682500,0.0,0.0,0.0
2021-10-06,429.2699890136719,435.1199951171875,427.5400085449219,434.8999938964844,406.76300048828125,113032200,0.0,0.0,0.0
2021-10-07,438.3900146484375,441.67999267578125,438.20001220703125,438.6600036621094,410.2797546386719,72437500,0.0,0.0,0.0
2021-10-08,439.4800109863281,439.8900146484375,437.19000244140625,437.8599853515625,409.5315246582031,74557400,0.0,0.0,0.0
2021-10-11,437.1600036621094,440.260009765625,434.6199951171875,434.69000244140625,406.5665588378906,65233300,0.0,0.0,0.0
2021-10-12,435.6700134277344,436.1000061035156,432.7799987792969,433.6199951171875,405.5658874511719,71181200,0.0,0.0,0.0
2021-10-13,434.7099914550781,436.04998779296875,431.5400085449219,435.17999267578125,407.02490234375,72974000,0.0,0.0,0.0
2021-10-14,439.0799865722656,442.6600036621094,438.5799865722656,442.5,413.87127685546875,70236800,0.0,0.0,0.0
2021-10-15,444.75,446.260009765625,444.0899963378906,445.8699951171875,417.0233154296875,66260200,0.0,0.0,0.0
2021-10-18,443.9700012207031,447.54998779296875,443.2699890136719,447.19000244140625,418.25787353515625,62213200,0.0,0.0,0.0
2021-10-19,448.9200134277344,450.7099914550781,448.2699890136719,450.6400146484375,421.4847106933594,46996800,0.0,0.0,0.0
2021-10-20,451.1300048828125,452.7300109863281,451.010009765625,452.4100036621094,423.1401672363281,49571600,0.0,0.0,0.0
2021-10-21,451.7699890136719,453.8299865722656,451.30999755859375,453.5899963378906,424.2438049316406,41305400,0.0,0.0,0.0
2021-10-22,453.1300048828125,454.6700134277344,451.04998779296875,453.1199951171875,423.8043212890625,58845100,0.0,0.0,0.0
2021-10-25,454.2799987792969,455.8999938964844,452.3900146484375,455.54998779296875,426.07696533203125,45214500,0.0,0.0,0.0
2021-10-26,457.20001220703125,458.489990234375,455.55999755859375,455.9599914550781,426.4604797363281,56075100,0.0,0.0,0.0
2021-10-27,456.45001220703125,457.1600036621094,453.8599853515625,453.94000244140625,424.5711669921875,72438000,0.0,0.0,0.0
2021-10-28,455.4599914550781,458.3999938964844,455.45001220703125,458.32000732421875,428.6678466796875,51437900,0.0,0.0,0.0
2021-10-29,455.8699951171875,459.55999755859375,455.55999755859375,459.25,429.5377502441406,70162400,0.0,0.0,0.0
2021-11-01,460.29998779296875,460.70001220703125,458.20001220703125,460.0400085449219,430.2765197753906,48433600,0.0,0.0,0.0
2021-11-02,460.2200012207031,462.2300109863281,460.0799865722656,461.8999938964844,432.0162048339844,48908400,0.0,0.0,0.0
2021-11-03,461.29998779296875,465.1499938964844,460.8299865722656,464.7200012207031,434.6537780761719,52509800,0.0,0.0,0.0
2021-11-04,465.3599853515625,467.0,464.989990234375,466.9100036621094,436.7020568847656,52847100,0.0,0.0,0.0
2021-11-05,469.2799987792969,470.6499938964844,466.9200134277344,468.5299987792969,438.2173156738281,66390600,0.0,0.0,0.0
2021-11-08,469.70001220703125,470.2300109863281,468.20001220703125,468.92999267578125,438.59136962890625,50405200,0.0,0.0,0.0
2021-11-09,469.32000732421875,469.57000732421875,465.8800048828125,467.3800048828125,437.14166259765625,51149100,0.0,0.0,0.0
2021-11-10,465.5799865722656,467.3800048828125,462.0400085449219,463.6199951171875,433.6249694824219,69429700,0.0,0.0,0.0
2021-11-11,465.2099914550781,465.2900085449219,463.75,463.7699890136719,433.7652282714844,34848500,0.0,0.0,0.0
2021-11-12,465.1199951171875,467.8599853515625,464.1099853515625,467.2699890136719,437.0387268066406,53466700,0.0,0.0,0.0
2021-11-15,468.6400146484375,468.80999755859375,466.2300109863281,467.42999267578125,437.1884765625,46980500,0.0,0.0,0.0
2021-11-16,467.1499938964844,470.489990234375,467.07000732421875,469.2799987792969,438.91876220703125,48857500,0.0,0.0,0.0
2021-11-17,469.0,469.19000244140625,467.4800109863281,468.1400146484375,437.8525085449219,47858300,0.0,0.0,0.0
2021-11-18,469.239990234375,470.010009765625,466.3399963378906,469.7300109863281,439.3395690917969,50625600,0.0,0.0,0.0
2021-11-19,469.6099853515625,470.94000244140625,468.5,468.8900146484375,438.553955078125,57315600,0.0,0.0,0.0
2021-11-22,470.8900146484375,473.5400085449219,467.3500061035156,467.57000732421875,437.31939697265625,72762000,0.0,0.0,0.0
2021-11-23,467.2200012207031,469.1000061035156,464.45001220703125,468.19000244140625,437.8992919921875,73206500,0.0,0.0,0.0
2021-11-24,466.05999755859375,469.57000732421875,465.19000244140625,469.44000244140625,439.068359375,61858800,0.0,0.0,0.0
2021-11-26,462.3399963378906,463.8999938964844,457.7699890136719,458.9700012207031,429.2757568359375,112669600,0.0,0.0,0.0
2021-11-29,464.07000732421875,466.55999755859375,461.7300109863281,464.6000061035156,434.54150390625,86268800,0.0,0.0,0.0
2021-11-30,462.0,464.0299987792969,455.29998779296875,455.55999755859375,426.08636474609375,148559600,0.0,0.0,0.0
2021-12-01,461.6400146484375,464.6700134277344,450.2900085449219,450.5,421.3537902832031,131939200,0.0,0.0,0.0
2021-12-02,450.7300109863281,459.07000732421875,450.30999755859375,457.3999938964844,427.8072509765625,127637800,0.0,0.0,0.0
2021-12-03,459.1700134277344,460.29998779296875,448.9200134277344,453.4200134277344,424.0848083496094,137331600,0.0,0.0,0.0
2021-12-06,456.1300048828125,460.7900085449219,453.55999755859375,458.7900085449219,429.1074523925781,98977500,0.0,0.0,0.0
2021-12-07,464.4100036621094,468.8800048828125,458.6499938964844,468.2799987792969,437.9834289550781,95484700,0.0,0.0,0.0
2021-12-08,468.70001220703125,470.0,466.8299865722656,469.5199890136719,439.1432189941406,72238800,0.0,0.0,0.0
2021-12-09,468.1499938964844,469.6300048828125,466.1400146484375,466.3500061035156,436.1783142089844,61272600,0.0,0.0,0.0
2021-12-10,469.2300109863281,470.8999938964844,466.510009765625,470.739990234375,440.28424072265625,77159800,0.0,0.0,0.0
2021-12-13,470.19000244140625,470.55999755859375,466.2699890136719,466.57000732421875,436.3840637207031,87724700,0.0,0.0,0.0
2021-12-14,463.0899963378906,465.739990234375,460.25,463.3599853515625,433.3817138671875,97264100,0.0,0.0,0.0
2021-12-15,463.4200134277344,470.8599853515625,460.739990234375,470.6000061035156,440.1533508300781,116899300,0.0,0.0,0.0
2021-12-16,472.57000732421875,472.8699951171875,464.79998779296875,466.45001220703125,436.2718200683594,116568600,0.0,0.0,0.0
2021-12-17,461.54998779296875,464.739990234375,458.05999755859375,459.8699951171875,431.62860107421875,135511600,1.633,0.0,0.0
2021-12-20,454.4800109863281,455.3999938964844,451.1400146484375,454.9800109863281,427.0389404296875,107134800,0.0,0.0,0.0
2021-12-21,458.6099853515625,463.2099914550781,456.30999755859375,463.05999755859375,434.6227722167969,69806300,0.0,0.0,0.0
2021-12-22,462.7900085449219,467.80999755859375,462.5799865722656,467.69000244140625,438.9684143066406,58890200,0.0,0.0,0.0
2021-12-23,468.75,472.19000244140625,468.6400146484375,470.6000061035156,441.6997375488281,56439700,0.0,0.0,0.0
2021-12-27,472.05999755859375,477.30999755859375,472.010009765625,477.260009765625,447.95068359375,56808600,0.0,0.0,0.0
2021-12-28,477.7200012207031,478.80999755859375,476.05999755859375,476.8699951171875,447.58465576171875,47274600,0.0,0.0,0.0
2021-12-29,476.9800109863281,478.55999755859375,475.9200134277344,477.4800109863281,448.15716552734375,54503000,0.0,0.0,0.0
2021-12-30,477.92999267578125,479.0,475.6700134277344,476.1600036621094,446.91815185546875,55329000,0.0,0.0,0.0
2021-12-31,475.6400146484375,476.8599853515625,474.6700134277344,474.9599914550781,445.7919006347656,65237400,0.0,0.0,0.0
2022-01-03,476.29998779296875,477.8500061035156,473.8500061035156,477.7099914550781,448.3730163574219,72668200,0.0,0.0,0.0
2022-01-04,479.2200012207031,479.9800109863281,475.5799865722656,477.54998779296875,448.2228698730469,71178700,0.0,0.0,0.0
2022-01-05,477.1600036621094,477.9800109863281,468.2799987792969,468.3800048828125,439.6160583496094,104538900,0.0,0.0,0.0
2022-01-06,467.8900146484375,470.82000732421875,465.42999267578125,467.94000244140625,439.20306396484375,86858900,0.0,0.0,0.0
2022-01-07,467.95001220703125,469.20001220703125,464.6499938964844,466.0899963378906,437.4666442871094,85111600,0.0,0.0,0.0
2022-01-10,462.70001220703125,465.739990234375,456.6000061035156,465.510009765625,436.9222717285156,119362000,0.0,0.0,0.0
2022-01-11,465.2300109863281,469.8500061035156,462.04998779296875,469.75,440.9018859863281,74303100,0.0,0.0,0.0
2022-01-12,471.5899963378906,473.20001220703125,468.94000244140625,471.0199890136719,442.09393310546875,67605400,0.0,0.0,0.0
2022-01-13,472.19000244140625,472.8800048828125,463.44000244140625,464.5299987792969,436.00250244140625,91173100,0.0,0.0,0.0
2022-01-14,461.19000244140625,465.0899963378906,459.8999938964844,464.7200012207031,436.1808166503906,95890900,0.0,0.0,0.0
2022-01-18,459.739990234375,459.9599914550781,455.30999755859375,456.489990234375,428.45623779296875,109709100,0.0,0.0,0.0
2022-01-19,458.1300048828125,459.6099853515625,451.4599914550781,451.75,424.00732421875,109357600,0.0,0.0,0.0
2022-01-20,453.75,458.739990234375,444.5,446.75,419.3143615722656,122379700,0.0,0.0,0.0
2022-01-21,445.55999755859375,448.05999755859375,437.95001220703125,437.9800109863281,411.08294677734375,202271200,0.0,0.0,0.0
2022-01-24,432.0299987792969,440.3800048828125,420.760009765625,439.8399963378906,412.8287353515625,251783900,0.0,0.0,0.0
2022-01-25,433.05999755859375,439.7200012207031,427.1499938964844,434.4700012207031,407.7884826660156,167997300,0.0,0.0,0.0
2022-01-26,440.7200012207031,444.0400085449219,428.8599853515625,433.3800048828125,406.765380859375,186391100,0.0,0.0,0.0
2022-01-27,438.260009765625,441.5899963378906,429.45001220703125,431.239990234375,404.75689697265625,149878300,0.0,0.0,0.0
2022-01-28,432.67999267578125,442.0,427.82000732421875,441.95001220703125,414.80914306640625,164457400,0.0,0.0,0.0
2022-01-31,441.239990234375,450.2799987792969,439.80999755859375,449.9100036621094,422.28033447265625,152251400,0.0,0.0,0.0
2022-02-01,450.67999267578125,453.6300048828125,446.94000244140625,452.95001220703125,425.1335754394531,123155400,0.0,0.0,0.0
2022-02-02,455.5,458.1199951171875,453.04998779296875,457.3500061035156,429.26336669921875,117361000,0.0,0.0,0.0
2022-02-03,450.95001220703125,452.9700012207031,445.7099914550781,446.6000061035156,419.17352294921875,118024400,0.0,0.0,0.0
2022-02-04,446.3500061035156,452.7799987792969,443.8299865722656,448.70001220703125,421.14459228515625,118454400,0.0,0.0,0.0
2022-02-07,449.510009765625,450.989990234375,445.8500061035156,447.260009765625,419.7930603027344,84472900,0.0,0.0,0.0
2022-02-08,446.7300109863281,451.9200134277344,445.2200012207031,450.94000244140625,423.2469787597656,81012000,0.0,0.0,0.0
2022-02-09,455.2200012207031,457.8800048828125,455.010009765625,457.5400085449219,429.4416809082031,92589900,0.0,0.0,0.0
2022-02-10,451.3399963378906,457.7099914550781,447.20001220703125,449.32000732421875,421.7265625,140103700,0.0,0.0,0.0
2022-02-11,449.4100036621094,451.6099853515625,438.94000244140625,440.4599914550781,413.4106750488281,153214600,0.0,0.0,0.0
2022-02-14,439.9200134277344,441.6000061035156,435.3399963378906,439.0199890136719,412.05908203125,123006300,0.0,0.0,0.0
2022-02-15,443.7300109863281,446.2799987792969,443.17999267578125,446.1000061035156,418.7042541503906,88482700,0.0,0.0,0.0
2022-02-16,443.92999267578125,448.05999755859375,441.94000244140625,446.6000061035156,419.17352294921875,84863600,0.0,0.0,0.0
2022-02-17,443.2200012207031,446.57000732421875,436.4200134277344,437.05999755859375,410.2194519042969,102259100,0.0,0.0,0.0
2022-02-18,437.3299865722656,438.6600036621094,431.82000732421875,434.2300109863281,407.5632019042969,132642900,0.0,0.0,0.0
2022-02-22,431.8900146484375,435.5,425.8599853515625,429.57000732421875,403.1894226074219,124391800,0.0,0.0,0.0
2022-02-23,432.6600036621094,433.260009765625,421.3500061035156,421.95001220703125,396.0373840332031,132578000,0.0,0.0,0.0
2022-02-24,411.0199890136719,428.760009765625,410.6400146484375,428.29998779296875,401.9974060058594,213942900,0.0,0.0,0.0
2022-02-25,429.6099853515625,437.8399963378906,427.8599853515625,437.75,410.8670959472656,121804500,0.0,0.0,0.0
2022-02-28,432.0299987792969,438.20001220703125,430.70001220703125,436.6300048828125,409.8158874511719,145615000,0.0,0.0,0.0
2022-03-01,435.0400085449219,437.1700134277344,427.1099853515625,429.9800109863281,403.5741882324219,137785900,0.0,0.0,0.0
2022-03-02,432.3699951171875,439.7200012207031,431.57000732421875,437.8900146484375,410.9984130859375,117726500,0.0,0.0,0.0
2022-03-03,440.4700012207031,441.1099853515625,433.79998779296875,435.7099914550781,408.9523620605469,105501700,0.0,0.0,0.0
2022-03-04,431.75,433.3699951171875,427.8800048828125,432.1700134277344,405.6297302246094,113978200,0.0,0.0,0.0
2022-03-07,431.54998779296875,432.29998779296875,419.3599853515625,419.42999267578125,393.672119140625,137896600,0.0,0.0,0.0
2022-03-08,419.6199951171875,427.2099914550781,415.1199951171875,416.25,390.6874084472656,164772700,0.0,0.0,0.0
2022-03-09,425.1400146484375,429.510009765625,422.82000732421875,427.4100036621094,401.1620178222656,116990800,0.0,0.0,0.0
2022-03-10,422.5199890136719,426.42999267578125,420.44000244140625,425.4800109863281,399.3506164550781,93972700,0.0,0.0,0.0
2022-03-11,428.1199951171875,428.7699890136719,419.5299987792969,420.07000732421875,394.2728576660156,95636300,0.0,0.0,0.0
2022-03-14,420.8900146484375,424.54998779296875,415.7900085449219,417.0,391.3912658691406,95729200,0.0,0.0,0.0
2022-03-15,419.7699890136719,426.8399963378906,418.4200134277344,426.1700134277344,399.9982604980469,106219100,0.0,0.0,0.0
2022-03-16,429.8900146484375,435.67999267578125,424.79998779296875,435.6199951171875,408.8677978515625,144954800,0.0,0.0,0.0
2022-03-17,433.5899963378906,441.07000732421875,433.19000244140625,441.07000732421875,413.983154296875,102676900,0.0,0.0,0.0
2022-03-18,438.0,444.8599853515625,437.2200012207031,444.5199890136719,418.51739501953125,106345500,1.366,0.0,0.0
2022-03-21,444.3399963378906,446.4599914550781,440.67999267578125,444.3900146484375,418.3951110839844,88349800,0.0,0.0,0.0
2022-03-22,445.8599853515625,450.5799865722656,445.8599853515625,449.5899963378906,423.2908630371094,74650400,0.0,0.0,0.0
2022-03-23,446.9100036621094,448.489990234375,443.7099914550781,443.79998779296875,417.8394775390625,79426100,0.0,0.0,0.0
2022-03-24,445.94000244140625,450.5,444.760009765625,450.489990234375,424.13818359375,64736900,0.0,0.0,0.0
2022-03-25,451.1600036621094,452.9800109863281,448.42999267578125,452.69000244140625,426.2095031738281,77101300,0.0,0.0,0.0
2022-03-28,452.05999755859375,455.9100036621094,450.05999755859375,455.9100036621094,429.2411804199219,68529800,0.0,0.0,0.0
2022-03-29,460.0199890136719,462.07000732421875,457.17999267578125,461.54998779296875,434.55133056640625,86581500,0.0,0.0,0.0
2022-03-30,460.3399963378906,461.20001220703125,456.4700012207031,458.70001220703125,431.8680114746094,79666900,0.0,0.0,0.0
2022-03-31,457.8900146484375,458.760009765625,451.1600036621094,451.6400146484375,425.2209167480469,121699900,0.0,0.0,0.0
2022-04-01,453.30999755859375,453.4599914550781,449.1400146484375,452.9200134277344,426.4260559082031,89048800,0.0,0.0,0.0
2022-04-04,453.1300048828125,456.9100036621094,452.260009765625,456.79998779296875,430.07916259765625,59601000,0.0,0.0,0.0
2022-04-05,455.2200012207031,457.8299865722656,449.82000732421875,451.0299987792969,424.6466369628906,74214500,0.0,0.0,0.0
2022-04-06,446.8900146484375,448.92999267578125,443.4700012207031,446.5199890136719,420.4004821777344,106898000,0.0,0.0,0.0
2022-04-07,445.5899963378906,450.69000244140625,443.5299987792969,448.7699890136719,422.5188903808594,78097200,0.0,0.0,0.0
2022-04-08,447.9700012207031,450.6300048828125,445.94000244140625,447.57000732421875,421.3890380859375,79272700,0.0,0.0,0.0
2022-04-11,444.1099853515625,445.0,439.3900146484375,439.9200134277344,414.1866149902344,89770500,0.0,0.0,0.0
2022-04-12,443.0799865722656,445.75,436.6499938964844,438.2900085449219,412.65191650390625,84363600,0.0,0.0,0.0
2022-04-13,438.0299987792969,444.1099853515625,437.8399963378906,443.30999755859375,417.3782043457031,74070400,0.0,0.0,0.0
2022-04-14,443.54998779296875,444.7300109863281,437.67999267578125,437.7900085449219,412.18115234375,97869500,0.0,0.0,0.0
2022-04-18,436.80999755859375,439.75,435.6099853515625,437.9700012207031,412.3507080078125,66002500,0.0,0.0,0.0
2022-04-19,437.8599853515625,445.79998779296875,437.67999267578125,445.0400085449219,419.0069885253906,77821000,0.0,0.0,0.0
2022-04-20,446.9200134277344,447.57000732421875,443.4800109863281,444.7099914550781,418.6962890625,65224400,0.0,0.0,0.0
2022-04-21,448.5400085449219,450.010009765625,437.1000061035156,438.05999755859375,412.435302734375,85417300,0.0,0.0,0.0
2022-04-22,436.9100036621094,438.0799865722656,425.44000244140625,426.0400085449219,401.11846923828125,132471800,0.0,0.0,0.0
2022-04-25,423.6700134277344,428.69000244140625,418.8399963378906,428.510009765625,403.4439697265625,119647700,0.0,0.0,0.0
2022-04-26,425.8299865722656,426.0400085449219,416.07000732421875,416.1000061035156,391.7599182128906,103996300,0.0,0.0,0.0
2022-04-27,417.239990234375,422.9200134277344,415.010009765625,417.2699890136719,392.8614501953125,122030000,0.0,0.0,0.0
2022-04-28,422.2900085449219,429.6400146484375,417.6000061035156,427.80999755859375,402.784912109375,105449100,0.0,0.0,0.0
2022-04-29,423.5899963378906,425.8699951171875,411.2099914550781,412.0,387.8996887207031,145491100,0.0,0.0,0.0
2022-05-02,412.07000732421875,415.9200134277344,405.0199890136719,414.4800109863281,390.23468017578125,158312500,0.0,0.0,0.0
2022-05-03,415.010009765625,418.92999267578125,413.3599853515625,416.3800048828125,392.0235595703125,100028200,0.0,0.0,0.0
2022-05-04,417.0799865722656,429.6600036621094,413.7099914550781,429.05999755859375,403.9617614746094,144247900,0.0,0.0,0.0
2022-05-05,424.54998779296875,425.0,409.44000244140625,413.80999755859375,389.6038513183594,172929100,0.0,0.0,0.0
2022-05-06,411.1000061035156,414.79998779296875,405.7300109863281,411.3399963378906,387.2783203125,151770800,0.0,0.0,0.0
2022-05-09,405.1000061035156,406.4100036621094,396.5,398.1700134277344,374.8786315917969,155586100,0.0,0.0,0.0
2022-05-10,404.489990234375,406.0799865722656,394.82000732421875,399.0899963378906,375.744873046875,132497200,0.0,0.0,0.0
2022-05-11,398.07000732421875,404.0400085449219,391.9599914550781,392.75,369.7757568359375,142361000,0.0,0.0,0.0
2022-05-12,389.3699951171875,395.79998779296875,385.1499938964844,392.3399963378906,369.3897399902344,125090800,0.0,0.0,0.0
2022-05-13,396.7099914550781,403.17999267578125,395.6099853515625,401.7200012207031,378.2210998535156,104174400,0.0,0.0,0.0
2022-05-16,399.9800109863281,403.9700012207031,397.6000061035156,400.0899963378906,376.6864318847656,78622400,0.0,0.0,0.0
2022-05-17,406.5299987792969,408.57000732421875,402.5799865722656,408.32000732421875,384.43499755859375,83029700,0.0,0.0,0.0
2022-05-18,403.5,403.79998779296875,390.54998779296875,391.8599853515625,368.9378662109375,117674500,0.0,0.0,0.0
2022-05-19,388.6199951171875,394.1400146484375,387.1099853515625,389.4599914550781,366.6781921386719,98510700,0.0,0.0,0.0
2022-05-20,393.25,397.0299987792969,380.5400085449219,389.6300048828125,366.8382568359375,131432200,0.0,0.0,0.0
2022-05-23,392.8299865722656,397.7300109863281,390.3800048828125,396.9200134277344,373.7018737792969,76414900,0.0,0.0,0.0
2022-05-24,392.55999755859375,395.1499938964844,386.9599914550781,393.8900146484375,370.8490905761719,91448800,0.0,0.0,0.0
2022-05-25,392.30999755859375,399.45001220703125,391.8900146484375,397.3699951171875,374.12554931640625,91472900,0.0,0.0,0.0
2022-05-26,398.6700134277344,407.0400085449219,398.45001220703125,405.30999755859375,381.60107421875,82168300,0.0,0.0,0.0
2022-05-27,407.9100036621094,415.3800048828125,407.70001220703125,415.260009765625,390.96905517578125,84768700,0.0,0.0,0.0
2022-05-31,413.54998779296875,416.4599914550781,410.0299987792969,412.92999267578125,388.77532958984375,95937000,0.0,0.0,0.0
2022-06-01,415.1700134277344,416.239990234375,406.92999267578125,409.5899963378906,385.6307067871094,86585800,0.0,0.0,0.0
2022-06-02,409.4200134277344,417.44000244140625,407.0400085449219,417.3900146484375,392.9744567871094,79609600,0.0,0.0,0.0
2022-06-03,412.3999938964844,414.0400085449219,409.510009765625,410.5400085449219,386.52520751953125,71874300,0.0,0.0,0.0
2022-06-06,414.7799987792969,416.6099853515625,410.54998779296875,411.7900085449219,387.70208740234375,57508900,0.0,0.0,0.0
2022-06-07,408.1000061035156,416.2200012207031,407.6099853515625,415.739990234375,391.4209289550781,59272400,0.0,0.0,0.0
2022-06-08,413.92999267578125,415.82000732421875,410.3800048828125,411.2200012207031,387.1654052734375,64350000,0.0,0.0,0.0
2022-06-09,409.3399963378906,411.739990234375,401.44000244140625,401.44000244140625,377.9574279785156,86289800,0.0,0.0,0.0
2022-06-10,394.8800048828125,395.7799987792969,389.75,389.79998779296875,366.9983825683594,132893900,0.0,0.0,0.0
2022-06-13,379.8500061035156,381.80999755859375,373.29998779296875,375.0,353.0640869140625,170004900,0.0,0.0,0.0
2022-06-14,376.8500061035156,377.94000244140625,370.5899963378906,373.8699951171875,352.0001525878906,104011800,0.0,0.0,0.0
2022-06-15,377.3599853515625,383.8999938964844,372.1199951171875,379.20001220703125,357.0184631347656,125666800,0.0,0.0,0.0
2022-06-16,370.510009765625,370.94000244140625,364.0799865722656,366.6499938964844,345.20257568359375,134473300,0.0,0.0,0.0
2022-06-17,365.510009765625,369.3800048828125,362.1700134277344,365.8599853515625,345.9466552734375,111113900,1.577,0.0,0.0
2022-06-21,371.8900146484375,376.5299987792969,371.80999755859375,375.07000732421875,354.6554260253906,76811900,0.0,0.0,0.0
2022-06-22,370.6199951171875,378.7200012207031,370.17999267578125,374.3900146484375,354.0124816894531,90059400,0.0,0.0,0.0
2022-06-23,376.6400146484375,378.8299865722656,372.8900146484375,378.05999755859375,357.482666015625,79292100,0.0,0.0,0.0
2022-06-24,381.3999938964844,390.0899963378906,381.3699951171875,390.0799865722656,368.84844970703125,98050300,0.0,0.0,0.0
2022-06-27,391.04998779296875,391.3599853515625,387.44000244140625,388.5899963378906,367.4395751953125,66009600,0.0,0.0,0.0
2022-06-28,390.2300109863281,393.1600036621094,380.5299987792969,380.6499938964844,359.9317321777344,86548900,0.0,0.0,0.0
2022-06-29,381.2300109863281,382.2699890136719,378.4200134277344,380.3399963378906,359.6385192871094,65676000,0.0,0.0,0.0
2022-06-30,376.239990234375,380.6600036621094,372.55999755859375,377.25,356.71673583984375,112508300,0.0,0.0,0.0
2022-07-01,376.55999755859375,381.70001220703125,373.79998779296875,381.239990234375,360.4895935058594,74839700,0.0,0.0,0.0
2022-07-05,375.8800048828125,381.9800109863281,372.8999938964844,381.9599914550781,361.1703796386719,81438000,0.0,0.0,0.0
2022-07-06,382.1099853515625,385.8699951171875,379.6000061035156,383.25,362.39013671875,70426200,0.0,0.0,0.0
2022-07-07,385.1199951171875,389.8299865722656,383.2699890136719,388.989990234375,367.8177795410156,64525900,0.0,0.0,0.0
2022-07-08,387.2699890136719,390.6400146484375,385.6600036621094,388.6700134277344,367.5152282714844,72397800,0.0,0.0,0.0
2022-07-11,385.8500061035156,386.8699951171875,383.5,384.2300109863281,363.31683349609375,58366900,0.0,0.0,0.0
2022-07-12,383.6499938964844,386.1600036621094,378.989990234375,380.8299865722656,360.1018371582031,62219200,0.0,0.0,0.0
2022-07-13,375.1000061035156,381.9200134277344,374.6600036621094,378.8299865722656,358.21075439453125,84224600,0.0,0.0,0.0
2022-07-14,373.6099853515625,379.04998779296875,371.0400085449219,377.9100036621094,357.3408508300781,89704800,0.0,0.0,0.0
2022-07-15,382.54998779296875,385.25,380.5400085449219,385.1300048828125,364.1678771972656,79060400,0.0,0.0,0.0
2022-07-18,388.3800048828125,389.0899963378906,380.6600036621094,381.95001220703125,361.16094970703125,63203600,0.0,0.0,0.0
2022-07-19,386.0799865722656,392.8699951171875,385.3900146484375,392.2699890136719,370.9192810058594,78506000,0.0,0.0,0.0
2022-07-20,392.4700012207031,396.260009765625,391.0299987792969,394.7699890136719,373.2831726074219,71843800,0.0,0.0,0.0
2022-07-21,394.1600036621094,398.8399963378906,391.6300048828125,398.7900085449219,377.0843505859375,64903900,0.0,0.0,0.0
2022-07-22,398.9200134277344,400.17999267578125,392.75,395.0899963378906,373.58575439453125,72197300,0.0,0.0,0.0
2022-07-25,395.75,396.4700012207031,393.2099914550781,395.57000732421875,374.0396423339844,53631500,0.0,0.0,0.0
2022-07-26,393.8399963378906,394.05999755859375,389.95001220703125,390.8900146484375,369.6143493652344,52946400,0.0,0.0,0.0
2022-07-27,394.3599853515625,402.8800048828125,394.04998779296875,401.0400085449219,379.2118835449219,82342100,0.0,0.0,0.0
2022-07-28,401.8900146484375,406.79998779296875,398.1499938964844,406.07000732421875,383.9681091308594,73966600,0.0,0.0,0.0
2022-07-29,407.5799865722656,413.0299987792969,406.7699890136719,411.989990234375,389.5659484863281,87003700,0.0,0.0,0.0
2022-08-01,409.1499938964844,413.4100036621094,408.3999938964844,410.7699890136719,388.4122619628906,69997500,0.0,0.0,0.0
2022-08-02,409.1199951171875,413.0,406.82000732421875,408.05999755859375,385.84979248046875,63435400,0.0,0.0,0.0
2022-08-03,410.29998779296875,415.67999267578125,410.0,414.45001220703125,391.8920593261719,67820600,0.0,0.0,0.0
2022-08-04,414.3699951171875,415.0899963378906,412.44000244140625,414.1700134277344,391.627197265625,45656600,0.0,0.0,0.0
2022-08-05,409.6600036621094,414.1499938964844,409.6000061035156,413.4700012207031,390.9653015136719,56814900,0.0,0.0,0.0
2022-08-08,415.25,417.6199951171875,411.8299865722656,412.989990234375,390.51141357421875,53886100,0.0,0.0,0.0
2022-08-09,412.2200012207031,412.75,410.2200012207031,411.3500061035156,388.9607238769531,44931800,0.0,0.0,0.0
2022-08-10,418.7799987792969,420.1400146484375,416.7200012207031,419.989990234375,397.13043212890625,68665700,0.0,0.0,0.0
2022-08-11,422.989990234375,424.95001220703125,419.2099914550781,419.989990234375,397.13043212890625,59489700,0.0,0.0,0.0
2022-08-12,422.0299987792969,427.2099914550781,421.0299987792969,427.1000061035156,403.85345458984375,61694500,0.0,0.0,0.0
2022-08-15,424.7699890136719,429.4100036621094,424.7099914550781,428.8599853515625,405.5177001953125,54048300,0.0,0.0,0.0
2022-08-16,427.7300109863281,431.7300109863281,426.8800048828125,429.70001220703125,406.31201171875,59289000,0.0,0.0,0.0
2022-08-17,425.9100036621094,429.5,424.5400085449219,426.6499938964844,403.4280090332031,63563400,0.0,0.0,0.0
2022-08-18,426.8599853515625,428.6099853515625,425.5,427.8900146484375,404.60052490234375,49023200,0.0,0.0,0.0
2022-08-19,424.9800109863281,425.260009765625,421.2200012207031,422.1400146484375,399.1634521484375,68016900,0.0,0.0,0.0
2022-08-22,417.04998779296875,417.2300109863281,412.3999938964844,413.3500061035156,390.8518981933594,77695600,0.0,0.0,0.0
2022-08-23,412.8999938964844,415.4200134277344,411.7699890136719,412.3500061035156,389.90631103515625,49105200,0.0,0.0,0.0
2022-08-24,412.1099853515625,415.1099853515625,411.3900146484375,413.6700134277344,391.1544494628906,49177800,0.0,0.0,0.0
2022-08-25,415.239990234375,419.55999755859375,414.0899963378906,419.510009765625,396.6766662597656,50942300,0.0,0.0,0.0
2022-08-26,419.3900146484375,419.9599914550781,405.25,405.30999755859375,383.2495422363281,103087000,0.0,0.0,0.0
2022-08-29,402.20001220703125,405.8399963378906,401.20001220703125,402.6300048828125,380.7153625488281,65370800,0.0,0.0,0.0
2022-08-30,403.8500061035156,404.1000061035156,396.0,398.2099914550781,376.535888671875,85652400,0.0,0.0,0.0
2022-08-31,399.92999267578125,401.239990234375,395.0400085449219,395.17999267578125,373.67083740234375,76029700,0.0,0.0,0.0
2022-09-01,392.8900146484375,396.7799987792969,390.0400085449219,396.4200134277344,374.8434143066406,78740100,0.0,0.0,0.0
2022-09-02,400.2799987792969,401.55999755859375,390.3299865722656,392.239990234375,370.89093017578125,99632100,0.0,0.0,0.0
2022-09-06,393.1300048828125,394.1199951171875,388.4200134277344,390.760009765625,369.49139404296875,76637400,0.0,0.0,0.0
2022-09-07,390.42999267578125,398.5899963378906,390.20001220703125,397.7799987792969,376.1292419433594,70964200,0.0,0.0,0.0
2022-09-08,395.3900146484375,400.8599853515625,394.1199951171875,400.3800048828125,378.5877685546875,80821700,0.0,0.0,0.0
2022-09-09,402.739990234375,407.510009765625,402.4599914550781,406.6000061035156,384.4692687988281,76706900,0.0,0.0,0.0
2022-09-12,408.7799987792969,411.7300109863281,408.4599914550781,410.9700012207031,388.6014099121094,69256300,0.0,0.0,0.0
2022-09-13,401.8299865722656,403.1000061035156,391.9200134277344,393.1000061035156,371.7040100097656,122947100,0.0,0.0,0.0
2022-09-14,394.4700012207031,396.20001220703125,391.1199951171875,394.6000061035156,373.1224060058594,85023700,0.0,0.0,0.0
2022-09-15,392.9599914550781,395.9599914550781,388.7799987792969,390.1199951171875,368.88629150390625,87633800,0.0,0.0,0.0
2022-09-16,384.1400146484375,386.25,382.1099853515625,385.55999755859375,366.072021484375,103084800,1.596,0.0,0.0
2022-09-19,382.260009765625,388.54998779296875,382.17999267578125,388.54998779296875,368.91094970703125,73278500,0.0,0.0,0.0
2022-09-20,385.05999755859375,386.1199951171875,381.20001220703125,384.0899963378906,364.67626953125,77274900,0.0,0.0,0.0
2022-09-21,386.1099853515625,389.30999755859375,377.3800048828125,377.3900146484375,358.3150634765625,106746600,0.0,0.0,0.0
2022-09-22,376.5799865722656,378.29998779296875,373.44000244140625,374.2200012207031,355.30517578125,89472600,0.0,0.0,0.0
2022-09-23,370.5799865722656,370.6199951171875,363.2900085449219,367.95001220703125,349.3521423339844,122346900,0.0,0.0,0.0
2022-09-26,366.4100036621094,370.2099914550781,363.0299987792969,364.30999755859375,345.89617919921875,92581200,0.0,0.0,0.0
2022-09-27,368.0199890136719,370.3999938964844,360.8699951171875,363.3800048828125,345.0130920410156,108294100,0.0,0.0,0.0
2022-09-28,364.3800048828125,372.29998779296875,362.6000061035156,370.5299987792969,351.8017578125,110802200,0.0,0.0,0.0
2022-09-29,366.80999755859375,367.1099853515625,359.70001220703125,362.7900085449219,344.4529724121094,112952300,0.0,0.0,0.0
2022-09-30,361.79998779296875,365.9100036621094,357.0400085449219,357.17999267578125,339.1264953613281,153711200,0.0,0.0,0.0
2022-10-03,361.0799865722656,368.54998779296875,359.2099914550781,366.6099853515625,348.07989501953125,89756500,0.0,0.0,0.0
2022-10-04,372.3999938964844,378.0,366.57000732421875,377.9700012207031,358.8657531738281,103602800,0.0,0.0,0.0
2022-10-05,373.3900146484375,379.4599914550781,370.95001220703125,377.0899963378906,358.03021240234375,88065700,0.0,0.0,0.0
2022-10-06,375.6199951171875,378.7200012207031,372.67999267578125,373.20001220703125,354.3367919921875,82333500,0.0,0.0,0.0
2022-10-07,368.9700012207031,373.2900085449219,360.94000244140625,362.7900085449219,344.4529724121094,107789500,0.0,0.0,0.0
2022-10-10,363.9599914550781,364.2099914550781,357.6700134277344,360.0199890136719,341.82293701171875,76042800,0.0,0.0,0.0
2022-10-11,358.239990234375,363.0299987792969,355.7099914550781,357.739990234375,339.658203125,92482800,0.0,0.0,0.0
2022-10-12,358.1700134277344,359.82000732421875,356.29998779296875,356.55999755859375,338.537841796875,76991800,0.0,0.0,0.0
2022-10-13,349.2099914550781,367.510009765625,348.1099853515625,365.9700012207031,347.47222900390625,147254500,0.0,0.0,0.0
2022-10-14,368.54998779296875,370.260009765625,356.9599914550781,357.6300048828125,339.5538024902344,123737000,0.0,0.0,0.0
2022-10-17,364.010009765625,367.9800109863281,357.2799987792969,366.82000732421875,348.279296875,93168200,0.0,0.0,0.0
2022-10-18,375.1300048828125,375.45001220703125,367.5199890136719,371.1300048828125,352.3714294433594,97162900,0.0,0.0,0.0
2022-10-19,368.989990234375,371.8500061035156,365.54998779296875,368.5,349.8743591308594,79746900,0.0,0.0,0.0
2022-10-20,368.0299987792969,372.6700134277344,364.6099853515625,365.4100036621094,346.94049072265625,88283100,0.0,0.0,0.0
2022-10-21,365.1199951171875,374.79998779296875,363.5400085449219,374.2900085449219,355.3716735839844,131038400,0.0,0.0,0.0
2022-10-24,375.8900146484375,380.05999755859375,373.1099853515625,378.8699951171875,359.7201843261719,85436900,0.0,0.0,0.0
2022-10-25,378.7900085449219,385.25,378.6700134277344,384.9200134277344,365.46441650390625,78846300,0.0,0.0,0.0
2022-10-26,381.6199951171875,387.5799865722656,381.3500061035156,382.0199890136719,362.7109375,104087300,0.0,0.0,0.0
2022-10-27,383.07000732421875,385.0,379.3299865722656,379.9800109863281,360.7740783691406,81971800,0.0,0.0,0.0
2022-10-28,379.8699951171875,389.5199890136719,379.67999267578125,389.0199890136719,369.35723876953125,100302000,0.0,0.0,0.0
2022-10-31,386.44000244140625,388.3999938964844,385.260009765625,386.2099914550781,366.6891784667969,96631300,0.0,0.0,0.0
2022-11-01,390.1400146484375,390.3900146484375,383.2900085449219,384.5199890136719,365.0845947265625,85407600,0.0,0.0,0.0
2022-11-02,383.8999938964844,388.6300048828125,374.760009765625,374.8699951171875,355.92236328125,126990400,0.0,0.0,0.0
2022-11-03,371.4700012207031,374.20001220703125,368.7900085449219,371.010009765625,352.25750732421875,87100100,0.0,0.0,0.0
2022-11-04,377.0,378.8699951171875,370.0,376.3500061035156,357.3276062011719,103505200,0.0,0.0,0.0
2022-11-07,377.7099914550781,380.57000732421875,375.5299987792969,379.95001220703125,360.74566650390625,68286900,0.0,0.0,0.0
2022-11-08,381.1099853515625,385.1199951171875,377.7200012207031,382.0,362.6919860839844,84641100,0.0,0.0,0.0
2022-11-09,379.92999267578125,381.1400146484375,373.6099853515625,374.1300048828125,355.21978759765625,78495500,0.0,0.0,0.0
2022-11-10,388.04998779296875,395.0400085449219,385.6400146484375,394.69000244140625,374.7406311035156,141455800,0.0,0.0,0.0
2022-11-11,395.5899963378906,399.3500061035156,393.6099853515625,398.510009765625,378.3675231933594,93839900,0.0,0.0,0.0
2022-11-14,396.6600036621094,400.17999267578125,394.8299865722656,395.1199951171875,375.14886474609375,71903500,0.0,0.0,0.0
2022-11-15,401.1499938964844,402.30999755859375,394.489990234375,398.489990234375,378.3485412597656,93194500,0.0,0.0,0.0
2022-11-16,396.7799987792969,397.7799987792969,394.7900085449219,395.45001220703125,375.46221923828125,68508500,0.0,0.0,0.0
2022-11-17,390.4599914550781,394.95001220703125,390.1400146484375,394.239990234375,374.3132629394531,74496300,0.0,0.0,0.0
2022-11-18,397.739990234375,397.80999755859375,393.0400085449219,396.0299987792969,376.01287841796875,92922500,0.0,0.0,0.0
2022-11-21,394.6400146484375,395.82000732421875,392.6600036621094,394.5899963378906,374.6456298828125,51243200,0.0,0.0,0.0
2022-11-22,396.6300048828125,400.07000732421875,395.1499938964844,399.8999938964844,379.687255859375,60429000,0.0,0.0,0.0
2022-11-23,399.54998779296875,402.92999267578125,399.30999755859375,402.4200134277344,382.0799560546875,68261600,0.0,0.0,0.0
2022-11-25,401.8299865722656,402.9100036621094,401.5400085449219,402.3299865722656,381.9944152832031,30545400,0.0,0.0,0.0
2022-11-28,399.0899963378906,400.80999755859375,395.1099853515625,395.9100036621094,375.8989562988281,67881600,0.0,0.0,0.0
2022-11-29,396.04998779296875,397.29998779296875,393.29998779296875,395.2300109863281,375.2532653808594,52310000,0.0,0.0,0.0
2022-11-30,395.489990234375,407.67999267578125,393.4800109863281,407.67999267578125,387.073974609375,144566700,0.0,0.0,0.0
2022-12-01,408.7699890136719,410.0,404.75,407.3800048828125,386.78912353515625,76398200,0.0,0.0,0.0
2022-12-02,402.25,407.8599853515625,402.1400146484375,406.9100036621094,386.3429260253906,85342700,0.0,0.0,0.0
2022-12-05,403.95001220703125,404.92999267578125,398.1700134277344,399.5899963378906,379.3928527832031,77289800,0.0,0.0,0.0
2022-12-06,399.4200134277344,399.989990234375,391.6400146484375,393.8299865722656,373.92401123046875,77972200,0.0,0.0,0.0
2022-12-07,392.94000244140625,395.6400146484375,391.9700012207031,393.1600036621094,373.2879333496094,65927900,0.0,0.0,0.0
2022-12-08,395.1400146484375,397.3599853515625,393.2699890136719,396.239990234375,376.2121887207031,60737900,0.0,0.0,0.0
2022-12-09,394.94000244140625,397.6199951171875,393.1499938964844,393.2799987792969,373.40191650390625,81447700,0.0,0.0,0.0
2022-12-12,394.1099853515625,398.95001220703125,393.4100036621094,398.95001220703125,378.78521728515625,75405800,0.0,0.0,0.0
2022-12-13,410.2200012207031,410.489990234375,399.07000732421875,401.9700012207031,381.65264892578125,123782500,0.0,0.0,0.0
2022-12-14,401.6099853515625,405.5,396.30999755859375,399.3999938964844,379.2125244140625,108111300,0.0,0.0,0.0
2022-12-15,394.29998779296875,395.25,387.8900146484375,389.6300048828125,369.9363098144531,117705900,0.0,0.0,0.0
2022-12-16,385.17999267578125,386.5799865722656,381.0400085449219,383.2699890136719,365.56884765625,119858000,1.781,0.0,0.0
2022-12-19,383.4700012207031,383.82000732421875,378.2799987792969,380.0199890136719,362.4689025878906,79878100,0.0,0.0,0.0
2022-12-20,379.2300109863281,382.2300109863281,377.8500061035156,380.5400085449219,362.96490478515625,74427200,0.0,0.0,0.0
2022-12-21,383.25,387.4100036621094,382.69000244140625,386.2300109863281,368.3921813964844,78167400,0.0,0.0,0.0
2022-12-22,383.04998779296875,386.2099914550781,374.7699890136719,380.7200012207031,363.1365966796875,100120900,0.0,0.0,0.0
2022-12-23,379.6499938964844,383.05999755859375,378.0299987792969,382.9100036621094,365.2254638671875,59857300,0.0,0.0,0.0
2022-12-27,382.7900085449219,383.1499938964844,379.6499938964844,381.3999938964844,363.78521728515625,51638200,0.0,0.0,0.0
2022-12-28,381.3299865722656,383.3900146484375,376.4200134277344,376.6600036621094,359.2641296386719,70911500,0.0,0.0,0.0
2022-12-29,379.6300048828125,384.3500061035156,379.0799865722656,383.44000244140625,365.73095703125,66970900,0.0,0.0,0.0
2022-12-30,380.6400146484375,382.5799865722656,378.42999267578125,382.42999267578125,364.76763916015625,84022200,0.0,0.0,0.0
2023-01-03,384.3699951171875,386.42999267578125,377.8299865722656,380.82000732421875,363.2320251464844,74850700,0.0,0.0,0.0
2023-01-04,383.17999267578125,385.8800048828125,380.0,383.760009765625,366.0362243652344,85934100,0.0,0.0,0.0
2023-01-05,381.7200012207031,381.8399963378906,378.760009765625,379.3800048828125,361.8584899902344,76970500,0.0,0.0,0.0
2023-01-06,382.6099853515625,389.25,379.4100036621094,388.0799865722656,370.1566467285156,104189600,0.0,0.0,0.0
2023-01-09,390.3699951171875,393.70001220703125,387.6700134277344,387.8599853515625,369.94683837890625,73978100,0.0,0.0,0.0
2023-01-10,387.25,390.6499938964844,386.2699890136719,390.5799865722656,372.541259765625,65358100,0.0,0.0,0.0
2023-01-11,392.2300109863281,395.6000061035156,391.3800048828125,395.5199890136719,377.2530822753906,68881100,0.0,0.0,0.0
2023-01-12,396.6700134277344,398.489990234375,392.4200134277344,396.9599914550781,378.6265563964844,90157700,0.0,0.0,0.0
2023-01-13,393.6199951171875,399.1000061035156,393.3399963378906,398.5,380.0954284667969,63903900,0.0,0.0,0.0
2023-01-17,398.4800109863281,400.2300109863281,397.05999755859375,397.7699890136719,379.399169921875,62677300,0.0,0.0,0.0
2023-01-18,399.010009765625,400.1199951171875,391.2799987792969,391.489990234375,373.4092102050781,99632300,0.0,0.0,0.0
2023-01-19,389.3599853515625,391.0799865722656,387.260009765625,388.6400146484375,370.6908264160156,86958900,0.0,0.0,0.0
2023-01-20,390.1000061035156,396.0400085449219,388.3800048828125,395.8800048828125,377.5964050292969,91806400,0.0,0.0,0.0
2023-01-23,396.7200012207031,402.6499938964844,395.7200012207031,400.6300048828125,382.1270751953125,84178800,0.0,0.0,0.0
2023-01-24,398.8800048828125,401.1499938964844,397.6400146484375,400.20001220703125,381.71697998046875,59524900,0.0,0.0,0.0
2023-01-25,395.95001220703125,400.70001220703125,393.55999755859375,400.3500061035156,381.8600158691406,84800300,0.0,0.0,0.0
2023-01-26,403.1300048828125,404.9200134277344,400.0299987792969,404.75,386.0567626953125,72287400,0.0,0.0,0.0
2023-01-27,403.6600036621094,408.1600036621094,403.44000244140625,405.67999267578125,386.9438171386719,68346200,0.0,0.0,0.0
2023-01-30,402.79998779296875,405.1300048828125,400.2799987792969,400.5899963378906,382.0889892578125,74202000,0.0,0.0,0.0
2023-01-31,401.1300048828125,406.5299987792969,400.7699890136719,406.4800109863281,387.7069091796875,86811800,0.0,0.0,0.0
2023-02-01,405.2099914550781,413.6700134277344,402.3500061035156,410.79998779296875,391.82733154296875,101459200,0.0,0.0,0.0
2023-02-02,414.8599853515625,418.30999755859375,412.8800048828125,416.7799987792969,397.5312194824219,101654500,0.0,0.0,0.0
2023-02-03,411.5899963378906,416.9700012207031,411.0899963378906,412.3500061035156,393.3057861328125,94736800,0.0,0.0,0.0
2023-02-06,409.7900085449219,411.2900085449219,408.1000061035156,409.8299865722656,390.9021911621094,60295300,0.0,0.0,0.0
2023-02-07,408.8699951171875,416.489990234375,407.57000732421875,415.19000244140625,396.0146484375,90990700,0.0,0.0,0.0
2023-02-08,413.1300048828125,414.5299987792969,409.92999267578125,410.6499938964844,391.68426513671875,76227500,0.0,0.0,0.0
2023-02-09,414.4100036621094,414.57000732421875,405.80999755859375,407.0899963378906,388.2886962890625,78694900,0.0,0.0,0.0
2023-02-10,405.8599853515625,408.44000244140625,405.010009765625,408.0400085449219,389.19482421875,70769700,0.0,0.0,0.0
2023-02-13,408.7200012207031,412.9700012207031,408.239990234375,412.8299865722656,393.7635803222656,64913500,0.0,0.0,0.0
2023-02-14,411.239990234375,415.04998779296875,408.510009765625,412.6400146484375,393.5823974609375,88389300,0.0,0.0,0.0
2023-02-15,410.3500061035156,414.05999755859375,409.4700012207031,413.9800109863281,394.86053466796875,61555700,0.0,0.0,0.0
2023-02-16,408.7900085449219,412.9100036621094,408.1400146484375,408.2799987792969,389.4237365722656,76431500,0.0,0.0,0.0
2023-02-17,406.05999755859375,407.510009765625,404.04998779296875,407.260009765625,388.4508361816406,89257800,0.0,0.0,0.0
2023-02-21,403.05999755859375,404.1600036621094,398.82000732421875,399.0899963378906,380.658203125,82655900,0.0,0.0,0.0
2023-02-22,399.5199890136719,401.1300048828125,397.0199890136719,398.5400085449219,380.133544921875,83742300,0.0,0.0,0.0
2023-02-23,401.55999755859375,402.20001220703125,396.25,400.6600036621094,382.1557312011719,96242400,0.0,0.0,0.0
2023-02-24,395.4200134277344,397.25,393.6400146484375,396.3800048828125,378.0733642578125,108194400,0.0,0.0,0.0
2023-02-27,399.8699951171875,401.2900085449219,396.75,397.7300109863281,379.3609619140625,80444700,0.0,0.0,0.0
2023-02-28,397.2300109863281,399.2799987792969,396.1499938964844,396.260009765625,377.95892333984375,96438600,0.0,0.0,0.0
2023-03-01,395.4100036621094,396.69000244140625,393.3800048828125,394.739990234375,376.509033203125,99706800,0.0,0.0,0.0
2023-03-02,392.67999267578125,398.69000244140625,392.3299865722656,397.80999755859375,379.43731689453125,85127800,0.0,0.0,0.0
2023-03-03,399.7099914550781,404.45001220703125,399.0299987792969,404.19000244140625,385.52264404296875,90120000,0.0,0.0,0.0
2023-03-06,405.04998779296875,407.45001220703125,404.010009765625,404.4700012207031,385.7897644042969,72795900,0.0,0.0,0.0
2023-03-07,404.4200134277344,404.6700134277344,397.6300048828125,398.2699890136719,379.8760681152344,108310600,0.0,0.0,0.0
2023-03-08,398.3900146484375,399.7099914550781,396.5899963378906,398.9200134277344,380.4960632324219,74746600,0.0,0.0,0.0
2023-03-09,399.739990234375,401.4800109863281,390.5299987792969,391.55999755859375,373.4759521484375,111945300,0.0,0.0,0.0
2023-03-10,390.989990234375,393.1600036621094,384.32000732421875,385.9100036621094,368.0869140625,189253000,0.0,0.0,0.0
2023-03-13,381.80999755859375,390.3900146484375,380.6499938964844,385.3599853515625,367.5622863769531,157790000,0.0,0.0,0.0
2023-03-14,390.5,393.45001220703125,387.04998779296875,391.7300109863281,373.6380920410156,149752400,0.0,0.0,0.0
2023-03-15,385.8900146484375,389.489990234375,383.7099914550781,389.2799987792969,371.3013000488281,172996900,0.0,0.0,0.0
2023-03-16,386.82000732421875,396.4700012207031,386.2900085449219,396.1099853515625,377.8157653808594,143254200,0.0,0.0,0.0
2023-03-17,393.2200012207031,394.3999938964844,388.54998779296875,389.989990234375,373.39813232421875,140553400,1.506,0.0,0.0
2023-03-20,390.79998779296875,394.1700134277344,390.07000732421875,393.739990234375,376.9885559082031,93055800,0.0,0.0,0.0
2023-03-21,397.239990234375,399.4100036621094,395.5799865722656,398.9100036621094,381.93865966796875,91524200,0.0,0.0,0.0
2023-03-22,398.7300109863281,402.489990234375,392.07000732421875,392.1099853515625,375.427978515625,111746600,0.0,0.0,0.0
2023-03-23,395.0899963378906,399.2900085449219,390.3500061035156,393.1700134277344,376.44281005859375,119351300,0.0,0.0,0.0
2023-03-24,391.8399963378906,395.8399963378906,389.3999938964844,395.75,378.9130554199219,107682400,0.0,0.0,0.0
2023-03-27,398.1199951171875,398.9200134277344,395.55999755859375,396.489990234375,379.62158203125,74010400,0.0,0.0,0.0
2023-03-28,395.7699890136719,396.489990234375,393.69000244140625,395.6000061035156,378.76947021484375,62871700,0.0,0.0,0.0
2023-03-29,399.92999267578125,401.6000061035156,398.67999267578125,401.3500061035156,384.2748107910156,77497900,0.0,0.0,0.0
2023-03-30,404.0899963378906,404.3500061035156,401.760009765625,403.70001220703125,386.5248718261719,69840000,0.0,0.0,0.0
2023-03-31,404.6600036621094,409.70001220703125,404.54998779296875,409.3900146484375,391.9727783203125,112062600,0.0,0.0,0.0
2023-04-03,408.8500061035156,411.3699951171875,408.44000244140625,410.95001220703125,393.4664611816406,67391100,0.0,0.0,0.0
2023-04-04,411.6199951171875,411.9200134277344,407.239990234375,408.6700134277344,391.283447265625,66601500,0.0,0.0,0.0
2023-04-05,407.9100036621094,408.70001220703125,405.8800048828125,407.6000061035156,390.2589111328125,65200200,0.0,0.0,0.0
2023-04-06,406.7699890136719,409.4800109863281,405.67999267578125,409.19000244140625,391.7812805175781,63743300,0.0,0.0,0.0
2023-04-10,406.6099853515625,409.69000244140625,405.9700012207031,409.6099853515625,392.1833801269531,63681000,0.0,0.0,0.0
2023-04-11,410.260009765625,411.17999267578125,408.9200134277344,409.7200012207031,392.28875732421875,59297900,0.0,0.0,0.0
2023-04-12,411.8699951171875,412.1700134277344,407.44000244140625,408.04998779296875,390.6897888183594,86420400,0.0,0.0,0.0
2023-04-13,409.17999267578125,413.8399963378906,407.989990234375,413.4700012207031,395.8791809082031,85814800,0.0,0.0,0.0
2023-04-14,412.80999755859375,415.0899963378906,410.05999755859375,412.4599914550781,394.91217041015625,78161500,0.0,0.0,0.0
2023-04-17,412.3699951171875,413.9599914550781,411.0899963378906,413.94000244140625,396.3291931152344,66436400,0.0,0.0,0.0
2023-04-18,415.5799865722656,415.7200012207031,412.7799987792969,414.2099914550781,396.58770751953125,63560000,0.0,0.0,0.0
2023-04-19,412.2200012207031,415.0799865722656,412.1600036621094,414.1400146484375,396.5206604003906,55227300,0.0,0.0,0.0
2023-04-20,411.2099914550781,413.70001220703125,410.2699890136719,411.8800048828125,394.3568420410156,75840400,0.0,0.0,0.0
2023-04-21,412.19000244140625,412.67999267578125,410.1700134277344,412.20001220703125,394.6632080078125,73457400,0.0,0.0,0.0
2023-04-24,411.989990234375,413.07000732421875,410.6000061035156,412.6300048828125,395.0749206542969,64332100,0.0,0.0,0.0
2023-04-25,410.5799865722656,411.1600036621094,406.0199890136719,406.0799865722656,388.8035583496094,97766700,0.0,0.0,0.0
2023-04-26,406.7200012207031,407.8399963378906,403.7799987792969,404.3599853515625,387.1567687988281,80447000,0.0,0.0,0.0
2023-04-27,407.0,412.69000244140625,406.739990234375,412.4100036621094,394.8642272949219,92968400,0.0,0.0,0.0
2023-04-28,411.489990234375,415.94000244140625,411.42999267578125,415.92999267578125,398.2344665527344,89433100,0.0,0.0,0.0
2023-05-01,415.4700012207031,417.6199951171875,415.2699890136719,415.510009765625,397.83245849609375,62122300,0.0,0.0,0.0
2023-05-02,414.7699890136719,414.82000732421875,407.82000732421875,410.8399963378906,393.361083984375,103998500,0.0,0.0,0.0
2023-05-03,411.3599853515625,413.8699951171875,407.7699890136719,408.0199890136719,390.66107177734375,91531800,0.0,0.0,0.0
2023-05-04,406.92999267578125,407.2699890136719,403.739990234375,405.1300048828125,387.89404296875,94901900,0.0,0.0,0.0
2023-05-05,408.9100036621094,413.7200012207031,408.6400146484375,412.6300048828125,395.0749206542969,87891800,0.0,0.0,0.0
2023-05-08,412.9700012207031,413.239990234375,411.2799987792969,412.739990234375,395.1802673339844,50046800,0.0,0.0,0.0
2023-05-09,411.1300048828125,412.0899963378906,410.69000244140625,410.92999267578125,393.4472351074219,49220100,0.0,0.0,0.0
2023-05-10,413.8800048828125,414.5400085449219,408.8699951171875,412.8500061035156,395.2855529785156,96142900,0.0,0.0,0.0
2023-05-11,411.95001220703125,412.42999267578125,409.9700012207031,412.1300048828125,394.59619140625,70157100,0.0,0.0,0.0
2023-05-12,413.4200134277344,413.6400146484375,409.07000732421875,411.5899963378906,394.07916259765625,70481500,0.0,0.0,0.0
2023-05-15,412.2200012207031,413.42999267578125,410.2300109863281,413.010009765625,395.43878173828125,54289400,0.0,0.0,0.0
2023-05-16,411.8599853515625,412.82000732421875,410.239990234375,410.25,392.796142578125,57705500,0.0,0.0,0.0
2023-05-17,412.3500061035156,415.8599853515625,410.6400146484375,415.2300109863281,397.5643615722656,87287000,0.0,0.0,0.0
2023-05-18,414.8999938964844,419.6700134277344,414.6700134277344,419.2300109863281,401.3941650390625,97177200,0.0,0.0,0.0
2023-05-19,420.1700134277344,420.7200012207031,417.3500061035156,418.6199951171875,400.81011962890625,103793300,0.0,0.0,0.0
2023-05-22,418.6400146484375,420.3900146484375,417.3500061035156,418.7900085449219,400.972900390625,60745400,0.0,0.0,0.0
2023-05-23,417.0799865722656,418.7200012207031,413.67999267578125,414.0899963378906,396.4727478027344,86383500,0.0,0.0,0.0
2023-05-24,412.4200134277344,412.82000732421875,409.8800048828125,411.0899963378906,393.6004333496094,89213700,0.0,0.0,0.0
2023-05-25,414.739990234375,416.1600036621094,412.4100036621094,414.6499938964844,397.0089416503906,90961600,0.0,0.0,0.0
2023-05-26,415.3299865722656,420.7699890136719,415.25,420.0199890136719,402.15057373046875,93830000,0.0,0.0,0.0
2023-05-30,422.0299987792969,422.5799865722656,418.739990234375,420.17999267578125,402.3036193847656,72216000,0.0,0.0,0.0
2023-05-31,418.2799987792969,419.2200012207031,416.2200012207031,417.8500061035156,400.0728759765625,110811800,0.0,0.0,0.0
2023-06-01,418.0899963378906,422.9200134277344,416.7900085449219,421.82000732421875,403.87396240234375,88865000,0.0,0.0,0.0
2023-06-02,424.5,428.739990234375,423.95001220703125,427.9200134277344,409.71441650390625,91426200,0.0,0.0,0.0
2023-06-05,428.2799987792969,429.6199951171875,426.3699951171875,427.1000061035156,408.9293212890625,65460200,0.0,0.0,0.0
2023-06-06,426.6700134277344,428.5799865722656,425.989990234375,428.0299987792969,409.8197021484375,64022200,0.0,0.0,0.0
2023-06-07,428.44000244140625,429.6199951171875,426.1099853515625,426.54998779296875,408.4026184082031,85373300,0.0,0.0,0.0
2023-06-08,426.6199951171875,429.6000061035156,425.82000732421875,429.1300048828125,410.8730163574219,61952800,0.0,0.0,0.0
2023-06-09,429.9599914550781,431.989990234375,428.8699951171875,429.8999938964844,411.6101379394531,85742800,0.0,0.0,0.0
2023-06-12,430.9200134277344,433.8800048828125,430.1700134277344,433.79998779296875,415.34423828125,76104300,0.0,0.0,0.0
2023-06-13,435.32000732421875,437.3299865722656,434.6300048828125,436.6600036621094,418.0826110839844,95899700,0.0,0.0,0.0
2023-06-14,437.010009765625,439.05999755859375,433.5899963378906,437.17999267578125,418.58050537109375,100612100,0.0,0.0,0.0
2023-06-15,436.3299865722656,443.8999938964844,436.2300109863281,442.6000061035156,423.7698974609375,110303100,0.0,0.0,0.0
2023-06-16,443.0199890136719,443.6099853515625,438.9700012207031,439.4599914550781,422.32647705078125,114165800,1.638,0.0,0.0
2023-06-20,437.45001220703125,438.3699951171875,435.0299987792969,437.17999267578125,420.1353759765625,76160400,0.0,0.0,0.0
2023-06-21,436.1600036621094,436.989990234375,434.3299865722656,434.94000244140625,417.982666015625,76982300,0.0,0.0,0.0
2023-06-22,433.95001220703125,436.6199951171875,433.6000061035156,436.510009765625,419.491455078125,70637200,0.0,0.0,0.0
2023-06-23,432.92999267578125,435.05999755859375,432.4700012207031,433.2099914550781,416.32012939453125,92074500,0.0,0.0,0.0
2023-06-26,432.6199951171875,434.6099853515625,431.19000244140625,431.44000244140625,414.619140625,72823600,0.0,0.0,0.0
2023-06-27,432.3500061035156,436.80999755859375,431.8800048828125,436.1700134277344,419.16473388671875,72813700,0.0,0.0,0.0
2023-06-28,435.04998779296875,437.44000244140625,434.4100036621094,436.3900146484375,419.3761291503906,75636000,0.0,0.0,0.0
2023-06-29,435.9599914550781,438.2799987792969,435.5400085449219,438.1099853515625,421.0290222167969,67882300,0.0,0.0,0.0
2023-06-30,441.44000244140625,444.29998779296875,441.1099853515625,443.2799987792969,425.9975280761719,104964000,0.0,0.0,0.0
2023-07-03,442.9200134277344,444.0799865722656,442.6300048828125,443.7900085449219,426.4876403808594,32793400,0.0,0.0,0.0
2023-07-05,441.9100036621094,443.8900146484375,441.8999938964844,443.1300048828125,425.85333251953125,58418400,0.0,0.0,0.0
2023-07-06,439.4200134277344,440.1000061035156,437.05999755859375,439.6600036621094,422.5186462402344,80658300,0.0,0.0,0.0
2023-07-07,438.6300048828125,442.6400146484375,438.29998779296875,438.54998779296875,421.4519348144531,86134200,0.0,0.0,0.0
2023-07-10,438.17999267578125,439.8399963378906,437.5899963378906,439.6600036621094,422.5186462402344,62443500,0.0,0.0,0.0
2023-07-11,440.45001220703125,442.9700012207031,439.44000244140625,442.4599914550781,425.20947265625,64463800,0.0,0.0,0.0
2023-07-12,446.3900146484375,447.4800109863281,444.9100036621094,446.0199890136719,428.6307067871094,91924500,0.0,0.0,0.0
2023-07-13,447.8999938964844,450.3800048828125,447.45001220703125,449.55999755859375,432.03271484375,72425200,0.0,0.0,0.0
2023-07-14,450.4800109863281,451.3599853515625,448.489990234375,449.2799987792969,431.7635803222656,69815800,0.0,0.0,0.0
2023-07-17,449.1300048828125,451.92999267578125,449.0799865722656,450.8399963378906,433.2627868652344,52680200,0.0,0.0,0.0
2023-07-18,450.5,454.8599853515625,450.04998779296875,454.19000244140625,436.4821472167969,80668200,0.0,0.0,0.0
2023-07-19,455.010009765625,456.42999267578125,454.1099853515625,455.20001220703125,437.4527587890625,65891700,0.0,0.0,0.0
2023-07-20,454.1700134277344,455.1000061035156,451.44000244140625,452.17999267578125,434.5504455566406,70591600,0.0,0.0,0.0
2023-07-21,453.9599914550781,454.1700134277344,452.1700134277344,452.17999267578125,434.5504455566406,71275600,0.0,0.0,0.0
2023-07-24,453.3699951171875,455.0400085449219,452.29998779296875,454.20001220703125,436.4917297363281,54023400,0.0,0.0,0.0
2023-07-25,453.9200134277344,456.739990234375,453.8699951171875,455.44000244140625,437.6834411621094,55191200,0.0,0.0,0.0
2023-07-26,454.4700012207031,456.989990234375,453.3800048828125,455.510009765625,437.75067138671875,71052900,0.0,0.0,0.0
2023-07-27,459.0199890136719,459.44000244140625,451.54998779296875,452.489990234375,434.8483581542969,92194400,0.0,0.0,0.0
2023-07-28,455.8800048828125,457.7799987792969,452.489990234375,456.9200134277344,439.105712890625,80011800,0.0,0.0,0.0
2023-07-31,457.4100036621094,458.1600036621094,456.04998779296875,457.7900085449219,439.9417724609375,62040400,0.0,0.0,0.0
2023-08-01,456.2699890136719,457.25,455.489990234375,456.4800109863281,438.6828308105469,55291500,0.0,0.0,0.0
2023-08-02,453.25,453.5199890136719,449.3500061035156,450.1300048828125,432.5804748535156,93933400,0.0,0.0,0.0
2023-08-03,448.0400085449219,450.7900085449219,447.3699951171875,448.8399963378906,431.3406982421875,64276100,0.0,0.0,0.0
2023-08-04,450.7200012207031,452.8999938964844,446.2699890136719,446.80999755859375,429.389892578125,100128900,0.0,0.0,0.0
2023-08-07,448.7099914550781,450.8699951171875,447.989990234375,450.7099914550781,433.1378173828125,58357500,0.0,0.0,0.0
2023-08-08,448.0799865722656,450.70001220703125,445.2699890136719,448.75,431.2542724609375,71361300,0.0,0.0,0.0
2023-08-09,449.0299987792969,449.20001220703125,444.9599914550781,445.75,428.3712158203125,78789600,0.0,0.0,0.0
2023-08-10,448.19000244140625,451.70001220703125,444.70001220703125,445.9100036621094,428.52496337890625,93005500,0.0,0.0,0.0
2023-08-11,443.9700012207031,446.70001220703125,443.3500061035156,445.6499938964844,428.27508544921875,68690900,0.0,0.0,0.0
2023-08-14,444.70001220703125,448.1099853515625,444.3800048828125,448.1099853515625,430.63916015625,47867400,0.0,0.0,0.0
2023-08-15,446.2699890136719,446.6400146484375,442.29998779296875,442.8900146484375,425.62274169921875,75707500,0.0,0.0,0.0
2023-08-16,442.4599914550781,444.17999267578125,439.5299987792969,439.6400146484375,422.4994201660156,80107200,0.0,0.0,0.0
2023-08-17,441.1600036621094,441.42999267578125,435.75,436.2900085449219,419.2800598144531,95711300,0.0,0.0,0.0
2023-08-18,433.3699951171875,437.57000732421875,433.010009765625,436.5,419.4818420410156,98852000,0.0,0.0,0.0
2023-08-21,437.54998779296875,440.1099853515625,435.32000732421875,439.3399963378906,422.2110900878906,68719000,0.0,0.0,0.0
2023-08-22,441.17999267578125,441.17999267578125,437.57000732421875,438.1499938964844,421.06744384765625,64994200,0.0,0.0,0.0
2023-08-23,439.25,443.6700134277344,439.1000061035156,443.0299987792969,425.7572937011719,68441000,0.0,0.0,0.0
2023-08-24,444.69000244140625,445.2200012207031,436.8599853515625,436.8900146484375,419.8565979003906,88517300,0.0,0.0,0.0
2023-08-25,438.67999267578125,441.29998779296875,435.0,439.9700012207031,422.81658935546875,102325100,0.0,0.0,0.0
2023-08-28,442.239990234375,443.3999938964844,439.9700012207031,442.760009765625,425.4977722167969,61595400,0.0,0.0,0.0
2023-08-29,442.6499938964844,449.45001220703125,442.4599914550781,449.1600036621094,431.6482238769531,83081900,0.0,0.0,0.0
2023-08-30,449.510009765625,451.6700134277344,448.7799987792969,451.010009765625,433.4261169433594,69053900,0.0,0.0,0.0
2023-08-31,451.6499938964844,452.8299865722656,450.1600036621094,450.3500061035156,432.7918395996094,66084600,0.0,0.0,0.0
2023-09-01,453.1700134277344,453.6700134277344,449.67999267578125,451.19000244140625,433.59912109375,58944100,0.0,0.0,0.0
2023-09-05,450.7300109863281,451.05999755859375,449.1700134277344,449.239990234375,431.72509765625,55166200,0.0,0.0,0.0
2023-09-06,448.3999938964844,448.510009765625,443.80999755859375,446.2200012207031,428.8228759765625,70758500,0.0,0.0,0.0
2023-09-07,443.1099853515625,445.54998779296875,442.75,444.8500061035156,427.50628662109375,70355400,0.0,0.0,0.0
2023-09-08,444.8999938964844,447.1099853515625,444.5299987792969,445.5199890136719,428.15020751953125,61659700,0.0,0.0,0.0
2023-09-11,448.239990234375,448.7699890136719,446.4700012207031,448.45001220703125,430.9659423828125,60180100,0.0,0.0,0.0
2023-09-12,446.95001220703125,448.5299987792969,445.3900146484375,445.989990234375,428.6017761230469,67565400,0.0,0.0,0.0
2023-09-13,446.2200012207031,447.7099914550781,445.0799865722656,446.510009765625,429.1015625,60199300,0.0,0.0,0.0
2023-09-14,449.07000732421875,451.0799865722656,447.7200012207031,450.3599853515625,432.8014221191406,83430800,0.0,0.0,0.0
2023-09-15,447.1400146484375,447.4800109863281,442.9200134277344,443.3699951171875,427.5869140625,111848900,1.583,0.0,0.0
2023-09-18,443.04998779296875,444.9700012207031,442.55999755859375,443.6300048828125,427.8376770019531,55752200,0.0,0.0,0.0
2023-09-19,442.67999267578125,443.2900085449219,439.94000244140625,442.7099914550781,426.9504089355469,66514600,0.0,0.0,0.0
2023-09-20,444.010009765625,444.44000244140625,438.42999267578125,438.6400146484375,423.0252685546875,82562600,0.0,0.0,0.0
2023-09-21,435.70001220703125,435.9700012207031,431.2300109863281,431.3900146484375,416.0334777832031,104095800,0.0,0.0,0.0
2023-09-22,432.45001220703125,434.1000061035156,429.989990234375,430.4200134277344,415.097900390625,100829700,0.0,0.0,0.0
2023-09-25,429.1700134277344,432.2699890136719,428.7200012207031,432.2300109863281,416.843505859375,70874500,0.0,0.0,0.0
2023-09-26,429.0899963378906,429.82000732421875,425.0199890136719,425.8800048828125,410.7196044921875,96168400,0.0,0.0,0.0
2023-09-27,427.0899963378906,427.6700134277344,422.2900085449219,426.04998779296875,410.8834228515625,104705800,0.0,0.0,0.0
2023-09-28,425.4800109863281,430.25,424.8699951171875,428.5199890136719,413.2655334472656,92258300,0.0,0.0,0.0
2023-09-29,431.6700134277344,431.8500061035156,425.9100036621094,427.4800109863281,412.2625427246094,115111300,0.0,0.0,0.0
2023-10-02,426.6199951171875,428.6000061035156,424.4599914550781,427.30999755859375,412.0986022949219,83798600,0.0,0.0,0.0
2023-10-03,425.05999755859375,427.3699951171875,420.17999267578125,421.5899963378906,406.5823059082031,103760600,0.0,0.0,0.0
2023-10-04,422.07000732421875,425.42999267578125,420.55999755859375,424.6600036621094,409.54296875,87453000,0.0,0.0,0.0
2023-10-05,424.3599853515625,425.3699951171875,421.1700134277344,424.5,409.3886413574219,70142700,0.0,0.0,0.0
2023-10-06,421.9700012207031,431.1300048828125,420.6000061035156,429.5400085449219,414.2492370605469,113273300,0.0,0.0,0.0
2023-10-09,427.5799865722656,432.8800048828125,427.010009765625,432.2900085449219,416.90130615234375,80374400,0.0,0.0,0.0
2023-10-10,432.94000244140625,437.2200012207031,432.5299987792969,434.5400085449219,419.0712585449219,78607300,0.0,0.0,0.0
2023-10-11,435.6400146484375,436.5799865722656,433.17999267578125,436.32000732421875,420.78790283203125,62451700,0.0,0.0,0.0
2023-10-12,436.95001220703125,437.3399963378906,431.2300109863281,433.6600036621094,418.22259521484375,81154200,0.0,0.0,0.0
2023-10-13,435.2099914550781,436.45001220703125,429.8800048828125,431.5,416.1394958496094,95143100,0.0,0.0,0.0
2023-10-16,433.82000732421875,437.1400146484375,433.57000732421875,436.0400085449219,420.51788330078125,75433200,0.0,0.0,0.0
2023-10-17,432.80999755859375,438.1400146484375,432.45001220703125,436.0199890136719,420.4985656738281,75324700,0.0,0.0,0.0
2023-10-18,434.19000244140625,435.17999267578125,429.0899963378906,430.2099914550781,414.8953857421875,93559800,0.0,0.0,0.0
2023-10-19,430.95001220703125,432.82000732421875,425.7300109863281,426.42999267578125,411.24993896484375,121323000,0.0,0.0,0.0
2023-10-20,425.9800109863281,426.5400085449219,421.0799865722656,421.19000244140625,406.19647216796875,123919900,0.0,0.0,0.0
2023-10-23,419.6099853515625,424.45001220703125,417.79998779296875,420.4599914550781,405.492431640625,92035100,0.0,0.0,0.0
2023-10-24,422.6499938964844,424.82000732421875,420.739990234375,423.6300048828125,408.54962158203125,78564200,0.0,0.0,0.0
2023-10-25,421.8900146484375,421.9200134277344,417.0199890136719,417.54998779296875,402.68609619140625,94223200,0.0,0.0,0.0
2023-10-26,416.45001220703125,417.3299865722656,411.6000061035156,412.54998779296875,397.86407470703125,115156800,0.0,0.0,0.0
2023-10-27,414.19000244140625,414.6000061035156,409.2099914550781,410.67999267578125,396.06060791015625,107367700,0.0,0.0,0.0
2023-10-30,413.55999755859375,416.67999267578125,412.2200012207031,415.5899963378906,400.7958068847656,86562700,0.0,0.0,0.0
2023-10-31,416.17999267578125,418.5299987792969,414.2099914550781,418.20001220703125,403.3128967285156,79665200,0.0,0.0,0.0
2023-11-01,419.20001220703125,423.5,418.6499938964844,422.6600036621094,407.6141662597656,98068100,0.0,0.0,0.0
2023-11-02,426.5799865722656,430.9200134277344,426.55999755859375,430.760009765625,415.42584228515625,94938900,0.0,0.0,0.0
2023-11-03,433.1400146484375,436.2900085449219,433.010009765625,434.69000244140625,419.2159423828125,100167800,0.0,0.0,0.0
2023-11-06,435.4700012207031,436.1499938964844,433.67999267578125,435.69000244140625,420.18035888671875,67831700,0.0,0.0,0.0
2023-11-07,435.69000244140625,437.5899963378906,434.510009765625,436.92999267578125,421.3761901855469,64256100,0.0,0.0,0.0
2023-11-08,437.54998779296875,438.0899963378906,434.8699951171875,437.25,421.6847839355469,61746000,0.0,0.0,0.0
2023-11-09,438.42999267578125,438.4700012207031,433.3999938964844,433.8399963378906,418.39617919921875,83174400,0.0,0.0,0.0
2023-11-10,435.9800109863281,440.92999267578125,433.8299865722656,440.6099853515625,424.9251708984375,89462200,0.0,0.0,0.0
2023-11-13,439.2300109863281,441.3299865722656,438.4200134277344,440.19000244140625,424.5201110839844,52236100,0.0,0.0,0.0
2023-11-14,446.32000732421875,450.05999755859375,446.0899963378906,448.7300109863281,432.756103515625,97176900,0.0,0.0,0.0
2023-11-15,450.1099853515625,451.3800048828125,448.79998779296875,449.67999267578125,433.67230224609375,77327600,0.0,0.0,0.0
2023-11-16,449.2200012207031,450.55999755859375,448.1199951171875,450.2300109863281,434.20269775390625,66665800,0.0,0.0,0.0
2023-11-17,450.239990234375,451.4200134277344,449.2900085449219,450.7900085449219,434.7427978515625,83133200,0.0,0.0,0.0
2023-11-20,450.5299987792969,455.1300048828125,450.5199890136719,454.260009765625,438.08929443359375,69936200,0.0,0.0,0.0
2023-11-21,453.17999267578125,454.1300048828125,451.9599914550781,453.2699890136719,437.1344909667969,49244600,0.0,0.0,0.0
2023-11-22,454.9800109863281,456.3800048828125,453.8900146484375,455.0199890136719,438.8221130371094,59394900,0.0,0.0,0.0
2023-11-24,455.07000732421875,455.5,454.7300109863281,455.29998779296875,439.09222412109375,29737400,0.0,0.0,0.0
2023-11-27,454.6499938964844,455.489990234375,454.0799865722656,454.4800109863281,438.30145263671875,50506000,0.0,0.0,0.0
2023-11-28,454.0799865722656,456.2699890136719,453.5,454.92999267578125,438.73541259765625,62115000,0.0,0.0,0.0
2023-11-29,457.1499938964844,458.32000732421875,454.20001220703125,454.6099853515625,438.42681884765625,63146000,0.0,0.0,0.0
2023-11-30,455.4800109863281,456.760009765625,453.3399963378906,456.3999938964844,440.1531066894531,79752700,0.0,0.0,0.0
2023-12-01,455.7699890136719,459.6499938964844,455.1600036621094,459.1000061035156,442.7569885253906,89183400,0.0,0.0,0.0
2023-12-04,455.6000061035156,459.1199951171875,454.3399963378906,456.69000244140625,440.4327087402344,72430900,0.0,0.0,0.0
2023-12-05,455.260009765625,457.5899963378906,454.8699951171875,456.6000061035156,440.3459777832031,69793500,0.0,0.0,0.0
2023-12-06,458.80999755859375,458.8399963378906,454.30999755859375,454.760009765625,438.57147216796875,69124700,0.0,0.0,0.0
2023-12-07,456.9100036621094,458.8999938964844,456.2900085449219,458.2300109863281,441.9179382324219,66995400,0.0,0.0,0.0
2023-12-08,457.4599914550781,460.75,457.2099914550781,460.20001220703125,443.8178405761719,83194400,0.0,0.0,0.0
2023-12-11,459.69000244140625,462.1700134277344,459.4700012207031,461.989990234375,445.5440979003906,65002200,0.0,0.0,0.0
2023-12-12,461.6300048828125,464.20001220703125,460.6000061035156,464.1000061035156,447.5790100097656,68327600,0.0,0.0,0.0
2023-12-13,464.489990234375,470.760009765625,464.1199951171875,470.5,453.7511291503906,93278000,0.0,0.0,0.0
2023-12-14,472.5,473.7300109863281,469.25,472.010009765625,455.2073974609375,119026000,0.0,0.0,0.0
2023-12-15,469.489990234375,470.70001220703125,467.42999267578125,469.3299865722656,454.4579162597656,141553700,1.906,0.0,0.0
2023-12-18,470.9800109863281,472.9800109863281,469.8900146484375,471.9700012207031,457.0142822265625,70375300,0.0,0.0,0.0
2023-12-19,472.5299987792969,474.9200134277344,472.45001220703125,474.8399963378906,459.7933654785156,55761800,0.0,0.0,0.0
2023-12-20,473.9599914550781,475.8999938964844,467.82000732421875,468.260009765625,453.42181396484375,102921000,0.0,0.0,0.0
2023-12-21,471.3299865722656,472.9800109863281,468.8399963378906,472.70001220703125,457.7211608886719,86667500,0.0,0.0,0.0
2023-12-22,473.8599853515625,475.3800048828125,471.70001220703125,473.6499938964844,458.6409912109375,67160400,0.0,0.0,0.0
2023-12-26,474.07000732421875,476.5799865722656,473.989990234375,475.6499938964844,460.57763671875,55387000,0.0,0.0,0.0
2023-12-27,475.44000244140625,476.6600036621094,474.8900146484375,476.510009765625,461.410400390625,68000300,0.0,0.0,0.0
2023-12-28,476.8800048828125,477.54998779296875,476.260009765625,476.69000244140625,461.5846862792969,77158100,0.0,0.0,0.0
2023-12-29,476.489990234375,477.0299987792969,473.29998779296875,475.30999755859375,460.2484130859375,122283100,0.0,0.0,0.0
2024-01-02,472.1600036621094,473.6700134277344,470.489990234375,472.6499938964844,457.6727294921875,123623700,0.0,0.0,0.0
2024-01-03,470.42999267578125,471.19000244140625,468.1700134277344,468.7900085449219,453.9350280761719,103585900,0.0,0.0,0.0
2024-01-04,468.29998779296875,470.9599914550781,467.04998779296875,467.2799987792969,452.4728698730469,84232200,0.0,0.0,0.0
2024-01-05,467.489990234375,470.44000244140625,466.42999267578125,467.9200134277344,453.0926513671875,86118900,0.0,0.0,0.0
2024-01-08,468.42999267578125,474.75,468.29998779296875,474.6000061035156,459.5609130859375,74879100,0.0,0.0,0.0
2024-01-09,471.8699951171875,474.92999267578125,471.3500061035156,473.8800048828125,458.8637390136719,65931400,0.0,0.0,0.0
2024-01-10,474.1600036621094,477.45001220703125,473.8699951171875,476.55999755859375,461.45880126953125,67310600,0.0,0.0,0.0
2024-01-11,477.5899963378906,478.1199951171875,472.260009765625,476.3500061035156,461.2554626464844,77940700,0.0,0.0,0.0
2024-01-12,477.8399963378906,478.6000061035156,475.2300109863281,476.67999267578125,461.57501220703125,58026400,0.0,0.0,0.0
2024-01-16,475.260009765625,476.6099853515625,473.05999755859375,474.92999267578125,459.88043212890625,85014900,0.0,0.0,0.0
2024-01-17,471.82000732421875,472.7900085449219,469.8699951171875,472.2900085449219,457.32415771484375,68843900,0.0,0.0,0.0
2024-01-18,474.010009765625,477.05999755859375,472.4200134277344,476.489990234375,461.39105224609375,91856200,0.0,0.0,0.0
2024-01-19,477.6499938964844,482.7200012207031,476.5400085449219,482.42999267578125,467.1427917480469,110834500,0.0,0.0,0.0
2024-01-22,484.010009765625,485.2200012207031,482.7799987792969,483.45001220703125,468.1304931640625,75844900,0.0,0.0,0.0
2024-01-23,484.010009765625,485.1099853515625,482.8900146484375,484.8599853515625,469.4958190917969,49945300,0.0,0.0,0.0
2024-01-24,487.80999755859375,488.7699890136719,484.8800048828125,485.3900146484375,470.0090026855469,81765000,0.0,0.0,0.0
2024-01-25,487.5799865722656,488.30999755859375,485.3900146484375,488.0299987792969,472.5653076171875,72525000,0.0,0.0,0.0
2024-01-26,487.5899963378906,489.1199951171875,486.5400085449219,487.4100036621094,471.9649963378906,76641600,0.0,0.0,0.0
2024-01-29,487.7300109863281,491.4200134277344,487.1700134277344,491.2699890136719,475.70263671875,61322800,0.0,0.0,0.0
2024-01-30,490.55999755859375,491.6199951171875,490.1099853515625,490.8900146484375,475.33477783203125,58618400,0.0,0.0,0.0
2024-01-31,488.6199951171875,489.0799865722656,482.8599853515625,482.8800048828125,467.5785827636719,126011100,0.0,0.0,0.0
2024-02-01,484.6300048828125,489.2300109863281,483.79998779296875,489.20001220703125,473.69830322265625,91891600,0.0,0.0,0.0
2024-02-02,489.6499938964844,496.04998779296875,489.29998779296875,494.3500061035156,478.68511962890625,99228200,0.0,0.0,0.0
2024-02-05,493.70001220703125,494.3800048828125,490.2300109863281,492.54998779296875,476.9421081542969,75757100,0.0,0.0,0.0
2024-02-06,493.5199890136719,494.32000732421875,492.04998779296875,493.9800109863281,478.3268127441406,55918600,0.0,0.0,0.0
2024-02-07,496.2900085449219,498.5299987792969,495.3599853515625,498.1000061035156,482.3162536621094,70556500,0.0,0.0,0.0
2024-02-08,498.1000061035156,498.7099914550781,497.260009765625,498.32000732421875,482.5293273925781,52343600,0.0,0.0,0.0
2024-02-09,498.8399963378906,501.6499938964844,498.489990234375,501.20001220703125,485.3180236816406,63979400,0.0,0.0,0.0
2024-02-12,501.1700134277344,503.5,500.239990234375,500.9800109863281,485.1050109863281,56502300,0.0,0.0,0.0
2024-02-13,494.5299987792969,497.0899963378906,490.7200012207031,494.0799865722656,478.4236145019531,113099200,0.0,0.0,0.0
2024-02-14,496.7900085449219,499.07000732421875,494.3999938964844,498.57000732421875,482.77142333984375,68387800,0.0,0.0,0.0
2024-02-15,499.2900085449219,502.20001220703125,498.79998779296875,502.010009765625,486.10235595703125,61683000,0.0,0.0,0.0
2024-02-16,501.70001220703125,502.8699951171875,498.75,499.510009765625,483.6815490722656,75532900,0.0,0.0,0.0
2024-02-20,497.7200012207031,498.4100036621094,494.45001220703125,496.760009765625,481.01873779296875,71736700,0.0,0.0,0.0
2024-02-21,495.4200134277344,497.3699951171875,493.55999755859375,497.2099914550781,481.4544677734375,59293400,0.0,0.0,0.0
2024-02-22,504.010009765625,508.489990234375,503.0199890136719,507.5,491.41839599609375,76402500,0.0,0.0,0.0
2024-02-23,509.2699890136719,510.1300048828125,507.1000061035156,507.8500061035156,491.7572937011719,61321800,0.0,0.0,0.0
2024-02-26,508.29998779296875,508.75,505.8599853515625,505.989990234375,489.95623779296875,50386700,0.0,0.0,0.0
2024-02-27,506.70001220703125,507.1600036621094,504.75,506.92999267578125,490.866455078125,48854500,0.0,0.0,0.0
2024-02-28,505.3299865722656,506.8599853515625,504.9599914550781,506.260009765625,490.2177429199219,56506600,0.0,0.0,0.0
2024-02-29,508.07000732421875,509.739990234375,505.3500061035156,508.0799865722656,491.97998046875,83924800,0.0,0.0,0.0
2024-03-01,508.9800109863281,513.2899780273438,508.55999755859375,512.8499755859375,496.5988464355469,76844800,0.0,0.0,0.0
2024-03-04,512.030029296875,514.2000122070312,512.0,512.2999877929688,496.0663146972656,49799300,0.0,0.0,0.0
2024-03-05,510.239990234375,510.70001220703125,504.9100036621094,507.17999267578125,491.1085510253906,72855600,0.0,0.0,0.0
2024-03-06,510.54998779296875,512.0700073242188,508.4200134277344,509.75,493.5970764160156,68382400,0.0,0.0,0.0
2024-03-07,513.1400146484375,515.8900146484375,509.80999755859375,514.8099975585938,498.49676513671875,58652100,0.0,0.0,0.0
2024-03-08,515.4600219726562,518.219970703125,511.1300048828125,511.7200012207031,495.5046691894531,86532500,0.0,0.0,0.0
2024-03-11,510.4800109863281,511.8800048828125,508.5,511.2799987792969,495.0786437988281,62557200,0.0,0.0,0.0
2024-03-12,513.4500122070312,517.3800048828125,510.8599853515625,516.780029296875,500.4043273925781,73114400,0.0,0.0,0.0
2024-03-13,517.1099853515625,517.2899780273438,514.489990234375,515.969970703125,499.6199951171875,55104100,0.0,0.0,0.0
2024-03-14,516.969970703125,517.1300048828125,511.82000732421875,514.9500122070312,498.6322937011719,110171800,0.0,0.0,0.0
2024-03-15,510.2099914550781,511.70001220703125,508.1199951171875,509.8299865722656,495.20843505859375,107646300,1.595,0.0,0.0
2024-03-18,514.0,515.47998046875,512.4400024414062,512.8599853515625,498.15155029296875,88893300,0.0,0.0,0.0
2024-03-19,512.1500244140625,516.0,511.1199951171875,515.7100219726562,500.9198303222656,60755300,0.0,0.0,0.0
2024-03-20,515.77001953125,520.6199951171875,515.0800170898438,520.47998046875,505.5528869628906,69594600,0.0,0.0,0.0
2024-03-21,523.3900146484375,524.1099853515625,521.9099731445312,522.2000122070312,507.2236633300781,60256100,0.0,0.0,0.0
2024-03-22,522.1099853515625,522.6099853515625,520.969970703125,521.2100219726562,506.2621765136719,79070800,0.0,0.0,0.0
2024-03-25,519.7999877929688,520.9500122070312,519.6099853515625,519.77001953125,504.86334228515625,48512100,0.0,0.0,0.0
2024-03-26,521.22998046875,521.5800170898438,518.4000244140625,518.8099975585938,503.9309997558594,65463700,0.0,0.0,0.0
2024-03-27,521.7100219726562,523.2100219726562,519.489990234375,523.1699829101562,508.165771484375,82999800,0.0,0.0,0.0
2024-03-28,523.2100219726562,524.6099853515625,522.780029296875,523.0700073242188,508.0686950683594,96294900,0.0,0.0,0.0
2024-04-01,523.8300170898438,524.3800048828125,520.969970703125,522.1599731445312,507.184814453125,62477500,0.0,0.0,0.0
2024-04-02,518.239990234375,518.97998046875,516.47998046875,518.8400268554688,503.96002197265625,74230300,0.0,0.0,0.0
2024-04-03,517.719970703125,520.9500122070312,517.6699829101562,519.4099731445312,504.51361083984375,59155800,0.0,0.0,0.0
2024-04-04,523.52001953125,523.8699951171875,512.760009765625,513.0700073242188,498.3554992675781,96858100,0.0,0.0,0.0
2024-04-05,514.4600219726562,520.4400024414062,514.010009765625,518.4299926757812,503.5618591308594,74546500,0.0,0.0,0.0
2024-04-08,519.1500244140625,520.1799926757812,517.8900146484375,518.719970703125,503.8434753417969,48401800,0.0,0.0,0.0
2024-04-09,520.5,520.75,514.3499755859375,519.3200073242188,504.42633056640625,68049200,0.0,0.0,0.0
2024-04-10,513.47998046875,516.1599731445312,512.0900268554688,514.1199951171875,499.3753967285156,82652800,0.0,0.0,0.0
2024-04-11,515.6799926757812,519.47998046875,512.0800170898438,518.0,503.1441955566406,70099000,0.0,0.0,0.0
2024-04-12,514.3699951171875,515.8200073242188,509.0799865722656,510.8500061035156,496.1991882324219,92561100,0.0,0.0,0.0
2024-04-15,515.1300048828125,515.2999877929688,503.5799865722656,504.45001220703125,489.9827575683594,92101400,0.0,0.0,0.0
2024-04-16,504.94000244140625,506.5,502.2099914550781,503.5299987792969,489.089111328125,73484000,0.0,0.0,0.0
2024-04-17,506.04998779296875,506.2200012207031,499.1199951171875,500.54998779296875,486.1945495605469,75910300,0.0,0.0,0.0
2024-04-18,501.9800109863281,504.1300048828125,498.55999755859375,499.5199890136719,485.19415283203125,74548100,0.0,0.0,0.0
2024-04-19,499.44000244140625,500.4599914550781,493.8599853515625,495.1600036621094,480.95916748046875,102212600,0.0,0.0,0.0
2024-04-22,497.8299865722656,502.3800048828125,495.42999267578125,499.7200012207031,485.3883972167969,67961000,0.0,0.0,0.0
2024-04-23,501.7799987792969,506.0899963378906,499.5299987792969,505.6499938964844,491.1482849121094,64633600,0.0,0.0,0.0
2024-04-24,506.55999755859375,507.3699951171875,503.1300048828125,505.4100036621094,490.9151916503906,55928100,0.0,0.0,0.0
2024-04-25,499.17999267578125,504.2699890136719,497.489990234375,503.489990234375,489.05023193359375,69122400,0.0,0.0,0.0
2024-04-26,506.3500061035156,509.8800048828125,505.70001220703125,508.260009765625,493.6834411621094,64306100,0.0,0.0,0.0
2024-04-29,510.0899963378906,510.75,507.25,510.05999755859375,495.43182373046875,46415400,0.0,0.0,0.0
2024-04-30,508.55999755859375,509.55999755859375,501.9800109863281,501.9800109863281,487.5835876464844,77483600,0.0,0.0,0.0
2024-05-01,501.3800048828125,508.19000244140625,499.8699951171875,500.3500061035156,486.00030517578125,80242800,0.0,0.0,0.0
2024-05-02,504.1499938964844,505.8900146484375,499.54998779296875,505.0299987792969,490.5461120605469,62550200,0.0,0.0,0.0
2024-05-03,511.1600036621094,512.5499877929688,508.55999755859375,511.2900085449219,496.62652587890625,72756700,0.0,0.0,0.0
2024-05-06,513.75,516.6099853515625,513.2999877929688,516.5700073242188,501.75506591796875,47264700,0.0,0.0,0.0
2024-05-07,517.5599975585938,518.5700073242188,516.4500122070312,517.1400146484375,502.3088073730469,52561300,0.0,0.0,0.0
2024-05-08,515.260009765625,517.739990234375,515.1400146484375,517.1900024414062,502.35736083984375,42047200,0.0,0.0,0.0
2024-05-09,517.3800048828125,520.2100219726562,516.7100219726562,520.1699829101562,505.25189208984375,43643700,0.0,0.0,0.0
2024-05-10,521.8099975585938,522.6400146484375,519.5900268554688,520.8400268554688,505.9027099609375,52233200,0.0,0.0,0.0
2024-05-13,522.5599975585938,522.6699829101562,519.739990234375,520.9099731445312,505.9705810546875,36716400,0.0,0.0,0.0
2024-05-14,521.1099853515625,523.8300170898438,520.5599975585938,523.2999877929688,508.2921142578125,57535900,0.0,0.0,0.0
2024-05-15,525.8300170898438,530.0800170898438,525.1799926757812,529.780029296875,514.5863037109375,59504900,0.0,0.0,0.0
2024-05-16,529.8800048828125,531.52001953125,528.5399780273438,528.6900024414062,513.5274658203125,50244800,0.0,0.0,0.0
2024-05-17,528.8099975585938,529.52001953125,527.3200073242188,529.4500122070312,514.2656860351562,59187600,0.0,0.0,0.0
2024-05-20,529.5700073242188,531.5599975585938,529.1699829101562,530.0599975585938,514.8583374023438,37764200,0.0,0.0,0.0
2024-05-21,529.280029296875,531.52001953125,529.0700073242188,531.3599853515625,516.1209106445312,33437000,0.0,0.0,0.0
2024-05-22,530.6500244140625,531.3800048828125,527.5999755859375,529.8300170898438,514.6349487304688,48390000,0.0,0.0,0.0
2024-05-23,532.9600219726562,533.0700073242188,524.719970703125,525.9600219726562,510.87591552734375,57211200,0.0,0.0,0.0
2024-05-24,527.8499755859375,530.27001953125,526.8800048828125,529.4400024414062,514.2560424804688,41291100,0.0,0.0,0.0
2024-05-28,530.27001953125,530.510009765625,527.1099853515625,529.8099975585938,514.6155395507812,36269600,0.0,0.0,0.0
2024-05-29,525.6799926757812,527.3099975585938,525.3699951171875,526.0999755859375,511.01171875,45190300,0.0,0.0,0.0
2024-05-30,524.52001953125,525.2000122070312,521.3300170898438,522.6099853515625,507.6219482421875,46377600,0.0,0.0,0.0
2024-05-31,523.5900268554688,527.5,518.3599853515625,527.3699951171875,512.2453002929688,90785800,0.0,0.0,0.0
2024-06-03,529.02001953125,529.3099975585938,522.5999755859375,527.7999877929688,512.6630249023438,46835700,0.0,0.0,0.0
2024-06-04,526.4600219726562,529.1500244140625,524.9600219726562,528.3900146484375,513.236083984375,34632700,0.0,0.0,0.0
2024-06-05,530.77001953125,534.6900024414062,528.72998046875,534.6699829101562,519.3359985351562,47610400,0.0,0.0,0.0
2024-06-06,534.97998046875,535.4199829101562,532.6799926757812,534.6599731445312,519.3263549804688,30808500,0.0,0.0,0.0
2024-06-07,533.6599731445312,536.8900146484375,532.5399780273438,534.010009765625,518.6949462890625,43224500,0.0,0.0,0.0
2024-06-10,533.1799926757812,535.989990234375,532.5700073242188,535.6599731445312,520.2975463867188,35686100,0.0,0.0,0.0
2024-06-11,534.0700073242188,537.010009765625,532.0499877929688,536.9500122070312,521.5506591796875,36383400,0.0,0.0,0.0
2024-06-12,541.6300048828125,544.1199951171875,540.2999877929688,541.3599853515625,525.8341064453125,63251300,0.0,0.0,0.0
2024-06-13,543.1500244140625,543.3300170898438,539.5900268554688,542.4500122070312,526.8930053710938,44760900,0.0,0.0,0.0
2024-06-14,540.8800048828125,542.8099975585938,539.8499755859375,542.780029296875,527.2135009765625,40089900,0.0,0.0,0.0
2024-06-17,542.0800170898438,548.530029296875,541.6099853515625,547.0999755859375,531.4095458984375,55839500,0.0,0.0,0.0
2024-06-18,547.1599731445312,548.6199951171875,546.72998046875,548.489990234375,532.7597045898438,41376400,0.0,0.0,0.0
2024-06-20,549.4400024414062,550.1199951171875,545.1799926757812,547.0,531.3124389648438,70328200,0.0,0.0,0.0
2024-06-21,544.4000244140625,545.6500244140625,543.02001953125,544.510009765625,530.6001586914062,64338600,1.759,0.0,0.0
2024-06-24,544.3300170898438,546.9500122070312,542.6199951171875,542.739990234375,528.875244140625,45528700,0.0,0.0,0.0
2024-06-25,543.989990234375,545.2000122070312,542.4400024414062,544.8300170898438,530.911865234375,37936200,0.0,0.0,0.0
2024-06-26,543.6900024414062,546.239990234375,543.030029296875,545.510009765625,531.5745849609375,38550600,0.0,0.0,0.0
2024-06-27,545.3699951171875,546.9600219726562,544.6099853515625,546.3699951171875,532.41259765625,35041500,0.0,0.0,0.0
2024-06-28,547.1599731445312,550.280029296875,542.9500122070312,544.219970703125,530.3175659179688,76144500,0.0,0.0,0.0
2024-07-01,545.6300048828125,545.8800048828125,542.52001953125,545.3400268554688,531.408935546875,40297800,0.0,0.0,0.0
2024-07-02,543.7000122070312,549.010009765625,543.6500244140625,549.010009765625,534.985107421875,40434800,0.0,0.0,0.0
2024-07-03,548.6900024414062,551.8300170898438,548.6500244140625,551.4600219726562,537.37255859375,32789900,0.0,0.0,0.0
2024-07-05,551.77001953125,555.0499877929688,551.1199951171875,554.6400146484375,540.4712524414062,41488400,0.0,0.0,0.0
2024-07-08,555.4400024414062,556.25,554.1900024414062,555.280029296875,541.0950317382812,36110500,0.0,0.0,0.0
2024-07-09,556.260009765625,557.1799926757812,555.52001953125,555.8200073242188,541.6212158203125,27289700,0.0,0.0,0.0
2024-07-10,557.0700073242188,561.6699829101562,556.77001953125,561.3200073242188,546.980712890625,38701200,0.0,0.0,0.0
2024-07-11,561.4400024414062,562.3300170898438,555.8300170898438,556.47998046875,542.2642822265625,53054200,0.0,0.0,0.0
2024-07-12,557.6300048828125,563.6699829101562,557.1500244140625,559.989990234375,545.6846313476562,53084400,0.0,0.0,0.0
2024-07-15,562.030029296875,564.8400268554688,559.6300048828125,561.530029296875,547.1852416992188,40584300,0.0,0.0,0.0
2024-07-16,562.8699951171875,565.1599731445312,562.0999755859375,564.8599853515625,550.4302368164062,36475300,0.0,0.0,0.0
2024-07-17,558.7999877929688,560.510009765625,556.6099853515625,556.9400024414062,542.7124633789062,57119000,0.0,0.0,0.0
2024-07-18,558.510009765625,559.52001953125,550.4299926757812,552.6599731445312,538.5419311523438,56270400,0.0,0.0,0.0
2024-07-19,552.4199829101562,554.0800170898438,547.9099731445312,548.989990234375,534.9656372070312,65509100,0.0,0.0,0.0
2024-07-22,553.0,555.27001953125,551.02001953125,554.6500244140625,540.4810791015625,43346700,0.0,0.0,0.0
2024-07-23,554.5399780273438,556.739990234375,553.280029296875,553.780029296875,539.63330078125,34439600,0.0,0.0,0.0
2024-07-24,548.8599853515625,549.1699829101562,540.2899780273438,541.22998046875,527.4039306640625,74515300,0.0,0.0,0.0
2024-07-25,541.3499755859375,547.4600219726562,537.4500122070312,538.4099731445312,524.6559448242188,61158300,0.0,0.0,0.0
2024-07-26,542.280029296875,547.1900024414062,541.489990234375,544.4400024414062,530.5318603515625,53763800,0.0,0.0,0.0
2024-07-29,546.02001953125,547.0499877929688,542.719970703125,544.760009765625,530.8436889648438,39515800,0.0,0.0,0.0
2024-07-30,546.260009765625,547.3400268554688,538.52001953125,542.0,528.1541748046875,46853600,0.0,0.0,0.0
2024-07-31,548.97998046875,553.5,547.5800170898438,550.8099975585938,536.7391967773438,65663400,0.0,0.0,0.0
2024-08-01,552.5700073242188,554.8699951171875,539.4299926757812,543.010009765625,529.1384887695312,76428700,0.0,0.0,0.0
2024-08-02,535.75,536.989990234375,528.5999755859375,532.9000244140625,519.2867431640625,82789100,0.0,0.0,0.0
2024-08-05,511.6400146484375,523.5800170898438,510.2699890136719,517.3800048828125,504.1631774902344,146267400,0.0,0.0,0.0
2024-08-06,519.219970703125,529.75,517.8699951171875,522.1500244140625,508.8114013671875,84826300,0.0,0.0,0.0
2024-08-07,528.469970703125,531.5900268554688,518.0499877929688,518.6599731445312,505.41046142578125,70698300,0.0,0.0,0.0
2024-08-08,523.9099731445312,531.2899780273438,521.8400268554688,530.6500244140625,517.0941772460938,63276600,0.0,0.0,0.0
2024-08-09,529.8099975585938,534.510009765625,528.5599975585938,532.989990234375,519.3744506835938,45619600,0.0,0.0,0.0
2024-08-12,534.2100219726562,535.72998046875,530.9500122070312,533.27001953125,519.6472778320312,42542100,0.0,0.0,0.0
2024-08-13,536.530029296875,542.280029296875,536.280029296875,542.0399780273438,528.1932373046875,52333100,0.0,0.0,0.0
2024-08-14,542.8499755859375,544.9600219726562,540.1199951171875,543.75,529.8594970703125,42446900,0.0,0.0,0.0
2024-08-15,549.5,553.3599853515625,548.8800048828125,553.0700073242188,538.94140625,60846800,0.0,0.0,0.0
2024-08-16,551.4199829101562,555.02001953125,551.260009765625,554.3099975585938,540.1497192382812,44430700,0.0,0.0,0.0
2024-08-19,554.72998046875,559.6099853515625,553.8599853515625,559.6099853515625,545.3143310546875,39121800,0.0,0.0,0.0
2024-08-20,559.1500244140625,560.8400268554688,557.3300170898438,558.7000122070312,544.4276123046875,33732300,0.0,0.0,0.0
2024-08-21,559.77001953125,562.1099853515625,554.72998046875,560.6199951171875,546.298583984375,41514600,0.0,0.0,0.0
2024-08-22,562.5599975585938,563.1799926757812,554.97998046875,556.219970703125,542.010986328125,56121500,0.0,0.0,0.0
2024-08-23,559.530029296875,563.0900268554688,557.2899780273438,562.1300048828125,547.7699584960938,50639400,0.0,0.0,0.0
2024-08-26,563.1799926757812,563.9099731445312,559.0499877929688,560.7899780273438,546.464111328125,35788600,0.0,0.0,0.0
2024-08-27,559.489990234375,562.0599975585938,558.3200073242188,561.5599975585938,547.214599609375,32693900,0.0,0.0,0.0
2024-08-28,561.2100219726562,561.6500244140625,555.0399780273438,558.2999877929688,544.0377807617188,41066000,0.0,0.0,0.0
2024-08-29,560.3099975585938,563.6799926757812,557.1799926757812,558.3499755859375,544.0865478515625,38715200,0.0,0.0,0.0
2024-08-30,560.77001953125,564.2000122070312,557.1400146484375,563.6799926757812,549.2803344726562,62700100,0.0,0.0,0.0
2024-09-03,560.469970703125,560.8099975585938,549.510009765625,552.0800170898438,537.9766235351562,60600100,0.0,0.0,0.0
2024-09-04,550.2000122070312,554.4299926757812,549.4600219726562,550.9500122070312,536.8756103515625,47224900,0.0,0.0,0.0
2024-09-05,550.8900146484375,553.7999877929688,547.0999755859375,549.6099853515625,535.5697631835938,44264300,0.0,0.0,0.0
2024-09-06,549.9400024414062,551.5999755859375,539.4400024414062,540.3599853515625,526.5560913085938,68493800,0.0,0.0,0.0
2024-09-09,544.6500244140625,547.7100219726562,542.6799926757812,546.4099731445312,532.4515991210938,40445800,0.0,0.0,0.0
2024-09-10,548.3599853515625,549.1500244140625,543.3800048828125,548.7899780273438,534.770751953125,36394600,0.0,0.0,0.0
2024-09-11,548.7000122070312,555.3599853515625,539.9600219726562,554.4199829101562,540.2568969726562,75248600,0.0,0.0,0.0
2024-09-12,555.010009765625,559.4000244140625,552.739990234375,559.0900268554688,544.8076782226562,51819600,0.0,0.0,0.0
2024-09-13,559.7100219726562,563.030029296875,559.4500122070312,562.010009765625,547.6530151367188,39310500,0.0,0.0,0.0
2024-09-16,561.739990234375,563.1099853515625,559.9000244140625,562.8400268554688,548.4619140625,36656100,0.0,0.0,0.0
2024-09-17,565.0999755859375,566.5800170898438,560.7899780273438,563.0700073242188,548.6859741210938,49321000,0.0,0.0,0.0
2024-09-18,563.739990234375,568.6900024414062,560.8300170898438,561.4000244140625,547.0586547851562,59044900,0.0,0.0,0.0
2024-09-19,571.010009765625,572.8800048828125,568.0800170898438,570.97998046875,556.3938598632812,75315500,0.0,0.0,0.0
2024-09-20,567.8400268554688,569.3099975585938,565.1699829101562,568.25,555.4320678710938,77503100,1.746,0.0,0.0
2024-09-23,569.3400268554688,570.3300170898438,568.0999755859375,569.6699829101562,556.8200073242188,44116900,0.0,0.0,0.0
2024-09-24,570.47998046875,571.3599853515625,567.5999755859375,571.2999877929688,558.413330078125,46805700,0.0,0.0,0.0
2024-09-25,571.1400146484375,571.8900146484375,568.9099731445312,570.0399780273438,557.1817626953125,38428600,0.0,0.0,0.0
2024-09-26,574.3800048828125,574.7100219726562,569.9000244140625,572.2999877929688,559.3907470703125,48336000,0.0,0.0,0.0
2024-09-27,573.3900146484375,574.219970703125,570.4199829101562,571.469970703125,558.579345703125,42100900,0.0,0.0,0.0
2024-09-30,570.4199829101562,574.3800048828125,568.0800170898438,573.760009765625,560.8177490234375,63557400,0.0,0.0,0.0
2024-10-01,573.4000244140625,574.0599975585938,566.0,568.6199951171875,555.7938232421875,72668800,0.0,0.0,0.0
2024-10-02,567.7100219726562,569.9000244140625,565.27001953125,568.8599853515625,556.0283813476562,38097800,0.0,0.0,0.0
2024-10-03,567.3599853515625,569.7999877929688,565.489990234375,567.8200073242188,555.0117797851562,40846500,0.0,0.0,0.0
2024-10-04,572.3499755859375,573.3599853515625,568.0999755859375,572.97998046875,560.0552978515625,42939100,0.0,0.0,0.0
2024-10-07,571.2999877929688,571.9600219726562,566.6300048828125,567.7999877929688,554.9922485351562,49964700,0.0,0.0,0.0
2024-10-08,570.4199829101562,573.780029296875,569.530029296875,573.1699829101562,560.2410888671875,37398700,0.0,0.0,0.0
2024-10-09,573.1599731445312,577.7100219726562,572.5499877929688,577.1400146484375,564.1216430664062,37912200,0.0,0.0,0.0
2024-10-10,575.77001953125,577.5800170898438,574.489990234375,576.1300048828125,563.1343383789062,44138100,0.0,0.0,0.0
2024-10-11,576.0499877929688,580.3300170898438,575.9099731445312,579.5800170898438,566.5065307617188,42268000,0.0,0.0,0.0
2024-10-14,581.219970703125,585.27001953125,580.72998046875,584.3200073242188,571.1396484375,36217200,0.0,0.0,0.0
2024-10-15,584.5900268554688,584.9000244140625,578.5399780273438,579.780029296875,566.7021484375,54203600,0.0,0.0,0.0
2024-10-16,579.780029296875,582.8300170898438,578.9600219726562,582.2999877929688,569.1651611328125,30725400,0.0,0.0,0.0
2024-10-17,585.9099731445312,586.1199951171875,582.1599731445312,582.3499755859375,569.2140502929688,34393700,0.0,0.0,0.0
2024-10-18,584.0700073242188,585.3900146484375,582.5800170898438,584.5900268554688,571.403564453125,37416800,0.0,0.0,0.0
2024-10-21,583.8499755859375,584.8499755859375,580.5999755859375,583.6300048828125,570.4652099609375,36439000,0.0,0.0,0.0
2024-10-22,581.0499877929688,584.5,580.3800048828125,583.3200073242188,570.1621704101562,34183800,0.0,0.0,0.0
2024-10-23,581.260009765625,581.7100219726562,574.4199829101562,577.989990234375,564.952392578125,49314600,0.0,0.0,0.0
2024-10-24,579.97998046875,580.0599975585938,576.5700073242188,579.239990234375,566.1741943359375,34979900,0.0,0.0,0.0
2024-10-25,581.510009765625,584.4600219726562,578.0800170898438,579.0399780273438,565.9786376953125,47268200,0.0,0.0,0.0
2024-10-28,582.5800170898438,582.7100219726562,580.52001953125,580.8300170898438,567.7283325195312,30174700,0.0,0.0,0.0
2024-10-29,579.8499755859375,582.9099731445312,578.4299926757812,581.77001953125,568.6470947265625,42899700,0.0,0.0,0.0
2024-10-30,581.2899780273438,583.3200073242188,579.2899780273438,580.010009765625,566.9269409179688,41435800,0.0,0.0,0.0
2024-10-31,575.5599975585938,575.6300048828125,568.4400024414062,568.6400146484375,555.8133544921875,60182500,0.0,0.0,0.0
2024-11-01,571.3200073242188,575.5499877929688,570.6199951171875,571.0399780273438,558.1591186523438,45667500,0.0,0.0,0.0
2024-11-04,571.1799926757812,572.5,567.8900146484375,569.8099975585938,556.9569702148438,38217000,0.0,0.0,0.0
2024-11-05,570.739990234375,576.739990234375,570.52001953125,576.7000122070312,563.6915893554688,39478300,0.0,0.0,0.0
2024-11-06,589.2000122070312,591.9299926757812,585.3900146484375,591.0399780273438,577.7080078125,68182000,0.0,0.0,0.0
2024-11-07,593.0800170898438,596.6500244140625,593.0,595.6099853515625,582.1748657226562,47233200,0.0,0.0,0.0
2024-11-08,596.1699829101562,599.6400146484375,596.1699829101562,598.1900024414062,584.69677734375,46444900,0.0,0.0,0.0
2024-11-11,599.8099975585938,600.1699829101562,597.0,598.760009765625,585.25390625,37586800,0.0,0.0,0.0
2024-11-12,598.6799926757812,599.2899780273438,594.3699951171875,596.9000244140625,583.4358520507812,43006100,0.0,0.0,0.0
2024-11-13,597.3699951171875,599.22998046875,594.9600219726562,597.1900024414062,583.7193603515625,47388600,0.0,0.0,0.0
2024-11-14,597.3200073242188,597.8099975585938,592.6500244140625,593.3499755859375,579.9659423828125,38904100,0.0,0.0,0.0
2024-11-15,589.719970703125,590.2000122070312,583.8599853515625,585.75,572.537353515625,75988800,0.0,0.0,0.0
2024-11-18,586.219970703125,589.489990234375,585.3400268554688,588.1500244140625,574.88330078125,37001700,0.0,0.0,0.0
2024-11-19,584.7100219726562,591.0399780273438,584.030029296875,590.2999877929688,576.9846801757812,49412000,0.0,0.0,0.0
2024-11-20,590.3800048828125,590.7899780273438,584.6300048828125,590.5,577.1802368164062,50032600,0.0,0.0,0.0
2024-11-21,593.4000244140625,595.1199951171875,587.4500122070312,593.6699829101562,580.278564453125,46750300,0.0,0.0,0.0
2024-11-22,593.6599731445312,596.1500244140625,593.1500244140625,595.510009765625,582.0771484375,38226400,0.0,0.0,0.0
2024-11-25,599.52001953125,600.8599853515625,595.2000122070312,597.530029296875,584.0516967773438,42441400,0.0,0.0,0.0
2024-11-26,598.7999877929688,601.3300170898438,598.0700073242188,600.6500244140625,587.1012573242188,45621300,0.0,0.0,0.0
2024-11-27,600.4600219726562,600.8499755859375,597.280029296875,598.8300170898438,585.3223266601562,34000200,0.0,0.0,0.0
2024-11-29,599.6599731445312,603.3499755859375,599.3800048828125,602.5499877929688,588.9583129882812,30177400,0.0,0.0,0.0
2024-12-02,602.969970703125,604.3200073242188,602.469970703125,603.6300048828125,590.01416015625,31746000,0.0,0.0,0.0
2024-12-03,603.3900146484375,604.1599731445312,602.3400268554688,603.9099731445312,590.2876586914062,26906600,0.0,0.0,0.0
2024-12-04,605.6300048828125,607.9099731445312,604.9500122070312,607.6599731445312,593.9530639648438,42787600,0.0,0.0,0.0
2024-12-05,607.6599731445312,608.47998046875,606.2999877929688,606.6599731445312,592.9756469726562,28762200,0.0,0.0,0.0
2024-12-06,607.4400024414062,609.0700073242188,607.02001953125,607.8099975585938,594.0996704101562,31241500,0.0,0.0,0.0
2024-12-09,607.6900024414062,607.8599853515625,604.0800170898438,604.6799926757812,591.0403442382812,34742700,0.0,0.0,0.0
2024-12-10,605.3699951171875,605.7999877929688,602.1300048828125,602.7999877929688,589.2027587890625,37234500,0.0,0.0,0.0
2024-12-11,605.780029296875,608.4299926757812,605.5,607.4600219726562,593.7576293945312,28677700,0.0,0.0,0.0
2024-12-12,606.5800170898438,607.1599731445312,604.3300170898438,604.3300170898438,590.6981811523438,31543800,0.0,0.0,0.0
2024-12-13,606.4000244140625,607.1300048828125,602.8099975585938,604.2100219726562,590.5809936523438,35904700,0.0,0.0,0.0
2024-12-16,606.0,607.780029296875,605.2100219726562,606.7899780273438,593.102783203125,43695200,0.0,0.0,0.0
2024-12-17,604.1900024414062,605.1699829101562,602.8900146484375,604.2899780273438,590.6591186523438,55773500,0.0,0.0,0.0
2024-12-18,603.97998046875,606.4099731445312,585.8900146484375,586.280029296875,573.0554809570312,108248700,0.0,0.0,0.0
2024-12-19,591.3599853515625,593.0,585.8499755859375,586.0999755859375,572.87939453125,85919500,0.0,0.0,0.0
2024-12-20,581.77001953125,595.75,580.9099731445312,591.1500244140625,579.7603759765625,125716700,1.966,0.0,0.0
2024-12-23,590.8900146484375,595.2999877929688,587.6599731445312,594.6900024414062,583.2319946289062,57635800,0.0,0.0,0.0
2024-12-24,596.0599975585938,601.3400268554688,595.469970703125,601.2999877929688,589.7146606445312,33160100,0.0,0.0,0.0
2024-12-26,599.5,602.47998046875,598.0800170898438,601.3400268554688,589.7540283203125,41219100,0.0,0.0,0.0
2024-12-27,597.5399780273438,597.780029296875,590.760009765625,595.010009765625,583.5459594726562,64969300,0.0,0.0,0.0
2024-12-30,587.8900146484375,591.739990234375,584.4099731445312,588.219970703125,576.8867797851562,56578800,0.0,0.0,0.0
2024-12-31,589.9099731445312,590.6400146484375,584.4199829101562,586.0800170898438,574.7879638671875,57052700,0.0,0.0,0.0
2025-01-02,589.3900146484375,591.1300048828125,580.5,584.6400146484375,573.375732421875,50204000,0.0,0.0,0.0
2025-01-03,587.530029296875,592.5999755859375,586.4299926757812,591.9500122070312,580.544921875,37888500,0.0,0.0,0.0
2025-01-06,596.27001953125,599.7000122070312,593.5999755859375,595.3599853515625,583.88916015625,47679400,0.0,0.0,0.0
2025-01-07,597.4199829101562,597.75,586.780029296875,588.6300048828125,577.2887573242188,60393100,0.0,0.0,0.0
2025-01-08,588.7000122070312,590.5800170898438,585.2000122070312,589.489990234375,578.1322631835938,47304700,0.0,0.0,0.0
2025-01-10,585.8800048828125,585.9500122070312,578.5499877929688,580.489990234375,569.3056030273438,73105000,0.0,0.0,0.0
2025-01-13,575.77001953125,581.75,575.3499755859375,581.3900146484375,570.1883544921875,47910100,0.0,0.0,0.0
2025-01-14,584.3599853515625,585.0,578.3499755859375,582.1900024414062,570.9729614257812,48420600,0.0,0.0,0.0
2025-01-15,590.3300170898438,593.9400024414062,589.2000122070312,592.780029296875,581.35888671875,56900200,0.0,0.0,0.0
2025-01-16,594.1699829101562,594.3499755859375,590.9299926757812,591.6400146484375,580.2408447265625,43319700,0.0,0.0,0.0
2025-01-17,596.9600219726562,599.3599853515625,595.6099853515625,597.5800170898438,586.0664672851562,58070600,0.0,0.0,0.0
2025-01-21,600.6699829101562,603.0599975585938,598.6699829101562,603.0499877929688,591.4309692382812,42532900,0.0,0.0,0.0
2025-01-22,605.9199829101562,607.8200073242188,605.3599853515625,606.4400024414062,594.7557983398438,48196000,0.0,0.0,0.0
2025-01-23,605.7999877929688,609.75,605.52001953125,609.75,598.0018310546875,41152100,0.0,0.0,0.0
2025-01-24,609.8099975585938,610.780029296875,606.7999877929688,607.969970703125,596.2561645507812,34604700,0.0,0.0,0.0
2025-01-27,594.8099975585938,599.6900024414062,594.6400146484375,599.3699951171875,587.8218383789062,70361100,0.0,0.0,0.0
2025-01-28,600.6199951171875,605.3699951171875,597.25,604.52001953125,592.8726806640625,44433300,0.0,0.0,0.0
2025-01-29,603.719970703125,604.1300048828125,599.219970703125,601.8099975585938,590.21484375,37177400,0.0,0.0,0.0
2025-01-30,603.9600219726562,606.5999755859375,600.719970703125,605.0399780273438,593.382568359375,39281300,0.0,0.0,0.0
2025-01-31,607.5,609.9600219726562,601.0499877929688,601.8200073242188,590.224609375,66566900,0.0,0.0,0.0
2025-02-03,592.6699829101562,600.2899780273438,590.489990234375,597.77001953125,586.2527465820312,65857200,0.0,0.0,0.0
2025-02-04,597.8300170898438,602.2999877929688,597.280029296875,601.780029296875,590.1854858398438,33457800,0.0,0.0,0.0
2025-02-05,600.6400146484375,604.3699951171875,598.5800170898438,604.219970703125,592.5784301757812,30653100,0.0,0.0,0.0
2025-02-06,605.989990234375,606.4500122070312,602.6300048828125,606.3200073242188,594.637939453125,35771500,0.0,0.0,0.0
2025-02-07,606.8900146484375,608.1300048828125,600.0499877929688,600.77001953125,589.1949462890625,50788500,0.0,0.0,0.0
2025-02-10,604.030029296875,605.5,602.739990234375,604.8499755859375,593.1962890625,26048700,0.0,0.0,0.0
2025-02-11,602.5499877929688,605.8599853515625,602.4299926757812,605.3099975585938,593.6473999023438,30056700,0.0,0.0,0.0
2025-02-12,599.2000122070312,604.5499877929688,598.510009765625,603.3599853515625,591.7350463867188,45076100,0.0,0.0,0.0
2025-02-13,604.47998046875,609.9400024414062,603.2000122070312,609.72998046875,597.9822387695312,40921300,0.0,0.0,0.0
2025-02-14,609.9400024414062,610.989990234375,609.0700073242188,609.7000122070312,597.952880859375,26910400,0.0,0.0,0.0
2025-02-18,610.8800048828125,611.489990234375,608.3800048828125,611.489990234375,599.7083129882812,26749000,0.0,0.0,0.0
2025-02-19,610.0800170898438,613.22998046875,609.5599975585938,612.9299926757812,601.1206665039062,31011100,0.0,0.0,0.0
2025-02-20,611.5399780273438,611.6799926757812,607.02001953125,610.3800048828125,598.6198120117188,36554000,0.0,0.0,0.0
2025-02-21,610.1599731445312,610.2999877929688,599.469970703125,599.9400024414062,588.3809814453125,76519800,0.0,0.0,0.0
2025-02-24,602.02001953125,603.030029296875,596.489990234375,597.2100219726562,585.7035522460938,50737200,0.0,0.0,0.0
2025-02-25,597.1500244140625,597.8900146484375,589.5599975585938,594.239990234375,582.790771484375,58266500,0.0,0.0,0.0
2025-02-26,595.9299926757812,599.5800170898438,591.8599853515625,594.5399780273438,583.0849609375,43321600,0.0,0.0,0.0
2025-02-27,596.8499755859375,598.02001953125,584.6500244140625,585.0499877929688,573.7777709960938,74196700,0.0,0.0,0.0
2025-02-28,585.5599975585938,594.719970703125,582.4400024414062,594.1799926757812,582.73193359375,88744100,0.0,0.0,0.0
2025-03-03,596.1799926757812,597.3400268554688,579.9000244140625,583.77001953125,572.5224609375,74249200,0.0,0.0,0.0
2025-03-04,579.7100219726562,585.3900146484375,572.25,576.8599853515625,565.7455444335938,109648200,0.0,0.0,0.0
2025-03-05,576.6900024414062,584.8800048828125,573.0800170898438,583.0599975585938,571.8262329101562,71230500,0.0,0.0,0.0
2025-03-06,575.47998046875,580.1699829101562,570.1199951171875,572.7100219726562,561.675537109375,80094900,0.0,0.0,0.0
2025-03-07,570.9000244140625,577.3900146484375,565.6300048828125,575.9199829101562,564.82373046875,81158800,0.0,0.0,0.0
2025-03-10,567.5900268554688,569.5399780273438,555.5900268554688,560.5800170898438,549.7791748046875,99326600,0.0,0.0,0.0
2025-03-11,559.4000244140625,564.02001953125,552.02001953125,555.9199829101562,545.2090454101562,88102100,0.0,0.0,0.0
2025-03-12,562.1699829101562,563.1099853515625,553.6900024414062,558.8699951171875,548.1021728515625,69588200,0.0,0.0,0.0
2025-03-13,558.489990234375,559.1099853515625,549.6799926757812,551.4199829101562,540.7957153320312,74079400,0.0,0.0,0.0
2025-03-14,556.1099853515625,563.8300170898438,551.489990234375,562.8099975585938,551.9662475585938,62660300,0.0,0.0,0.0
2025-03-17,562.7899780273438,569.7100219726562,562.3499755859375,567.1500244140625,556.2227783203125,49008700,0.0,0.0,0.0
2025-03-18,564.7999877929688,565.02001953125,559.0599975585938,561.02001953125,550.2108154296875,66041400,0.0,0.0,0.0
2025-03-19,562.8300170898438,570.9500122070312,561.6300048828125,567.1300048828125,556.203125,66556000,0.0,0.0,0.0
2025-03-20,563.3300170898438,570.5700073242188,562.5999755859375,565.489990234375,554.5947265625,62958200,0.0,0.0,0.0
2025-03-21,559.280029296875,564.8900146484375,558.030029296875,563.97998046875,554.7776489257812,83763000,1.696,0.0,0.0
2025-03-24,570.7999877929688,575.1500244140625,570.2000122070312,574.0800170898438,564.712890625,58766800,0.0,0.0,0.0
2025-03-25,575.2999877929688,576.4099731445312,573.6900024414062,575.4600219726562,566.0703735351562,38355700,0.0,0.0,0.0
2025-03-26,575.1900024414062,576.3300170898438,567.1900024414062,568.5900268554688,559.3125,51848300,0.0,0.0,0.0
2025-03-27,567.1799926757812,570.9000244140625,564.9400024414062,567.0800170898438,557.8270874023438,42164200,0.0,0.0,0.0
2025-03-28,565.530029296875,566.27001953125,555.0700073242188,555.6599731445312,546.59326171875,71662700,0.0,0.0,0.0
2025-03-31,549.8300170898438,560.7100219726562,546.8699951171875,559.3900146484375,550.2625122070312,95328200,0.0,0.0,0.0
2025-04-01,557.4500122070312,562.9400024414062,553.6799926757812,560.969970703125,551.8167724609375,54609600,0.0,0.0,0.0
2025-04-02,555.0499877929688,567.4199829101562,554.8099975585938,564.52001953125,555.308837890625,76014500,0.0,0.0,0.0
2025-04-03,545.1099853515625,547.969970703125,536.7000122070312,536.7000122070312,527.9428100585938,125986000,0.0,0.0,0.0
2025-04-04,523.6699829101562,525.8699951171875,505.05999755859375,505.2799987792969,497.035400390625,217965100,0.0,0.0,0.0
2025-04-07,489.19000244140625,523.1699829101562,481.79998779296875,504.3800048828125,496.150146484375,256611400,0.0,0.0,0.0
2025-04-08,521.8599853515625,524.97998046875,489.1600036621094,496.4800109863281,488.3790588378906,165816600,0.0,0.0,0.0
2025-04-09,493.44000244140625,548.6199951171875,493.04998779296875,548.6199951171875,539.6683959960938,241867300,0.0,0.0,0.0
2025-04-10,532.1699829101562,533.5,509.32000732421875,524.5800170898438,516.0206298828125,162331200,0.0,0.0,0.0
2025-04-11,523.010009765625,536.4299926757812,520.0700073242188,533.9400024414062,525.2279052734375,97866300,0.0,0.0,0.0
2025-04-14,544.0499877929688,544.280029296875,533.8599853515625,539.1199951171875,530.3233032226562,68034000,0.0,0.0,0.0
2025-04-15,539.6699829101562,543.22998046875,536.8099975585938,537.6099853515625,528.837890625,56892900,0.0,0.0,0.0
2025-04-16,531.6799926757812,537.8900146484375,520.2899780273438,525.6599731445312,517.0828857421875,83484800,0.0,0.0,0.0
2025-04-17,527.6400146484375,531.1699829101562,523.9099731445312,526.4099731445312,517.8206176757812,79868100,0.0,0.0,0.0
2025-04-21,521.1599731445312,521.7000122070312,508.4599914550781,513.8800048828125,505.4950866699219,69368100,0.0,0.0,0.0
2025-04-22,520.1400146484375,529.2999877929688,519.1900024414062,527.25,518.6469116210938,75948100,0.0,0.0,0.0
2025-04-23,540.4299926757812,545.4299926757812,533.8800048828125,535.4199829101562,526.6836547851562,90590700,0.0,0.0,0.0
2025-04-24,536.719970703125,547.4299926757812,535.4500122070312,546.6900024414062,537.7698364257812,64150400,0.0,0.0,0.0
2025-04-25,546.6500244140625,551.0499877929688,543.6900024414062,550.6400146484375,541.6553344726562,61119600,0.0,0.0,0.0
2025-04-28,551.3900146484375,553.5499877929688,545.02001953125,550.8499755859375,541.86181640625,47613800,0.0,0.0,0.0
2025-04-29,548.9099731445312,555.4500122070312,548.5499877929688,554.3200073242188,545.2752685546875,47775100,0.0,0.0,0.0
2025-04-30,547.5700073242188,556.52001953125,541.52001953125,554.5399780273438,545.4916381835938,93101500,0.0,0.0,0.0
2025-05-01,560.3699951171875,564.0700073242188,557.8599853515625,558.469970703125,549.3574829101562,63186100,0.0,0.0,0.0
2025-05-02,564.72998046875,568.3800048828125,562.3800048828125,566.760009765625,557.5122680664062,60717300,0.0,0.0,0.0
2025-05-05,562.5700073242188,566.6500244140625,561.7000122070312,563.510009765625,554.3153076171875,38659200,0.0,0.0,0.0
2025-05-06,557.9299926757812,563.3499755859375,556.9600219726562,558.7999877929688,549.68212890625,48264700,0.0,0.0,0.0
2025-05-07,560.1500244140625,563.8200073242188,556.0399780273438,561.1500244140625,551.9937744140625,55588000,0.0,0.0,0.0
2025-05-08,565.239990234375,570.3099975585938,561.7000122070312,565.0599975585938,555.840087890625,65130800,0.0,0.0,0.0
2025-05-09,566.47998046875,567.5,562.760009765625,564.3400268554688,555.1317749023438,37603400,0.0,0.0,0.0
2025-05-12,581.469970703125,583.0,577.0399780273438,582.989990234375,573.4774169921875,78993600,0.0,0.0,0.0
2025-05-13,583.4099731445312,589.0800170898438,582.8400268554688,586.8400268554688,577.2646484375,67947200,0.0,0.0,0.0
2025-05-14,587.8099975585938,588.97998046875,585.5399780273438,587.5900268554688,578.0023803710938,66283500,0.0,0.0,0.0
2025-05-15,585.5599975585938,590.969970703125,585.0999755859375,590.4600219726562,580.8256225585938,71268100,0.0,0.0,0.0
2025-05-16,591.25,594.5,589.280029296875,594.2000122070312,584.5045166015625,76052100,0.0,0.0,0.0
2025-05-19,588.0999755859375,595.5399780273438,588.0999755859375,594.8499755859375,585.1439208984375,68168500,0.0,0.0,0.0
2025-05-20,593.0900268554688,594.0499877929688,589.5999755859375,592.8499755859375,583.1765747070312,60614500,0.0,0.0,0.0
2025-05-21,588.4400024414062,592.5800170898438,581.8200073242188,582.8599853515625,573.349609375,95197700,0.0,0.0,0.0
2025-05-22,582.6599731445312,586.6199951171875,581.4099731445312,583.0900268554688,573.5758666992188,70860400,0.0,0.0,0.0
2025-05-23,575.97998046875,581.8099975585938,575.5999755859375,579.1099853515625,569.6608276367188,76029000,0.0,0.0,0.0
2025-05-27,586.0700073242188,591.3099975585938,578.4299926757812,591.1500244140625,581.50439453125,72588500,0.0,0.0,0.0
2025-05-28,591.5599975585938,592.77001953125,586.989990234375,587.72998046875,578.14013671875,68445500,0.0,0.0,0.0
2025-05-29,593.0599975585938,593.2000122070312,586.0700073242188,590.0499877929688,580.4222412109375,69973300,0.0,0.0,0.0
2025-05-30,588.9299926757812,591.1300048828125,583.239990234375,589.3900146484375,579.7730712890625,90601200,0.0,0.0,0.0
2025-06-02,587.760009765625,592.7899780273438,585.0599975585938,592.7100219726562,583.0388793945312,61630500,0.0,0.0,0.0
2025-06-03,592.3400268554688,597.0800170898438,591.8499755859375,596.0900268554688,586.3637084960938,63606200,0.0,0.0,0.0
2025-06-04,596.9600219726562,597.9500122070312,595.489990234375,595.9299926757812,586.206298828125,57314200,0.0,0.0,0.0
2025-06-05,597.6300048828125,599.0,591.0499877929688,593.0499877929688,583.3732299804688,92278700,0.0,0.0,0.0
2025-06-06,598.6599731445312,600.8300170898438,596.8599853515625,599.1400146484375,589.3639526367188,66588700,0.0,0.0,0.0
2025-06-09,599.719970703125,601.25,598.489990234375,599.6799926757812,589.8950805664062,53016400,0.0,0.0,0.0
2025-06-10,600.219970703125,603.469970703125,599.0900268554688,603.0800170898438,593.2396850585938,66247000,0.0,0.0,0.0
2025-06-11,604.1900024414062,605.0599975585938,599.27001953125,601.3599853515625,591.5476684570312,73658200,0.0,0.0,0.0
2025-06-12,600.010009765625,603.75,599.52001953125,603.75,593.8987426757812,64129000,0.0,0.0,0.0
2025-06-13,598.5,601.8499755859375,595.47998046875,597.0,587.2587890625,89506000,0.0,0.0,0.0
2025-06-16,600.4000244140625,604.4500122070312,600.219970703125,602.6799926757812,592.84619140625,79984100,0.0,0.0,0.0
2025-06-17,600.2100219726562,601.75,596.760009765625,597.530029296875,587.7802734375,82209400,0.0,0.0,0.0
2025-06-18,598.4400024414062,601.219970703125,596.469970703125,597.4400024414062,587.691650390625,76605000,0.0,0.0,0.0
2025-06-20,598.3800048828125,599.4600219726562,592.8599853515625,594.280029296875,586.3114624023438,94051400,1.761,0.0,0.0
2025-06-23,595.0399780273438,600.5399780273438,591.8900146484375,600.1500244140625,592.1026611328125,87426000,0.0,0.0,0.0
2025-06-24,604.3300170898438,607.8499755859375,603.4099731445312,606.780029296875,598.6439208984375,67735300,0.0,0.0,0.0
2025-06-25,607.9099731445312,608.6099853515625,605.5399780273438,607.1199951171875,598.979248046875,62114800,0.0,0.0,0.0
2025-06-26,608.989990234375,612.3099975585938,608.3699951171875,611.8699951171875,603.6655883789062,78548400,0.0,0.0,0.0
2025-06-27,612.8800048828125,616.3900146484375,610.8300170898438,614.9099731445312,606.6647338867188,86258400,0.0,0.0,0.0
2025-06-30,617.3800048828125,619.219970703125,615.0399780273438,617.8499755859375,609.5653686523438,92502500,0.0,0.0,0.0
2025-07-01,616.3599853515625,618.8300170898438,615.52001953125,617.6500244140625,609.3681640625,70030100,0.0,0.0,0.0
2025-07-02,617.239990234375,620.489990234375,616.6099853515625,620.4500122070312,612.1305541992188,66510400,0.0,0.0,0.0
2025-07-03,622.4500122070312,626.280029296875,622.4299926757812,625.3400268554688,616.9549560546875,51065800,0.0,0.0,0.0
2025-07-07,623.3599853515625,624.030029296875,617.8699951171875,620.6799926757812,612.3574829101562,74814500,0.0,0.0,0.0
2025-07-08,621.3499755859375,622.1099853515625,619.52001953125,620.3400268554688,612.02197265625,59024600,0.0,0.0,0.0
2025-07-09,622.77001953125,624.719970703125,620.9099731445312,624.0599975585938,615.692138671875,66113300,0.0,0.0,0.0
2025-07-10,624.2000122070312,626.8699951171875,623.010009765625,625.8200073242188,617.4285888671875,57529000,0.0,0.0,0.0
2025-07-11,622.739990234375,624.8599853515625,621.530029296875,623.6199951171875,615.2579956054688,63670200,0.0,0.0,0.0
2025-07-14,623.1599731445312,625.1599731445312,621.7999877929688,624.8099975585938,616.4320678710938,51898500,0.0,0.0,0.0
2025-07-15,627.52001953125,627.8599853515625,622.0599975585938,622.1400146484375,613.7979736328125,74317300,0.0,0.0,0.0
2025-07-16,623.739990234375,624.72998046875,618.0499877929688,624.219970703125,615.8499755859375,88987500,0.0,0.0,0.0
2025-07-17,624.4000244140625,628.4000244140625,624.1799926757812,628.0399780273438,619.61865234375,68885700,0.0,0.0,0.0
2025-07-18,629.2999877929688,629.469970703125,626.4600219726562,627.5800170898438,619.1649780273438,65621600,0.0,0.0,0.0
2025-07-21,628.77001953125,631.5399780273438,628.3400268554688,628.77001953125,620.3389282226562,63375000,0.0,0.0,0.0
2025-07-22,629.0999755859375,629.72998046875,626.1900024414062,628.8599853515625,620.427734375,60046300,0.0,0.0,0.0
2025-07-23,631.5499877929688,634.2100219726562,629.72998046875,634.2100219726562,625.7059936523438,70511000,0.0,0.0,0.0
2025-07-24,634.5999755859375,636.1500244140625,633.989990234375,634.4199829101562,625.9132690429688,71307100,0.0,0.0,0.0
2025-07-25,635.0900268554688,637.5800170898438,634.8400268554688,637.0999755859375,628.5572509765625,56865400,0.0,0.0,0.0
2025-07-28,637.47998046875,638.0399780273438,635.5399780273438,636.9400024414062,628.3993530273438,54917100,0.0,0.0,0.0
2025-07-29,638.3499755859375,638.6699829101562,634.3400268554688,635.260009765625,626.741943359375,60556300,0.0,0.0,0.0
2025-07-30,635.9199829101562,637.6799926757812,631.5399780273438,634.4600219726562,625.9526977539062,80418900,0.0,0.0,0.0
2025-07-31,639.4600219726562,639.8499755859375,630.77001953125,632.0800170898438,623.6046142578125,103385200,0.0,0.0,0.0
2025-08-01,626.2999877929688,626.3400268554688,619.2899780273438,621.719970703125,613.3834838867188,140103600,0.0,0.0,0.0
2025-08-04,625.6699829101562,631.219970703125,625.5800170898438,631.1699829101562,622.7067260742188,73218000,0.0,0.0,0.0
2025-08-05,631.7899780273438,632.6099853515625,627.0399780273438,627.969970703125,619.5496215820312,68051400,0.0,0.0,0.0
2025-08-06,629.0499877929688,633.4400024414062,628.1300048828125,632.780029296875,624.2952270507812,64357500,0.0,0.0,0.0
2025-08-07,636.239990234375,636.97998046875,629.1099853515625,632.25,623.7722778320312,74205800,0.0,0.0,0.0
2025-08-08,634.0599975585938,637.6500244140625,633.739990234375,637.1799926757812,628.6361694335938,64051600,0.0,0.0,0.0
2025-08-11,637.4600219726562,638.9500122070312,634.6599731445312,635.9199829101562,627.3930053710938,58742300,0.0,0.0,0.0
2025-08-12,638.2899780273438,642.8499755859375,636.7899780273438,642.6900024414062,634.072265625,64730800,0.0,0.0,0.0
2025-08-13,644.9099731445312,646.1900024414062,642.6799926757812,644.8900146484375,636.2427978515625,60092800,0.0,0.0,0.0
2025-08-14,642.7899780273438,645.6199951171875,642.3400268554688,644.9500122070312,636.302001953125,59327500,0.0,0.0,0.0
2025-08-15,645.989990234375,646.0900268554688,642.52001953125,643.4400024414062,634.812255859375,68592500,0.0,0.0,0.0
2025-08-18,642.8599853515625,644.0,642.1799926757812,643.2999877929688,634.6741943359375,43804900,0.0,0.0,0.0
2025-08-19,643.1199951171875,644.1099853515625,638.47998046875,639.8099975585938,631.23095703125,69750700,0.0,0.0,0.0
2025-08-20,639.4000244140625,639.6599731445312,632.9500122070312,638.1099853515625,629.5537109375,88890300,0.0,0.0,0.0
2025-08-21,636.280029296875,637.969970703125,633.8099975585938,635.5499877929688,627.028076171875,54805800,0.0,0.0,0.0
2025-08-22,637.760009765625,646.5,637.25,645.3099975585938,636.6571655273438,84083200,0.0,0.0,0.0
2025-08-25,644.0399780273438,645.2899780273438,642.3499755859375,642.469970703125,633.855224609375,51274300,0.0,0.0,0.0
2025-08-26,642.2000122070312,645.510009765625,641.5700073242188,645.1599731445312,636.5090942382812,51581600,0.0,0.0,0.0
2025-08-27,644.5700073242188,647.3699951171875,644.4199829101562,646.6300048828125,637.95947265625,48341100,0.0,0.0,0.0
2025-08-28,647.239990234375,649.47998046875,645.3400268554688,648.9199829101562,640.21875,61519500,0.0,0.0,0.0
2025-08-29,647.469970703125,647.8400268554688,643.1400146484375,645.0499877929688,636.4006958007812,74522200,0.0,0.0,0.0
2025-09-02,637.5,640.489990234375,634.9199829101562,640.27001953125,631.684814453125,81983500,0.0,0.0,0.0
2025-09-03,642.6699829101562,644.2100219726562,640.4600219726562,643.739990234375,635.1082153320312,70820900,0.0,0.0,0.0
2025-09-04,644.4199829101562,649.1500244140625,643.510009765625,649.1199951171875,640.4161376953125,65219200,0.0,0.0,0.0
2025-09-05,651.47998046875,652.2100219726562,643.3300170898438,647.239990234375,638.5613403320312,85178900,0.0,0.0,0.0
2025-09-08,648.6199951171875,649.8400268554688,647.22998046875,648.8300170898438,640.1300048828125,63133100,0.0,0.0,0.0
2025-09-09,648.969970703125,650.8599853515625,647.219970703125,650.3300170898438,641.6099243164062,66133900,0.0,0.0,0.0
2025-09-10,653.6199951171875,654.5499877929688,650.6300048828125,652.2100219726562,643.4647216796875,78034500,0.0,0.0,0.0
2025-09-11,654.1799926757812,658.3300170898438,653.5900268554688,657.6300048828125,648.8119506835938,69934400,0.0,0.0,0.0
2025-09-12,657.5999755859375,659.1099853515625,656.9000244140625,657.4099731445312,648.594970703125,72780100,0.0,0.0,0.0
2025-09-15,659.6400146484375,661.0399780273438,659.3400268554688,660.9099731445312,652.0479736328125,63772400,0.0,0.0,0.0
2025-09-16,661.469970703125,661.780029296875,659.2100219726562,660.0,651.1502075195312,61169000,0.0,0.0,0.0
2025-09-17,660.010009765625,661.719970703125,654.2999877929688,659.1799926757812,650.3411865234375,101952200,0.0,0.0,0.0
2025-09-18,661.8900146484375,664.8900146484375,660.27001953125,662.260009765625,653.3798828125,90459200,0.0,0.0,0.0
2025-09-19,662.3300170898438,664.5499877929688,660.3699951171875,663.7000122070312,656.6160278320312,97945600,1.831,0.0,0.0
2025-09-22,662.2000122070312,667.2899780273438,662.1699829101562,666.8400268554688,659.7225952148438,69452200,0.0,0.0,0.0
2025-09-23,666.719970703125,667.3400268554688,661.97998046875,663.2100219726562,656.1311645507812,81708900,0.0,0.0,0.0
2025-09-24,664.510009765625,664.6099853515625,659.6699829101562,661.0999755859375,654.043701171875,68082200,0.0,0.0,0.0
2025-09-25,657.9400024414062,659.4099731445312,654.4099731445312,658.0499877929688,651.0263061523438,89622100,0.0,0.0,0.0
2025-09-26,659.510009765625,662.3699951171875,657.8800048828125,661.8200073242188,654.756103515625,69179200,0.0,0.0,0.0
2025-09-29,664.3599853515625,665.280029296875,661.8599853515625,663.6799926757812,656.59619140625,73499000,0.0,0.0,0.0
2025-09-30,662.9299926757812,666.6500244140625,661.6099853515625,666.1799926757812,659.0694580078125,86288000,0.0,0.0,0.0
2025-10-01,663.1699829101562,669.3699951171875,663.0599975585938,668.4500122070312,661.3153076171875,72545400,0.0,0.0,0.0
2025-10-02,670.4500122070312,670.5700073242188,666.780029296875,669.219970703125,662.0769653320312,56896000,0.0,0.0,0.0
2025-10-03,669.989990234375,672.6799926757812,668.1599731445312,669.2100219726562,662.0672607421875,70494400,0.0,0.0,0.0
2025-10-06,671.6199951171875,672.510009765625,669.4600219726562,671.6099853515625,664.4415283203125,54623300,0.0,0.0,0.0
2025-10-07,672.5399780273438,672.989990234375,667.6699829101562,669.1199951171875,661.9781494140625,72020100,0.0,0.0,0.0
2025-10-08,670.25,673.2100219726562,669.4199829101562,673.1099853515625,665.925537109375,60702200,0.0,0.0,0.0
2025-10-09,673.530029296875,673.9400024414062,669.2100219726562,671.1599731445312,663.9963989257812,66501900,0.0,0.0,0.0
2025-10-10,672.1300048828125,673.9500122070312,652.8400268554688,653.02001953125,646.0499877929688,159422600,0.0,0.0,0.0
2025-10-13,660.6500244140625,665.1300048828125,659.77001953125,663.0399780273438,655.9630126953125,79560500,0.0,0.0,0.0
2025-10-14,657.1699829101562,665.8300170898438,653.1699829101562,662.22998046875,655.1616821289062,88779600,0.0,0.0,0.0
2025-10-15,666.8200073242188,670.22998046875,658.9299926757812,665.1699829101562,658.0703125,81702600,0.0,0.0,0.0
2025-10-16,666.8200073242188,668.7100219726562,657.1099853515625,660.6400146484375,653.588623046875,110563300,0.0,0.0,0.0
2025-10-17,659.5,665.760009765625,658.1400146484375,664.3900146484375,657.2986450195312,96500900,0.0,0.0,0.0
2025-10-20,667.3200073242188,672.2100219726562,667.27001953125,671.2999877929688,664.1348266601562,60493400,0.0,0.0,0.0
2025-10-21,671.4400024414062,672.989990234375,669.97998046875,671.2899780273438,664.1249389648438,56249000,0.0,0.0,0.0
2025-10-22,672.0,672.0,663.2999877929688,667.7999877929688,660.6721801757812,80564000,0.0,0.0,0.0
2025-10-23,668.1199951171875,672.7100219726562,667.7999877929688,671.760009765625,664.5899658203125,65604500,0.0,0.0,0.0
2025-10-24,676.4600219726562,678.469970703125,675.6500244140625,677.25,670.0213623046875,74356500,0.0,0.0,0.0
2025-10-27,682.72998046875,685.5399780273438,682.1199951171875,685.239990234375,677.9260864257812,63339800,0.0,0.0,0.0
2025-10-28,687.0499877929688,688.9099731445312,684.8300170898438,687.0599975585938,679.7266235351562,61738100,0.0,0.0,0.0
2025-10-29,688.719970703125,689.7000122070312,682.8699951171875,687.3900146484375,680.0531616210938,85657100,0.0,0.0,0.0
2025-10-30,683.9000244140625,685.9400024414062,679.8300170898438,679.8300170898438,672.5739135742188,76335800,0.0,0.0,0.0
2025-10-31,685.0399780273438,685.0800170898438,679.239990234375,682.0599975585938,674.780029296875,87164100,0.0,0.0,0.0
2025-11-03,685.6699829101562,685.7999877929688,679.9400024414062,683.3400268554688,676.04638671875,57315000,0.0,0.0,0.0
2025-11-04,676.1099853515625,679.9600219726562,674.5800170898438,675.239990234375,668.0327758789062,78427000,0.0,0.0,0.0
2025-11-05,674.97998046875,680.8599853515625,674.1699829101562,677.5800170898438,670.3478393554688,74402400,0.0,0.0,0.0
2025-11-06,676.469970703125,677.3800048828125,668.719970703125,670.3099975585938,663.1554565429688,85035300,0.0,0.0,0.0
2025-11-07,667.9099731445312,671.0800170898438,661.2100219726562,670.969970703125,663.808349609375,100592400,0.0,0.0,0.0
2025-11-10,677.239990234375,682.1799926757812,675.030029296875,681.4400024414062,674.1666259765625,75842900,0.0,0.0,0.0
2025-11-11,679.9500122070312,683.5700073242188,678.72998046875,683.0,675.7098999023438,58953400,0.0,0.0,0.0
2025-11-12,684.7899780273438,684.9600219726562,680.9500122070312,683.3800048828125,676.0859375,62312500,0.0,0.0,0.0
2025-11-13,680.5,680.8599853515625,670.52001953125,672.0399780273438,664.8670043945312,103457800,0.0,0.0,0.0
2025-11-14,665.3800048828125,675.6599731445312,663.27001953125,671.9299926757812,664.758056640625,96846700,0.0,0.0,0.0
2025-11-17,669.7000122070312,673.7100219726562,662.1699829101562,665.6699829101562,658.5650024414062,90456100,0.0,0.0,0.0
2025-11-18,662.0999755859375,665.1199951171875,655.8599853515625,660.0800170898438,653.0346069335938,114467500,0.0,0.0,0.0
2025-11-19,660.780029296875,667.3400268554688,658.75,662.6300048828125,655.5574340820312,94703000,0.0,0.0,0.0
2025-11-20,672.9099731445312,675.5599975585938,651.8900146484375,652.530029296875,645.5652465820312,165293500,0.0,0.0,0.0
2025-11-21,655.0499877929688,664.5499877929688,650.8499755859375,659.030029296875,651.9959106445312,123956200,0.0,0.0,0.0
2025-11-24,662.6900024414062,670.0599975585938,661.5900268554688,668.72998046875,661.59228515625,80437900,0.0,0.0,0.0
2025-11-25,668.6300048828125,676.2100219726562,664.47998046875,675.02001953125,667.815185546875,81077100,0.0,0.0,0.0
2025-11-26,677.6300048828125,681.7000122070312,676.719970703125,679.6799926757812,672.4254150390625,71879600,0.0,0.0,0.0
2025-11-28,680.8599853515625,683.6699829101562,680.5,683.3900146484375,676.0958862304688,49212000,0.0,0.0,0.0
2025-12-01,678.8099975585938,682.989990234375,678.739990234375,680.27001953125,673.0091552734375,61201200,0.0,0.0,0.0
2025-12-02,681.9199829101562,683.8200073242188,679.3300170898438,681.530029296875,674.2556762695312,62953800,0.0,0.0,0.0
2025-12-03,680.5700073242188,684.9099731445312,679.6900024414062,683.8900146484375,676.5905151367188,57238500,0.0,0.0,0.0
2025-12-04,685.2999877929688,685.3699951171875,681.3400268554688,684.3900146484375,677.085205078125,61970300,0.0,0.0,0.0
2025-12-05,685.469970703125,688.3900146484375,684.5800170898438,685.6900024414062,678.3712158203125,79241000,0.0,0.0,0.0
2025-12-08,686.5900268554688,686.6400146484375,681.5700073242188,683.6300048828125,676.3333129882812,55231500,0.0,0.0,0.0
2025-12-09,683.1500244140625,685.3900146484375,682.5900268554688,683.0399780273438,675.7495727539062,58310100,0.0,0.0,0.0
2025-12-10,682.5599975585938,688.969970703125,681.3099975585938,687.5700073242188,680.231201171875,85671300,0.0,0.0,0.0
2025-12-11,685.1400146484375,689.25,682.1699829101562,689.1699829101562,681.8141479492188,86173700,0.0,0.0,0.0
2025-12-12,688.1699829101562,688.8800048828125,679.1699829101562,681.760009765625,674.4832763671875,113160300,0.0,0.0,0.0
2025-12-15,685.739990234375,685.760009765625,679.25,680.72998046875,673.4641723632812,90811000,0.0,0.0,0.0
2025-12-16,679.22998046875,681.0800170898438,674.97998046875,678.8699951171875,671.6240844726562,122030600,0.0,0.0,0.0
2025-12-17,679.8900146484375,680.4400024414062,671.2000122070312,671.4000244140625,664.23388671875,110625200,0.0,0.0,0.0
2025-12-18,677.5999755859375,680.739990234375,674.9000244140625,676.469970703125,669.2496337890625,108650100,0.0,0.0,0.0
2025-12-19,676.5900268554688,681.0900268554688,676.469970703125,680.5900268554688,675.3153686523438,103599500,1.993,0.0,0.0
2025-12-22,683.9400024414062,685.3599853515625,680.5900268554688,684.8300170898438,679.5224609375,69556700,0.0,0.0,0.0
2025-12-23,683.9199829101562,688.2000122070312,683.8699951171875,687.9600219726562,682.6282348632812,64840000,0.0,0.0,0.0
2025-12-24,687.9500122070312,690.8300170898438,687.7999877929688,690.3800048828125,685.0294799804688,39445600,0.0,0.0,0.0
2025-12-26,690.6400146484375,691.6599731445312,689.27001953125,690.3099975585938,684.9600219726562,41613300,0.0,0.0,0.0
2025-12-29,687.5399780273438,689.2000122070312,686.0700073242188,687.8499755859375,682.51904296875,62559500,0.0,0.0,0.0
2025-12-30,687.4500122070312,688.5599975585938,686.5800170898438,687.010009765625,681.685546875,47160700,0.0,0.0,0.0
2025-12-31,687.1400146484375,687.3599853515625,681.7100219726562,681.9199829101562,676.635009765625,74144800,0.0,0.0,0.0
2026-01-02,685.7100219726562,686.8699951171875,679.8200073242188,683.1699829101562,677.8753051757812,89377200,0.0,0.0,0.0
2026-01-05,686.5399780273438,689.4299926757812,686.3800048828125,687.719970703125,682.3900756835938,71927200,0.0,0.0,0.0
2026-01-06,687.9299926757812,692.3200073242188,687.780029296875,691.8099975585938,686.4483642578125,69273800,0.0,0.0,0.0
2026-01-07,692.1900024414062,693.9600219726562,689.3200073242188,689.5800170898438,684.2356567382812,75588300,0.0,0.0,0.0
2026-01-08,688.8200073242188,690.6199951171875,687.489990234375,689.510009765625,684.1661987304688,64019200,0.0,0.0,0.0
2026-01-09,690.6300048828125,695.3099975585938,689.1799926757812,694.0700073242188,688.6908569335938,80125500,0.0,0.0,0.0
2026-01-12,690.6799926757812,696.0900268554688,690.6300048828125,695.1599731445312,689.7723388671875,63976000,0.0,0.0,0.0
2026-01-13,695.489990234375,696.0900268554688,691.3499755859375,693.77001953125,688.3931884765625,78309700,0.0,0.0,0.0
2026-01-14,691.0,691.719970703125,686.0399780273438,690.3599853515625,685.009521484375,94676700,0.0,0.0,0.0
2026-01-15,694.5700073242188,695.4500122070312,691.25,692.239990234375,686.875,77862000,0.0,0.0,0.0
2026-01-16,693.6599731445312,694.25,690.0999755859375,691.6599731445312,686.299560546875,79289200,0.0,0.0,0.0
2026-01-20,681.489990234375,684.77001953125,676.5700073242188,677.5800170898438,672.3286743164062,111623300,0.0,0.0,0.0
2026-01-21,679.6500244140625,688.739990234375,678.1300048828125,685.4000244140625,680.0880737304688,127844500,0.0,0.0,0.0
2026-01-22,689.8499755859375,691.1300048828125,686.9199829101562,688.97998046875,683.6403198242188,77112200,0.0,0.0,0.0
2026-01-23,688.1500244140625,690.9600219726562,687.1599731445312,689.22998046875,683.8883056640625,63059600,0.0,0.0,0.0
2026-01-26,690.489990234375,694.1300048828125,689.9199829101562,692.72998046875,687.3612060546875,60473800,0.0,0.0,0.0
2026-01-27,694.1799926757812,696.530029296875,693.5700073242188,695.489990234375,690.099853515625,55506100,0.0,0.0,0.0
2026-01-28,697.0499877929688,697.8400268554688,693.9400024414062,695.4199829101562,690.0303955078125,61172200,0.0,0.0,0.0
2026-01-29,696.3900146484375,697.0599975585938,684.8300170898438,694.0399780273438,688.6610717773438,97486200,0.0,0.0,0.0
2026-01-30,691.7899780273438,694.2100219726562,687.1199951171875,691.969970703125,686.6071166992188,101835100,0.0,0.0,0.0
2026-02-02,689.5800170898438,696.9299926757812,689.4199829101562,695.4099731445312,690.0204467773438,79286500,0.0,0.0,0.0
2026-02-03,696.2100219726562,696.9600219726562,684.030029296875,689.530029296875,684.18603515625,107904600,0.0,0.0,0.0
2026-02-04,690.3499755859375,691.4500122070312,681.760009765625,686.1900024414062,680.8718872070312,105204600,0.0,0.0,0.0
2026-02-05,680.9400024414062,683.6900024414062,675.7899780273438,677.6199951171875,672.3683471679688,113610800,0.0,0.0,0.0
2026-02-06,681.4600219726562,692.3099975585938,680.8499755859375,690.6199951171875,685.267578125,89127600,0.0,0.0,0.0
2026-02-09,689.4199829101562,695.8699951171875,688.3400268554688,693.9500122070312,688.57177734375,73885200,0.0,0.0,0.0
2026-02-10,694.9500122070312,696.5399780273438,691.6599731445312,692.1199951171875,686.7559204101562,65185700,0.0,0.0,0.0
2026-02-11,696.3900146484375,697.1400146484375,689.1799926757812,691.9600219726562,686.5972290039062,76353900,0.0,0.0,0.0
2026-02-12,694.239990234375,695.3499755859375,680.3699951171875,681.27001953125,675.9900512695312,118829000,0.0,0.0,0.0
2026-02-13,681.6900024414062,686.280029296875,677.52001953125,681.75,676.4663696289062,96267500,0.0,0.0,0.0
2026-02-17,680.1400146484375,684.9400024414062,675.780029296875,682.8499755859375,677.5578002929688,81354700,0.0,0.0,0.0
2026-02-18,684.02001953125,689.1500244140625,682.8300170898438,686.2899780273438,680.9711303710938,73570300,0.0,0.0,0.0
2026-02-19,683.8400268554688,686.1799926757812,681.5499877929688,684.47998046875,679.1751098632812,58649400,0.0,0.0,0.0
2026-02-20,682.3200073242188,690.0599975585938,681.72998046875,689.4299926757812,684.0868530273438,100034000,0.0,0.0,0.0
2026-02-23,687.8300170898438,690.0,680.3699951171875,682.3900146484375,677.1013793945312,90558100,0.0,0.0,0.0
2026-02-24,681.9000244140625,688.3499755859375,680.0,687.3499755859375,682.0228881835938,73798700,0.0,0.0,0.0
2026-02-25,690.1799926757812,693.6799926757812,690.0999755859375,693.1500244140625,687.7779541015625,56369500,0.0,0.0,0.0
2026-02-26,693.280029296875,693.2999877929688,684.3499755859375,689.2999877929688,683.957763671875,71671000,0.0,0.0,0.0
2026-02-27,683.0900268554688,686.8599853515625,681.6400146484375,685.989990234375,680.6734008789062,83308900,0.0,0.0,0.0
2026-03-02,678.7000122070312,688.6199951171875,678.02001953125,686.3800048828125,681.0604858398438,87477200,0.0,0.0,0.0
2026-03-03,675.0599975585938,682.6099853515625,669.6599731445312,680.3300170898438,675.057373046875,105003100,0.0,0.0,0.0
2026-03-04,681.6300048828125,687.0900268554688,679.6199951171875,685.1300048828125,679.8201904296875,79182200,0.0,0.0,0.0
2026-03-05,682.0800170898438,685.530029296875,675.6099853515625,681.3099975585938,676.0297241210938,106606500,0.0,0.0,0.0
2026-03-06,673.4099731445312,676.1099853515625,669.760009765625,672.3800048828125,667.1689453125,100687000,0.0,0.0,0.0
2026-03-09,666.3900146484375,679.9199829101562,662.3900146484375,678.27001953125,673.0133056640625,102667700,0.0,0.0,0.0
2026-03-10,677.719970703125,683.3599853515625,674.760009765625,677.1799926757812,671.9317016601562,81505300,0.0,0.0,0.0
2026-03-11,677.5800170898438,680.0800170898438,673.3400268554688,676.3300170898438,671.0883178710938,68441700,0.0,0.0,0.0
2026-03-12,671.1599731445312,671.6500244140625,665.8699951171875,666.0599975585938,660.8978881835938,108882200,0.0,0.0,0.0
2026-03-13,669.27001953125,672.3400268554688,661.3599853515625,662.2899780273438,657.1571655273438,97200200,0.0,0.0,0.0
2026-03-16,668.3800048828125,672.0700073242188,667.1199951171875,669.030029296875,663.8449096679688,82023100,0.0,0.0,0.0
2026-03-17,672.3900146484375,674.4400024414062,669.7000122070312,670.7899780273438,665.5912475585938,87128000,0.0,0.0,0.0
2026-03-18,668.3599853515625,669.719970703125,661.1900024414062,661.4299926757812,656.3038330078125,82062600,0.0,0.0,0.0
2026-03-19,656.969970703125,662.97998046875,655.1699829101562,659.7999877929688,654.6864013671875,111272500,0.0,0.0,0.0
2026-03-20,656.510009765625,656.6900024414062,644.719970703125,648.5700073242188,645.301025390625,163617500,1.797,0.0,0.0
2026-03-23,658.0700073242188,662.6199951171875,653.9400024414062,655.3800048828125,652.07666015625,134802700,0.0,0.0,0.0
2026-03-24,651.3200073242188,657.030029296875,649.8800048828125,653.1799926757812,649.8877563476562,96457500,0.0,0.0,0.0
2026-03-25,658.6699829101562,660.8900146484375,654.239990234375,656.8200073242188,653.5093994140625,90653800,0.0,0.0,0.0
2026-03-26,652.0599975585938,654.8499755859375,644.8200073242188,645.0900268554688,641.8385620117188,96494400,0.0,0.0,0.0
2026-03-27,642.5,642.6599731445312,633.1099853515625,634.0900268554688,630.8939819335938,103649400,0.0,0.0,0.0
2026-03-30,640.1099853515625,640.3699951171875,629.280029296875,631.969970703125,628.78466796875,99275900,0.0,0.0,0.0
2026-03-31,638.9400024414062,651.5399780273438,637.97998046875,650.3400268554688,647.0620727539062,152534100,0.0,0.0,0.0
2026-04-01,653.9000244140625,658.52001953125,653.0,655.239990234375,651.9373779296875,97841500,0.0,0.0,0.0
2026-04-02,646.4199829101562,658.2000122070312,645.1099853515625,655.8300170898438,652.5244140625,68358700,0.0,0.0,0.0
2026-04-06,655.8599853515625,659.719970703125,655.52001953125,658.9299926757812,655.6088256835938,39105800,0.0,0.0,0.0
2026-04-07,656.6500244140625,659.6099853515625,651.0599975585938,659.219970703125,655.8972778320312,69980400,0.0,0.0,0.0
2026-04-08,676.3900146484375,677.0800170898438,671.4600219726562,676.010009765625,672.6027221679688,93606100,0.0,0.0,0.0
2026-04-09,674.8400268554688,681.1599731445312,673.77001953125,679.9099731445312,676.4829711914062,57134400,0.0,0.0,0.0
2026-04-10,681.3200073242188,682.030029296875,678.4500122070312,679.4600219726562,676.0353393554688,42253500,0.0,0.0,0.0
2026-04-13,677.4099731445312,686.2999877929688,676.5800170898438,686.0999755859375,682.641845703125,54185800,0.0,0.0,0.0
2026-04-14,687.6900024414062,694.5800170898438,687.6599731445312,694.4600219726562,690.959716796875,63480500,0.0,0.0,0.0
2026-04-15,695.260009765625,700.280029296875,694.2000122070312,699.9400024414062,696.412109375,58240400,0.0,0.0,0.0
2026-04-16,701.0599975585938,702.780029296875,698.530029296875,701.6599731445312,698.1234130859375,49972400,0.0,0.0,0.0
2026-04-17,706.1400146484375,712.3900146484375,705.760009765625,710.1400146484375,706.5607299804688,70661900,0.0,0.0,0.0
2026-04-20,708.780029296875,709.9099731445312,706.1400146484375,708.719970703125,705.1477661132812,43546800,0.0,0.0,0.0
2026-04-21,710.280029296875,711.280029296875,702.6400146484375,704.0800170898438,700.53125,58941400,0.0,0.0,0.0
2026-04-22,709.1500244140625,711.4500122070312,708.219970703125,711.2100219726562,707.6253051757812,42518500,0.0,0.0,0.0
2026-04-23,709.5,712.3599853515625,702.280029296875,708.4500122070312,704.8792114257812,56174000,0.0,0.0,0.0
2026-04-24,710.75,714.469970703125,709.010009765625,713.9400024414062,710.341552734375,45182000,0.0,0.0,0.0
2026-04-27,713.1699829101562,715.6300048828125,712.2999877929688,715.1699829101562,711.5653076171875,33135900,0.0,0.0,0.0
2026-04-28,711.8200073242188,712.8800048828125,709.25,711.6900024414062,708.1028442382812,43117400,0.0,0.0,0.0
2026-04-29,711.0,712.2000122070312,708.3699951171875,711.5800170898438,707.993408203125,41859200,0.0,0.0,0.0
2026-04-30,714.6300048828125,719.7899780273438,710.4500122070312,718.6599731445312,715.0377197265625,67240900,0.0,0.0,0.0
2026-05-01,721.25,724.8699951171875,720.469970703125,720.6500244140625,717.0177001953125,43049800,0.0,0.0,0.0
2026-05-04,720.0700073242188,722.1199951171875,714.989990234375,718.010009765625,714.3909912109375,51950600,0.0,0.0,0.0
2026-05-05,721.77001953125,725.0399780273438,721.489990234375,723.77001953125,720.1220092773438,36933200,0.0,0.0,0.0
2026-05-06,728.1599731445312,734.5900268554688,727.8200073242188,733.8300170898438,730.1312866210938,53288900,0.0,0.0,0.0
2026-05-07,735.0499877929688,736.1300048828125,729.75,731.5800170898438,727.8926391601562,51724600,0.0,0.0,0.0
2026-05-08,734.9299926757812,738.0800170898438,734.5700073242188,737.6199951171875,733.9021606445312,47227100,0.0,0.0,0.0
2026-05-11,736.4500122070312,740.7899780273438,736.4500122070312,739.2999877929688,735.5736694335938,44024000,0.0,0.0,0.0
2026-05-12,736.8900146484375,738.8400268554688,731.8300170898438,738.1799926757812,734.4593505859375,54185300,0.0,0.0,0.0
2026-05-13,738.469970703125,743.9099731445312,735.469970703125,742.3099975585938,738.5685424804688,44200200,0.0,0.0,0.0
2026-05-14,743.6500244140625,749.530029296875,743.5599975585938,748.1699829101562,744.3989868164062,45307600,0.0,0.0,0.0
2026-05-15,741.7899780273438,743.4600219726562,737.9600219726562,739.1699829101562,735.4443969726562,60410800,0.0,0.0,0.0
2026-05-18,739.8300170898438,741.4199829101562,733.3900146484375,738.6500244140625,734.927001953125,47843900,0.0,0.0,0.0
2026-05-19,734.780029296875,737.6500244140625,731.530029296875,733.72998046875,730.0317993164062,54255900,0.0,0.0,0.0
2026-05-20,735.7100219726562,741.8699951171875,733.8900146484375,741.25,737.5138549804688,45768000,0.0,0.0,0.0
2026-05-21,738.6400146484375,744.8699951171875,737.030029296875,742.719970703125,738.9764404296875,43332200,0.0,0.0,0.0
2026-05-22,746.239990234375,748.9400024414062,744.47998046875,745.6400146484375,741.8817749023438,41762000,0.0,0.0,0.0
2026-05-26,750.010009765625,752.1300048828125,748.3699951171875,750.5900268554688,746.8068237304688,41123600,0.0,0.0,0.0
2026-05-27,750.8800048828125,751.3800048828125,748.219970703125,750.4600219726562,746.677490234375,42106300,0.0,0.0,0.0
2026-05-28,750.25,755.1500244140625,749.22998046875,754.5999755859375,750.7965698242188,41562600,0.0,0.0,0.0
2026-05-29,755.9000244140625,758.0800170898438,754.6900024414062,756.47998046875,752.6671142578125,55075700,0.0,0.0,0.0
2026-06-01,755.3599853515625,760.280029296875,754.6900024414062,758.5399780273438,754.7167358398438,43634900,0.0,0.0,0.0
2026-06-02,757.030029296875,760.4000244140625,756.75,759.5700073242188,755.7415771484375,31581900,0.0,0.0,0.0
2026-06-03,758.1500244140625,758.7999877929688,753.5700073242188,754.239990234375,750.4384155273438,51402500,0.0,0.0,0.0
2026-06-04,752.0999755859375,758.3099975585938,751.469970703125,757.0900268554688,753.2740478515625,49923000,0.0,0.0,0.0
2026-06-05,752.3099975585938,752.8200073242188,735.530029296875,737.5499877929688,733.83251953125,93989400,0.0,0.0,0.0
2026-06-08,743.3599853515625,745.3400268554688,738.1900024414062,739.219970703125,735.4940795898438,49319100,0.0,0.0,0.0
2026-06-09,743.6300048828125,746.9000244140625,722.5900268554688,737.0499877929688,733.3350219726562,87683500,0.0,0.0,0.0
2026-06-10,733.3900146484375,738.3800048828125,725.3300170898438,725.4299926757812,721.7736206054688,60341300,0.0,0.0,0.0
2026-06-11,728.760009765625,740.0,724.4099731445312,737.760009765625,734.04150390625,86330500,0.0,0.0,0.0
2026-06-12,740.7100219726562,744.4400024414062,735.030029296875,741.75,738.0113525390625,57079500,0.0,0.0,0.0
2026-06-15,751.8499755859375,756.6799926757812,751.760009765625,754.8300170898438,751.0254516601562,60176400,0.0,0.0,0.0
2026-06-16,754.5499877929688,755.4400024414062,749.8800048828125,750.3300170898438,746.5481567382812,67093100,0.0,0.0,0.0
2026-06-17,751.2899780273438,752.1500244140625,739.219970703125,740.9600219726562,737.225341796875,85945200,0.0,0.0,0.0
2026-06-18,747.760009765625,748.22998046875,743.8599853515625,746.739990234375,744.8902587890625,80875700,1.904,0.0,0.0
2026-06-22,747.7000122070312,750.1799926757812,743.1300048828125,744.3900146484375,742.546142578125,46628100,0.0,0.0,0.0
2026-06-23,733.8099975585938,739.6300048828125,732.2999877929688,733.5800170898438,731.7628784179688,66846800,0.0,0.0,0.0
2026-06-24,735.1699829101562,739.9500122070312,730.8400268554688,733.239990234375,731.4237060546875,57439500,0.0,0.0,0.0
2026-06-25,738.9099731445312,739.3699951171875,729.5999755859375,734.2999877929688,732.4810791015625,53934400,0.0,0.0,0.0
2026-06-26,728.9500122070312,736.530029296875,716.5800170898438,728.989990234375,727.1842651367188,71034000,0.0,0.0,0.0
2026-06-29,736.530029296875,741.5599975585938,732.0900268554688,741.0,739.1644897460938,58035200,0.0,0.0,0.0
2026-06-30,741.2899780273438,748.02001953125,740.8900146484375,746.77001953125,744.9202270507812,55626000,0.0,0.0,0.0
2026-07-01,745.0,749.4400024414062,742.3800048828125,745.760009765625,743.9127197265625,47100900,0.0,0.0,0.0
2026-07-02,747.4000244140625,751.3099975585938,740.030029296875,744.780029296875,742.9351806640625,57447800,0.0,0.0,0.0
2026-07-06,748.739990234375,752.4099731445312,747.4099731445312,751.280029296875,749.4190673828125,50673300,0.0,0.0,0.0
2026-07-07,750.219970703125,750.9600219726562,745.2100219726562,747.7100219726562,745.85791015625,43721500,0.0,0.0,0.0
2026-07-08,743.1599731445312,746.1500244140625,739.510009765625,745.4000244140625,743.5536499023438,43767400,0.0,0.0,0.0
2026-07-09,747.3499755859375,751.969970703125,745.5900268554688,751.7100219726562,749.8480224609375,41441700,0.0,0.0,0.0
2026-07-10,752.0499877929688,755.4199829101562,748.0999755859375,754.9500122070312,753.0799560546875,42191300,0.0,0.0,0.0
2026-07-13,752.469970703125,753.9099731445312,748.0,749.1699829101562,747.3142700195312,44013600,0.0,0.0,0.0
2026-07-14,750.9099731445312,753.3400268554688,748.6599731445312,751.8300170898438,749.9677124023438,35143100,0.0,0.0,0.0
2026-07-15,754.239990234375,755.5800170898438,750.2000122070312,754.8099975585938,752.9403076171875,43844800,0.0,0.0,0.0
2026-07-16,752.760009765625,754.5700073242188,747.8800048828125,750.719970703125,748.8604125976562,46409800,0.0,0.0,0.0
2026-07-17,742.0800170898438,747.2899780273438,740.7999877929688,743.2899780273438,741.4487915039062,62651000,0.0,0.0,0.0
2026-07-20,747.0599975585938,748.72998046875,741.510009765625,742.0900268554688,740.2518310546875,50422300,0.0,0.0,0.0
2026-07-21,746.2899780273438,749.0399780273438,744.1799926757812,748.280029296875,746.426513671875,34324300,0.0,0.0,0.0
2026-07-22,746.6199951171875,750.02001953125,746.3699951171875,747.4099731445312,745.55859375,32836200,0.0,0.0,0.0
2026-07-23,739.3699951171875,742.5599975585938,735.2100219726562,738.1799926757812,736.3515014648438,55437300,0.0,0.0,0.0
2026-07-24,738.510009765625,743.719970703125,737.2899780273438,738.9299926757812,737.099609375,44782000,0.0,0.0,0.0
2026-07-27,744.9099731445312,745.530029296875,735.8699951171875,739.0900268554688,737.25927734375,41461200,0.0,0.0,0.0
2026-07-28,739.1900024414062,742.7899780273438,735.97998046875,740.8599853515625,739.0248413085938,47322200,0.0,0.0,0.0
2026-07-29,739.969970703125,742.6799926757812,729.0999755859375,729.4600219726562,727.6531372070312,70697200,0.0,0.0,0.0
2026-07-30,736.0499877929688,742.4500122070312,734.5900268554688,741.6900024414062,739.852783203125,66811300,0.0,0.0,0.0
2026-07-31,744.6799926757812,748.9000244140625,737.6799926757812,747.030029296875,745.1796264648438,62445900,0.0,0.0,0.0
2026-08-03,749.4400024414062,758.5800170898438,748.7999877929688,757.6699829101562,755.793212890625,59927500,0.0,0.0,0.0
2026-08-04,760.6300048828125,773.4099731445312,760.52001953125,771.3300170898438,769.4193725585938,69154800,0.0,0.0,0.0
2026-08-05,775.8499755859375,776.8499755859375,769.510009765625,769.7899780273438,767.8831787109375,44689100,0.0,0.0,0.0
2026-08-06,770.2100219726562,771.8200073242188,767.4600219726562,768.5599975585938,766.65625,38416900,0.0,0.0,0.0
2026-08-07,771.02001953125,773.9199829101562,769.6099853515625,773.260009765625,771.3446044921875,43586300,0.0,0.0,0.0
2026-08-10,772.5999755859375,775.0499877929688,771.6199951171875,773.030029296875,771.1151733398438,39249500,0.0,0.0,0.0
2026-08-11,774.530029296875,774.6099853515625,769.2000122070312,770.5599975585938,768.6513061523438,36740600,0.0,0.0,0.0
2026-08-12,774.7100219726562,774.9000244140625,771.280029296875,772.489990234375,770.5764770507812,33179100,0.0,0.0,0.0
2026-08-13,774.8699951171875,779.3699951171875,774.1099853515625,777.8800048828125,775.9531860351562,35634500,0.0,0.0,0.0
2026-08-14,778.5399780273438,778.7999877929688,775.4299926757812,776.3400268554688,774.4169921875,31367900,0.0,0.0,0.0
2026-08-17,776.1799926757812,776.780029296875,772.510009765625,772.6699829101562,770.7560424804688,34356600,0.0,0.0,0.0
2026-08-18,768.7000122070312,769.5,766.9199829101562,767.4500122070312,765.5490112304688,43920900,0.0,0.0,0.0
2026-08-19,770.3599853515625,772.469970703125,768.0999755859375,769.0599975585938,767.1549682617188,40306000,0.0,0.0,0.0
2026-08-20,765.9600219726562,768.1500244140625,762.0399780273438,762.5999755859375,760.7109985351562,45520300,0.0,0.0,0.0
2026-08-21,766.0499877929688,767.8499755859375,764.1699829101562,765.719970703125,763.8232421875,39188700,0.0,0.0,0.0
2026-08-24,764.780029296875,765.219970703125,762.0800170898438,763.469970703125,761.5787963867188,32430900,0.0,0.0,0.0
2026-08-25,766.1599731445312,766.780029296875,763.0499877929688,765.9099731445312,764.0127563476562,27422300,0.0,0.0,0.0
2026-08-26,764.72998046875,767.3499755859375,763.9299926757812,766.0800170898438,764.182373046875,28751600,0.0,0.0,0.0
2026-08-27,768.5,772.3599853515625,767.1599731445312,771.0999755859375,769.18994140625,34557100,0.0,0.0,0.0
2026-08-28,771.760009765625,775.2999877929688,768.3099975585938,769.3499755859375,767.4442749023438,36744300,0.0,0.0,0.0
2026-08-31,767.3300170898438,768.0,764.719970703125,767.0499877929688,765.1499633789062,38810800,0.0,0.0,0.0
2026-09-01,762.010009765625,764.6699829101562,759.47998046875,761.780029296875,759.89306640625,41126300,0.0,0.0,0.0
2026-09-02,762.4500122070312,766.4299926757812,761.72998046875,765.1599731445312,763.2646484375,29566200,0.0,0.0,0.0
2026-09-03,767.9000244140625,774.030029296875,767.4500122070312,773.1699829101562,771.2548217773438,43531600,0.0,0.0,0.0
2026-09-04,772.010009765625,772.8699951171875,769.0,770.1900024414062,768.2822265625,34054200,0.0,0.0,0.0
2026-09-08,769.0700073242188,769.7000122070312,765.1400146484375,765.9600219726562,764.0626831054688,44746100,0.0,0.0,0.0
2026-09-09,764.0800170898438,764.469970703125,760.9400024414062,762.4000244140625,760.5115356445312,32812400,0.0,0.0,0.0
2026-09-10,758.030029296875,760.1099853515625,756.6400146484375,757.8300170898438,755.9528198242188,42740400,0.0,0.0,0.0
2026-09-11,764.719970703125,766.3800048828125,763.5999755859375,764.2899780273438,762.3967895507812,45512700,0.0,0.0,0.0
2026-09-14,759.0,763.52001953125,757.9299926757812,760.8800048828125,758.9952392578125,43992400,0.0,0.0,0.0
2026-09-15,760.1199951171875,760.3499755859375,756.1500244140625,757.3900146484375,755.513916015625,46195000,0.0,0.0,0.0
2026-09-16,759.5,761.6699829101562,749.5999755859375,754.0499877929688,752.1821899414062,59217700,0.0,0.0,0.0
2026-09-17,763.1500244140625,763.5700073242188,759.9600219726562,762.5999755859375,760.7109985351562,49652800,0.0,0.0,0.0
2026-09-18,761.3099975585938,762.0,757.969970703125,761.6900024414062,761.6900024414062,65308100,1.889,0.0,0.0
