Date,Open,High,Low,Close,Adj Close,Volume,Dividends,Stock Splits
2010-01-04,41.790000915527344,42.9900016784668,41.66999816894531,42.849998474121094,28.15237808227539,35460500,0.05,0.0
2010-01-05,42.790000915527344,43.84000015258789,42.779998779296875,43.68000030517578,28.69768714904785,41208300,0.0,0.0
2010-01-06,43.45000076293945,44.09000015258789,43.310001373291016,43.91999816894531,28.855369567871094,27729000,0.0,0.0
2010-01-07,43.790000915527344,45.119998931884766,43.61000061035156,44.790000915527344,29.426956176757812,44864700,0.0,0.0
2010-01-08,44.369998931884766,44.70000076293945,44.08000183105469,44.68000030517578,29.354684829711914,33110100,0.0,0.0
2010-01-11,45.119998931884766,45.189998626708984,44.310001373291016,44.529998779296875,29.25613021850586,31878700,0.0,0.0
2010-01-12,43.9900016784668,44.150001525878906,42.939998626708984,43.4900016784668,28.572858810424805,47109600,0.0,0.0
2010-01-13,43.54999923706055,44.529998779296875,42.869998931884766,44.25,29.07217788696289,39622000,0.0,0.0
2010-01-14,44.20000076293945,44.790000915527344,44.099998474121094,44.689998626708984,29.361255645751953,37938300,0.0,0.0
2010-01-15,44.29999923706055,44.43000030517578,43.34000015258789,43.68000030517578,28.69768714904785,69738500,0.0,0.0
2010-01-19,43.400001525878906,43.75,42.900001525878906,43.279998779296875,28.434894561767578,41731500,0.0,0.0
2010-01-20,43.0099983215332,43.68000030517578,42.709999084472656,43.400001525878906,28.513729095458984,39934400,0.0,0.0
2010-01-21,43.040000915527344,43.150001525878906,40.31999969482422,40.540000915527344,26.63471794128418,137547700,0.0,0.0
2010-01-22,40.650001525878906,41.20000076293945,38.81999969482422,39.15999984741211,25.728046417236328,106634900,0.0,0.0
2010-01-25,39.7599983215332,39.88999938964844,38.84000015258789,39.209999084472656,25.760902404785156,56572200,0.0,0.0
2010-01-26,39.0,39.84000015258789,38.279998779296875,38.439998626708984,25.2550106048584,52975300,0.0,0.0
2010-01-27,38.349998474121094,39.4900016784668,38.06999969482422,39.33000183105469,25.83974266052246,66314300,0.0,0.0
2010-01-28,39.68000030517578,40.040000915527344,38.720001220703125,39.47999954223633,25.93828582763672,65047400,0.0,0.0
2010-01-29,39.650001525878906,39.849998474121094,38.79999923706055,38.939998626708984,25.583518981933594,53649000,0.0,0.0
2010-02-01,39.099998474121094,39.93000030517578,38.95000076293945,39.630001068115234,26.036855697631836,37408200,0.0,0.0
2010-02-02,39.79999923706055,40.68000030517578,39.70000076293945,40.54999923706055,26.641277313232422,45968500,0.0,0.0
2010-02-03,40.58000183105469,41.099998474121094,40.16999816894531,40.290000915527344,26.470447540283203,37373300,0.0,0.0
2010-02-04,39.790000915527344,39.91999816894531,38.349998474121094,38.349998474121094,25.19588279724121,57211800,0.0,0.0
2010-02-05,38.63999938964844,38.880001068115234,37.029998779296875,38.29999923706055,25.163042068481445,75224100,0.0,0.0
2010-02-08,38.290000915527344,38.290000915527344,37.31999969482422,37.70000076293945,24.76882553100586,58321000,0.0,0.0
2010-02-09,38.189998626708984,38.70000076293945,37.84000015258789,38.38999938964844,25.22216033935547,45173500,0.0,0.0
2010-02-10,38.63999938964844,39.5,38.52000045776367,38.869998931884766,25.53752899169922,39331800,0.0,0.0
2010-02-11,38.84000015258789,39.369998931884766,38.36000061035156,39.02000045776367,25.636077880859375,33830600,0.0,0.0
2010-02-12,38.66999816894531,39.18000030517578,38.36000061035156,38.95000076293945,25.590087890625,38051100,0.0,0.0
2010-02-16,39.33000183105469,40.13999938964844,38.75,40.06999969482422,26.325925827026367,46425300,0.0,0.0
2010-02-17,40.2599983215332,40.45000076293945,39.7599983215332,40.040000915527344,26.306209564208984,34644100,0.0,0.0
2010-02-18,39.939998626708984,40.5099983215332,39.77000045776367,40.40999984741211,26.549312591552734,31809500,0.0,0.0
2010-02-19,40.11000061035156,40.70000076293945,39.900001525878906,40.029998779296875,26.299654006958008,40290200,0.0,0.0
2010-02-22,40.400001525878906,41.29999923706055,40.25,40.849998474121094,26.83837890625,43898900,0.0,0.0
2010-02-23,40.900001525878906,41.25,39.7599983215332,39.880001068115234,26.201086044311523,52233100,0.0,0.0
2010-02-24,40.04999923706055,40.970001220703125,40.0,40.849998474121094,26.83837890625,44645000,0.0,0.0
2010-02-25,40.15999984741211,40.689998626708984,39.70000076293945,40.63999938964844,26.70040512084961,46718100,0.0,0.0
2010-02-26,40.689998626708984,42.310001373291016,40.599998474121094,41.970001220703125,27.574220657348633,67699100,0.0,0.0
2010-03-01,42.029998779296875,42.18000030517578,41.40999984741211,41.83000183105469,27.48224449157715,34606800,0.0,0.0
2010-03-02,41.97999954223633,42.400001525878906,41.36000061035156,41.619998931884766,27.34425926208496,33891600,0.0,0.0
2010-03-03,41.650001525878906,42.060001373291016,41.34000015258789,41.529998779296875,27.28514289855957,27562500,0.0,0.0
2010-03-04,41.90999984741211,42.08000183105469,41.65999984741211,41.91999816894531,27.541378021240234,25450700,0.0,0.0
2010-03-05,42.31999969482422,42.869998931884766,42.189998626708984,42.810001373291016,28.1261043548584,34790800,0.0,0.0
2010-03-08,42.849998474121094,43.029998779296875,42.470001220703125,42.59000015258789,27.9815616607666,28524900,0.0,0.0
2010-03-09,42.38999938964844,42.81999969482422,42.04999923706055,42.41999816894531,27.869874954223633,37107100,0.0,0.0
2010-03-10,42.869998931884766,43.4900016784668,42.810001373291016,42.93000030517578,28.204936981201172,40903700,0.0,0.0
2010-03-11,42.90999984741211,43.20000076293945,42.79999923706055,43.18000030517578,28.369184494018555,30119600,0.0,0.0
2010-03-12,43.34000015258789,43.540000915527344,42.849998474121094,43.150001525878906,28.349485397338867,31367300,0.0,0.0
2010-03-15,42.91999816894531,43.209999084472656,42.599998474121094,43.06999969482422,28.296916961669922,29142000,0.0,0.0
2010-03-16,43.349998474121094,43.380001068115234,42.689998626708984,43.2400016784668,28.408601760864258,28553800,0.0,0.0
2010-03-17,43.310001373291016,44.11000061035156,43.27000045776367,43.790000915527344,28.76995277404785,32918800,0.0,0.0
2010-03-18,43.75,43.790000915527344,43.150001525878906,43.63999938964844,28.671401977539062,26012000,0.0,0.0
2010-03-19,43.45000076293945,43.88999938964844,43.130001068115234,43.45000076293945,28.546573638916016,37014400,0.0,0.0
2010-03-22,43.06999969482422,43.790000915527344,43.040000915527344,43.7400016784668,28.737112045288086,23257200,0.0,0.0
2010-03-23,43.849998474121094,44.7400016784668,43.779998779296875,44.58000183105469,29.288984298706055,33735700,0.0,0.0
2010-03-24,44.439998626708984,44.970001220703125,44.20000076293945,44.939998626708984,29.5255126953125,35849200,0.0,0.0
2010-03-25,44.97999954223633,46.04999923706055,44.88999938964844,44.939998626708984,29.5255126953125,45019400,0.0,0.0
2010-03-26,45.040000915527344,45.88999938964844,44.790000915527344,45.02000045776367,29.578083038330078,39727000,0.0,0.0
2010-03-29,45.25,45.380001068115234,44.459999084472656,44.86000061035156,29.472944259643555,30628400,0.0,0.0
2010-03-30,44.900001525878906,45.04999923706055,44.36000061035156,44.58000183105469,29.288984298706055,30296300,0.0,0.0
2010-03-31,44.310001373291016,45.0,44.25,44.75,29.400672912597656,39043000,0.0,0.0
2010-04-01,45.029998779296875,45.310001373291016,44.9900016784668,45.18000030517578,29.716392517089844,23894600,0.05,0.0
2010-04-05,45.279998779296875,45.400001525878906,44.790000915527344,45.34000015258789,29.82162094116211,21342400,0.0,0.0
2010-04-06,45.22999954223633,45.939998626708984,45.150001525878906,45.84000015258789,30.150487899780273,28192100,0.0,0.0
2010-04-07,45.83000183105469,46.04999923706055,45.02000045776367,45.31999969482422,29.808475494384766,28890100,0.0,0.0
2010-04-08,45.15999984741211,45.970001220703125,44.810001373291016,45.7599983215332,30.097875595092773,28869900,0.0,0.0
2010-04-09,45.880001068115234,46.220001220703125,45.45000076293945,45.97999954223633,30.24258041381836,22881200,0.0,0.0
2010-04-12,46.029998779296875,46.470001220703125,45.900001525878906,46.13999938964844,30.347814559936523,24645900,0.0,0.0
2010-04-13,46.040000915527344,46.380001068115234,45.849998474121094,45.869998931884766,30.170223236083984,27988900,0.0,0.0
2010-04-14,47.400001525878906,47.93000030517578,46.779998779296875,47.72999954223633,31.39361000061035,72533100,0.0,0.0
2010-04-15,47.650001525878906,48.20000076293945,47.4900016784668,47.810001373291016,31.44622039794922,45412100,0.0,0.0
2010-04-16,47.66999816894531,47.75,45.13999938964844,45.54999923706055,29.959747314453125,121203900,0.0,0.0
2010-04-19,45.22999954223633,45.70000076293945,44.59000015258789,45.38999938964844,29.854511260986328,72136600,0.0,0.0
2010-04-20,45.77000045776367,46.150001525878906,45.560001373291016,45.880001068115234,30.176807403564453,39310700,0.0,0.0
2010-04-21,46.040000915527344,46.38999938964844,45.0,45.349998474121094,29.82820701599121,46320600,0.0,0.0
2010-04-22,44.90999984741211,45.119998931884766,44.029998779296875,44.7400016784668,29.426986694335938,63176900,0.0,0.0
2010-04-23,44.72999954223633,45.06999969482422,44.25,44.939998626708984,29.55853843688965,32483800,0.0,0.0
2010-04-26,44.779998779296875,44.810001373291016,43.72999954223633,43.88999938964844,28.86789894104004,42889300,0.0,0.0
2010-04-27,43.47999954223633,44.369998931884766,42.29999923706055,42.40999984741211,27.894472122192383,66296100,0.0,0.0
2010-04-28,42.84000015258789,43.709999084472656,42.779998779296875,43.459999084472656,28.585094451904297,48578900,0.0,0.0
2010-04-29,43.88999938964844,44.33000183105469,43.599998474121094,44.0,28.94025993347168,36520300,0.0,0.0
2010-04-30,44.02000045776367,44.04999923706055,42.22999954223633,42.58000183105469,28.006275177001953,54121100,0.0,0.0
2010-05-03,42.970001220703125,43.72999954223633,42.88999938964844,43.529998779296875,28.631132125854492,31230900,0.0,0.0
2010-05-04,42.970001220703125,43.36000061035156,42.25,42.470001220703125,27.933931350708008,48982200,0.0,0.0
2010-05-05,42.11000061035156,43.369998931884766,41.619998931884766,42.630001068115234,28.039167404174805,43062100,0.0,0.0
2010-05-06,42.630001068115234,42.779998779296875,39.290000915527344,40.810001373291016,26.842098236083984,78226200,0.0,0.0
2010-05-07,41.029998779296875,41.84000015258789,39.779998779296875,40.7599983215332,26.809202194213867,72976300,0.0,0.0
2010-05-10,42.31999969482422,43.29999923706055,41.41999816894531,41.95000076293945,27.591909408569336,66578300,0.0,0.0
2010-05-11,41.459999084472656,42.54999923706055,41.150001525878906,41.54999923706055,27.328815460205078,50771200,0.0,0.0
2010-05-12,41.7400016784668,41.790000915527344,40.810001373291016,41.689998626708984,27.420894622802734,47700000,0.0,0.0
2010-05-13,41.439998626708984,41.599998474121094,40.779998779296875,40.810001373291016,26.842098236083984,35320800,0.0,0.0
2010-05-14,40.099998474121094,40.099998474121094,39.209999084472656,39.88999938964844,26.236970901489258,60719400,0.0,0.0
2010-05-17,39.93000030517578,40.040000915527344,38.77000045776367,39.84000015258789,26.204082489013672,56506200,0.0,0.0
2010-05-18,40.619998931884766,40.619998931884766,38.54999923706055,39.02000045776367,25.664749145507812,61735000,0.0,0.0
2010-05-19,38.540000915527344,39.65999984741211,38.52000045776367,39.380001068115234,25.90154266357422,64600500,0.0,0.0
2010-05-20,38.54999923706055,39.25,37.310001373291016,37.83000183105469,24.88204002380371,76564100,0.0,0.0
2010-05-21,37.02000045776367,40.15999984741211,37.02000045776367,40.04999923706055,26.34221839904785,89588800,0.0,0.0
2010-05-24,40.15999984741211,40.25,38.5,38.619998931884766,25.401655197143555,49141600,0.0,0.0
2010-05-25,37.66999816894531,39.0099983215332,37.349998474121094,38.939998626708984,25.61212921142578,66813700,0.0,0.0
2010-05-26,39.189998626708984,39.5,38.470001220703125,38.779998779296875,25.506893157958984,50719600,0.0,0.0
2010-05-27,39.58000183105469,40.4900016784668,39.400001525878906,40.41999816894531,26.58556365966797,44843000,0.0,0.0
2010-05-28,40.33000183105469,40.349998474121094,39.36000061035156,39.58000183105469,26.0330810546875,41252400,0.0,0.0
2010-06-01,39.31999969482422,39.959999084472656,38.5,38.540000915527344,25.349027633666992,37848600,0.0,0.0
2010-06-02,39.16999816894531,39.619998931884766,38.66999816894531,39.54999923706055,26.013347625732422,39618500,0.0,0.0
2010-06-03,39.86000061035156,39.939998626708984,38.619998931884766,39.099998474121094,25.717370986938477,30950400,0.0,0.0
2010-06-04,38.4900016784668,38.70000076293945,37.5,37.619998931884766,24.74392318725586,52868900,0.0,0.0
2010-06-07,37.790000915527344,38.130001068115234,36.65999984741211,36.720001220703125,24.15195655822754,44528300,0.0,0.0
2010-06-08,36.86000061035156,37.79999923706055,36.54999923706055,37.779998779296875,24.849166870117188,51017900,0.0,0.0
2010-06-09,38.150001525878906,38.15999984741211,37.0099983215332,37.119998931884766,24.41505241394043,42586000,0.0,0.0
2010-06-10,37.68000030517578,38.369998931884766,37.40999984741211,38.290000915527344,25.184602737426758,44302600,0.0,0.0
2010-06-11,37.790000915527344,38.16999816894531,37.52000045776367,38.09000015258789,25.053056716918945,31147600,0.0,0.0
2010-06-14,37.970001220703125,38.27000045776367,37.22999954223633,37.33000183105469,24.55318832397461,48662200,0.0,0.0
2010-06-15,37.54999923706055,38.279998779296875,37.2599983215332,38.25,25.158296585083008,45355600,0.0,0.0
2010-06-16,38.02000045776367,38.880001068115234,37.9900016784668,38.52000045776367,25.335880279541016,37217100,0.0,0.0
2010-06-17,38.599998474121094,38.900001525878906,37.91999816894531,38.439998626708984,25.28325843811035,34755100,0.0,0.0
2010-06-18,38.599998474121094,39.27000045776367,38.380001068115234,39.18000030517578,25.769983291625977,37270800,0.0,0.0
2010-06-21,39.54999923706055,39.779998779296875,38.65999984741211,38.869998931884766,25.566097259521484,33665100,0.0,0.0
2010-06-22,38.93000030517578,39.58000183105469,38.220001220703125,38.33000183105469,25.210918426513672,42245700,0.0,0.0
2010-06-23,38.290000915527344,39.11000061035156,38.02000045776367,38.88999938964844,25.579240798950195,45046000,0.0,0.0
2010-06-24,38.54999923706055,38.70000076293945,37.41999816894531,38.029998779296875,25.013593673706055,73843400,0.0,0.0
2010-06-25,38.779998779296875,39.599998474121094,38.279998779296875,39.439998626708984,25.940998077392578,70734200,0.0,0.0
2010-06-28,39.54999923706055,39.63999938964844,38.470001220703125,38.540000915527344,25.349027633666992,39962900,0.0,0.0
2010-06-29,37.90999984741211,37.90999984741211,36.880001068115234,37.060001373291016,24.37559700012207,56694200,0.0,0.0
2010-06-30,37.02000045776367,37.4900016784668,36.5099983215332,36.61000061035156,24.07961654663086,35332500,0.0,0.0
2010-07-01,36.540000915527344,36.689998626708984,35.15999984741211,36.08000183105469,23.763477325439453,56642900,0.05,0.0
2010-07-02,36.310001373291016,36.689998626708984,35.34000015258789,35.83000183105469,23.598819732666016,36796000,0.0,0.0
2010-07-06,36.689998626708984,36.880001068115234,35.86000061035156,36.33000183105469,23.92812728881836,35953600,0.0,0.0
2010-07-07,36.63999938964844,38.2400016784668,36.40999984741211,38.150001525878906,25.1268367767334,44602900,0.0,0.0
2010-07-08,38.779998779296875,38.81999969482422,37.150001525878906,38.15999984741211,25.133420944213867,41498200,0.0,0.0
2010-07-09,37.75,38.88999938964844,37.68000030517578,38.849998474121094,25.58788299560547,30422300,0.0,0.0
2010-07-12,38.86000061035156,39.34000015258789,38.599998474121094,39.189998626708984,25.81181526184082,24998900,0.0,0.0
2010-07-13,39.810001373291016,40.689998626708984,39.7400016784668,40.47999954223633,26.66144371032715,48564800,0.0,0.0
2010-07-14,40.150001525878906,40.380001068115234,39.84000015258789,40.349998474121094,26.575824737548828,37320600,0.0,0.0
2010-07-15,40.720001220703125,40.84000015258789,39.310001373291016,40.459999084472656,26.64828109741211,81876200,0.0,0.0
2010-07-16,40.279998779296875,40.349998474121094,38.86000061035156,39.0,25.686670303344727,58507400,0.0,0.0
2010-07-19,39.029998779296875,39.36000061035156,38.119998931884766,39.040000915527344,25.71302604675293,35404900,0.0,0.0
2010-07-20,38.31999969482422,39.63999938964844,38.279998779296875,39.630001068115234,26.10162353515625,43538200,0.0,0.0
2010-07-21,40.25,40.25,38.34000015258789,38.41999816894531,25.304670333862305,41115600,0.0,0.0
2010-07-22,38.959999084472656,39.599998474121094,38.72999954223633,39.349998474121094,25.91720199584961,35494400,0.0,0.0
2010-07-23,39.16999816894531,39.959999084472656,38.970001220703125,39.83000183105469,26.233333587646484,28241000,0.0,0.0
2010-07-26,39.79999923706055,40.36000061035156,39.5,40.33000183105469,26.56266212463379,27209400,0.0,0.0
2010-07-27,40.7400016784668,41.2400016784668,40.61000061035156,40.689998626708984,26.79977035522461,44872200,0.0,0.0
2010-07-28,40.439998626708984,40.900001525878906,40.150001525878906,40.31999969482422,26.556076049804688,23945400,0.0,0.0
2010-07-29,40.709999084472656,40.83000183105469,39.90999984741211,40.209999084472656,26.483623504638672,28994300,0.0,0.0
2010-07-30,39.720001220703125,40.689998626708984,39.720001220703125,40.279998779296875,26.52971649169922,26406500,0.0,0.0
2010-08-02,40.97999954223633,41.70000076293945,40.72999954223633,41.63999938964844,27.425466537475586,35566700,0.0,0.0
2010-08-03,41.5,41.650001525878906,40.869998931884766,41.08000183105469,27.056631088256836,29967900,0.0,0.0
2010-08-04,41.220001220703125,41.400001525878906,40.86000061035156,41.290000915527344,27.19495964050293,23078100,0.0,0.0
2010-08-05,40.970001220703125,41.43000030517578,40.939998626708984,41.27000045776367,27.1817684173584,19830500,0.0,0.0
2010-08-06,40.7400016784668,40.95000076293945,39.970001220703125,40.439998626708984,26.63510513305664,34906600,0.0,0.0
2010-08-09,40.54999923706055,40.560001373291016,39.65999984741211,39.81999969482422,26.226755142211914,37790900,0.0,0.0
2010-08-10,39.66999816894531,39.72999954223633,39.15999984741211,39.16999816894531,25.798646926879883,34166500,0.0,0.0
2010-08-11,38.650001525878906,38.779998779296875,37.75,37.77000045776367,24.87656593322754,46201600,0.0,0.0
2010-08-12,37.36000061035156,37.9900016784668,37.220001220703125,37.810001373291016,24.902904510498047,35387300,0.0,0.0
2010-08-13,37.79999923706055,38.040000915527344,37.5,37.5,24.69873046875,24564100,0.0,0.0
2010-08-16,37.31999969482422,37.81999969482422,37.279998779296875,37.689998626708984,24.82386016845703,28334100,0.0,0.0
2010-08-17,37.970001220703125,38.06999969482422,37.400001525878906,37.47999954223633,24.68555450439453,33883800,0.0,0.0
2010-08-18,37.38999938964844,38.189998626708984,37.38999938964844,37.88999938964844,24.95559310913086,27041700,0.0,0.0
2010-08-19,37.65999984741211,37.970001220703125,37.0,37.06999969482422,24.415512084960938,35384700,0.0,0.0
2010-08-20,37.11000061035156,37.36000061035156,36.810001373291016,37.13999938964844,24.461618423461914,30862000,0.0,0.0
2010-08-23,37.209999084472656,37.40999984741211,36.84000015258789,36.880001068115234,24.29037094116211,29282800,0.0,0.0
2010-08-24,36.59000015258789,36.70000076293945,35.91999816894531,36.209999084472656,23.84909439086914,48709200,0.0,0.0
2010-08-25,35.95000076293945,36.439998626708984,35.66999816894531,36.22999954223633,23.862260818481445,36058000,0.0,0.0
2010-08-26,36.36000061035156,36.619998931884766,35.619998931884766,35.630001068115234,23.467090606689453,31873200,0.0,0.0
2010-08-27,35.869998931884766,36.689998626708984,35.54999923706055,36.599998474121094,24.105955123901367,38448800,0.0,0.0
2010-08-30,36.400001525878906,36.599998474121094,35.83000183105469,35.849998474121094,23.611982345581055,27306500,0.0,0.0
2010-08-31,35.939998626708984,36.63999938964844,35.72999954223633,36.36000061035156,23.947879791259766,34784400,0.0,0.0
2010-09-01,36.7400016784668,37.79999923706055,36.65999984741211,37.7400016784668,24.856794357299805,36770500,0.0,0.0
2010-09-02,37.84000015258789,38.20000076293945,37.4900016784668,38.15999984741211,25.133420944213867,31282900,0.0,0.0
2010-09-03,38.470001220703125,39.16999816894531,38.470001220703125,39.16999816894531,25.798646926879883,34135600,0.0,0.0
2010-09-07,38.72999954223633,38.84000015258789,38.220001220703125,38.279998779296875,25.212461471557617,31885500,0.0,0.0
2010-09-08,38.34000015258789,39.43000030517578,38.34000015258789,39.119998931884766,25.765714645385742,30781000,0.0,0.0
2010-09-09,39.93000030517578,40.31999969482422,39.119998931884766,40.099998474121094,26.411176681518555,33438800,0.0,0.0
2010-09-10,39.91999816894531,40.25,39.66999816894531,39.7599983215332,26.187231063842773,21928600,0.0,0.0
2010-09-13,40.63999938964844,41.470001220703125,40.63999938964844,41.119998931884766,27.082975387573242,41643200,0.0,0.0
2010-09-14,40.970001220703125,41.22999954223633,40.459999084472656,40.720001220703125,26.81952476501465,42754100,0.0,0.0
2010-09-15,40.5099983215332,41.13999938964844,40.34000015258789,40.97999954223633,26.99076271057129,25399500,0.0,0.0
2010-09-16,40.720001220703125,41.099998474121094,40.54999923706055,40.9900016784668,26.997365951538086,25207500,0.0,0.0
2010-09-17,41.029998779296875,41.08000183105469,39.9900016784668,40.060001373291016,26.38482093811035,45938300,0.0,0.0
2010-09-20,40.2400016784668,41.310001373291016,40.029998779296875,41.189998626708984,27.12908172607422,33337500,0.0,0.0
2010-09-21,41.310001373291016,41.5,40.470001220703125,40.59000015258789,26.733901977539062,33548900,0.0,0.0
2010-09-22,40.43000030517578,40.84000015258789,39.75,39.939998626708984,26.3057918548584,34546000,0.0,0.0
2010-09-23,39.630001068115234,39.70000076293945,38.9900016784668,39.099998474121094,25.752538681030273,33471100,0.0,0.0
2010-09-24,39.5099983215332,39.79999923706055,39.29999923706055,39.75,26.180648803710938,28855100,0.0,0.0
2010-09-27,39.540000915527344,39.66999816894531,39.0099983215332,39.08000183105469,25.739364624023438,25684900,0.0,0.0
2010-09-28,39.36000061035156,39.400001525878906,38.61000061035156,38.95000076293945,25.653759002685547,31442600,0.0,0.0
2010-09-29,38.790000915527344,38.880001068115234,38.060001373291016,38.40999984741211,25.298086166381836,40207000,0.0,0.0
2010-09-30,38.4900016784668,38.95000076293945,37.959999084472656,38.060001373291016,25.06755828857422,54885200,0.0,0.0
2010-10-01,38.34000015258789,39.09000015258789,38.290000915527344,38.810001373291016,25.561542510986328,38973800,0.0,0.0
2010-10-04,38.97999954223633,39.540000915527344,38.709999084472656,38.95000076293945,25.686851501464844,38886100,0.05,0.0
2010-10-05,39.36000061035156,39.81999969482422,39.06999969482422,39.63999938964844,26.141887664794922,42379500,0.0,0.0
2010-10-06,39.560001373291016,40.06999969482422,39.41999816894531,39.900001525878906,26.313356399536133,31559900,0.0,0.0
2010-10-07,40.11000061035156,40.31999969482422,39.20000076293945,39.52000045776367,26.062742233276367,26923900,0.0,0.0
2010-10-08,39.66999816894531,39.779998779296875,39.130001068115234,39.310001373291016,25.92426109313965,28178500,0.0,0.0
2010-10-11,39.52000045776367,39.90999984741211,39.400001525878906,39.72999954223633,26.20123863220215,24601000,0.0,0.0
2010-10-12,39.470001220703125,40.4900016784668,39.470001220703125,40.400001525878906,26.643081665039062,38798100,0.0,0.0
2010-10-13,40.65999984741211,40.720001220703125,39.58000183105469,39.84000015258789,26.273775100708008,69607700,0.0,0.0
2010-10-14,39.25,39.380001068115234,38.099998474121094,38.720001220703125,25.535158157348633,76504900,0.0,0.0
2010-10-15,38.869998931884766,38.939998626708984,36.540000915527344,37.150001525878906,24.499774932861328,142280400,0.0,0.0
2010-10-18,37.150001525878906,38.2599983215332,37.0099983215332,38.20000076293945,25.192228317260742,55058700,0.0,0.0
2010-10-19,37.900001525878906,38.650001525878906,37.5,37.689998626708984,24.855878829956055,70595100,0.0,0.0
2010-10-20,38.0,38.29999923706055,37.459999084472656,38.099998474121094,25.12627410888672,43497200,0.0,0.0
2010-10-21,38.189998626708984,38.400001525878906,36.209999084472656,37.70000076293945,24.86248207092285,38250300,0.0,0.0
2010-10-22,37.5,37.790000915527344,37.31999969482422,37.70000076293945,24.86248207092285,24876900,0.0,0.0
2010-10-25,37.970001220703125,38.06999969482422,37.0,37.06999969482422,24.447010040283203,37893500,0.0,0.0
2010-10-26,36.97999954223633,37.2599983215332,36.779998779296875,37.20000076293945,24.532743453979492,39188100,0.0,0.0
2010-10-27,37.060001373291016,37.630001068115234,37.0,37.540000915527344,24.756977081298828,30777500,0.0,0.0
2010-10-28,37.70000076293945,37.959999084472656,37.33000183105469,37.5099983215332,24.737184524536133,30614600,0.0,0.0
2010-10-29,37.45000076293945,37.7400016784668,37.31999969482422,37.630001068115234,24.816320419311523,19803300,0.0,0.0
2010-11-01,37.61000061035156,38.0,37.099998474121094,37.41999816894531,24.677827835083008,36941900,0.0,0.0
2010-11-02,37.529998779296875,37.56999969482422,36.83000183105469,36.959999084472656,24.374465942382812,39913100,0.0,0.0
2010-11-03,36.97999954223633,37.83000183105469,36.959999084472656,37.720001220703125,24.87567710876465,35299600,0.0,0.0
2010-11-04,38.13999938964844,39.849998474121094,37.86000061035156,39.79999923706055,26.247394561767578,77569400,0.0,0.0
2010-11-05,39.88999938964844,41.34000015258789,39.779998779296875,40.939998626708984,26.99920082092285,75684800,0.0,0.0
2010-11-08,40.86000061035156,41.20000076293945,40.209999084472656,40.5099983215332,26.715625762939453,32967000,0.0,0.0
2010-11-09,40.43000030517578,40.68000030517578,39.72999954223633,39.900001525878906,26.313356399536133,32800100,0.0,0.0
2010-11-10,39.869998931884766,40.63999938964844,39.59000015258789,40.619998931884766,26.78817367553711,35587900,0.0,0.0
2010-11-11,40.27000045776367,40.439998626708984,39.849998474121094,40.02000045776367,26.392488479614258,25499700,0.0,0.0
2010-11-12,39.86000061035156,40.2599983215332,39.380001068115234,39.61000061035156,26.122098922729492,33504800,0.0,0.0
2010-11-15,39.81999969482422,40.63999938964844,39.709999084472656,40.08000183105469,26.432052612304688,28772500,0.0,0.0
2010-11-16,39.7400016784668,39.970001220703125,39.040000915527344,39.61000061035156,26.122098922729492,46023000,0.0,0.0
2010-11-17,39.58000183105469,39.68000030517578,38.97999954223633,39.18000030517578,25.838518142700195,32027500,0.0,0.0
2010-11-18,39.56999969482422,40.0,39.36000061035156,39.65999984741211,26.155067443847656,30987600,0.0,0.0
2010-11-19,39.40999984741211,39.63999938964844,39.2599983215332,39.40999984741211,25.990203857421875,26542000,0.0,0.0
2010-11-22,39.060001373291016,39.099998474121094,38.209999084472656,38.5099983215332,25.39667320251465,33249500,0.0,0.0
2010-11-23,38.0099983215332,38.220001220703125,37.599998474121094,37.630001068115234,24.816320419311523,35340400,0.0,0.0
2010-11-24,37.83000183105469,38.2400016784668,37.59000015258789,38.15999984741211,25.165842056274414,24248300,0.0,0.0
2010-11-26,37.709999084472656,37.97999954223633,37.5,37.5,24.7305908203125,12819100,0.0,0.0
2010-11-29,37.470001220703125,38.09000015258789,37.11000061035156,37.90999984741211,25.000980377197266,30911400,0.0,0.0
2010-11-30,37.4900016784668,37.790000915527344,37.2400016784668,37.400001525878906,24.664649963378906,33716700,0.0,0.0
2010-12-01,37.95000076293945,38.189998626708984,37.650001525878906,38.150001525878906,25.159257888793945,33157200,0.0,0.0
2010-12-02,38.43000030517578,39.380001068115234,38.33000183105469,39.310001373291016,25.92426109313965,41526000,0.0,0.0
2010-12-03,39.06999969482422,39.66999816894531,38.70000076293945,39.61000061035156,26.122098922729492,30070200,0.0,0.0
2010-12-06,39.47999954223633,40.04999923706055,39.29999923706055,39.900001525878906,26.313356399536133,25364500,0.0,0.0
2010-12-07,40.349998474121094,40.459999084472656,39.2400016784668,39.25,25.884679794311523,40908200,0.0,0.0
2010-12-08,39.36000061035156,40.33000183105469,39.060001373291016,40.2599983215332,26.55076026916504,38115900,0.0,0.0
2010-12-09,40.66999816894531,41.099998474121094,40.56999969482422,40.810001373291016,26.913482666015625,43001900,0.0,0.0
2010-12-10,40.88999938964844,41.5,40.77000045776367,41.43000030517578,27.322351455688477,28449000,0.0,0.0
2010-12-13,41.56999969482422,41.9900016784668,41.15999984741211,41.5099983215332,27.375120162963867,35730400,0.0,0.0
2010-12-14,41.439998626708984,41.5,40.470001220703125,40.790000915527344,26.900279998779297,34010800,0.0,0.0
2010-12-15,40.72999954223633,41.0,40.060001373291016,40.209999084472656,26.517784118652344,30264000,0.0,0.0
2010-12-16,40.41999816894531,40.68000030517578,39.81999969482422,40.0099983215332,26.38588523864746,37123200,0.0,0.0
2010-12-17,40.060001373291016,40.06999969482422,39.529998779296875,39.66999816894531,26.16166877746582,52004800,0.0,0.0
2010-12-20,39.83000183105469,40.27000045776367,39.689998626708984,39.95000076293945,26.34632110595703,22978200,0.0,0.0
2010-12-21,40.15999984741211,41.2400016784668,39.97999954223633,41.0,27.038774490356445,30757800,0.0,0.0
2010-12-22,41.16999816894531,42.540000915527344,41.15999984741211,42.15999984741211,27.80377769470215,47280400,0.0,0.0
2010-12-23,42.150001525878906,42.27000045776367,41.81999969482422,42.08000183105469,27.751018524169922,18927900,0.0,0.0
2010-12-27,41.81999969482422,42.68000030517578,41.79999923706055,42.66999816894531,28.140104293823242,17203200,0.0,0.0
2010-12-28,42.70000076293945,43.119998931884766,42.470001220703125,42.61000061035156,28.100540161132812,20386600,0.0,0.0
2010-12-29,42.58000183105469,42.77000045776367,42.29999923706055,42.36000061035156,27.9356746673584,13637400,0.0,0.0
2010-12-30,42.310001373291016,42.470001220703125,42.04999923706055,42.22999954223633,27.849939346313477,12901900,0.0,0.0
2010-12-31,42.11000061035156,42.45000076293945,42.040000915527344,42.41999816894531,27.975255966186523,12199700,0.0,0.0
2011-01-03,43.0,44.040000915527344,42.959999084472656,43.58000183105469,28.740245819091797,43278500,0.0,0.0
2011-01-04,43.779998779296875,44.29999923706055,43.34000015258789,44.15999984741211,29.15619659423828,40036800,0.05,0.0
2011-01-05,43.91999816894531,44.95000076293945,43.900001525878906,44.70000076293945,29.512723922729492,50032500,0.0,0.0
2011-01-06,44.400001525878906,44.79999923706055,44.25,44.47999954223633,29.367473602294922,31606200,0.0,0.0
2011-01-07,44.540000915527344,44.59000015258789,42.650001525878906,43.63999938964844,28.81285858154297,69579400,0.0,0.0
2011-01-10,43.27000045776367,43.77000045776367,43.0,43.400001525878906,28.654415130615234,30098100,0.0,0.0
2011-01-11,43.70000076293945,44.02000045776367,43.41999816894531,43.599998474121094,28.786470413208008,28067100,0.0,0.0
2011-01-12,44.439998626708984,44.900001525878906,44.25,44.709999084472656,29.519317626953125,44296900,0.0,0.0
2011-01-13,44.939998626708984,44.970001220703125,44.16999816894531,44.45000076293945,29.347658157348633,42133000,0.0,0.0
2011-01-14,44.5099983215332,45.939998626708984,44.45000076293945,44.90999984741211,29.651369094848633,86983800,0.0,0.0
2011-01-18,45.02000045776367,45.41999816894531,44.5,44.75,29.545730590820312,46237700,0.0,0.0
2011-01-19,44.54999923706055,44.970001220703125,43.599998474121094,43.709999084472656,28.859094619750977,44989200,0.0,0.0
2011-01-20,43.83000183105469,44.9900016784668,43.61000061035156,44.75,29.545730590820312,46977700,0.0,0.0
2011-01-21,45.04999923706055,45.540000915527344,44.849998474121094,45.290000915527344,29.902273178100586,44767400,0.0,0.0
2011-01-24,45.209999084472656,45.47999954223633,44.86000061035156,45.02000045776367,29.724002838134766,27826800,0.0,0.0
2011-01-25,44.81999969482422,45.43000030517578,44.2599983215332,44.869998931884766,29.624958038330078,36022400,0.0,0.0
2011-01-26,45.20000076293945,45.47999954223633,44.869998931884766,44.97999954223633,29.697607040405273,25639400,0.0,0.0
2011-01-27,44.97999954223633,45.380001068115234,44.689998626708984,45.099998474121094,29.776823043823242,26740900,0.0,0.0
2011-01-28,45.04999923706055,45.880001068115234,44.400001525878906,44.540000915527344,29.407093048095703,38593900,0.0,0.0
2011-01-31,44.40999984741211,45.099998474121094,44.400001525878906,44.939998626708984,29.671184539794922,23574500,0.0,0.0
2011-02-01,45.20000076293945,46.0,45.15999984741211,45.93000030517578,30.324819564819336,28255500,0.0,0.0
2011-02-02,45.790000915527344,45.97999954223633,45.34000015258789,45.45000076293945,30.007902145385742,24104900,0.0,0.0
2011-02-03,45.47999954223633,45.75,44.84000015258789,45.459999084472656,30.01449203491211,23322400,0.0,0.0
2011-02-04,45.0,45.16999816894531,44.29999923706055,44.59000015258789,29.440099716186523,38172900,0.0,0.0
2011-02-07,44.75,45.75,44.650001525878906,45.5,30.04090690612793,36790900,0.0,0.0
2011-02-08,45.4900016784668,45.81999969482422,45.310001373291016,45.7400016784668,30.19938087463379,28649500,0.0,0.0
2011-02-09,45.36000061035156,45.5,44.650001525878906,45.11000061035156,29.78341293334961,33491000,0.0,0.0
2011-02-10,45.099998474121094,45.540000915527344,44.95000076293945,45.529998779296875,30.06072425842285,22688600,0.0,0.0
2011-02-11,45.400001525878906,46.88999938964844,45.400001525878906,46.56999969482422,30.747365951538086,40812800,0.0,0.0
2011-02-14,46.599998474121094,46.900001525878906,46.470001220703125,46.540000915527344,30.727575302124023,28699200,0.0,0.0
2011-02-15,46.560001373291016,47.34000015258789,46.540000915527344,46.81999969482422,30.91242790222168,35972900,0.0,0.0
2011-02-16,47.150001525878906,48.36000061035156,47.099998474121094,47.939998626708984,31.651906967163086,44327800,0.0,0.0
2011-02-17,47.77000045776367,47.9900016784668,47.5,47.81999969482422,31.57267189025879,22932600,0.0,0.0
2011-02-18,47.81999969482422,48.130001068115234,47.54999923706055,48.0,31.6915225982666,23844300,0.0,0.0
2011-02-22,47.20000076293945,47.27000045776367,45.849998474121094,46.0099983215332,30.377635955810547,44561900,0.0,0.0
2011-02-23,46.040000915527344,46.5,45.290000915527344,45.959999084472656,30.344619750976562,36264800,0.0,0.0
2011-02-24,45.630001068115234,46.060001373291016,45.209999084472656,45.90999984741211,30.311603546142578,31926900,0.0,0.0
2011-02-25,46.25,46.86000061035156,46.119998931884766,46.68000030517578,30.819995880126953,26782100,0.0,0.0
2011-02-28,46.810001373291016,47.18000030517578,46.41999816894531,46.689998626708984,30.82659339904785,25985300,0.0,0.0
2011-03-01,46.470001220703125,46.689998626708984,45.59000015258789,45.599998474121094,30.1069278717041,33682600,0.0,0.0
2011-03-02,45.38999938964844,45.970001220703125,45.06999969482422,45.209999084472656,29.84943962097168,28600000,0.0,0.0
2011-03-03,45.720001220703125,46.33000183105469,45.709999084472656,46.08000183105469,30.423856735229492,23043600,0.0,0.0
2011-03-04,45.97999954223633,46.040000915527344,45.099998474121094,45.52000045776367,30.05411720275879,27716900,0.0,0.0
2011-03-07,45.619998931884766,45.650001525878906,44.7599983215332,45.189998626708984,29.836227416992188,28110800,0.0,0.0
2011-03-08,45.380001068115234,46.689998626708984,45.29999923706055,46.400001525878906,30.635133743286133,32941500,0.0,0.0
2011-03-09,46.33000183105469,47.099998474121094,46.02000045776367,46.560001373291016,30.74078369140625,25174700,0.0,0.0
2011-03-10,46.08000183105469,46.25,45.2599983215332,45.529998779296875,30.06072425842285,33783700,0.0,0.0
2011-03-11,45.279998779296875,45.84000015258789,45.25,45.7400016784668,30.19938087463379,20337600,0.0,0.0
2011-03-14,45.41999816894531,45.540000915527344,44.630001068115234,45.29999923706055,29.90886878967285,24508900,0.0,0.0
2011-03-15,44.54999923706055,44.9900016784668,43.849998474121094,44.61000061035156,29.45330810546875,35606000,0.0,0.0
2011-03-16,44.63999938964844,44.779998779296875,43.65999984741211,43.810001373291016,28.925119400024414,41962900,0.0,0.0
2011-03-17,44.459999084472656,44.61000061035156,43.400001525878906,44.560001373291016,29.420286178588867,46741800,0.0,0.0
2011-03-18,45.2400016784668,46.18000030517578,44.75,45.7400016784668,30.19938087463379,77421000,0.0,0.0
2011-03-21,46.279998779296875,46.31999969482422,45.31999969482422,45.630001068115234,30.12674331665039,28985300,0.0,0.0
2011-03-22,45.65999984741211,45.709999084472656,45.349998474121094,45.470001220703125,30.0211124420166,19756600,0.0,0.0
2011-03-23,45.290000915527344,45.689998626708984,44.77000045776367,45.599998474121094,30.1069278717041,26688900,0.0,0.0
2011-03-24,45.70000076293945,45.84000015258789,45.09000015258789,45.72999954223633,30.192760467529297,21748100,0.0,0.0
2011-03-25,45.70000076293945,46.380001068115234,45.66999816894531,45.86000061035156,30.278610229492188,20710400,0.0,0.0
2011-03-28,46.099998474121094,46.5,45.95000076293945,45.959999084472656,30.344619750976562,19039400,0.0,0.0
2011-03-29,45.83000183105469,46.040000915527344,45.52000045776367,46.02000045776367,30.384241104125977,17913300,0.0,0.0
2011-03-30,46.529998779296875,46.849998474121094,46.220001220703125,46.45000076293945,30.668149948120117,26829100,0.0,0.0
2011-03-31,46.04999923706055,46.34000015258789,45.959999084472656,46.099998474121094,30.437063217163086,23340500,0.0,0.0
2011-04-01,46.54999923706055,46.880001068115234,46.18000030517578,46.349998474121094,30.60211181640625,25387300,0.0,0.0
2011-04-04,46.119998931884766,46.52000045776367,46.04999923706055,46.34000015258789,30.76144027709961,15708000,0.25,0.0
2011-04-05,46.16999816894531,46.77000045776367,46.04999923706055,46.58000183105469,30.920747756958008,21058400,0.0,0.0
2011-04-06,46.810001373291016,47.72999954223633,46.630001068115234,47.63999938964844,31.62441062927246,31203300,0.0,0.0
2011-04-07,47.63999938964844,47.79999923706055,46.959999084472656,47.400001525878906,31.465091705322266,29972000,0.0,0.0
2011-04-08,47.52000045776367,47.65999984741211,46.630001068115234,46.84000015258789,31.093355178833008,23808000,0.0,0.0
2011-04-11,47.0,47.27000045776367,46.75,46.86000061035156,31.10662078857422,25641600,0.0,0.0
2011-04-12,46.54999923706055,47.11000061035156,46.25,46.63999938964844,30.960588455200195,27231300,0.0,0.0
2011-04-13,47.2400016784668,47.369998931884766,45.880001068115234,46.25,30.701684951782227,55383900,0.0,0.0
2011-04-14,45.68000030517578,45.75,44.90999984741211,44.970001220703125,29.852005004882812,45214600,0.0,0.0
2011-04-15,45.2400016784668,45.369998931884766,44.83000183105469,44.88999938964844,29.79889678955078,32475000,0.0,0.0
2011-04-18,44.27000045776367,44.349998474121094,43.529998779296875,43.959999084472656,29.181543350219727,50958800,0.0,0.0
2011-04-19,44.2599983215332,44.709999084472656,43.7599983215332,44.650001525878906,29.639572143554688,26705000,0.0,0.0
2011-04-20,44.900001525878906,44.970001220703125,43.939998626708984,44.560001373291016,29.5798282623291,35542800,0.0,0.0
2011-04-21,44.68000030517578,44.84000015258789,44.119998931884766,44.68000030517578,29.65949058532715,24368100,0.0,0.0
2011-04-25,44.650001525878906,45.02000045776367,44.380001068115234,44.61000061035156,29.6130428314209,17358900,0.0,0.0
2011-04-26,44.849998474121094,45.43000030517578,44.61000061035156,45.119998931884766,29.951580047607422,25900000,0.0,0.0
2011-04-27,45.29999923706055,45.630001068115234,45.04999923706055,45.5,30.203832626342773,20857200,0.0,0.0
2011-04-28,45.61000061035156,45.93000030517578,45.40999984741211,45.849998474121094,30.43616485595703,19859000,0.0,0.0
2011-04-29,45.810001373291016,46.02000045776367,45.400001525878906,45.630001068115234,30.290132522583008,23363000,0.0,0.0
2011-05-02,45.939998626708984,45.9900016784668,45.11000061035156,45.18000030517578,29.99140167236328,25904000,0.0,0.0
2011-05-03,44.95000076293945,46.06999969482422,44.86000061035156,45.91999816894531,30.48263168334961,30025500,0.0,0.0
2011-05-04,45.97999954223633,46.040000915527344,45.279998779296875,45.5,30.203832626342773,22727400,0.0,0.0
2011-05-05,45.2400016784668,45.709999084472656,44.9900016784668,45.16999816894531,29.984764099121094,26154500,0.0,0.0
2011-05-06,45.470001220703125,45.709999084472656,44.7599983215332,45.040000915527344,29.89846420288086,26332300,0.0,0.0
2011-05-09,44.75,45.11000061035156,44.31999969482422,44.959999084472656,29.845355987548828,22469500,0.0,0.0
2011-05-10,45.060001373291016,45.5,44.97999954223633,45.15999984741211,29.97812843322754,20534200,0.0,0.0
2011-05-11,45.02000045776367,45.040000915527344,44.11000061035156,44.22999954223633,29.36077880859375,31519600,0.0,0.0
2011-05-12,44.099998474121094,44.33000183105469,43.54999923706055,44.09000015258789,29.267837524414062,29567900,0.0,0.0
2011-05-13,44.060001373291016,44.099998474121094,42.97999954223633,43.150001525878906,28.64385414123535,32872500,0.0,0.0
2011-05-16,42.970001220703125,43.47999954223633,42.720001220703125,42.880001068115234,28.464603424072266,34951100,0.0,0.0
2011-05-17,42.68000030517578,44.02000045776367,42.650001525878906,43.810001373291016,29.08196449279785,36277100,0.0,0.0
2011-05-18,43.720001220703125,44.2400016784668,43.40999984741211,44.08000183105469,29.261205673217773,24372100,0.0,0.0
2011-05-19,44.31999969482422,44.349998474121094,43.75,44.0,29.208097457885742,19518000,0.0,0.0
2011-05-20,43.83000183105469,44.09000015258789,43.09000015258789,43.130001068115234,28.63057518005371,29946700,0.0,0.0
2011-05-23,42.400001525878906,42.900001525878906,42.29999923706055,42.54999923706055,28.245569229125977,32299500,0.0,0.0
2011-05-24,42.77000045776367,42.91999816894531,41.689998626708984,42.34000015258789,28.10615348815918,39341400,0.0,0.0
2011-05-25,42.11000061035156,42.75,42.099998474121094,42.27000045776367,28.059696197509766,26505300,0.0,0.0
2011-05-26,42.119998931884766,42.59000015258789,42.099998474121094,42.45000076293945,28.179182052612305,21648100,0.0,0.0
2011-05-27,42.70000076293945,43.150001525878906,42.540000915527344,42.790000915527344,28.40486717224121,24747300,0.0,0.0
2011-05-31,43.2400016784668,43.380001068115234,42.77000045776367,43.2400016784668,28.703596115112305,28746300,0.0,0.0
2011-06-01,42.869998931884766,42.9900016784668,41.72999954223633,41.7599983215332,27.721141815185547,38628700,0.0,0.0
2011-06-02,41.93000030517578,42.20000076293945,40.83000183105469,41.61000061035156,27.621566772460938,45964000,0.0,0.0
2011-06-03,41.09000015258789,42.25,41.02000045776367,41.56999969482422,27.595012664794922,31833100,0.0,0.0
2011-06-06,41.099998474121094,41.2400016784668,40.369998931884766,40.529998779296875,26.904630661010742,40895900,0.0,0.0
2011-06-07,40.91999816894531,41.310001373291016,40.650001525878906,40.720001220703125,27.03076171875,36312000,0.0,0.0
2011-06-08,40.58000183105469,41.06999969482422,40.20000076293945,40.38999938964844,26.81170654296875,38890700,0.0,0.0
2011-06-09,40.59000015258789,41.2400016784668,40.540000915527344,40.97999954223633,27.203353881835938,30082300,0.0,0.0
2011-06-10,40.59000015258789,41.5,40.099998474121094,41.04999923706055,27.249832153320312,48545700,0.0,0.0
2011-06-13,41.290000915527344,41.81999969482422,40.720001220703125,41.66999816894531,27.661392211914062,31767100,0.0,0.0
2011-06-14,42.130001068115234,42.439998626708984,41.47999954223633,41.61000061035156,27.621566772460938,32103500,0.0,0.0
2011-06-15,41.02000045776367,41.400001525878906,40.25,40.68000030517578,27.004213333129883,37336400,0.0,0.0
2011-06-16,40.630001068115234,40.709999084472656,39.70000076293945,40.36000061035156,26.791799545288086,50316600,0.0,0.0
2011-06-17,40.849998474121094,41.060001373291016,40.540000915527344,40.79999923706055,27.083877563476562,31999600,0.0,0.0
2011-06-20,40.5,40.810001373291016,40.119998931884766,40.47999954223633,26.871437072753906,21565400,0.0,0.0
2011-06-21,40.68000030517578,41.22999954223633,40.25,40.90999984741211,27.156888961791992,34241100,0.0,0.0
2011-06-22,40.66999816894531,41.529998779296875,40.47999954223633,40.689998626708984,27.010847091674805,27306300,0.0,0.0
2011-06-23,40.119998931884766,40.25,39.619998931884766,40.06999969482422,26.599288940429688,48307500,0.0,0.0
2011-06-24,40.04999923706055,40.18000030517578,39.439998626708984,39.4900016784668,26.214265823364258,36136800,0.0,0.0
2011-06-27,39.400001525878906,40.11000061035156,39.33000183105469,39.880001068115234,26.473159790039062,30632700,0.0,0.0
2011-06-28,40.06999969482422,40.06999969482422,39.2400016784668,39.540000915527344,26.24745750427246,41558700,0.0,0.0
2011-06-29,40.040000915527344,40.560001373291016,39.91999816894531,40.45000076293945,26.851539611816406,44775900,0.0,0.0
2011-06-30,40.720001220703125,41.06999969482422,40.369998931884766,40.939998626708984,27.17681312561035,28000100,0.0,0.0
2011-07-01,40.810001373291016,41.720001220703125,40.77000045776367,41.58000183105469,27.771240234375,32136800,0.25,0.0
2011-07-05,41.5099983215332,41.5099983215332,40.970001220703125,41.029998779296875,27.403894424438477,23805800,0.0,0.0
2011-07-06,40.59000015258789,40.650001525878906,40.18000030517578,40.560001373291016,27.089988708496094,23865700,0.0,0.0
2011-07-07,41.189998626708984,41.790000915527344,41.099998474121094,41.31999969482422,27.597572326660156,28550800,0.0,0.0
2011-07-08,40.70000076293945,40.970001220703125,40.560001373291016,40.7400016784668,27.210205078125,20680000,0.0,0.0
2011-07-11,40.189998626708984,40.220001220703125,39.290000915527344,39.43000030517578,26.335256576538086,38328000,0.0,0.0
2011-07-12,39.2400016784668,40.119998931884766,39.2400016784668,39.38999938964844,26.308534622192383,33808300,0.0,0.0
2011-07-13,39.66999816894531,40.369998931884766,39.40999984741211,39.619998931884766,26.46215057373047,34020600,0.0,0.0
2011-07-14,41.18000030517578,41.2400016784668,40.290000915527344,40.349998474121094,26.949722290039062,65327400,0.0,0.0
2011-07-15,40.61000061035156,40.75,39.5,39.97999954223633,26.702608108520508,46544900,0.0,0.0
2011-07-18,39.790000915527344,40.0,38.93000030517578,39.83000183105469,26.6024169921875,47603200,0.0,0.0
2011-07-19,39.91999816894531,40.4900016784668,39.709999084472656,40.38999938964844,26.9764404296875,34837400,0.0,0.0
2011-07-20,40.689998626708984,41.36000061035156,40.619998931884766,40.959999084472656,27.357141494750977,31250900,0.0,0.0
2011-07-21,41.56999969482422,42.54999923706055,41.22999954223633,42.290000915527344,28.245441436767578,45552200,0.0,0.0
2011-07-22,42.27000045776367,42.31999969482422,41.7599983215332,42.189998626708984,28.17864418029785,19986100,0.0,0.0
2011-07-25,41.52000045776367,41.90999984741211,41.290000915527344,41.689998626708984,27.844697952270508,22522300,0.0,0.0
2011-07-26,41.5,41.790000915527344,41.290000915527344,41.439998626708984,27.6777286529541,24350600,0.0,0.0
2011-07-27,41.20000076293945,41.400001525878906,40.59000015258789,40.66999816894531,27.163450241088867,32361100,0.0,0.0
2011-07-28,40.689998626708984,41.2400016784668,40.619998931884766,40.68000030517578,27.17012596130371,23370200,0.0,0.0
2011-07-29,40.2400016784668,40.75,39.900001525878906,40.45000076293945,27.016515731811523,37793400,0.0,0.0
2011-08-01,41.15999984741211,41.369998931884766,39.959999084472656,40.439998626708984,27.00982093811035,34039300,0.0,0.0
2011-08-02,40.099998474121094,40.380001068115234,39.84000015258789,39.84000015258789,26.609086990356445,42119000,0.0,0.0
2011-08-03,39.7599983215332,40.02000045776367,39.349998474121094,39.900001525878906,26.64916229248047,41110100,0.0,0.0
2011-08-04,39.310001373291016,39.59000015258789,37.81999969482422,37.91999816894531,25.326730728149414,59931100,0.0,0.0
2011-08-05,38.29999923706055,38.75,36.720001220703125,37.599998474121094,25.11298942565918,85507800,0.0,0.0
2011-08-08,36.22999954223633,37.720001220703125,33.689998626708984,34.060001373291016,22.748632431030273,107650300,0.0,0.0
2011-08-09,35.380001068115234,36.59000015258789,33.689998626708984,36.400001525878906,24.3115177154541,78985700,0.0,0.0
2011-08-10,35.52000045776367,35.849998474121094,33.9900016784668,34.369998931884766,22.9556884765625,83975700,0.0,0.0
2011-08-11,34.630001068115234,37.29999923706055,34.630001068115234,36.689998626708984,24.505207061767578,69583500,0.0,0.0
2011-08-12,37.130001068115234,37.849998474121094,35.58000183105469,35.90999984741211,23.9842529296875,44072800,0.0,0.0
2011-08-15,36.529998779296875,37.13999938964844,36.38999938964844,36.880001068115234,24.63210678100586,34827900,0.0,0.0
2011-08-16,36.27000045776367,36.56999969482422,35.77000045776367,36.029998779296875,24.06439971923828,42266600,0.0,0.0
2011-08-17,36.459999084472656,37.2599983215332,36.31999969482422,36.56999969482422,24.425064086914062,30131400,0.0,0.0
2011-08-18,35.27000045776367,35.470001220703125,34.5,35.189998626708984,23.503360748291016,57130300,0.0,0.0
2011-08-19,34.7599983215332,35.5,34.2599983215332,34.349998474121094,22.942317962646484,52960800,0.0,0.0
2011-08-22,35.119998931884766,35.18000030517578,33.349998474121094,33.40999984741211,22.314502716064453,50971400,0.0,0.0
2011-08-23,33.290000915527344,34.79999923706055,32.310001373291016,34.779998779296875,23.229522705078125,55807900,0.0,0.0
2011-08-24,34.81999969482422,36.0099983215332,34.68000030517578,35.83000183105469,23.930814743041992,41959800,0.0,0.0
2011-08-25,37.790000915527344,38.56999969482422,35.41999816894531,35.720001220703125,23.857351303100586,55387600,0.0,0.0
2011-08-26,35.279998779296875,36.47999954223633,34.81999969482422,36.209999084472656,24.184619903564453,35114200,0.0,0.0
2011-08-29,36.81999969482422,37.63999938964844,36.470001220703125,37.63999938964844,25.139719009399414,27943900,0.0,0.0
2011-08-30,37.400001525878906,37.720001220703125,36.75,37.060001373291016,24.752330780029297,28818700,0.0,0.0
2011-08-31,37.41999816894531,38.029998779296875,37.220001220703125,37.560001373291016,25.086284637451172,30051100,0.0,0.0
2011-09-01,37.619998931884766,37.81999969482422,36.290000915527344,36.29999923706055,24.244726181030273,36862300,0.0,0.0
2011-09-02,35.060001373291016,35.25,34.5099983215332,34.630001068115234,23.129335403442383,41677300,0.0,0.0
2011-09-06,33.11000061035156,33.5,32.779998779296875,33.439998626708984,22.334537506103516,57071200,0.0,0.0
2011-09-07,34.099998474121094,34.97999954223633,33.869998931884766,34.81999969482422,23.256242752075195,36145900,0.0,0.0
2011-09-08,34.439998626708984,34.90999984741211,33.439998626708984,33.5099983215332,22.381290435791016,44815300,0.0,0.0
2011-09-09,33.08000183105469,33.20000076293945,31.93000030517578,32.08000183105469,21.42620086669922,67187400,0.0,0.0
2011-09-12,31.350000381469727,32.41999816894531,31.209999084472656,32.41999816894531,21.65328025817871,53377600,0.0,0.0
2011-09-13,32.810001373291016,33.40999984741211,32.16999816894531,32.4900016784668,21.70003890991211,50137600,0.0,0.0
2011-09-14,32.72999954223633,33.189998626708984,31.860000610351562,32.79999923706055,21.907081604003906,44442500,0.0,0.0
2011-09-15,33.369998931884766,33.81999969482422,33.130001068115234,33.810001373291016,22.581663131713867,35847800,0.0,0.0
2011-09-16,34.04999923706055,34.27000045776367,33.02000045776367,33.43000030517578,22.327865600585938,52683800,0.0,0.0
2011-09-19,32.689998626708984,32.88999938964844,32.130001068115234,32.4900016784668,21.70003890991211,33154800,0.0,0.0
2011-09-20,32.77000045776367,32.79999923706055,32.2400016784668,32.25,21.539730072021484,34085100,0.0,0.0
2011-09-21,32.22999954223633,32.45000076293945,30.260000228881836,30.34000015258789,20.264053344726562,57389200,0.0,0.0
2011-09-22,29.350000381469727,29.6299991607666,28.530000686645508,29.270000457763672,19.54939842224121,86285600,0.0,0.0
2011-09-23,28.959999084472656,29.799999237060547,28.860000610351562,29.59000015258789,19.763132095336914,51731300,0.0,0.0
2011-09-26,30.059999465942383,31.809999465942383,29.959999084472656,31.649999618530273,21.138996124267578,58696100,0.0,0.0
2011-09-27,32.619998931884766,33.130001068115234,31.25,31.56999969482422,21.085569381713867,58242900,0.0,0.0
2011-09-28,31.6200008392334,32.0,30.420000076293945,30.469999313354492,20.350875854492188,38725900,0.0,0.0
2011-09-29,31.579999923706055,32.11000061035156,30.440000534057617,31.389999389648438,20.965347290039062,51014100,0.0,0.0
2011-09-30,30.739999771118164,30.950000762939453,30.110000610351562,30.1200008392334,20.11711311340332,42420600,0.0,0.0
2011-10-03,30.030000686645508,30.700000762939453,28.639999389648438,28.649999618530273,19.13530158996582,51002700,0.0,0.0
2011-10-04,28.25,30.43000030517578,27.850000381469727,30.260000228881836,20.388532638549805,69800000,0.25,0.0
2011-10-05,30.229999542236328,31.170000076293945,29.399999618530273,30.84000015258789,20.779319763183594,51117200,0.0,0.0
2011-10-06,30.709999084472656,32.459999084472656,30.420000076293945,32.380001068115234,21.816944122314453,53214000,0.0,0.0
2011-10-07,32.58000183105469,32.61000061035156,30.649999618530273,30.700000762939453,20.684995651245117,49320600,0.0,0.0
2011-10-10,31.600000381469727,32.31999969482422,31.579999923706055,32.29999923706055,21.763042449951172,37324800,0.0,0.0
2011-10-11,31.979999542236328,32.68000030517578,31.40999984741211,32.29999923706055,21.763042449951172,38161700,0.0,0.0
2011-10-12,32.7599983215332,33.869998931884766,32.689998626708984,33.20000076293945,22.369436264038086,55462500,0.0,0.0
2011-10-13,32.45000076293945,32.4900016784668,30.920000076293945,31.600000381469727,21.29139518737793,78830000,0.0,0.0
2011-10-14,31.8700008392334,32.31999969482422,31.399999618530273,31.889999389648438,21.486787796020508,51899600,0.0,0.0
2011-10-17,31.639999389648438,32.09000015258789,30.969999313354492,31.040000915527344,20.914079666137695,40865400,0.0,0.0
2011-10-18,31.360000610351562,33.41999816894531,31.139999389648438,32.869998931884766,22.1470947265625,64392400,0.0,0.0
2011-10-19,32.77000045776367,34.0099983215332,32.029998779296875,32.25,21.72934913635254,50119300,0.0,0.0
2011-10-20,32.31999969482422,33.189998626708984,31.670000076293945,33.130001068115234,22.322277069091797,41657100,0.0,0.0
2011-10-21,33.47999954223633,34.040000915527344,33.0099983215332,33.41999816894531,22.517663955688477,48445300,0.0,0.0
2011-10-24,33.61000061035156,34.689998626708984,33.56999969482422,34.56999969482422,23.292512893676758,45697200,0.0,0.0
2011-10-25,34.18000030517578,34.25,33.36000061035156,33.4900016784668,22.56483268737793,38679100,0.0,0.0
2011-10-26,34.11000061035156,34.40999984741211,33.5,34.18000030517578,23.029739379882812,36350900,0.0,0.0
2011-10-27,36.560001373291016,37.540000915527344,35.70000076293945,37.02000045776367,24.94327163696289,76438300,0.0,0.0
2011-10-28,36.61000061035156,36.97999954223633,36.189998626708984,36.689998626708984,24.720924377441406,39891200,0.0,0.0
2011-10-31,35.93000030517578,36.0,34.72999954223633,34.7599983215332,23.4205379486084,46429800,0.0,0.0
2011-11-01,32.470001220703125,33.63999938964844,31.84000015258789,32.709999084472656,22.039289474487305,74052400,0.0,0.0
2011-11-02,33.709999084472656,33.7400016784668,33.060001373291016,33.63999938964844,22.665908813476562,34325900,0.0,0.0
2011-11-03,34.119998931884766,34.52000045776367,32.84000015258789,34.380001068115234,23.16449737548828,40084700,0.0,0.0
2011-11-04,33.9900016784668,34.060001373291016,33.45000076293945,33.970001220703125,22.88825225830078,30858700,0.0,0.0
2011-11-07,34.029998779296875,34.34000015258789,33.709999084472656,34.2400016784668,23.070171356201172,25925900,0.0,0.0
2011-11-08,34.529998779296875,35.18000030517578,34.02000045776367,35.02000045776367,23.595714569091797,30193100,0.0,0.0
2011-11-09,33.84000015258789,33.9900016784668,32.380001068115234,32.540000915527344,21.924745559692383,52990400,0.0,0.0
2011-11-10,32.91999816894531,33.22999954223633,32.279998779296875,32.7400016784668,22.059507369995117,30427400,0.0,0.0
2011-11-11,33.279998779296875,33.849998474121094,33.02000045776367,33.279998779296875,22.423341751098633,29983400,0.0,0.0
2011-11-14,32.95000076293945,32.97999954223633,32.220001220703125,32.54999923706055,21.931486129760742,27596300,0.0,0.0
2011-11-15,32.09000015258789,33.11000061035156,32.08000183105469,32.70000076293945,22.032550811767578,31260500,0.0,0.0
2011-11-16,32.34000015258789,32.4900016784668,31.399999618530273,31.469999313354492,21.20380210876465,40761800,0.0,0.0
2011-11-17,31.399999618530273,31.5,30.34000015258789,30.489999771118164,20.54349708557129,55130100,0.0,0.0
2011-11-18,30.670000076293945,30.850000381469727,30.329999923706055,30.6200008392334,20.631092071533203,39029900,0.0,0.0
2011-11-21,30.020000457763672,30.190000534057617,29.600000381469727,29.90999984741211,20.152711868286133,39658100,0.0,0.0
2011-11-22,29.899999618530273,30.100000381469727,29.3799991607666,29.40999984741211,19.815824508666992,36466200,0.0,0.0
2011-11-23,29.110000610351562,29.149999618530273,28.329999923706055,28.3799991607666,19.121828079223633,44468500,0.0,0.0
2011-11-25,28.280000686645508,29.170000076293945,28.280000686645508,28.479999542236328,19.189210891723633,21423200,0.0,0.0
2011-11-28,29.709999084472656,30.06999969482422,28.81999969482422,29.15999984741211,19.647377014160156,45280100,0.0,0.0
2011-11-29,28.979999542236328,29.1299991607666,28.479999542236328,28.559999465942383,19.243104934692383,45104700,0.0,0.0
2011-11-30,30.149999618530273,31.0,29.799999237060547,30.969999313354492,20.86691665649414,61412600,0.0,0.0
2011-12-01,30.860000610351562,30.969999313354492,30.030000686645508,30.459999084472656,20.523284912109375,33189700,0.0,0.0
2011-12-02,30.8799991607666,33.27000045776367,30.809999465942383,32.33000183105469,21.78325080871582,90515100,0.0,0.0
2011-12-05,33.63999938964844,34.099998474121094,33.220001220703125,33.5099983215332,22.578310012817383,52207600,0.0,0.0
2011-12-06,33.2599983215332,33.58000183105469,32.68000030517578,33.22999954223633,22.3896541595459,38782900,0.0,0.0
2011-12-07,32.81999969482422,34.189998626708984,32.720001220703125,34.0,22.908462524414062,44722800,0.0,0.0
2011-12-08,33.54999923706055,33.70000076293945,32.08000183105469,32.220001220703125,21.709136962890625,47788900,0.0,0.0
2011-12-09,32.36000061035156,33.310001373291016,32.36000061035156,33.18000030517578,22.35595703125,39104600,0.0,0.0
2011-12-12,32.54999923706055,32.599998474121094,31.760000228881836,32.040000915527344,21.587852478027344,35977900,0.0,0.0
2011-12-13,32.369998931884766,32.630001068115234,30.8700008392334,31.290000915527344,21.082529067993164,49475100,0.0,0.0
2011-12-14,30.8799991607666,31.940000534057617,30.829999923706055,31.510000228881836,21.230754852294922,41291500,0.0,0.0
2011-12-15,32.099998474121094,32.279998779296875,31.56999969482422,31.760000228881836,21.399200439453125,33457300,0.0,0.0
2011-12-16,32.15999984741211,32.599998474121094,31.809999465942383,31.889999389648438,21.486787796020508,52596800,0.0,0.0
2011-12-19,31.8700008392334,31.899999618530273,30.420000076293945,30.700000762939453,20.684995651245117,47388000,0.0,0.0
2011-12-20,31.399999618530273,32.439998626708984,31.239999771118164,32.209999084472656,21.70240020751953,49091600,0.0,0.0
2011-12-21,32.0,32.40999984741211,31.899999618530273,32.31999969482422,21.776517868041992,30893000,0.0,0.0
2011-12-22,32.689998626708984,33.54999923706055,32.540000915527344,33.45000076293945,22.53788185119629,35543200,0.0,0.0
2011-12-23,33.619998931884766,33.70000076293945,33.130001068115234,33.56999969482422,22.618736267089844,21958800,0.0,0.0
2011-12-27,33.220001220703125,33.689998626708984,33.029998779296875,33.029998779296875,22.254892349243164,16891600,0.0,0.0
2011-12-28,32.9900016784668,33.09000015258789,32.56999969482422,32.650001525878906,21.998863220214844,19242700,0.0,0.0
2011-12-29,32.709999084472656,33.52000045776367,32.709999084472656,33.41999816894531,22.517663955688477,19792000,0.0,0.0
2011-12-30,33.11000061035156,33.41999816894531,33.060001373291016,33.25,22.403127670288086,18196900,0.0,0.0
2012-01-03,34.060001373291016,35.189998626708984,34.0099983215332,34.97999954223633,23.56876564025879,44102800,0.0,0.0
2012-01-04,34.439998626708984,35.150001525878906,34.33000183105469,34.95000076293945,23.718055725097656,36571200,0.25,0.0
2012-01-05,34.709999084472656,35.91999816894531,34.400001525878906,35.68000030517578,24.213457107543945,38381400,0.0,0.0
2012-01-06,35.689998626708984,35.77000045776367,35.13999938964844,35.36000061035156,23.996301651000977,33160600,0.0,0.0
2012-01-09,35.439998626708984,35.68000030517578,34.9900016784668,35.29999923706055,23.955583572387695,23001800,0.0,0.0
2012-01-10,36.06999969482422,36.349998474121094,35.7599983215332,36.04999923706055,24.464553833007812,35972800,0.0,0.0
2012-01-11,35.79999923706055,36.7400016784668,35.65999984741211,36.65999984741211,24.878515243530273,29852900,0.0,0.0
2012-01-12,36.81999969482422,37.04999923706055,36.16999816894531,36.849998474121094,25.0074520111084,39420700,0.0,0.0
2012-01-13,35.2599983215332,35.91999816894531,35.130001068115234,35.91999816894531,24.376325607299805,61571500,0.0,0.0
2012-01-17,34.849998474121094,35.68000030517578,34.5,34.90999984741211,23.690914154052734,55115100,0.0,0.0
2012-01-18,34.540000915527344,36.68000030517578,34.529998779296875,36.540000915527344,24.797082901000977,55502100,0.0,0.0
2012-01-19,36.84000015258789,37.150001525878906,36.709999084472656,36.93000030517578,25.061742782592773,37000400,0.0,0.0
2012-01-20,36.779998779296875,37.400001525878906,36.619998931884766,37.36000061035156,25.353557586669922,34716500,0.0,0.0
2012-01-23,37.310001373291016,37.939998626708984,37.27000045776367,37.65999984741211,25.557146072387695,27499200,0.0,0.0
2012-01-24,37.18000030517578,37.88999938964844,36.79999923706055,37.65999984741211,25.557146072387695,25403800,0.0,0.0
2012-01-25,37.36000061035156,37.81999969482422,37.119998931884766,37.599998474121094,25.51642608642578,29860700,0.0,0.0
2012-01-26,37.880001068115234,38.099998474121094,37.25,37.4900016784668,25.4417781829834,33284600,0.0,0.0
2012-01-27,37.22999954223633,37.65999984741211,37.150001525878906,37.209999084472656,25.251758575439453,27674600,0.0,0.0
2012-01-30,36.65999984741211,37.16999816894531,36.36000061035156,37.0099983215332,25.116031646728516,24423600,0.0,0.0
2012-01-31,37.529998779296875,37.540000915527344,36.93000030517578,37.29999923706055,25.31284523010254,29649500,0.0,0.0
2012-02-01,37.88999938964844,38.029998779296875,37.5,37.599998474121094,25.51642608642578,41957800,0.0,0.0
2012-02-02,37.689998626708984,38.15999984741211,37.41999816894531,37.54999923706055,25.482515335083008,26784200,0.0,0.0
2012-02-03,38.27000045776367,38.5,38.04999923706055,38.279998779296875,25.977890014648438,41074400,0.0,0.0
2012-02-06,38.060001373291016,38.31999969482422,37.810001373291016,38.13999938964844,25.88288688659668,23106200,0.0,0.0
2012-02-07,37.86000061035156,38.119998931884766,37.70000076293945,37.869998931884766,25.69965362548828,21091900,0.0,0.0
2012-02-08,38.04999923706055,38.349998474121094,37.970001220703125,38.29999923706055,25.991466522216797,23258700,0.0,0.0
2012-02-09,38.599998474121094,38.68000030517578,37.84000015258789,37.86000061035156,25.692867279052734,28608400,0.0,0.0
2012-02-10,37.220001220703125,37.77000045776367,37.11000061035156,37.61000061035156,25.523210525512695,22618800,0.0,0.0
2012-02-13,38.08000183105469,38.34000015258789,37.779998779296875,38.29999923706055,25.991466522216797,24828000,0.0,0.0
2012-02-14,38.22999954223633,38.2599983215332,37.439998626708984,37.91999816894531,25.733591079711914,27031900,0.0,0.0
2012-02-15,38.08000183105469,38.400001525878906,37.310001373291016,37.400001525878906,25.380708694458008,26534900,0.0,0.0
2012-02-16,37.150001525878906,38.119998931884766,37.04999923706055,38.0,25.787883758544922,22139600,0.0,0.0
2012-02-17,38.599998474121094,38.63999938964844,38.22999954223633,38.470001220703125,26.106836318969727,28009300,0.0,0.0
2012-02-21,38.650001525878906,38.970001220703125,38.40999984741211,38.459999084472656,26.10004425048828,22804200,0.0,0.0
2012-02-22,38.29999923706055,38.38999938964844,37.900001525878906,38.06999969482422,25.835378646850586,23416900,0.0,0.0
2012-02-23,38.060001373291016,38.52000045776367,37.75,38.4900016784668,26.120418548583984,31361400,0.0,0.0
2012-02-24,38.65999984741211,38.68000030517578,38.189998626708984,38.279998779296875,25.977890014648438,17586400,0.0,0.0
2012-02-27,38.06999969482422,39.22999954223633,37.790000915527344,39.060001373291016,26.507230758666992,34030400,0.0,0.0
2012-02-28,39.130001068115234,39.54999923706055,38.849998474121094,39.209999084472656,26.609018325805664,37900900,0.0,0.0
2012-02-29,39.33000183105469,39.939998626708984,39.02000045776367,39.2400016784668,26.62937355041504,41187700,0.0,0.0
2012-03-01,39.5099983215332,40.45000076293945,39.470001220703125,40.369998931884766,27.39622688293457,44376700,0.0,0.0
2012-03-02,40.43000030517578,40.880001068115234,40.22999954223633,40.630001068115234,27.57266616821289,34897900,0.0,0.0
2012-03-05,40.70000076293945,40.709999084472656,40.0,40.400001525878906,27.416580200195312,30806900,0.0,0.0
2012-03-06,39.45000076293945,39.869998931884766,39.119998931884766,39.31999969482422,26.68366813659668,33927500,0.0,0.0
2012-03-07,39.459999084472656,40.060001373291016,39.380001068115234,39.95000076293945,27.11121368408203,22875100,0.0,0.0
2012-03-08,40.470001220703125,40.75,40.220001220703125,40.439998626708984,27.4437255859375,22052300,0.0,0.0
2012-03-09,40.75,41.439998626708984,40.5,41.029998779296875,27.8441162109375,33494200,0.0,0.0
2012-03-12,40.86000061035156,40.97999954223633,40.20000076293945,40.540000915527344,27.511598587036133,30763800,0.0,0.0
2012-03-13,41.02000045776367,43.72999954223633,40.81999969482422,43.38999938964844,29.445682525634766,77277600,0.0,0.0
2012-03-14,43.619998931884766,44.0,43.06999969482422,43.58000183105469,29.574615478515625,68028700,0.0,0.0
2012-03-15,43.63999938964844,44.91999816894531,42.93000030517578,44.70000076293945,30.334697723388672,57117700,0.0,0.0
2012-03-16,44.869998931884766,44.91999816894531,44.220001220703125,44.56999969482422,30.246450424194336,48844500,0.0,0.0
2012-03-19,44.439998626708984,45.349998474121094,44.209999084472656,45.0,30.538272857666016,41509300,0.0,0.0
2012-03-20,44.529998779296875,45.599998474121094,44.369998931884766,45.380001068115234,30.796154022216797,34796200,0.0,0.0
2012-03-21,45.529998779296875,45.66999816894531,44.86000061035156,45.119998931884766,30.61971092224121,27267900,0.0,0.0
2012-03-22,44.720001220703125,45.099998474121094,44.40999984741211,44.650001525878906,30.300750732421875,27457200,0.0,0.0
2012-03-23,44.45000076293945,45.25,44.439998626708984,45.15999984741211,30.646860122680664,30639300,0.0,0.0
2012-03-26,45.47999954223633,46.16999816894531,45.400001525878906,46.16999816894531,31.33226203918457,33529400,0.0,0.0
2012-03-27,45.91999816894531,46.4900016784668,45.83000183105469,45.88999938964844,31.142255783081055,33026400,0.0,0.0
2012-03-28,45.7599983215332,46.310001373291016,45.36000061035156,46.27000045776367,31.400150299072266,29755800,0.0,0.0
2012-03-29,45.91999816894531,46.02000045776367,45.27000045776367,45.66999816894531,30.992963790893555,32262300,0.0,0.0
2012-03-30,46.08000183105469,46.130001068115234,45.5,45.97999954223633,31.20333480834961,25945800,0.0,0.0
2012-04-02,45.75,46.349998474121094,45.459999084472656,46.130001068115234,31.305130004882812,27669300,0.0,0.0
2012-04-03,45.7400016784668,45.9900016784668,44.970001220703125,45.41999816894531,31.025066375732422,31036400,0.3,0.0
2012-04-04,44.68000030517578,44.86000061035156,43.959999084472656,44.40999984741211,30.335172653198242,41342900,0.0,0.0
2012-04-05,44.130001068115234,44.72999954223633,43.810001373291016,44.34000015258789,30.287357330322266,28832300,0.0,0.0
2012-04-09,43.189998626708984,44.279998779296875,43.06999969482422,43.88999938964844,29.979970932006836,29376400,0.0,0.0
2012-04-10,43.880001068115234,44.0099983215332,42.65999984741211,42.959999084472656,29.344715118408203,38841000,0.0,0.0
2012-04-11,43.59000015258789,44.209999084472656,43.56999969482422,44.0099983215332,30.061941146850586,32142200,0.0,0.0
2012-04-12,44.119998931884766,44.9900016784668,44.0,44.84000015258789,30.628890991210938,33631100,0.0,0.0
2012-04-13,44.95000076293945,44.95000076293945,43.060001373291016,43.209999084472656,29.515487670898438,58183900,0.0,0.0
2012-04-16,43.380001068115234,43.79999923706055,42.84000015258789,43.33000183105469,29.59746551513672,40387600,0.0,0.0
2012-04-17,43.689998626708984,44.0,43.15999984741211,43.900001525878906,29.986801147460938,26887000,0.0,0.0
2012-04-18,43.619998931884766,43.90999984741211,43.27000045776367,43.290000915527344,29.570133209228516,20242900,0.0,0.0
2012-04-19,43.439998626708984,43.689998626708984,42.77000045776367,43.220001220703125,29.522321701049805,25961800,0.0,0.0
2012-04-20,43.5099983215332,43.58000183105469,42.709999084472656,42.720001220703125,29.180770874023438,26178100,0.0,0.0
2012-04-23,41.91999816894531,42.959999084472656,41.79999923706055,42.849998474121094,29.26957130432129,25536300,0.0,0.0
2012-04-24,42.97999954223633,43.310001373291016,42.810001373291016,43.279998779296875,29.56328773498535,21420400,0.0,0.0
2012-04-25,43.650001525878906,43.88999938964844,42.97999954223633,43.15999984741211,29.481327056884766,31694000,0.0,0.0
2012-04-26,43.220001220703125,43.88999938964844,43.060001373291016,43.79999923706055,29.918487548828125,28100300,0.0,0.0
2012-04-27,43.939998626708984,43.9900016784668,43.22999954223633,43.34000015258789,29.604284286499023,26242900,0.0,0.0
2012-04-30,43.33000183105469,43.369998931884766,42.540000915527344,42.97999954223633,29.35837173461914,23518000,0.0,0.0
2012-05-01,43.0,44.2400016784668,42.959999084472656,43.790000915527344,29.911664962768555,26359700,0.0,0.0
2012-05-02,43.459999084472656,43.529998779296875,42.84000015258789,43.20000076293945,29.50865936279297,22462200,0.0,0.0
2012-05-03,43.380001068115234,43.38999938964844,42.66999816894531,43.0099983215332,29.37887191772461,19536400,0.0,0.0
2012-05-04,42.33000183105469,42.68000030517578,41.709999084472656,41.75,28.518199920654297,31279900,0.0,0.0
2012-05-07,41.43000030517578,42.400001525878906,41.369998931884766,41.779998779296875,28.538692474365234,25910100,0.0,0.0
2012-05-08,41.5,41.84000015258789,40.95000076293945,41.380001068115234,28.265474319458008,28049700,0.0,0.0
2012-05-09,40.720001220703125,41.02000045776367,40.119998931884766,40.63999938964844,27.759990692138672,38769900,0.0,0.0
2012-05-10,41.22999954223633,41.400001525878906,40.540000915527344,40.7400016784668,27.828306198120117,35827100,0.0,0.0
2012-05-11,37.13999938964844,37.9900016784668,36.619998931884766,36.959999084472656,25.24629020690918,217294200,0.0,0.0
2012-05-14,36.099998474121094,36.470001220703125,35.7599983215332,35.790000915527344,24.44709587097168,96488500,0.0,0.0
2012-05-15,36.189998626708984,37.27000045776367,36.119998931884766,36.2400016784668,24.75448226928711,89903700,0.0,0.0
2012-05-16,36.790000915527344,36.97999954223633,35.459999084472656,35.459999084472656,24.221677780151367,68729600,0.0,0.0
2012-05-17,35.040000915527344,35.099998474121094,33.880001068115234,33.93000030517578,23.17658042907715,95429200,0.0,0.0
2012-05-18,33.9900016784668,33.9900016784668,32.970001220703125,33.4900016784668,22.87602996826172,82650100,0.0,0.0
2012-05-21,33.52000045776367,33.709999084472656,32.2599983215332,32.5099983215332,22.206632614135742,99554800,0.0,0.0
2012-05-22,33.31999969482422,34.58000183105469,32.9900016784668,34.0099983215332,23.23123550415039,84721000,0.0,0.0
2012-05-23,33.619998931884766,34.41999816894531,33.209999084472656,34.2599983215332,23.402000427246094,52512900,0.0,0.0
2012-05-24,34.439998626708984,34.47999954223633,33.619998931884766,33.970001220703125,23.203916549682617,37843800,0.0,0.0
2012-05-25,34.0,34.130001068115234,33.290000915527344,33.5,22.882863998413086,28796400,0.0,0.0
2012-05-29,33.97999954223633,34.0,33.36000061035156,33.630001068115234,22.97166633605957,35855200,0.0,0.0
2012-05-30,33.29999923706055,33.439998626708984,32.95000076293945,32.959999084472656,22.514005661010742,34203600,0.0,0.0
2012-05-31,32.959999084472656,33.470001220703125,32.90999984741211,33.150001525878906,22.643795013427734,42124900,0.0,0.0
2012-06-01,32.40999984741211,32.650001525878906,31.770000457763672,31.93000030517578,21.81044578552246,50472200,0.0,0.0
2012-06-04,32.15999984741211,32.16999816894531,30.829999923706055,31.0,21.175193786621094,60492400,0.0,0.0
2012-06-05,30.889999389648438,32.130001068115234,30.860000610351562,31.989999771118164,21.85142707824707,46502800,0.0,0.0
2012-06-06,32.709999084472656,33.310001373291016,32.27000045776367,33.06999969482422,22.589141845703125,47980500,0.0,0.0
2012-06-07,33.77000045776367,33.83000183105469,32.79999923706055,32.810001373291016,22.41155242919922,53888800,0.0,0.0
2012-06-08,32.77000045776367,33.68000030517578,32.54999923706055,33.68000030517578,23.005817413330078,34238200,0.0,0.0
2012-06-11,34.369998931884766,34.439998626708984,32.779998779296875,32.81999969482422,22.41838264465332,46404900,0.0,0.0
2012-06-12,32.880001068115234,33.779998779296875,32.5099983215332,33.77000045776367,23.06729507446289,43334400,0.0,0.0
2012-06-13,33.689998626708984,35.06999969482422,33.630001068115234,34.29999923706055,23.429317474365234,72456600,0.0,0.0
2012-06-14,34.40999984741211,34.88999938964844,34.06999969482422,34.650001525878906,23.66840362548828,44428000,0.0,0.0
2012-06-15,34.88999938964844,35.06999969482422,34.40999984741211,35.029998779296875,23.927967071533203,40917100,0.0,0.0
2012-06-18,34.709999084472656,35.29999923706055,34.5,34.619998931884766,23.647899627685547,31084400,0.0,0.0
2012-06-19,34.9900016784668,35.630001068115234,34.72999954223633,35.380001068115234,24.16703987121582,32489000,0.0,0.0
2012-06-20,36.029998779296875,36.939998626708984,35.83000183105469,36.45000076293945,24.89792823791504,61149700,0.0,0.0
2012-06-21,36.4900016784668,37.029998779296875,35.43000030517578,35.5099983215332,24.255830764770508,95637000,0.0,0.0
2012-06-22,36.02000045776367,36.4900016784668,35.959999084472656,35.9900016784668,24.583709716796875,44193500,0.0,0.0
2012-06-25,35.2599983215332,35.470001220703125,34.63999938964844,35.31999969482422,24.126054763793945,33115800,0.0,0.0
2012-06-26,36.060001373291016,36.119998931884766,35.58000183105469,35.709999084472656,24.392446517944336,35053600,0.0,0.0
2012-06-27,35.63999938964844,36.81999969482422,35.5,36.779998779296875,25.123348236083984,34156800,0.0,0.0
2012-06-28,35.31999969482422,35.93000030517578,34.849998474121094,35.880001068115234,24.508573532104492,69904800,0.0,0.0
2012-06-29,36.70000076293945,36.79999923706055,35.25,35.72999954223633,24.406118392944336,56063200,0.0,0.0
2012-07-02,36.27000045776367,36.36000061035156,35.59000015258789,36.279998779296875,24.781803131103516,34274900,0.0,0.0
2012-07-03,35.959999084472656,36.13999938964844,35.540000915527344,35.880001068115234,24.712921142578125,26705900,0.3,0.0
2012-07-05,35.61000061035156,35.65999984741211,34.220001220703125,34.380001068115234,23.67977523803711,58519800,0.0,0.0
2012-07-06,33.91999816894531,34.119998931884766,33.72999954223633,33.900001525878906,23.34917449951172,32057200,0.0,0.0
2012-07-09,33.810001373291016,34.119998931884766,33.540000915527344,33.959999084472656,23.390491485595703,30545000,0.0,0.0
2012-07-10,34.220001220703125,34.45000076293945,33.810001373291016,34.25,23.59023666381836,33175500,0.0,0.0
2012-07-11,34.209999084472656,34.79999923706055,34.119998931884766,34.59000015258789,23.824420928955078,35144300,0.0,0.0
2012-07-12,34.33000183105469,34.56999969482422,33.939998626708984,34.040000915527344,23.445600509643555,39301500,0.0,0.0
2012-07-13,35.060001373291016,36.20000076293945,34.86000061035156,36.06999969482422,24.843788146972656,83001000,0.0,0.0
2012-07-16,35.7599983215332,35.849998474121094,34.72999954223633,35.09000015258789,24.16880226135254,52368300,0.0,0.0
2012-07-17,35.439998626708984,35.47999954223633,34.27000045776367,34.9900016784668,24.099918365478516,43998300,0.0,0.0
2012-07-18,34.75,35.22999954223633,34.650001525878906,34.959999084472656,24.079254150390625,28944900,0.0,0.0
2012-07-19,35.02000045776367,35.16999816894531,34.310001373291016,34.459999084472656,23.734878540039062,34384700,0.0,0.0
2012-07-20,34.04999923706055,34.130001068115234,33.900001525878906,33.900001525878906,23.34917449951172,36301200,0.0,0.0
2012-07-23,33.2400016784668,34.5,33.099998474121094,34.439998626708984,23.721101760864258,41248300,0.0,0.0
2012-07-24,34.58000183105469,34.88999938964844,34.220001220703125,34.72999954223633,23.920839309692383,29920400,0.0,0.0
2012-07-25,34.97999954223633,35.45000076293945,34.790000915527344,35.16999816894531,24.223896026611328,32127700,0.0,0.0
2012-07-26,35.779998779296875,35.939998626708984,35.34000015258789,35.810001373291016,24.664709091186523,28900500,0.0,0.0
2012-07-27,36.0099983215332,37.20000076293945,35.5099983215332,36.88999938964844,25.408578872680664,63636200,0.0,0.0
2012-07-30,36.5,36.52000045776367,35.939998626708984,36.13999938964844,24.892013549804688,30698200,0.0,0.0
2012-07-31,36.11000061035156,36.33000183105469,35.90999984741211,36.0,24.795578002929688,19681600,0.0,0.0
2012-08-01,36.189998626708984,36.400001525878906,35.81999969482422,36.0,24.795578002929688,22180200,0.0,0.0
2012-08-02,35.619998931884766,35.84000015258789,34.7599983215332,35.16999816894531,24.223896026611328,36675000,0.0,0.0
2012-08-03,35.81999969482422,36.290000915527344,35.5,36.09000015258789,24.85756492614746,24516300,0.0,0.0
2012-08-06,36.2400016784668,36.79999923706055,36.11000061035156,36.29999923706055,25.002199172973633,18979200,0.0,0.0
2012-08-07,36.56999969482422,37.869998931884766,36.56999969482422,37.0099983215332,25.491230010986328,37225800,0.0,0.0
2012-08-08,36.849998474121094,37.47999954223633,36.75,37.15999984741211,25.59454345703125,18672400,0.0,0.0
2012-08-09,36.720001220703125,37.2599983215332,36.59000015258789,36.91999816894531,25.429235458374023,23406700,0.0,0.0
2012-08-10,36.7599983215332,37.0,36.400001525878906,36.970001220703125,25.46367835998535,15492700,0.0,0.0
2012-08-13,36.869998931884766,37.09000015258789,36.650001525878906,36.9900016784668,25.477453231811523,14453500,0.0,0.0
2012-08-14,37.41999816894531,37.63999938964844,36.97999954223633,37.099998474121094,25.553205490112305,18065100,0.0,0.0
2012-08-15,37.06999969482422,37.40999984741211,36.95000076293945,37.06999969482422,25.53255271911621,17521300,0.0,0.0
2012-08-16,37.18000030517578,37.349998474121094,36.79999923706055,37.099998474121094,25.553205490112305,15894100,0.0,0.0
2012-08-17,37.20000076293945,37.20000076293945,36.79999923706055,36.97999954223633,25.470561981201172,17079800,0.0,0.0
2012-08-20,36.91999816894531,37.5,36.79999923706055,37.369998931884766,25.73918914794922,17922100,0.0,0.0
2012-08-21,37.630001068115234,38.86000061035156,37.560001373291016,38.040000915527344,26.20066261291504,36880600,0.0,0.0
2012-08-22,37.880001068115234,38.18000030517578,37.560001373291016,37.83000183105469,26.056013107299805,16899400,0.0,0.0
2012-08-23,37.810001373291016,37.88999938964844,37.20000076293945,37.22999954223633,25.642759323120117,16429500,0.0,0.0
2012-08-24,36.939998626708984,37.439998626708984,36.66999816894531,37.16999816894531,25.60142707824707,20019300,0.0,0.0
2012-08-27,37.310001373291016,37.439998626708984,36.900001525878906,37.22999954223633,25.642759323120117,17618200,0.0,0.0
2012-08-28,37.099998474121094,37.4900016784668,36.900001525878906,37.130001068115234,25.573888778686523,18050500,0.0,0.0
2012-08-29,37.31999969482422,37.4900016784668,37.060001373291016,37.29999923706055,25.690977096557617,13681900,0.0,0.0
2012-08-30,37.060001373291016,37.130001068115234,36.709999084472656,36.900001525878906,25.41546630859375,13700700,0.0,0.0
2012-08-31,37.13999938964844,37.400001525878906,36.86000061035156,37.13999938964844,25.580774307250977,16771600,0.0,0.0
2012-09-04,36.97999954223633,37.2400016784668,36.779998779296875,37.0099983215332,25.491230010986328,13631400,0.0,0.0
2012-09-05,37.08000183105469,37.290000915527344,36.939998626708984,37.11000061035156,25.560104370117188,13537500,0.0,0.0
2012-09-06,37.58000183105469,38.869998931884766,37.5,38.689998626708984,26.64836311340332,41346800,0.0,0.0
2012-09-07,39.040000915527344,39.529998779296875,39.0,39.29999923706055,27.068510055541992,28082400,0.0,0.0
2012-09-10,39.22999954223633,39.779998779296875,38.72999954223633,38.7599983215332,26.696571350097656,20853500,0.0,0.0
2012-09-11,38.79999923706055,39.630001068115234,38.72999954223633,39.599998474121094,27.2751407623291,22378900,0.0,0.0
2012-09-12,39.880001068115234,40.25,39.790000915527344,39.91999816894531,27.495546340942383,29882200,0.0,0.0
2012-09-13,39.84000015258789,41.58000183105469,39.59000015258789,41.400001525878906,28.51491355895996,47018600,0.0,0.0
2012-09-14,41.959999084472656,42.09000015258789,41.22999954223633,41.56999969482422,28.632003784179688,43471600,0.0,0.0
2012-09-17,41.0,41.439998626708984,40.95000076293945,41.189998626708984,28.370269775390625,19740100,0.0,0.0
2012-09-18,41.04999923706055,41.33000183105469,40.65999984741211,41.2599983215332,28.418487548828125,25186600,0.0,0.0
2012-09-19,41.33000183105469,41.7599983215332,41.040000915527344,41.34000015258789,28.473588943481445,22887200,0.0,0.0
2012-09-20,40.959999084472656,41.279998779296875,40.54999923706055,41.25,28.411598205566406,20997400,0.0,0.0
2012-09-21,41.529998779296875,41.70000076293945,40.77000045776367,40.880001068115234,28.156763076782227,28287400,0.0,0.0
2012-09-24,40.61000061035156,41.470001220703125,40.59000015258789,41.22999954223633,28.397817611694336,20499500,0.0,0.0
2012-09-25,41.54999923706055,41.54999923706055,40.529998779296875,40.54999923706055,27.929468154907227,21988200,0.0,0.0
2012-09-26,40.150001525878906,40.630001068115234,39.70000076293945,40.2400016784668,27.715953826904297,23782700,0.0,0.0
2012-09-27,40.400001525878906,40.9900016784668,40.209999084472656,40.68000030517578,28.01900863647461,20843400,0.0,0.0
2012-09-28,40.41999816894531,40.630001068115234,40.15999984741211,40.47999954223633,27.881254196166992,21380700,0.0,0.0
2012-10-01,40.880001068115234,41.5,40.79999923706055,40.970001220703125,28.218746185302734,21956400,0.0,0.0
2012-10-02,41.13999938964844,41.2400016784668,40.560001373291016,40.91999816894531,28.184309005737305,26946100,0.0,0.0
2012-10-03,40.83000183105469,41.0,40.41999816894531,40.86000061035156,28.350831985473633,22419100,0.3,0.0
2012-10-04,41.15999984741211,41.9900016784668,40.90999984741211,41.81999969482422,29.01692771911621,24326500,0.0,0.0
2012-10-05,42.040000915527344,42.439998626708984,41.459999084472656,41.709999084472656,28.940597534179688,22774400,0.0,0.0
2012-10-08,41.33000183105469,41.84000015258789,41.11000061035156,41.65999984741211,28.905908584594727,18631300,0.0,0.0
2012-10-09,41.77000045776367,41.95000076293945,41.29999923706055,41.380001068115234,28.711645126342773,19947500,0.0,0.0
2012-10-10,41.54999923706055,42.0,41.33000183105469,41.77000045776367,28.98224449157715,25797600,0.0,0.0
2012-10-11,42.369998931884766,42.63999938964844,41.849998474121094,42.099998474121094,29.21121597290039,27755000,0.0,0.0
2012-10-12,41.599998474121094,42.43000030517578,41.150001525878906,41.619998931884766,28.87816047668457,44564000,0.0,0.0
2012-10-15,41.90999984741211,42.40999984741211,41.72999954223633,42.380001068115234,29.405481338500977,26268000,0.0,0.0
2012-10-16,42.790000915527344,43.11000061035156,42.27000045776367,42.83000183105469,29.717723846435547,28588100,0.0,0.0
2012-10-17,42.93000030517578,43.540000915527344,42.77000045776367,43.31999969482422,30.05771255493164,26177500,0.0,0.0
2012-10-18,43.09000015258789,43.349998474121094,42.75,43.0099983215332,29.842622756958008,23630400,0.0,0.0
2012-10-19,42.79999923706055,42.81999969482422,42.060001373291016,42.31999969482422,29.363861083984375,29747500,0.0,0.0
2012-10-22,42.25,42.52000045776367,41.5,42.09000015258789,29.204273223876953,27993000,0.0,0.0
2012-10-23,41.470001220703125,41.7400016784668,41.04999923706055,41.33000183105469,28.676950454711914,22896400,0.0,0.0
2012-10-24,41.68000030517578,41.880001068115234,41.34000015258789,41.709999084472656,28.940597534179688,18918900,0.0,0.0
2012-10-25,42.2400016784668,42.279998779296875,41.400001525878906,41.66999816894531,28.912843704223633,17311700,0.0,0.0
2012-10-26,41.41999816894531,41.65999984741211,40.869998931884766,41.15999984741211,28.558990478515625,21892700,0.0,0.0
2012-10-31,41.45000076293945,41.790000915527344,41.150001525878906,41.68000030517578,28.9197940826416,19423500,0.0,0.0
2012-11-01,41.70000076293945,42.900001525878906,41.58000183105469,42.84000015258789,29.724658966064453,23325400,0.0,0.0
2012-11-02,43.040000915527344,43.06999969482422,42.33000183105469,42.41999816894531,29.43324851989746,17029200,0.0,0.0
2012-11-05,42.33000183105469,42.36000061035156,41.86000061035156,42.27000045776367,29.329160690307617,13252500,0.0,0.0
2012-11-06,42.56999969482422,43.04999923706055,42.40999984741211,42.880001068115234,29.75241470336914,17190900,0.0,0.0
2012-11-07,42.0099983215332,42.0099983215332,40.310001373291016,40.47999954223633,28.087167739868164,47631200,0.0,0.0
2012-11-08,41.279998779296875,41.5,40.400001525878906,40.400001525878906,28.031648635864258,27830900,0.0,0.0
2012-11-09,40.310001373291016,41.22999954223633,39.86000061035156,40.619998931884766,28.18430519104004,27553200,0.0,0.0
2012-11-12,40.849998474121094,40.90999984741211,40.29999923706055,40.58000183105469,28.15654182434082,12816000,0.0,0.0
2012-11-13,40.18000030517578,40.52000045776367,40.0,40.040000915527344,27.781879425048828,19793500,0.0,0.0
2012-11-14,40.209999084472656,40.369998931884766,39.130001068115234,39.290000915527344,27.26148796081543,30986600,0.0,0.0
2012-11-15,39.060001373291016,39.720001220703125,38.970001220703125,39.38999938964844,27.33086395263672,24858700,0.0,0.0
2012-11-16,39.43000030517578,39.66999816894531,38.83000183105469,39.529998779296875,27.42800521850586,32458000,0.0,0.0
2012-11-19,40.09000015258789,40.70000076293945,40.09000015258789,40.59000015258789,28.16349983215332,26781200,0.0,0.0
2012-11-20,40.33000183105469,41.18000030517578,40.25,40.70000076293945,28.239810943603516,19375900,0.0,0.0
2012-11-21,40.939998626708984,40.97999954223633,40.349998474121094,40.72999954223633,28.2606258392334,13030200,0.0,0.0
2012-11-23,41.099998474121094,41.220001220703125,40.970001220703125,41.09000015258789,28.510421752929688,8316700,0.0,0.0
2012-11-26,40.790000915527344,40.880001068115234,40.09000015258789,40.880001068115234,28.36471176147461,20376600,0.0,0.0
2012-11-27,40.869998931884766,41.20000076293945,40.63999938964844,40.75,28.274505615234375,19875000,0.0,0.0
2012-11-28,40.4900016784668,40.880001068115234,39.880001068115234,40.83000183105469,28.33002281188965,26106900,0.0,0.0
2012-11-29,41.150001525878906,41.349998474121094,40.90999984741211,41.220001220703125,28.60062026977539,18915000,0.0,0.0
2012-11-30,40.9900016784668,41.34000015258789,40.849998474121094,41.08000183105469,28.50347137451172,20066600,0.0,0.0
2012-12-03,41.27000045776367,41.369998931884766,40.75,40.810001373291016,28.316137313842773,18955500,0.0,0.0
2012-12-04,40.779998779296875,40.91999816894531,40.20000076293945,40.56999969482422,28.149616241455078,24031100,0.0,0.0
2012-12-05,40.689998626708984,41.4900016784668,40.5,41.20000076293945,28.586740493774414,25515600,0.0,0.0
2012-12-06,41.25,41.54999923706055,41.11000061035156,41.470001220703125,28.774089813232422,20541700,0.0,0.0
2012-12-07,41.84000015258789,42.56999969482422,41.72999954223633,42.560001373291016,29.530385971069336,34552900,0.0,0.0
2012-12-10,42.540000915527344,42.66999816894531,42.0099983215332,42.310001373291016,29.35692596435547,22394500,0.0,0.0
2012-12-11,42.599998474121094,43.09000015258789,42.41999816894531,42.63999938964844,29.585887908935547,21955000,0.0,0.0
2012-12-12,43.0,43.380001068115234,42.70000076293945,42.77000045776367,29.676084518432617,23110600,0.0,0.0
2012-12-13,42.650001525878906,42.91999816894531,42.5,42.779998779296875,29.683034896850586,18457000,0.0,0.0
2012-12-14,42.77000045776367,43.11000061035156,42.709999084472656,42.810001373291016,29.703845977783203,16208600,0.0,0.0
2012-12-17,43.0,43.5099983215332,42.810001373291016,43.47999954223633,30.168724060058594,23879800,0.0,0.0
2012-12-18,43.83000183105469,43.939998626708984,43.310001373291016,43.869998931884766,30.4393310546875,33858600,0.0,0.0
2012-12-19,43.9900016784668,44.38999938964844,43.41999816894531,43.529998779296875,30.20342445373535,34348500,0.0,0.0
2012-12-20,43.689998626708984,44.540000915527344,43.40999984741211,44.529998779296875,30.89727020263672,25014900,0.0,0.0
2012-12-21,43.81999969482422,44.20000076293945,43.34000015258789,44.0,30.52952003479004,38973500,0.0,0.0
2012-12-24,43.720001220703125,44.02000045776367,43.709999084472656,43.91999816894531,30.47401237487793,8621200,0.0,0.0
2012-12-26,43.95000076293945,44.18000030517578,43.720001220703125,43.959999084472656,30.50177001953125,11498900,0.0,0.0
2012-12-27,43.959999084472656,44.02000045776367,42.900001525878906,43.630001068115234,30.272817611694336,19567000,0.0,0.0
2012-12-28,43.099998474121094,43.689998626708984,43.09000015258789,43.2400016784668,30.00220489501953,15401200,0.0,0.0
2012-12-31,43.099998474121094,44.0,43.04999923706055,43.970001220703125,30.508710861206055,24209600,0.0,0.0
2013-01-02,44.97999954223633,45.0,44.220001220703125,44.65999984741211,31.200349807739258,31413000,0.3,0.0
2013-01-03,44.7400016784668,44.75,44.20000076293945,44.56999969482422,31.137462615966797,24227700,0.0,0.0
2013-01-04,44.45000076293945,45.43000030517578,44.439998626708984,45.36000061035156,31.689380645751953,24487700,0.0,0.0
2013-01-07,45.09000015258789,45.4900016784668,45.02000045776367,45.40999984741211,31.724315643310547,24456900,0.0,0.0
2013-01-08,45.400001525878906,45.5,44.959999084472656,45.5,31.78719711303711,19624200,0.0,0.0
2013-01-09,45.560001373291016,46.20000076293945,45.13999938964844,45.470001220703125,31.766233444213867,25920600,0.0,0.0
2013-01-10,45.88999938964844,46.15999984741211,45.529998779296875,46.150001525878906,32.241294860839844,23413600,0.0,0.0
2013-01-11,45.970001220703125,46.150001525878906,45.470001220703125,46.13999938964844,32.23430252075195,19723900,0.0,0.0
2013-01-14,45.88999938964844,46.18000030517578,45.47999954223633,45.880001068115234,32.05266571044922,19079500,0.0,0.0
2013-01-15,45.4900016784668,46.470001220703125,45.349998474121094,46.349998474121094,32.381019592285156,29898000,0.0,0.0
2013-01-16,45.90999984741211,46.83000183105469,45.56999969482422,46.81999969482422,32.7093620300293,43453600,0.0,0.0
2013-01-17,46.400001525878906,46.869998931884766,46.290000915527344,46.439998626708984,32.443885803222656,41086800,0.0,0.0
2013-01-18,46.380001068115234,46.599998474121094,46.18000030517578,46.459999084472656,32.45785903930664,28679100,0.0,0.0
2013-01-22,46.25,46.54999923706055,46.130001068115234,46.540000915527344,32.51374816894531,24257300,0.0,0.0
2013-01-23,46.22999954223633,46.439998626708984,45.91999816894531,46.22999954223633,32.297183990478516,19105100,0.0,0.0
2013-01-24,46.2400016784668,46.79999923706055,46.08000183105469,46.369998931884766,32.39498519897461,20008200,0.0,0.0
2013-01-25,46.7400016784668,47.15999984741211,46.61000061035156,47.15999984741211,32.946903228759766,26009100,0.0,0.0
2013-01-28,46.84000015258789,47.0,46.47999954223633,46.63999938964844,32.5836067199707,19706800,0.0,0.0
2013-01-29,46.279998779296875,47.15999984741211,46.25,47.119998931884766,32.918941497802734,19907400,0.0,0.0
2013-01-30,47.040000915527344,47.349998474121094,46.959999084472656,47.130001068115234,32.925933837890625,18631300,0.0,0.0
2013-01-31,47.0099983215332,47.220001220703125,46.880001068115234,47.04999923706055,32.87004852294922,19536000,0.0,0.0
2013-02-01,47.400001525878906,48.0,47.209999084472656,47.849998474121094,33.42893981933594,24520000,0.0,0.0
2013-02-04,47.540000915527344,47.810001373291016,47.380001068115234,47.68000030517578,33.31017303466797,20822600,0.0,0.0
2013-02-05,47.939998626708984,48.79999923706055,47.93000030517578,48.790000915527344,34.085655212402344,28067500,0.0,0.0
2013-02-06,48.41999816894531,48.83000183105469,48.31999969482422,48.61000061035156,33.959903717041016,28282600,0.0,0.0
2013-02-07,48.650001525878906,48.75,47.900001525878906,48.22999954223633,33.69441604614258,21429600,0.0,0.0
2013-02-08,48.33000183105469,48.689998626708984,48.2599983215332,48.630001068115234,33.97385787963867,15218300,0.0,0.0
2013-02-11,48.5099983215332,48.900001525878906,48.380001068115234,48.65999984741211,33.99482345581055,13935900,0.0,0.0
2013-02-12,48.79999923706055,49.310001373291016,48.599998474121094,49.13999938964844,34.330162048339844,16388000,0.0,0.0
2013-02-13,49.349998474121094,49.45000076293945,48.5,48.68000030517578,34.0088005065918,21635600,0.0,0.0
2013-02-14,48.400001525878906,49.290000915527344,48.369998931884766,49.220001220703125,34.38605499267578,18017800,0.0,0.0
2013-02-15,49.349998474121094,49.459999084472656,48.56999969482422,48.880001068115234,34.14852523803711,20016200,0.0,0.0
2013-02-19,49.119998931884766,49.68000030517578,49.119998931884766,49.45000076293945,34.54672622680664,20445900,0.0,0.0
2013-02-20,49.349998474121094,49.540000915527344,48.36000061035156,48.61000061035156,33.959903717041016,24786700,0.0,0.0
2013-02-21,48.40999984741211,48.45000076293945,47.83000183105469,48.25,33.70839309692383,24437700,0.0,0.0
2013-02-22,48.630001068115234,48.90999984741211,48.40999984741211,48.90999984741211,34.169471740722656,23584100,0.0,0.0
2013-02-25,49.099998474121094,49.20000076293945,47.650001525878906,47.70000076293945,33.32415008544922,32775500,0.0,0.0
2013-02-26,48.220001220703125,48.2599983215332,46.849998474121094,47.599998474121094,33.254302978515625,39401400,0.0,0.0
2013-02-27,47.849998474121094,49.400001525878906,47.7599983215332,49.279998779296875,34.4279670715332,31921200,0.0,0.0
2013-02-28,49.15999984741211,49.54999923706055,48.75,48.91999816894531,34.17646789550781,24711500,0.0,0.0
2013-03-01,48.599998474121094,49.41999816894531,48.369998931884766,48.90999984741211,34.169471740722656,25923400,0.0,0.0
2013-03-04,48.72999954223633,49.13999938964844,48.33000183105469,49.099998474121094,34.302223205566406,17695200,0.0,0.0
2013-03-05,49.4900016784668,50.11000061035156,49.310001373291016,49.4900016784668,34.57468032836914,25561100,0.0,0.0
2013-03-06,49.880001068115234,50.189998626708984,49.619998931884766,50.029998779296875,34.95193862915039,19607900,0.0,0.0
2013-03-07,50.04999923706055,50.86000061035156,50.0099983215332,50.630001068115234,35.37110900878906,24245400,0.0,0.0
2013-03-08,50.59000015258789,50.849998474121094,49.61000061035156,50.20000076293945,35.07071304321289,32711900,0.0,0.0
2013-03-11,50.22999954223633,50.77000045776367,49.90999984741211,50.47999954223633,35.26631546020508,19473000,0.0,0.0
2013-03-12,50.349998474121094,50.66999816894531,50.04999923706055,50.279998779296875,35.1265869140625,18003400,0.0,0.0
2013-03-13,50.290000915527344,50.43000030517578,50.11000061035156,50.15999984741211,35.04275131225586,16680200,0.0,0.0
2013-03-14,50.25,51.0,50.189998626708984,51.0,35.62959289550781,26378700,0.0,0.0
2013-03-15,49.970001220703125,50.290000915527344,49.150001525878906,50.02000045776367,34.944942474365234,60880800,0.0,0.0
2013-03-18,49.189998626708984,49.65999984741211,48.95000076293945,49.5099983215332,34.58864974975586,28011400,0.0,0.0
2013-03-19,49.650001525878906,49.9900016784668,48.68000030517578,49.20000076293945,34.372074127197266,24411500,0.0,0.0
2013-03-20,49.56999969482422,49.63999938964844,49.040000915527344,49.119998931884766,34.31618881225586,19385300,0.0,0.0
2013-03-21,48.790000915527344,49.22999954223633,48.349998474121094,48.349998474121094,33.77824783325195,23535900,0.0,0.0
2013-03-22,48.630001068115234,49.0,48.34000015258789,48.779998779296875,34.07866287231445,22791500,0.0,0.0
2013-03-25,49.040000915527344,49.31999969482422,48.15999984741211,48.52000045776367,33.89701843261719,23581400,0.0,0.0
2013-03-26,48.7400016784668,48.970001220703125,48.31999969482422,48.63999938964844,33.9808464050293,16417500,0.0,0.0
2013-03-27,48.20000076293945,48.310001373291016,47.560001373291016,47.77000045776367,33.373046875,26530100,0.0,0.0
2013-03-28,47.84000015258789,47.93000030517578,47.279998779296875,47.459999084472656,33.15647506713867,27506700,0.0,0.0
2013-04-01,47.54999923706055,47.9900016784668,47.4900016784668,47.83000183105469,33.41496658325195,17442200,0.0,0.0
2013-04-02,48.0099983215332,48.380001068115234,47.880001068115234,48.279998779296875,33.729347229003906,17273700,0.0,0.0
2013-04-03,48.029998779296875,48.06999969482422,46.529998779296875,46.849998474121094,32.934967041015625,33467400,0.3,0.0
2013-04-04,46.959999084472656,47.540000915527344,46.900001525878906,47.4900016784668,33.38489532470703,21514000,0.0,0.0
2013-04-05,46.790000915527344,48.040000915527344,46.75,47.90999984741211,33.680137634277344,22961500,0.0,0.0
2013-04-08,47.880001068115234,48.59000015258789,47.59000015258789,48.58000183105469,34.15114212036133,18672300,0.0,0.0
2013-04-09,48.7400016784668,48.959999084472656,48.459999084472656,48.68000030517578,34.221439361572266,20066700,0.0,0.0
2013-04-10,48.939998626708984,49.560001373291016,48.880001068115234,49.25,34.62215805053711,20388900,0.0,0.0
2013-04-11,49.209999084472656,49.599998474121094,48.83000183105469,49.310001373291016,34.664329528808594,22584700,0.0,0.0
2013-04-12,48.900001525878906,49.58000183105469,48.45000076293945,49.0099983215332,34.453426361083984,37805900,0.0,0.0
2013-04-15,48.38999938964844,49.34000015258789,47.900001525878906,47.93000030517578,33.69419860839844,31527300,0.0,0.0
2013-04-16,48.43000030517578,48.52000045776367,47.59000015258789,48.4900016784668,34.087867736816406,23865500,0.0,0.0
2013-04-17,48.11000061035156,48.18000030517578,46.380001068115234,46.790000915527344,32.89280319213867,43466300,0.0,0.0
2013-04-18,46.79999923706055,47.33000183105469,46.04999923706055,46.63999938964844,32.7873420715332,26106800,0.0,0.0
2013-04-19,47.150001525878906,47.36000061035156,46.70000076293945,47.22999954223633,33.20209884643555,19746100,0.0,0.0
2013-04-22,47.400001525878906,47.4900016784668,46.869998931884766,47.349998474121094,33.28647232055664,15230100,0.0,0.0
2013-04-23,47.68000030517578,48.2400016784668,47.38999938964844,48.16999816894531,33.862918853759766,20568500,0.0,0.0
2013-04-24,48.31999969482422,48.91999816894531,48.15999984741211,48.720001220703125,34.24956512451172,16459300,0.0,0.0
2013-04-25,49.02000045776367,49.630001068115234,48.88999938964844,49.0,34.44641876220703,19058800,0.0,0.0
2013-04-26,48.86000061035156,49.09000015258789,48.61000061035156,48.880001068115234,34.36204528808594,13929000,0.0,0.0
2013-04-29,49.08000183105469,49.099998474121094,48.650001525878906,48.91999816894531,34.39015579223633,13496300,0.0,0.0
2013-04-30,48.959999084472656,49.25,48.720001220703125,49.0099983215332,34.453426361083984,13802600,0.0,0.0
2013-05-01,48.7599983215332,48.90999984741211,47.849998474121094,48.0099983215332,33.75043869018555,17686400,0.0,0.0
2013-05-02,48.25,48.25,47.709999084472656,48.08000183105469,33.79964828491211,15529300,0.0,0.0
2013-05-03,48.630001068115234,48.70000076293945,46.97999954223633,47.56999969482422,33.44112014770508,43257900,0.0,0.0
2013-05-06,47.709999084472656,48.38999938964844,47.56999969482422,48.18000030517578,33.86993408203125,20829500,0.0,0.0
2013-05-07,48.56999969482422,49.38999938964844,48.2599983215332,49.13999938964844,34.54481506347656,24291600,0.0,0.0
2013-05-08,49.220001220703125,49.9900016784668,49.11000061035156,49.7599983215332,34.98065185546875,23559300,0.0,0.0
2013-05-09,49.70000076293945,49.810001373291016,48.91999816894531,49.040000915527344,34.47451400756836,18103100,0.0,0.0
2013-05-10,49.04999923706055,49.22999954223633,48.63999938964844,48.959999084472656,34.41826629638672,16199600,0.0,0.0
2013-05-13,48.84000015258789,49.70000076293945,48.61000061035156,49.66999816894531,34.91739273071289,23979500,0.0,0.0
2013-05-14,49.77000045776367,50.41999816894531,49.65999984741211,50.22999954223633,35.31107711791992,24188400,0.0,0.0
2013-05-15,50.20000076293945,51.43000030517578,50.150001525878906,51.09000015258789,35.9156379699707,27467000,0.0,0.0
2013-05-16,50.869998931884766,51.65999984741211,50.84000015258789,50.970001220703125,35.831268310546875,21389500,0.0,0.0
2013-05-17,51.2599983215332,52.33000183105469,51.25,52.29999923706055,36.76625442504883,26080300,0.0,0.0
2013-05-20,52.279998779296875,52.630001068115234,51.90999984741211,52.290000915527344,36.75922393798828,22020000,0.0,0.0
2013-05-21,52.529998779296875,53.66999816894531,52.45000076293945,53.02000045776367,37.27241134643555,37112600,0.0,0.0
2013-05-22,53.43000030517578,54.959999084472656,53.290000915527344,53.630001068115234,37.70122146606445,46968300,0.0,0.0
2013-05-23,52.81999969482422,53.790000915527344,52.65999984741211,53.349998474121094,37.50440216064453,25294200,0.0,0.0
2013-05-24,52.900001525878906,53.65999984741211,52.720001220703125,53.65999984741211,37.722312927246094,18342300,0.0,0.0
2013-05-28,54.560001373291016,54.650001525878906,54.029998779296875,54.599998474121094,38.38312530517578,27162300,0.0,0.0
2013-05-29,54.09000015258789,54.959999084472656,53.90999984741211,54.66999816894531,38.43233108520508,20482600,0.0,0.0
2013-05-30,54.599998474121094,55.900001525878906,54.529998779296875,55.619998931884766,39.10017776489258,24890800,0.0,0.0
2013-05-31,55.709999084472656,55.83000183105469,54.59000015258789,54.59000015258789,38.376102447509766,24990100,0.0,0.0
2013-06-03,54.599998474121094,54.86000061035156,53.040000915527344,54.4900016784668,38.305789947509766,28279600,0.0,0.0
2013-06-04,54.540000915527344,55.38999938964844,53.869998931884766,54.040000915527344,37.989471435546875,22022600,0.0,0.0
2013-06-05,53.779998779296875,54.27000045776367,52.70000076293945,53.029998779296875,37.279449462890625,24326000,0.0,0.0
2013-06-06,52.84000015258789,53.52000045776367,52.27000045776367,53.5,37.60984420776367,23940900,0.0,0.0
2013-06-07,53.77000045776367,54.47999954223633,53.40999984741211,54.27000045776367,38.15113830566406,21691000,0.0,0.0
2013-06-10,54.63999938964844,54.84000015258789,54.02000045776367,54.36000061035156,38.21441650390625,16007000,0.0,0.0
2013-06-11,53.459999084472656,54.04999923706055,53.11000061035156,53.4900016784668,37.60280227661133,17600800,0.0,0.0
2013-06-12,53.900001525878906,54.099998474121094,52.970001220703125,53.18000030517578,37.3848876953125,18479100,0.0,0.0
2013-06-13,53.0,54.2400016784668,52.970001220703125,54.16999816894531,38.08085250854492,17090200,0.0,0.0
2013-06-14,54.040000915527344,54.130001068115234,52.90999984741211,53.130001068115234,37.3497314453125,17185300,0.0,0.0
2013-06-17,53.70000076293945,54.2599983215332,53.540000915527344,53.849998474121094,37.85588836669922,16856600,0.0,0.0
2013-06-18,54.029998779296875,54.27000045776367,53.720001220703125,54.11000061035156,38.038673400878906,13259100,0.0,0.0
2013-06-19,53.9900016784668,54.5099983215332,53.52000045776367,53.54999923706055,37.644981384277344,20840000,0.0,0.0
2013-06-20,53.08000183105469,53.18000030517578,52.27000045776367,52.47999954223633,36.89280319213867,31857100,0.0,0.0
2013-06-21,52.959999084472656,52.97999954223633,51.689998626708984,51.959999084472656,36.527244567871094,44412200,0.0,0.0
2013-06-24,50.880001068115234,51.45000076293945,50.11000061035156,50.91999816894531,35.796119689941406,30736500,0.0,0.0
2013-06-25,51.5099983215332,52.560001373291016,51.5099983215332,52.08000183105469,36.61160659790039,20951400,0.0,0.0
2013-06-26,52.650001525878906,52.79999923706055,51.880001068115234,52.5,36.90685272216797,19332000,0.0,0.0
2013-06-27,53.029998779296875,53.4900016784668,52.880001068115234,53.150001525878906,37.36380386352539,17093600,0.0,0.0
2013-06-28,53.119998931884766,53.130001068115234,52.58000183105469,52.790000915527344,37.11073303222656,18256000,0.0,0.0
2013-07-01,53.220001220703125,53.630001068115234,52.43000030517578,52.4900016784668,36.89982223510742,23511100,0.0,0.0
2013-07-02,52.56999969482422,53.529998779296875,52.119998931884766,52.79999923706055,37.388423919677734,23935300,0.38,0.0
2013-07-03,52.310001373291016,52.810001373291016,52.209999084472656,52.77000045776367,37.36717987060547,10442300,0.0,0.0
2013-07-05,53.36000061035156,54.0,53.11000061035156,53.9900016784668,38.2310791015625,17070200,0.0,0.0
2013-07-08,54.540000915527344,54.90999984741211,54.04999923706055,54.70000076293945,38.733848571777344,21786900,0.0,0.0
2013-07-09,55.06999969482422,55.16999816894531,54.189998626708984,54.88999938964844,38.868377685546875,20508700,0.0,0.0
2013-07-10,54.77000045776367,55.150001525878906,54.439998626708984,54.83000183105469,38.825897216796875,16915000,0.0,0.0
2013-07-11,55.84000015258789,55.869998931884766,54.54999923706055,55.13999938964844,39.0453987121582,21322600,0.0,0.0
2013-07-12,55.5099983215332,55.849998474121094,54.75,54.970001220703125,38.92502212524414,32569200,0.0,0.0
2013-07-15,55.4900016784668,55.5,54.599998474121094,54.88999938964844,38.868377685546875,28292000,0.0,0.0
2013-07-16,54.900001525878906,55.40999984741211,54.779998779296875,55.0099983215332,38.95334243774414,19222700,0.0,0.0
2013-07-17,55.04999923706055,55.58000183105469,54.84000015258789,55.27000045776367,39.137454986572266,19166600,0.0,0.0
2013-07-18,55.5099983215332,56.529998779296875,55.4900016784668,56.369998931884766,39.91638946533203,24563100,0.0,0.0
2013-07-19,56.5099983215332,56.560001373291016,55.90999984741211,56.15999984741211,39.7676887512207,17762600,0.0,0.0
2013-07-22,56.16999816894531,56.66999816894531,55.95000076293945,56.560001373291016,40.05093002319336,15999700,0.0,0.0
2013-07-23,56.720001220703125,56.88999938964844,56.470001220703125,56.66999816894531,40.128814697265625,10577100,0.0,0.0
2013-07-24,56.91999816894531,56.93000030517578,56.380001068115234,56.630001068115234,40.100502014160156,16665000,0.0,0.0
2013-07-25,56.45000076293945,56.5,55.88999938964844,56.5,40.00844955444336,13870200,0.0,0.0
2013-07-26,56.060001373291016,56.220001220703125,55.599998474121094,56.04999923706055,39.68980026245117,16762300,0.0,0.0
2013-07-29,55.97999954223633,56.0,55.380001068115234,55.689998626708984,39.434852600097656,10049100,0.0,0.0
2013-07-30,55.869998931884766,55.9900016784668,55.08000183105469,55.33000183105469,39.1799430847168,14207400,0.0,0.0
2013-07-31,55.58000183105469,56.27000045776367,55.5099983215332,55.72999954223633,39.46319580078125,19404900,0.0,0.0
2013-08-01,56.36000061035156,56.779998779296875,56.20000076293945,56.540000915527344,40.036766052246094,15979400,0.0,0.0
2013-08-02,56.27000045776367,56.52000045776367,56.0099983215332,56.4900016784668,40.00136184692383,11007300,0.0,0.0
2013-08-05,56.33000183105469,56.58000183105469,56.0099983215332,56.099998474121094,39.72519302368164,9370200,0.0,0.0
2013-08-06,55.9900016784668,56.099998474121094,55.310001373291016,55.4900016784668,39.293251037597656,10588600,0.0,0.0
2013-08-07,55.060001373291016,55.470001220703125,54.779998779296875,55.29999923706055,39.15870666503906,12828400,0.0,0.0
2013-08-08,55.41999816894531,55.72999954223633,54.130001068115234,54.83000183105469,38.825897216796875,18587100,0.0,0.0
2013-08-09,54.689998626708984,55.150001525878906,54.33000183105469,54.52000045776367,38.60636901855469,12652500,0.0,0.0
2013-08-12,54.040000915527344,54.31999969482422,53.68000030517578,54.09000015258789,38.3018913269043,15133000,0.0,0.0
2013-08-13,54.220001220703125,54.70000076293945,53.599998474121094,54.290000915527344,38.44350814819336,15078100,0.0,0.0
2013-08-14,54.33000183105469,54.849998474121094,54.0,54.150001525878906,38.3443717956543,15785800,0.0,0.0
2013-08-15,53.52000045776367,53.68000030517578,52.88999938964844,53.290000915527344,37.73539733886719,16933200,0.0,0.0
2013-08-16,53.06999969482422,53.779998779296875,53.06999969482422,53.290000915527344,37.73539733886719,17139000,0.0,0.0
2013-08-19,52.88999938964844,52.95000076293945,51.79999923706055,51.83000183105469,36.70156478881836,22793300,0.0,0.0
2013-08-20,51.779998779296875,52.36000061035156,50.65999984741211,52.119998931884766,36.90690612792969,18701500,0.0,0.0
2013-08-21,51.91999816894531,52.220001220703125,51.279998779296875,51.630001068115234,36.5599250793457,17136200,0.0,0.0
2013-08-22,52.0,52.65999984741211,51.93000030517578,52.209999084472656,36.970638275146484,14658500,0.0,0.0
2013-08-23,52.27000045776367,52.41999816894531,51.900001525878906,52.31999969482422,37.048519134521484,11126800,0.0,0.0
2013-08-26,52.15999984741211,52.540000915527344,51.790000915527344,51.79999923706055,36.68031692504883,16548400,0.0,0.0
2013-08-27,51.02000045776367,51.54999923706055,50.54999923706055,50.599998474121094,35.830570220947266,23596800,0.0,0.0
2013-08-28,50.33000183105469,51.04999923706055,50.130001068115234,50.58000183105469,35.81640625,18748100,0.0,0.0
2013-08-29,50.59000015258789,51.18000030517578,50.45000076293945,50.70000076293945,35.90138244628906,13576000,0.0,0.0
2013-08-30,50.81999969482422,50.83000183105469,50.290000915527344,50.529998779296875,35.781005859375,15863100,0.0,0.0
2013-09-03,51.25,51.720001220703125,50.83000183105469,51.130001068115234,36.20587921142578,15277200,0.0,0.0
2013-09-04,51.15999984741211,52.099998474121094,50.93000030517578,51.869998931884766,36.72987365722656,19923800,0.0,0.0
2013-09-05,52.029998779296875,52.52000045776367,51.90999984741211,52.11000061035156,36.89982223510742,13913200,0.0,0.0
2013-09-06,52.40999984741211,52.709999084472656,51.279998779296875,52.560001373291016,37.218467712402344,22339900,0.0,0.0
2013-09-09,52.779998779296875,53.189998626708984,52.52000045776367,52.86000061035156,37.430912017822266,19936400,0.0,0.0
2013-09-10,53.83000183105469,53.93000030517578,53.29999923706055,53.66999816894531,38.00447463989258,20233200,0.0,0.0
2013-09-11,53.369998931884766,53.7599983215332,53.060001373291016,53.2599983215332,37.71416091918945,16028600,0.0,0.0
2013-09-12,53.43000030517578,53.709999084472656,52.08000183105469,52.2400016784668,36.99188232421875,21976700,0.0,0.0
2013-09-13,52.290000915527344,52.79999923706055,52.22999954223633,52.59000015258789,37.239715576171875,11942900,0.0,0.0
2013-09-16,53.45000076293945,53.4900016784668,52.97999954223633,53.13999938964844,37.62918472290039,17055300,0.0,0.0
2013-09-17,53.189998626708984,53.31999969482422,52.880001068115234,53.09000015258789,37.59376907348633,13207000,0.0,0.0
2013-09-18,52.689998626708984,53.869998931884766,52.560001373291016,53.40999984741211,37.82036590576172,20844500,0.0,0.0
2013-09-19,53.630001068115234,53.75,52.529998779296875,52.75,37.35301971435547,22452200,0.0,0.0
2013-09-20,52.95000076293945,53.470001220703125,52.79999923706055,52.79999923706055,37.388423919677734,30792200,0.0,0.0
2013-09-23,52.08000183105469,52.380001068115234,51.38999938964844,51.459999084472656,36.43955612182617,28189500,0.0,0.0
2013-09-24,51.0099983215332,51.27000045776367,50.29999923706055,50.31999969482422,35.63229751586914,34906900,0.0,0.0
2013-09-25,50.220001220703125,51.900001525878906,50.060001373291016,51.70000076293945,36.6094970703125,39175500,0.0,0.0
2013-09-26,51.93000030517578,52.560001373291016,51.540000915527344,51.88999938964844,36.74403762817383,22298700,0.0,0.0
2013-09-27,51.5,52.400001525878906,51.38999938964844,52.2400016784668,36.99188232421875,23026000,0.0,0.0
2013-09-30,51.72999954223633,52.09000015258789,51.439998626708984,51.689998626708984,36.6024284362793,21350600,0.0,0.0
2013-10-01,51.63999938964844,52.09000015258789,51.45000076293945,51.959999084472656,36.79359817504883,19188000,0.0,0.0
2013-10-02,51.31999969482422,52.45000076293945,51.290000915527344,52.09000015258789,37.15740203857422,23841200,0.38,0.0
2013-10-03,52.0,52.20000076293945,51.5,51.939998626708984,37.0504150390625,18614500,0.0,0.0
2013-10-04,52.06999969482422,52.68000030517578,52.0099983215332,52.66999816894531,37.57114028930664,17407200,0.0,0.0
2013-10-07,52.290000915527344,52.36000061035156,51.83000183105469,51.83000183105469,36.97193908691406,16159300,0.0,0.0
2013-10-08,51.83000183105469,51.959999084472656,50.84000015258789,50.869998931884766,36.287139892578125,19536000,0.0,0.0
2013-10-09,51.16999816894531,51.34000015258789,50.25,50.75,36.20154571533203,24721200,0.0,0.0
2013-10-10,51.84000015258789,52.560001373291016,51.380001068115234,52.52000045776367,37.464134216308594,24328700,0.0,0.0
2013-10-11,52.959999084472656,53.349998474121094,52.15999984741211,52.5099983215332,37.457000732421875,32498800,0.0,0.0
2013-10-14,51.939998626708984,52.84000015258789,51.7599983215332,52.709999084472656,37.59967041015625,18881600,0.0,0.0
2013-10-15,52.90999984741211,53.040000915527344,52.18000030517578,52.310001373291016,37.3143310546875,17566500,0.0,0.0
2013-10-16,52.61000061035156,54.04999923706055,52.58000183105469,54.0,38.519866943359375,24864000,0.0,0.0
2013-10-17,53.790000915527344,54.290000915527344,53.61000061035156,54.209999084472656,38.66965866088867,17791000,0.0,0.0
2013-10-18,54.2599983215332,54.58000183105469,53.79999923706055,54.29999923706055,38.733863830566406,24796600,0.0,0.0
2013-10-21,54.27000045776367,54.849998474121094,53.88999938964844,54.27000045776367,38.712467193603516,19471700,0.0,0.0
2013-10-22,54.650001525878906,54.68000030517578,53.619998931884766,53.619998931884766,38.248802185058594,24820900,0.0,0.0
2013-10-23,53.310001373291016,53.36000061035156,52.720001220703125,52.75,37.628204345703125,21034400,0.0,0.0
2013-10-24,52.84000015258789,52.88999938964844,52.11000061035156,52.47999954223633,37.435604095458984,17759000,0.0,0.0
2013-10-25,52.15999984741211,52.90999984741211,52.06999969482422,52.77000045776367,37.64247512817383,20889600,0.0,0.0
2013-10-28,52.88999938964844,53.09000015258789,52.5,52.68000030517578,37.57827377319336,14836800,0.0,0.0
2013-10-29,52.83000183105469,52.9900016784668,52.25,52.72999954223633,37.61393356323242,23363100,0.0,0.0
2013-10-30,53.0,53.2400016784668,52.5,52.599998474121094,37.521202087402344,16157200,0.0,0.0
2013-10-31,52.650001525878906,52.709999084472656,51.540000915527344,51.540000915527344,36.76507568359375,23738000,0.0,0.0
2013-11-01,51.45000076293945,52.709999084472656,51.29999923706055,52.5099983215332,37.457000732421875,25794400,0.0,0.0
2013-11-04,52.7400016784668,52.7599983215332,52.0,52.040000915527344,37.121742248535156,18891300,0.0,0.0
2013-11-05,51.849998474121094,52.130001068115234,51.65999984741211,51.95000076293945,37.05754089355469,14532200,0.0,0.0
2013-11-06,52.2599983215332,52.34000015258789,51.83000183105469,52.099998474121094,37.16453552246094,14013000,0.0,0.0
2013-11-07,52.130001068115234,52.34000015258789,51.58000183105469,51.650001525878906,36.843536376953125,17348900,0.0,0.0
2013-11-08,51.83000183105469,53.970001220703125,51.79999923706055,53.959999084472656,38.4913330078125,31183100,0.0,0.0
2013-11-11,53.90999984741211,54.150001525878906,53.70000076293945,54.099998474121094,38.59119415283203,12062800,0.0,0.0
2013-11-12,53.93000030517578,54.08000183105469,53.599998474121094,53.970001220703125,38.49845886230469,15964800,0.0,0.0
2013-11-13,53.52000045776367,54.20000076293945,53.150001525878906,54.13999938964844,38.61972427368164,22121900,0.0,0.0
2013-11-14,54.2599983215332,54.5,53.70000076293945,54.400001525878906,38.80519485473633,17634000,0.0,0.0
2013-11-15,54.27000045776367,54.959999084472656,54.189998626708984,54.869998931884766,39.140472412109375,20530100,0.0,0.0
2013-11-18,55.4900016784668,56.0,55.29999923706055,55.7400016784668,39.76106643676758,22318800,0.0,0.0
2013-11-19,55.970001220703125,56.63999938964844,55.779998779296875,56.150001525878906,40.05352783203125,22979900,0.0,0.0
2013-11-20,56.43000030517578,56.439998626708984,55.77000045776367,56.099998474121094,40.01786422729492,17682800,0.0,0.0
2013-11-21,56.279998779296875,57.400001525878906,56.279998779296875,57.220001220703125,40.81679153442383,22843600,0.0,0.0
2013-11-22,57.25,57.52000045776367,57.060001373291016,57.459999084472656,40.98799133300781,16730600,0.0,0.0
2013-11-25,57.5,58.13999938964844,57.40999984741211,57.650001525878906,41.1235237121582,18649600,0.0,0.0
2013-11-26,57.630001068115234,57.959999084472656,57.16999816894531,57.16999816894531,40.78112030029297,16263300,0.0,0.0
2013-11-27,57.58000183105469,57.83000183105469,57.33000183105469,57.47999954223633,41.002254486083984,11238900,0.0,0.0
2013-11-29,57.58000183105469,57.849998474121094,57.20000076293945,57.220001220703125,40.81679153442383,7128800,0.0,0.0
2013-12-02,57.099998474121094,57.75,56.900001525878906,56.97999954223633,40.645599365234375,12465300,0.0,0.0
2013-12-03,56.88999938964844,57.220001220703125,56.13999938964844,56.86000061035156,40.559993743896484,20426800,0.0,0.0
2013-12-04,56.439998626708984,57.470001220703125,56.209999084472656,57.189998626708984,40.79537582397461,20287200,0.0,0.0
2013-12-05,56.709999084472656,56.7400016784668,55.75,55.81999969482422,39.81812286376953,21324900,0.0,0.0
2013-12-06,56.56999969482422,56.7599983215332,55.619998931884766,56.060001373291016,39.98933410644531,18661200,0.0,0.0
2013-12-09,56.279998779296875,56.529998779296875,56.09000015258789,56.5099983215332,40.31032180786133,12714000,0.0,0.0
2013-12-10,56.4900016784668,57.06999969482422,56.349998474121094,56.70000076293945,40.44586181640625,14543700,0.0,0.0
2013-12-11,56.540000915527344,56.77000045776367,55.959999084472656,56.06999969482422,39.99644088745117,17836100,0.0,0.0
2013-12-12,56.04999923706055,56.599998474121094,55.90999984741211,56.310001373291016,40.16767120361328,15325300,0.0,0.0
2013-12-13,56.369998931884766,56.560001373291016,56.040000915527344,56.16999816894531,40.06779861450195,11461300,0.0,0.0
2013-12-16,56.34000015258789,56.939998626708984,56.33000183105469,56.41999816894531,40.24612045288086,26379200,0.0,0.0
2013-12-17,56.65999984741211,56.65999984741211,55.65999984741211,55.720001220703125,39.74680709838867,18338500,0.0,0.0
2013-12-18,55.84000015258789,57.27000045776367,55.400001525878906,57.2400016784668,40.83104705810547,27685900,0.0,0.0
2013-12-19,57.099998474121094,57.540000915527344,56.81999969482422,57.22999954223633,40.82392883300781,16790000,0.0,0.0
2013-12-20,57.209999084472656,58.0,57.20000076293945,57.70000076293945,41.1591911315918,22001700,0.0,0.0
2013-12-23,57.970001220703125,58.38999938964844,57.79999923706055,58.2400016784668,41.54438400268555,13990600,0.0,0.0
2013-12-24,58.06999969482422,58.290000915527344,58.040000915527344,58.25,41.551513671875,4532600,0.0,0.0
2013-12-26,58.349998474121094,58.459999084472656,57.91999816894531,58.20000076293945,41.51586151123047,6677000,0.0,0.0
2013-12-27,58.16999816894531,58.349998474121094,58.060001373291016,58.13999938964844,41.47305679321289,8943700,0.0,0.0
2013-12-30,58.13999938964844,58.27000045776367,57.709999084472656,57.95000076293945,41.337528228759766,8815800,0.0,0.0
2013-12-31,58.20000076293945,58.54999923706055,58.04999923706055,58.47999954223633,41.71558380126953,11017400,0.0,0.0
2014-01-02,58.310001373291016,58.5,57.970001220703125,58.209999084472656,41.794559478759766,15627600,0.38,0.0
2014-01-03,58.290000915527344,58.95000076293945,58.209999084472656,58.65999984741211,42.117671966552734,14214100,0.0,0.0
2014-01-06,59.15999984741211,59.470001220703125,58.83000183105469,59.0,42.361778259277344,17550700,0.0,0.0
2014-01-07,59.290000915527344,59.43000030517578,58.11000061035156,58.31999969482422,41.87355422973633,17851200,0.0,0.0
2014-01-08,58.540000915527344,58.90999984741211,58.29999923706055,58.869998931884766,42.26844024658203,14687400,0.0,0.0
2014-01-09,58.97999954223633,59.0,58.33000183105469,58.7599983215332,42.18946075439453,13242500,0.0,0.0
2014-01-10,58.66999816894531,58.7599983215332,58.18000030517578,58.4900016784668,41.99560546875,12694900,0.0,0.0
2014-01-13,58.5099983215332,58.66999816894531,57.529998779296875,57.70000076293945,41.428375244140625,20711600,0.0,0.0
2014-01-14,58.29999923706055,58.58000183105469,57.560001373291016,57.7400016784668,41.45710754394531,30272400,0.0,0.0
2014-01-15,57.72999954223633,59.650001525878906,57.72999954223633,59.4900016784668,42.71360397338867,35186600,0.0,0.0
2014-01-16,58.790000915527344,59.81999969482422,58.7400016784668,58.9900016784668,42.354610443115234,21689400,0.0,0.0
2014-01-17,59.209999084472656,59.22999954223633,58.029998779296875,58.11000061035156,41.72277069091797,20997900,0.0,0.0
2014-01-21,58.09000015258789,58.439998626708984,57.58000183105469,58.16999816894531,41.76585006713867,19548300,0.0,0.0
2014-01-22,58.33000183105469,58.33000183105469,57.41999816894531,57.59000015258789,41.349422454833984,15433500,0.0,0.0
2014-01-23,57.09000015258789,57.099998474121094,56.209999084472656,56.470001220703125,40.54525375366211,26234600,0.0,0.0
2014-01-24,56.0,56.36000061035156,55.09000015258789,55.09000015258789,39.5544319152832,26833100,0.0,0.0
2014-01-27,55.08000183105469,55.79999923706055,54.689998626708984,55.09000015258789,39.5544319152832,23935000,0.0,0.0
2014-01-28,55.38999938964844,56.34000015258789,55.2400016784668,55.7400016784668,40.02112579345703,18041000,0.0,0.0
2014-01-29,54.959999084472656,55.869998931884766,54.849998474121094,55.529998779296875,39.870330810546875,25459000,0.0,0.0
2014-01-30,56.06999969482422,56.38999938964844,55.630001068115234,56.0,40.207794189453125,17031100,0.0,0.0
2014-01-31,55.5,56.11000061035156,55.18000030517578,55.36000061035156,39.748294830322266,18174000,0.0,0.0
2014-02-03,55.5,55.91999816894531,54.20000076293945,54.310001373291016,38.994380950927734,28549900,0.0,0.0
2014-02-04,54.720001220703125,55.349998474121094,54.599998474121094,54.95000076293945,39.45391082763672,20709300,0.0,0.0
2014-02-05,55.099998474121094,55.45000076293945,54.58000183105469,55.209999084472656,39.64057540893555,19491600,0.0,0.0
2014-02-06,55.349998474121094,56.54999923706055,55.20000076293945,56.47999954223633,40.552433013916016,20881600,0.0,0.0
2014-02-07,56.650001525878906,56.93000030517578,56.2599983215332,56.619998931884766,40.6529426574707,23388500,0.0,0.0
2014-02-10,56.77000045776367,56.91999816894531,56.38999938964844,56.7400016784668,40.739112854003906,14715200,0.0,0.0
2014-02-11,56.61000061035156,57.56999969482422,56.58000183105469,57.43000030517578,41.23452377319336,18774100,0.0,0.0
2014-02-12,57.34000015258789,57.709999084472656,57.15999984741211,57.52000045776367,41.29914093017578,13437900,0.0,0.0
2014-02-13,57.06999969482422,58.099998474121094,56.959999084472656,58.029998779296875,41.66532516479492,16605500,0.0,0.0
2014-02-14,57.88999938964844,58.22999954223633,57.75,58.150001525878906,41.751495361328125,13067300,0.0,0.0
2014-02-18,58.02000045776367,58.650001525878906,57.900001525878906,58.4900016784668,41.99560546875,14983800,0.0,0.0
2014-02-19,58.36000061035156,58.540000915527344,57.220001220703125,57.2599983215332,41.11247253417969,18669900,0.0,0.0
2014-02-20,57.529998779296875,57.970001220703125,57.27000045776367,57.58000183105469,41.34222412109375,12457000,0.0,0.0
2014-02-21,57.59000015258789,57.84000015258789,57.369998931884766,57.61000061035156,41.36376953125,16790100,0.0,0.0
2014-02-24,57.619998931884766,58.22999954223633,57.58000183105469,58.029998779296875,41.66532516479492,16151400,0.0,0.0
2014-02-25,57.900001525878906,57.97999954223633,56.91999816894531,57.029998779296875,40.94733810424805,17991800,0.0,0.0
2014-02-26,57.369998931884766,57.380001068115234,56.220001220703125,56.75,40.74629592895508,23661700,0.0,0.0
2014-02-27,56.779998779296875,56.88999938964844,56.13999938964844,56.689998626708984,40.70320510864258,16277500,0.0,0.0
2014-02-28,56.56999969482422,57.45000076293945,56.38999938964844,56.81999969482422,40.796546936035156,18599000,0.0,0.0
2014-03-03,56.29999923706055,56.41999816894531,55.689998626708984,56.209999084472656,40.358577728271484,19151000,0.0,0.0
2014-03-04,56.95000076293945,57.36000061035156,56.63999938964844,57.2599983215332,41.11247253417969,17157000,0.0,0.0
2014-03-05,57.47999954223633,58.290000915527344,57.36000061035156,58.15999984741211,41.7586784362793,17761500,0.0,0.0
2014-03-06,58.5099983215332,59.09000015258789,58.400001525878906,58.900001525878906,42.28998947143555,19420600,0.0,0.0
2014-03-07,59.349998474121094,59.79999923706055,59.06999969482422,59.400001525878906,42.64897918701172,18602200,0.0,0.0
2014-03-10,59.13999938964844,59.47999954223633,58.869998931884766,59.20000076293945,42.50537109375,16945200,0.0,0.0
2014-03-11,59.41999816894531,59.45000076293945,58.130001068115234,58.189998626708984,41.78020095825195,19420000,0.0,0.0
2014-03-12,57.70000076293945,57.959999084472656,57.41999816894531,57.91999816894531,41.586341857910156,17932100,0.0,0.0
2014-03-13,58.0,58.34000015258789,57.189998626708984,57.41999816894531,41.22734069824219,17192500,0.0,0.0
2014-03-14,57.11000061035156,57.529998779296875,56.619998931884766,56.79999923706055,40.78218460083008,18635800,0.0,0.0
2014-03-17,57.209999084472656,57.70000076293945,57.04999923706055,57.58000183105469,41.34222412109375,13581400,0.0,0.0
2014-03-18,57.81999969482422,58.15999984741211,57.619998931884766,58.060001373291016,41.686866760253906,12554800,0.0,0.0
2014-03-19,57.9900016784668,58.93000030517578,57.88999938964844,58.29999923706055,41.859195709228516,21450700,0.0,0.0
2014-03-20,58.36000061035156,60.4900016784668,58.130001068115234,60.11000061035156,43.15876007080078,33736500,0.0,0.0
2014-03-21,60.959999084472656,61.20000076293945,60.0,60.16999816894531,43.20183181762695,35144100,0.0,0.0
2014-03-24,60.369998931884766,61.189998626708984,60.349998474121094,61.06999969482422,43.84804153442383,25810500,0.0,0.0
2014-03-25,61.11000061035156,61.47999954223633,60.560001373291016,60.93000030517578,43.74752426147461,24053500,0.0,0.0
2014-03-26,61.2400016784668,61.400001525878906,59.88999938964844,59.900001525878906,43.007972717285156,22745200,0.0,0.0
2014-03-27,59.939998626708984,60.54999923706055,59.02000045776367,59.91999816894531,43.022342681884766,24632600,0.0,0.0
2014-03-28,60.209999084472656,60.59000015258789,59.68000030517578,60.040000915527344,43.10850524902344,14708700,0.0,0.0
2014-03-31,60.83000183105469,61.02000045776367,60.599998474121094,60.709999084472656,43.58954620361328,15216700,0.0,0.0
2014-04-01,60.95000076293945,61.290000915527344,60.369998931884766,60.66999816894531,43.56084060668945,14584400,0.0,0.0
2014-04-02,60.369998931884766,60.77000045776367,60.20000076293945,60.47999954223633,43.69811248779297,14012200,0.38,0.0
2014-04-03,60.650001525878906,60.79999923706055,60.279998779296875,60.65999984741211,43.828163146972656,11925200,0.0,0.0
2014-04-04,61.02000045776367,61.060001373291016,59.79999923706055,59.810001373291016,43.21403503417969,16966900,0.0,0.0
2014-04-07,59.689998626708984,60.0,58.84000015258789,59.0,42.628780364990234,18685700,0.0,0.0
2014-04-08,58.79999923706055,59.02000045776367,58.25,58.849998474121094,42.52040481567383,16956500,0.0,0.0
2014-04-09,59.099998474121094,59.45000076293945,58.5,59.27000045776367,42.8238639831543,15308400,0.0,0.0
2014-04-10,59.349998474121094,59.38999938964844,57.380001068115234,57.400001525878906,41.472747802734375,29977200,0.0,0.0
2014-04-11,55.18000030517578,56.04999923706055,54.54999923706055,55.29999923706055,39.95545959472656,47241300,0.0,0.0
2014-04-14,55.849998474121094,55.939998626708984,54.47999954223633,54.959999084472656,39.70979309082031,31081500,0.0,0.0
2014-04-15,55.09000015258789,55.63999938964844,54.349998474121094,54.79999923706055,39.59419631958008,26691400,0.0,0.0
2014-04-16,55.0,55.349998474121094,54.689998626708984,55.2599983215332,39.92655563354492,27049400,0.0,0.0
2014-04-17,55.34000015258789,55.56999969482422,55.0099983215332,55.220001220703125,39.89765167236328,17955400,0.0,0.0
2014-04-21,55.2599983215332,55.40999984741211,54.9900016784668,55.029998779296875,39.760379791259766,12384800,0.0,0.0
2014-04-22,55.040000915527344,56.08000183105469,54.939998626708984,55.810001373291016,40.323944091796875,16257600,0.0,0.0
2014-04-23,55.79999923706055,56.119998931884766,55.560001373291016,56.04999923706055,40.497337341308594,11379000,0.0,0.0
2014-04-24,56.06999969482422,56.2599983215332,55.61000061035156,56.189998626708984,40.59849166870117,15360600,0.0,0.0
2014-04-25,56.310001373291016,56.349998474121094,55.63999938964844,55.70000076293945,40.24446105957031,15937700,0.0,0.0
2014-04-28,55.630001068115234,55.70000076293945,54.68000030517578,55.4900016784668,40.09273147583008,21394100,0.0,0.0
2014-04-29,55.72999954223633,56.310001373291016,55.56999969482422,56.099998474121094,40.53347396850586,13453400,0.0,0.0
2014-04-30,56.2400016784668,56.349998474121094,55.720001220703125,55.97999954223633,40.4467658996582,14388100,0.0,0.0
2014-05-01,55.91999816894531,56.189998626708984,55.5,55.720001220703125,40.258907318115234,12744600,0.0,0.0
2014-05-02,55.83000183105469,56.369998931884766,55.439998626708984,55.58000183105469,40.15776824951172,15153800,0.0,0.0
2014-05-05,53.880001068115234,54.7400016784668,53.70000076293945,54.220001220703125,39.175132751464844,25232300,0.0,0.0
2014-05-06,54.040000915527344,54.060001373291016,53.31999969482422,53.34000015258789,38.53931427001953,25327400,0.0,0.0
2014-05-07,53.54999923706055,54.119998931884766,53.2400016784668,54.04999923706055,39.05229568481445,18502600,0.0,0.0
2014-05-08,54.20000076293945,54.529998779296875,54.060001373291016,54.36000061035156,39.276283264160156,16090800,0.0,0.0
2014-05-09,54.220001220703125,54.310001373291016,53.68000030517578,54.0099983215332,39.023406982421875,12366500,0.0,0.0
2014-05-12,54.27000045776367,54.70000076293945,54.029998779296875,54.650001525878906,39.48580551147461,12825500,0.0,0.0
2014-05-13,54.7400016784668,54.83000183105469,54.5,54.619998931884766,39.46413803100586,12310700,0.0,0.0
2014-05-14,54.63999938964844,54.70000076293945,54.29999923706055,54.36000061035156,39.276283264160156,10325800,0.0,0.0
2014-05-15,54.20000076293945,54.20000076293945,53.349998474121094,53.5099983215332,38.66214370727539,19763000,0.0,0.0
2014-05-16,53.41999816894531,53.5099983215332,52.970001220703125,53.310001373291016,38.517635345458984,19992400,0.0,0.0
2014-05-19,53.08000183105469,53.90999984741211,53.060001373291016,53.83000183105469,38.89333724975586,12068900,0.0,0.0
2014-05-20,53.720001220703125,54.040000915527344,53.40999984741211,53.720001220703125,38.813865661621094,16888200,0.0,0.0
2014-05-21,54.04999923706055,54.599998474121094,53.97999954223633,54.119998931884766,39.10288619995117,13210200,0.0,0.0
2014-05-22,54.16999816894531,54.599998474121094,54.02000045776367,54.54999923706055,39.413570404052734,11800900,0.0,0.0
2014-05-23,54.54999923706055,54.59000015258789,54.15999984741211,54.529998779296875,39.39910888671875,10876500,0.0,0.0
2014-05-27,54.75,55.43000030517578,54.689998626708984,55.13999938964844,39.8398551940918,14503700,0.0,0.0
2014-05-28,55.09000015258789,55.599998474121094,55.0,55.45000076293945,40.06382369995117,11374900,0.0,0.0
2014-05-29,55.75,55.91999816894531,55.38999938964844,55.720001220703125,40.258907318115234,11741000,0.0,0.0
2014-05-30,55.58000183105469,55.880001068115234,55.310001373291016,55.56999969482422,40.1505241394043,11991900,0.0,0.0
2014-06-02,55.650001525878906,55.650001525878906,55.02000045776367,55.349998474121094,39.9915771484375,9440000,0.0,0.0
2014-06-03,55.09000015258789,55.65999984741211,55.09000015258789,55.599998474121094,40.172210693359375,9131500,0.0,0.0
2014-06-04,55.52000045776367,55.72999954223633,55.25,55.68000030517578,40.230010986328125,9727800,0.0,0.0
2014-06-05,55.90999984741211,56.65999984741211,55.4900016784668,56.630001068115234,40.916404724121094,16803400,0.0,0.0
2014-06-06,56.7599983215332,57.130001068115234,56.650001525878906,56.970001220703125,41.16205596923828,15399800,0.0,0.0
2014-06-09,56.90999984741211,57.66999816894531,56.900001525878906,57.41999816894531,41.48719024658203,11999700,0.0,0.0
2014-06-10,57.470001220703125,57.939998626708984,57.38999938964844,57.900001525878906,41.834014892578125,11609200,0.0,0.0
2014-06-11,57.47999954223633,57.790000915527344,56.97999954223633,57.27000045776367,41.378814697265625,14232200,0.0,0.0
2014-06-12,57.06999969482422,57.41999816894531,56.869998931884766,57.040000915527344,41.21263885498047,11670200,0.0,0.0
2014-06-13,57.029998779296875,57.66999816894531,56.880001068115234,57.040000915527344,41.21263885498047,12040800,0.0,0.0
2014-06-16,56.849998474121094,56.95000076293945,56.33000183105469,56.869998931884766,41.08981704711914,11199100,0.0,0.0
2014-06-17,56.790000915527344,57.59000015258789,56.68000030517578,57.41999816894531,41.48719024658203,11200500,0.0,0.0
2014-06-18,57.290000915527344,57.810001373291016,56.95000076293945,57.779998779296875,41.747310638427734,13729400,0.0,0.0
2014-06-19,57.689998626708984,57.689998626708984,57.209999084472656,57.29999923706055,41.400489807128906,11624400,0.0,0.0
2014-06-20,57.689998626708984,57.77000045776367,57.349998474121094,57.54999923706055,41.58112716674805,17124800,0.0,0.0
2014-06-23,57.540000915527344,58.220001220703125,57.2400016784668,58.189998626708984,42.04353713989258,16007700,0.0,0.0
2014-06-24,57.880001068115234,58.119998931884766,57.29999923706055,57.41999816894531,41.48719024658203,12322900,0.0,0.0
2014-06-25,57.220001220703125,57.7400016784668,56.869998931884766,57.529998779296875,41.56668472290039,14836600,0.0,0.0
2014-06-26,57.34000015258789,57.4900016784668,56.599998474121094,57.38999938964844,41.46551513671875,11854400,0.0,0.0
2014-06-27,57.33000183105469,57.70000076293945,57.2400016784668,57.529998779296875,41.56668472290039,10178600,0.0,0.0
2014-06-30,57.439998626708984,57.779998779296875,57.380001068115234,57.619998931884766,41.6317024230957,11549000,0.0,0.0
2014-07-01,57.150001525878906,57.9900016784668,57.08000183105469,57.56999969482422,41.8863525390625,14472200,0.4,0.0
2014-07-02,57.27000045776367,57.47999954223633,56.81999969482422,56.970001220703125,41.4498176574707,19189900,0.0,0.0
2014-07-03,57.22999954223633,57.650001525878906,57.0,57.04999923706055,41.508018493652344,12599800,0.0,0.0
2014-07-07,56.88999938964844,56.9900016784668,56.400001525878906,56.66999816894531,41.23153305053711,13916100,0.0,0.0
2014-07-08,56.349998474121094,56.470001220703125,55.630001068115234,55.7599983215332,40.5694465637207,18343400,0.0,0.0
2014-07-09,55.880001068115234,56.119998931884766,55.61000061035156,56.02000045776367,40.75862503051758,10914300,0.0,0.0
2014-07-10,55.060001373291016,55.810001373291016,54.959999084472656,55.560001373291016,40.42393112182617,12436600,0.0,0.0
2014-07-11,55.290000915527344,55.90999984741211,55.189998626708984,55.79999923706055,40.598548889160156,10230000,0.0,0.0
2014-07-14,56.529998779296875,56.84000015258789,56.20000076293945,56.290000915527344,40.95506286621094,14004400,0.0,0.0
2014-07-15,57.95000076293945,58.689998626708984,57.7599983215332,58.27000045776367,42.395652770996094,36178000,0.0,0.0
2014-07-16,58.5099983215332,58.97999954223633,58.310001373291016,58.709999084472656,42.71580505371094,20507500,0.0,0.0
2014-07-17,58.560001373291016,58.86000061035156,57.7599983215332,57.86000061035156,42.097347259521484,17013500,0.0,0.0
2014-07-18,58.33000183105469,58.47999954223633,57.900001525878906,58.22999954223633,42.36655044555664,12803300,0.0,0.0
2014-07-21,58.119998931884766,58.40999984741211,57.900001525878906,58.2400016784668,42.37384033203125,9141400,0.0,0.0
2014-07-22,58.41999816894531,58.79999923706055,58.369998931884766,58.66999816894531,42.68667221069336,10375200,0.0,0.0
2014-07-23,58.7599983215332,59.189998626708984,58.52000045776367,59.0,42.926780700683594,11122100,0.0,0.0
2014-07-24,59.06999969482422,59.349998474121094,58.9900016784668,59.16999816894531,43.05046844482422,9844100,0.0,0.0
2014-07-25,58.91999816894531,59.27000045776367,58.84000015258789,59.0099983215332,42.93405532836914,10500600,0.0,0.0
2014-07-28,58.939998626708984,59.2599983215332,58.66999816894531,59.189998626708984,43.06502151489258,12382800,0.0,0.0
2014-07-29,59.130001068115234,59.130001068115234,58.439998626708984,58.63999938964844,42.66487121582031,13498800,0.0,0.0
2014-07-30,59.02000045776367,59.279998779296875,58.61000061035156,58.90999984741211,42.861297607421875,11815700,0.0,0.0
2014-07-31,58.650001525878906,58.68000030517578,57.65999984741211,57.66999816894531,41.959102630615234,15955900,0.0,0.0
2014-08-01,57.38999938964844,57.4900016784668,55.970001220703125,56.47999954223633,41.093299865722656,23915400,0.0,0.0
2014-08-04,56.90999984741211,56.97999954223633,56.34000015258789,56.650001525878906,41.217002868652344,13543900,0.0,0.0
2014-08-05,56.43000030517578,56.599998474121094,55.599998474121094,56.060001373291016,40.78772735595703,16863300,0.0,0.0
2014-08-06,55.88999938964844,56.689998626708984,55.83000183105469,56.22999954223633,40.91139602661133,12190600,0.0,0.0
2014-08-07,56.630001068115234,56.689998626708984,55.68000030517578,55.90999984741211,40.6785888671875,11743800,0.0,0.0
2014-08-08,55.88999938964844,56.36000061035156,55.63999938964844,56.34000015258789,40.9914436340332,12213200,0.0,0.0
2014-08-11,56.540000915527344,56.58000183105469,56.16999816894531,56.31999969482422,40.97688674926758,9066800,0.0,0.0
2014-08-12,56.22999954223633,56.54999923706055,56.130001068115234,56.349998474121094,40.99871826171875,11289600,0.0,0.0
2014-08-13,56.689998626708984,56.84000015258789,56.5099983215332,56.720001220703125,41.26791763305664,7012600,0.0,0.0
2014-08-14,56.77000045776367,57.0,56.70000076293945,56.97999954223633,41.457088470458984,8275900,0.0,0.0
2014-08-15,57.2400016784668,57.5,56.38999938964844,56.75,41.28975296020508,12727400,0.0,0.0
2014-08-18,56.86000061035156,57.43000030517578,56.7599983215332,57.22999954223633,41.63897705078125,8881400,0.0,0.0
2014-08-19,57.599998474121094,57.720001220703125,57.34000015258789,57.560001373291016,41.87907409667969,9040500,0.0,0.0
2014-08-20,57.41999816894531,57.849998474121094,57.38999938964844,57.63999938964844,41.937278747558594,8121400,0.0,0.0
2014-08-21,57.65999984741211,58.77000045776367,57.599998474121094,58.5,42.56300735473633,12745500,0.0,0.0
2014-08-22,58.439998626708984,59.08000183105469,58.33000183105469,58.4900016784668,42.55572509765625,10228600,0.0,0.0
2014-08-25,58.97999954223633,59.83000183105469,58.86000061035156,59.34000015258789,43.174156188964844,13996800,0.0,0.0
2014-08-26,59.56999969482422,59.95000076293945,59.38999938964844,59.7400016784668,43.46519088745117,10281100,0.0,0.0
2014-08-27,59.849998474121094,59.95000076293945,59.529998779296875,59.59000015258789,43.35605239868164,11410900,0.0,0.0
2014-08-28,59.25,59.369998931884766,58.810001373291016,59.15999984741211,43.043190002441406,9096100,0.0,0.0
2014-08-29,59.34000015258789,59.650001525878906,59.22999954223633,59.45000076293945,43.25419235229492,8897900,0.0,0.0
2014-09-02,59.459999084472656,59.709999084472656,59.150001525878906,59.66999816894531,43.41425323486328,8671100,0.0,0.0
2014-09-03,60.02000045776367,60.369998931884766,59.459999084472656,59.70000076293945,43.43608856201172,11791800,0.0,0.0
2014-09-04,59.630001068115234,60.13999938964844,59.43000030517578,59.709999084472656,43.4433708190918,9811900,0.0,0.0
2014-09-05,59.619998931884766,59.90999984741211,59.220001220703125,59.90999984741211,43.58887481689453,9600900,0.0,0.0
2014-09-08,59.84000015258789,60.220001220703125,59.7400016784668,59.88999938964844,43.5743293762207,8090000,0.0,0.0
2014-09-09,59.630001068115234,59.68000030517578,58.779998779296875,59.060001373291016,42.97043991088867,14868700,0.0,0.0
2014-09-10,59.150001525878906,59.560001373291016,58.91999816894531,59.220001220703125,43.08683395385742,9153800,0.0,0.0
2014-09-11,59.18000030517578,59.84000015258789,58.970001220703125,59.7599983215332,43.4797477722168,11467000,0.0,0.0
2014-09-12,59.79999923706055,60.40999984741211,59.75,60.029998779296875,43.676177978515625,14359100,0.0,0.0
2014-09-15,59.779998779296875,59.9900016784668,59.45000076293945,59.939998626708984,43.61069869995117,10685600,0.0,0.0
2014-09-16,59.709999084472656,60.20000076293945,59.619998931884766,59.9900016784668,43.64708709716797,10947900,0.0,0.0
2014-09-17,59.95000076293945,60.59000015258789,59.81999969482422,60.310001373291016,43.87990188598633,15091800,0.0,0.0
2014-09-18,60.540000915527344,61.400001525878906,60.540000915527344,61.31999969482422,44.61474609375,16973700,0.0,0.0
2014-09-19,61.7400016784668,61.849998474121094,60.97999954223633,61.11000061035156,44.46195602416992,18739300,0.0,0.0
2014-09-22,60.939998626708984,61.45000076293945,60.79999923706055,60.90999984741211,44.31644821166992,13225200,0.0,0.0
2014-09-23,60.81999969482422,61.400001525878906,60.77000045776367,60.939998626708984,44.33827209472656,14328800,0.0,0.0
2014-09-24,61.18000030517578,61.63999938964844,61.02000045776367,61.630001068115234,44.840301513671875,13728200,0.0,0.0
2014-09-25,61.4900016784668,61.5,60.150001525878906,60.150001525878906,43.76350021362305,16340100,0.0,0.0
2014-09-26,60.33000183105469,60.880001068115234,60.31999969482422,60.560001373291016,44.06180191040039,11948900,0.0,0.0
2014-09-29,60.029998779296875,60.5,59.72999954223633,60.33000183105469,43.89446258544922,10686500,0.0,0.0
2014-09-30,60.400001525878906,60.7400016784668,60.130001068115234,60.2400016784668,43.828975677490234,14384800,0.0,0.0
2014-10-01,60.2400016784668,60.400001525878906,59.72999954223633,59.77000045776367,43.48701858520508,18995800,0.0,0.0
2014-10-02,59.150001525878906,59.4900016784668,58.61000061035156,58.84000015258789,43.09881591796875,24559100,0.4,0.0
2014-10-03,59.25,60.38999938964844,59.04999923706055,60.29999923706055,44.168216705322266,18321100,0.0,0.0
2014-10-06,60.779998779296875,60.79999923706055,60.0,60.18000030517578,44.080322265625,11578000,0.0,0.0
2014-10-07,59.91999816894531,59.91999816894531,59.189998626708984,59.27000045776367,43.41376495361328,14542000,0.0,0.0
2014-10-08,59.36000061035156,60.43000030517578,59.18000030517578,60.400001525878906,44.241458892822266,15834100,0.0,0.0
2014-10-09,60.33000183105469,60.33000183105469,58.88999938964844,59.08000183105469,43.274593353271484,19189500,0.0,0.0
2014-10-10,59.029998779296875,59.81999969482422,58.5099983215332,58.52000045776367,42.86442184448242,16689400,0.0,0.0
2014-10-13,58.5,59.150001525878906,58.11000061035156,58.15999984741211,42.60072708129883,17169300,0.0,0.0
2014-10-14,56.689998626708984,58.52000045776367,56.060001373291016,57.9900016784668,42.476200103759766,29096800,0.0,0.0
2014-10-15,57.02000045776367,57.380001068115234,54.2599983215332,55.529998779296875,40.6743049621582,37866900,0.0,0.0
2014-10-16,54.75,55.97999954223633,54.279998779296875,55.08000183105469,40.34470748901367,31965100,0.0,0.0
2014-10-17,55.72999954223633,56.779998779296875,55.56999969482422,56.20000076293945,41.16508102416992,20183500,0.0,0.0
2014-10-20,56.099998474121094,56.75,56.06999969482422,56.630001068115234,41.48003005981445,10807600,0.0,0.0
2014-10-21,57.22999954223633,58.0099983215332,57.08000183105469,57.93000030517578,42.43225860595703,14020400,0.0,0.0
2014-10-22,58.040000915527344,58.2599983215332,57.439998626708984,57.45000076293945,42.080657958984375,13750700,0.0,0.0
2014-10-23,58.119998931884766,58.599998474121094,57.939998626708984,58.060001373291016,42.52748107910156,12641900,0.0,0.0
2014-10-24,58.0,58.779998779296875,58.0,58.7400016784668,43.02556228637695,13758000,0.0,0.0
2014-10-27,58.45000076293945,58.790000915527344,58.25,58.63999938964844,42.95231628417969,11087100,0.0,0.0
2014-10-28,58.869998931884766,59.689998626708984,58.810001373291016,59.630001068115234,43.677459716796875,13625000,0.0,0.0
2014-10-29,59.619998931884766,59.779998779296875,58.7599983215332,59.290000915527344,43.42841720581055,16712100,0.0,0.0
2014-10-30,58.939998626708984,59.68000030517578,58.91999816894531,59.38999938964844,43.50165939331055,14709800,0.0,0.0
2014-10-31,60.119998931884766,60.540000915527344,59.869998931884766,60.47999954223633,44.30006408691406,18347600,0.0,0.0
2014-11-03,60.790000915527344,61.150001525878906,60.36000061035156,60.880001068115234,44.59305191040039,11841200,0.0,0.0
2014-11-04,60.2400016784668,60.369998931884766,59.41999816894531,60.25,44.131591796875,15295800,0.0,0.0
2014-11-05,60.79999923706055,61.22999954223633,60.38999938964844,61.150001525878906,44.79083251953125,14063800,0.0,0.0
2014-11-06,61.08000183105469,61.310001373291016,60.630001068115234,61.22999954223633,44.84941482543945,10421600,0.0,0.0
2014-11-07,61.06999969482422,61.54999923706055,60.86000061035156,61.470001220703125,45.02519989013672,12384600,0.0,0.0
2014-11-10,61.25,61.93000030517578,61.20000076293945,61.93000030517578,45.362144470214844,10801000,0.0,0.0
2014-11-11,61.709999084472656,61.88999938964844,61.290000915527344,61.369998931884766,44.95196533203125,12539800,0.0,0.0
2014-11-12,60.41999816894531,60.84000015258789,60.22999954223633,60.560001373291016,44.35866165161133,17219600,0.0,0.0
2014-11-13,60.5,60.630001068115234,59.9900016784668,60.22999954223633,44.1169319152832,12240400,0.0,0.0
2014-11-14,60.25,60.619998931884766,60.18000030517578,60.279998779296875,44.153568267822266,6803400,0.0,0.0
2014-11-17,60.0,60.529998779296875,59.88999938964844,60.380001068115234,44.22682189941406,9017600,0.0,0.0
2014-11-18,60.349998474121094,60.81999969482422,60.20000076293945,60.529998779296875,44.3366813659668,8897800,0.0,0.0
2014-11-19,60.45000076293945,60.790000915527344,60.150001525878906,60.599998474121094,44.3879508972168,9210100,0.0,0.0
2014-11-20,60.20000076293945,60.25,59.75,60.119998931884766,44.036373138427734,10917300,0.0,0.0
2014-11-21,61.06999969482422,61.06999969482422,60.29999923706055,60.45000076293945,44.27808380126953,12340500,0.0,0.0
2014-11-24,60.70000076293945,61.310001373291016,60.70000076293945,60.959999084472656,44.651641845703125,8335000,0.0,0.0
2014-11-25,61.15999984741211,61.15999984741211,59.95000076293945,60.29999923706055,44.168216705322266,14802600,0.0,0.0
2014-11-26,60.56999969482422,60.56999969482422,60.20000076293945,60.34000015258789,44.1975212097168,7626600,0.0,0.0
2014-11-28,60.400001525878906,60.560001373291016,60.029998779296875,60.15999984741211,44.06565856933594,6759600,0.0,0.0
2014-12-01,59.97999954223633,60.209999084472656,59.54999923706055,60.0,43.94847106933594,12771600,0.0,0.0
2014-12-02,60.0099983215332,61.189998626708984,60.0,61.08000183105469,44.73955154418945,12546600,0.0,0.0
2014-12-03,60.959999084472656,61.619998931884766,60.810001373291016,61.540000915527344,45.076480865478516,12115500,0.0,0.0
2014-12-04,61.099998474121094,61.56999969482422,60.84000015258789,61.380001068115234,44.959293365478516,11515200,0.0,0.0
2014-12-05,62.0099983215332,63.060001373291016,61.880001068115234,62.70000076293945,45.9261589050293,20071100,0.0,0.0
2014-12-08,62.599998474121094,63.15999984741211,62.2599983215332,62.66999816894531,45.9041748046875,15528200,0.0,0.0
2014-12-09,61.849998474121094,62.849998474121094,61.560001373291016,62.45000076293945,45.743045806884766,19676400,0.0,0.0
2014-12-10,62.15999984741211,62.2400016784668,60.369998931884766,60.68000030517578,44.44655990600586,29620600,0.0,0.0
2014-12-11,61.16999816894531,62.060001373291016,61.11000061035156,61.13999938964844,44.78349685668945,16886200,0.0,0.0
2014-12-12,60.529998779296875,61.220001220703125,59.959999084472656,60.040000915527344,43.9777717590332,17405400,0.0,0.0
2014-12-15,60.7400016784668,60.810001373291016,58.790000915527344,59.15999984741211,43.33319854736328,19209900,0.0,0.0
2014-12-16,58.41999816894531,59.86000061035156,58.11000061035156,58.43000030517578,42.798500061035156,20709700,0.0,0.0
2014-12-17,58.56999969482422,59.83000183105469,58.34000015258789,59.77000045776367,43.780006408691406,17856400,0.0,0.0
2014-12-18,60.63999938964844,61.47999954223633,60.439998626708984,61.47999954223633,45.03253173828125,18173400,0.0,0.0
2014-12-19,61.400001525878906,62.349998474121094,61.369998931884766,61.93000030517578,45.362144470214844,22756400,0.0,0.0
2014-12-22,62.15999984741211,62.33000183105469,61.61000061035156,61.939998626708984,45.369483947753906,17073400,0.0,0.0
2014-12-23,62.04999923706055,62.970001220703125,61.93000030517578,62.47999954223633,45.7650032043457,13552600,0.0,0.0
2014-12-24,62.7400016784668,62.869998931884766,62.27000045776367,62.47999954223633,45.7650032043457,7412500,0.0,0.0
2014-12-26,62.66999816894531,62.88999938964844,62.40999984741211,62.54999923706055,45.8162841796875,6086500,0.0,0.0
2014-12-29,62.41999816894531,63.34000015258789,62.25,62.959999084472656,46.11661148071289,10601200,0.0,0.0
2014-12-30,62.720001220703125,63.279998779296875,62.56999969482422,63.150001525878906,46.255767822265625,7518100,0.0,0.0
2014-12-31,63.29999923706055,63.4900016784668,62.58000183105469,62.58000183105469,45.838260650634766,18529400,0.0,0.0
2015-01-02,62.18000030517578,62.959999084472656,62.06999969482422,62.4900016784668,46.0667839050293,12600000,0.4,0.0
2015-01-05,62.060001373291016,62.279998779296875,60.22999954223633,60.54999923706055,44.636653900146484,20100600,0.0,0.0
2015-01-06,60.63999938964844,60.75,58.349998474121094,58.97999954223633,43.47926712036133,29074100,0.0,0.0
2015-01-07,59.88999938964844,59.88999938964844,58.66999816894531,59.06999969482422,43.54560852050781,23843200,0.0,0.0
2015-01-08,59.970001220703125,60.900001525878906,59.970001220703125,60.38999938964844,44.51868438720703,16971100,0.0,0.0
2015-01-09,60.720001220703125,60.790000915527344,59.290000915527344,59.34000015258789,43.74464797973633,15396200,0.0,0.0
2015-01-12,59.279998779296875,59.400001525878906,58.27000045776367,58.83000183105469,43.36868667602539,15455200,0.0,0.0
2015-01-13,59.2599983215332,59.70000076293945,58.369998931884766,58.84000015258789,43.376060485839844,21644700,0.0,0.0
2015-01-14,58.84000015258789,58.84000015258789,55.27000045776367,56.810001373291016,41.879573822021484,49602300,0.0,0.0
2015-01-15,55.72999954223633,56.61000061035156,54.5,54.9900016784668,40.53787612915039,42458100,0.0,0.0
2015-01-16,54.65999984741211,56.0,54.63999938964844,55.93000030517578,41.23084259033203,29368900,0.0,0.0
2015-01-20,56.040000915527344,56.38999938964844,55.41999816894531,55.709999084472656,41.06865310668945,23477700,0.0,0.0
2015-01-21,55.45000076293945,56.41999816894531,55.189998626708984,55.88999938964844,41.201358795166016,21842400,0.0,0.0
2015-01-22,56.380001068115234,57.72999954223633,55.959999084472656,57.59000015258789,42.45457458496094,31423500,0.0,0.0
2015-01-23,57.720001220703125,57.869998931884766,56.65999984741211,56.68000030517578,41.78373718261719,15458300,0.0,0.0
2015-01-26,56.40999984741211,56.9900016784668,56.20000076293945,56.77000045776367,41.8500862121582,12577700,0.0,0.0
2015-01-27,56.04999923706055,56.61000061035156,55.7599983215332,56.20000076293945,41.42988967895508,15220500,0.0,0.0
2015-01-28,56.619998931884766,56.68000030517578,54.75,54.75,40.3609619140625,24354400,0.0,0.0
2015-01-29,55.27000045776367,55.88999938964844,54.68000030517578,55.66999816894531,41.03917694091797,20393300,0.0,0.0
2015-01-30,54.9900016784668,55.5,54.369998931884766,54.380001068115234,40.08819580078125,26943700,0.0,0.0
2015-02-02,54.529998779296875,55.650001525878906,54.27000045776367,55.470001220703125,40.8917350769043,20308900,0.0,0.0
2015-02-03,55.90999984741211,56.779998779296875,55.869998931884766,56.720001220703125,41.813228607177734,18812500,0.0,0.0
2015-02-04,56.31999969482422,57.06999969482422,56.279998779296875,56.380001068115234,41.56257247924805,14934100,0.0,0.0
2015-02-05,56.86000061035156,57.040000915527344,56.459999084472656,56.77000045776367,41.8500862121582,11293900,0.0,0.0
2015-02-06,57.75,58.72999954223633,57.540000915527344,57.88999938964844,42.67573165893555,25214000,0.0,0.0
2015-02-09,57.41999816894531,58.099998474121094,57.22999954223633,57.81999969482422,42.6241340637207,14372400,0.0,0.0
2015-02-10,58.41999816894531,58.709999084472656,58.04999923706055,58.459999084472656,43.095924377441406,16367300,0.0,0.0
2015-02-11,58.060001373291016,58.65999984741211,57.84000015258789,58.369998931884766,43.02958679199219,13061900,0.0,0.0
2015-02-12,58.93000030517578,59.709999084472656,58.54999923706055,59.56999969482422,43.91420364379883,23211300,0.0,0.0
2015-02-13,59.459999084472656,60.220001220703125,59.34000015258789,59.66999816894531,43.98792266845703,16479100,0.0,0.0
2015-02-17,59.36000061035156,60.13999938964844,59.31999969482422,60.099998474121094,44.30491638183594,15308800,0.0,0.0
2015-02-18,60.099998474121094,60.099998474121094,59.119998931884766,59.369998931884766,43.766761779785156,14278100,0.0,0.0
2015-02-19,59.150001525878906,59.47999954223633,58.79999923706055,59.22999954223633,43.66355895996094,11256500,0.0,0.0
2015-02-20,58.959999084472656,59.88999938964844,58.349998474121094,59.79999923706055,44.083763122558594,15379000,0.0,0.0
2015-02-23,59.5,59.529998779296875,58.79999923706055,59.349998474121094,43.75202178955078,16814000,0.0,0.0
2015-02-24,60.25,61.25,60.08000183105469,60.81999969482422,44.835697174072266,22937700,0.0,0.0
2015-02-25,60.7599983215332,61.27000045776367,60.75,61.13999938964844,45.07158279418945,18307900,0.0,0.0
2015-02-26,61.029998779296875,61.70000076293945,60.90999984741211,61.58000183105469,45.39594650268555,15444800,0.0,0.0
2015-02-27,61.130001068115234,61.91999816894531,61.130001068115234,61.279998779296875,45.1748046875,15225900,0.0,0.0
2015-03-02,61.279998779296875,61.83000183105469,61.029998779296875,61.77000045776367,45.536006927490234,13047300,0.0,0.0
2015-03-03,61.650001525878906,61.9900016784668,61.5,61.970001220703125,45.68344497680664,13706900,0.0,0.0
2015-03-04,61.63999938964844,62.16999816894531,61.349998474121094,62.130001068115234,45.80139923095703,16625500,0.0,0.0
2015-03-05,62.20000076293945,62.22999954223633,61.599998474121094,62.0,45.70557403564453,10931300,0.0,0.0
2015-03-06,62.15999984741211,62.869998931884766,60.79999923706055,60.88999938964844,44.88729476928711,22719200,0.0,0.0
2015-03-09,60.84000015258789,61.630001068115234,60.79999923706055,61.5,45.33697509765625,13001500,0.0,0.0
2015-03-10,60.7599983215332,61.0099983215332,59.959999084472656,59.959999084472656,44.20170593261719,16357700,0.0,0.0
2015-03-11,60.130001068115234,60.650001525878906,59.959999084472656,60.2400016784668,44.40812301635742,13015600,0.0,0.0
2015-03-12,60.650001525878906,61.45000076293945,60.650001525878906,61.369998931884766,45.24113464355469,18159600,0.0,0.0
2015-03-13,61.400001525878906,61.86000061035156,60.43000030517578,61.0,44.96836853027344,16506200,0.0,0.0
2015-03-16,61.5,61.91999816894531,61.25,61.849998474121094,45.59498596191406,15182900,0.0,0.0
2015-03-17,61.34000015258789,61.65999984741211,60.91999816894531,61.61000061035156,45.41807556152344,11718300,0.0,0.0
2015-03-18,61.38999938964844,62.04999923706055,61.09000015258789,61.75,45.521270751953125,15697900,0.0,0.0
2015-03-19,61.56999969482422,61.650001525878906,60.7599983215332,61.20000076293945,45.11581802368164,11523800,0.0,0.0
2015-03-20,61.31999969482422,62.099998474121094,61.150001525878906,61.75,45.521270751953125,18368300,0.0,0.0
2015-03-23,61.75,62.08000183105469,61.119998931884766,61.13999938964844,45.07158279418945,15112900,0.0,0.0
2015-03-24,60.970001220703125,61.2400016784668,60.45000076293945,60.459999084472656,44.570289611816406,12128700,0.0,0.0
2015-03-25,60.529998779296875,60.63999938964844,59.59000015258789,59.61000061035156,43.943687438964844,14950900,0.0,0.0
2015-03-26,59.459999084472656,59.790000915527344,58.869998931884766,59.540000915527344,43.89208984375,14039600,0.0,0.0
2015-03-27,59.4900016784668,59.779998779296875,59.0,59.54999923706055,43.89945602416992,11755800,0.0,0.0
2015-03-30,60.880001068115234,61.459999084472656,60.61000061035156,60.959999084472656,44.93889236450195,20656500,0.0,0.0
2015-03-31,60.720001220703125,60.939998626708984,60.41999816894531,60.58000183105469,44.65876007080078,17346700,0.0,0.0
2015-04-01,60.40999984741211,60.56999969482422,59.72999954223633,59.95000076293945,44.48808288574219,18100600,0.4,0.0
2015-04-02,60.06999969482422,60.70000076293945,60.0,60.52000045776367,44.911075592041016,12697800,0.0,0.0
2015-04-06,59.91999816894531,60.75,59.650001525878906,60.470001220703125,44.87396240234375,12025200,0.0,0.0
2015-04-07,61.150001525878906,61.5,60.849998474121094,60.849998474121094,45.15595626831055,11505500,0.0,0.0
2015-04-08,61.060001373291016,61.560001373291016,60.939998626708984,61.04999923706055,45.30438232421875,11734000,0.0,0.0
2015-04-09,61.27000045776367,61.58000183105469,60.83000183105469,61.470001220703125,45.61604690551758,11728500,0.0,0.0
2015-04-10,61.349998474121094,61.779998779296875,61.20000076293945,61.70000076293945,45.78673553466797,9869700,0.0,0.0
2015-04-13,61.63999938964844,62.27000045776367,61.5,62.06999969482422,46.06130599975586,15468700,0.0,0.0
2015-04-14,62.959999084472656,63.61000061035156,62.7400016784668,63.040000915527344,46.78111267089844,33775400,0.0,0.0
2015-04-15,63.08000183105469,64.4800033569336,63.0099983215332,64.20999908447266,47.64937210083008,28732200,0.0,0.0
2015-04-16,64.08000183105469,64.2699966430664,63.65999984741211,63.810001373291016,47.3525390625,16640500,0.0,0.0
2015-04-17,63.25,63.400001525878906,62.4900016784668,62.84000015258789,46.63271713256836,20221200,0.0,0.0
2015-04-20,63.220001220703125,63.52000045776367,63.13999938964844,63.2400016784668,46.92954635620117,12755300,0.0,0.0
2015-04-21,63.33000183105469,63.599998474121094,62.130001068115234,62.310001373291016,46.23940658569336,14985100,0.0,0.0
2015-04-22,62.650001525878906,63.150001525878906,62.029998779296875,62.939998626708984,46.7069091796875,14484700,0.0,0.0
2015-04-23,62.790000915527344,63.209999084472656,62.599998474121094,62.79999923706055,46.603031158447266,12851300,0.0,0.0
2015-04-24,62.630001068115234,62.84000015258789,62.34000015258789,62.599998474121094,46.454612731933594,9597500,0.0,0.0
2015-04-27,62.70000076293945,63.150001525878906,62.310001373291016,62.34000015258789,46.26166915893555,11146400,0.0,0.0
2015-04-28,62.4900016784668,62.779998779296875,61.77000045776367,62.7599983215332,46.57334518432617,12307800,0.0,0.0
2015-04-29,62.560001373291016,63.88999938964844,62.459999084472656,63.599998474121094,47.196693420410156,17601200,0.0,0.0
2015-04-30,63.58000183105469,63.880001068115234,62.91999816894531,63.2599983215332,46.944393157958984,16840900,0.0,0.0
2015-05-01,63.70000076293945,63.869998931884766,63.33000183105469,63.61000061035156,47.204105377197266,11640100,0.0,0.0
2015-05-04,63.68000030517578,64.87000274658203,63.63999938964844,64.72000122070312,48.027828216552734,14972500,0.0,0.0
2015-05-05,64.51000213623047,65.31999969482422,64.29000091552734,64.4000015258789,47.79037094116211,17692400,0.0,0.0
2015-05-06,64.52999877929688,65.06999969482422,63.41999816894531,63.91999816894531,47.43416976928711,18087900,0.0,0.0
2015-05-07,63.66999816894531,64.5999984741211,63.25,64.5,47.86457443237305,15039900,0.0,0.0
2015-05-08,64.97000122070312,65.6500015258789,64.5999984741211,65.48999786376953,48.59923553466797,16802600,0.0,0.0
2015-05-11,65.26000213623047,65.63999938964844,65.08000183105469,65.44999694824219,48.569557189941406,13798800,0.0,0.0
2015-05-12,65.30999755859375,65.54000091552734,64.76000213623047,65.36000061035156,48.50276565551758,12762200,0.0,0.0
2015-05-13,65.41999816894531,65.62999725341797,65.05999755859375,65.5199966430664,48.62150192260742,11874100,0.0,0.0
2015-05-14,65.83000183105469,66.18000030517578,65.70999908447266,66.05000305175781,49.01481246948242,11855500,0.0,0.0
2015-05-15,66.12999725341797,66.16000366210938,65.44000244140625,65.87999725341797,48.8886604309082,11152100,0.0,0.0
2015-05-18,65.80000305175781,66.54000091552734,65.80000305175781,66.41999816894531,49.28937530517578,10510900,0.0,0.0
2015-05-19,66.7699966430664,67.19000244140625,66.56999969482422,67.01000213623047,49.72722244262695,14282700,0.0,0.0
2015-05-20,66.94999694824219,67.02999877929688,66.4000015258789,66.4800033569336,49.33390426635742,12446000,0.0,0.0
2015-05-21,66.13999938964844,66.68000030517578,66.01000213623047,66.6500015258789,49.460060119628906,12934500,0.0,0.0
2015-05-22,66.62999725341797,66.83000183105469,66.31999969482422,66.47000122070312,49.32648849487305,9296900,0.0,0.0
2015-05-26,66.19999694824219,66.29000091552734,65.30999755859375,65.7300033569336,48.77733612060547,15571300,0.0,0.0
2015-05-27,65.94999694824219,66.6500015258789,65.81999969482422,66.47000122070312,49.32648849487305,10963700,0.0,0.0
2015-05-28,66.36000061035156,66.4000015258789,65.73999786376953,66.19999694824219,49.1261100769043,11797400,0.0,0.0
2015-05-29,66.18000030517578,66.22000122070312,65.36000061035156,65.77999877929688,48.8144416809082,14310700,0.0,0.0
2015-06-01,65.98999786376953,66.66000366210938,65.97000122070312,66.08000183105469,49.03707504272461,11899300,0.0,0.0
2015-06-02,65.83000183105469,66.38999938964844,65.58000183105469,66.0199966430664,48.99254608154297,12784200,0.0,0.0
2015-06-03,66.43000030517578,67.12999725341797,66.2699966430664,66.69999694824219,49.49716567993164,12927300,0.0,0.0
2015-06-04,66.30999755859375,67.05000305175781,66.01000213623047,66.33000183105469,49.222591400146484,13863300,0.0,0.0
2015-06-05,67.37000274658203,67.83999633789062,67.01000213623047,67.41999816894531,50.031471252441406,20801100,0.0,0.0
2015-06-08,67.45999908447266,67.55000305175781,66.80999755859375,66.88999938964844,49.63816452026367,14558700,0.0,0.0
2015-06-09,66.94999694824219,67.2699966430664,66.47000122070312,67.18000030517578,49.853370666503906,13263500,0.0,0.0
2015-06-10,67.58999633789062,68.5,67.47000122070312,68.26000213623047,50.654823303222656,17478900,0.0,0.0
2015-06-11,68.36000061035156,68.68000030517578,68.1500015258789,68.5199966430664,50.84777069091797,13739900,0.0,0.0
2015-06-12,68.30999755859375,68.54000091552734,67.87000274658203,68.25,50.64740753173828,11804700,0.0,0.0
2015-06-15,67.58000183105469,68.20999908447266,67.30000305175781,67.98999786376953,50.45444869995117,14082300,0.0,0.0
2015-06-16,67.7699966430664,68.5199966430664,67.62000274658203,68.37000274658203,50.736446380615234,11692800,0.0,0.0
2015-06-17,68.41000366210938,68.68000030517578,68.04000091552734,68.13999938964844,50.56576156616211,14521900,0.0,0.0
2015-06-18,68.3499984741211,68.81999969482422,67.9000015258789,68.77999877929688,51.040706634521484,16759600,0.0,0.0
2015-06-19,68.45999908447266,68.66999816894531,67.91999816894531,68.08000183105469,50.521240234375,21606400,0.0,0.0
2015-06-22,68.87000274658203,69.29000091552734,68.75,68.95999908447266,51.17427444458008,14306700,0.0,0.0
2015-06-23,69.3499984741211,69.81999969482422,69.19000244140625,69.75,51.76051712036133,15736900,0.0,0.0
2015-06-24,69.51000213623047,69.7699966430664,68.91000366210938,69.0199966430664,51.218807220458984,16995000,0.0,0.0
2015-06-25,69.31999969482422,69.47000122070312,68.63999938964844,68.6500015258789,50.94423294067383,13314300,0.0,0.0
2015-06-26,68.94000244140625,69.29000091552734,68.7699966430664,68.94999694824219,51.16686248779297,14489200,0.0,0.0
2015-06-29,67.68000030517578,68.26000213623047,67.16000366210938,67.19999694824219,49.86820983886719,19934400,0.0,0.0
2015-06-30,67.88999938964844,68.11000061035156,67.16000366210938,67.76000213623047,50.283775329589844,20677400,0.0,0.0
2015-07-01,68.12000274658203,68.38999938964844,67.77999877929688,68.06999969482422,50.84398651123047,13964400,0.44,0.0
2015-07-02,67.94999694824219,68.12999725341797,67.19000244140625,67.5199966430664,50.43315505981445,12822900,0.0,0.0
2015-07-06,66.87999725341797,67.45999908447266,66.54000091552734,67.33000183105469,50.29124450683594,13527100,0.0,0.0
2015-07-07,67.08999633789062,67.22000122070312,65.30000305175781,66.80000305175781,49.89536666870117,22421500,0.0,0.0
2015-07-08,66.0,66.16000366210938,65.20999908447266,65.43000030517578,48.8720703125,17707200,0.0,0.0
2015-07-09,66.48999786376953,66.69999694824219,65.98999786376953,66.11000061035156,49.37998962402344,14984700,0.0,0.0
2015-07-10,67.22000122070312,67.4000015258789,66.83000183105469,67.05000305175781,50.08210372924805,12356100,0.0,0.0
2015-07-13,67.88999938964844,68.13999938964844,67.68000030517578,68.08999633789062,50.85892105102539,16175600,0.0,0.0
2015-07-14,67.9800033569336,69.0999984741211,67.76000213623047,69.04000091552734,51.56850051879883,20185100,0.0,0.0
2015-07-15,69.2300033569336,69.43000030517578,68.8499984741211,69.19000244140625,51.680545806884766,16891600,0.0,0.0
2015-07-16,69.62999725341797,69.94999694824219,69.41000366210938,69.55999755859375,51.9569091796875,18035700,0.0,0.0
2015-07-17,69.3499984741211,69.48999786376953,68.91999816894531,69.20999908447266,51.69548797607422,14040700,0.0,0.0
2015-07-20,69.5,69.7699966430664,69.18000030517578,69.26000213623047,51.73283004760742,11512900,0.0,0.0
2015-07-21,69.16000366210938,69.54000091552734,68.87000274658203,69.0999984741211,51.61331558227539,11659900,0.0,0.0
2015-07-22,69.27999877929688,70.29000091552734,69.19999694824219,70.08000183105469,52.34531784057617,15493000,0.0,0.0
2015-07-23,70.19000244140625,70.61000061035156,69.45999908447266,69.63999938964844,52.016666412353516,14331800,0.0,0.0
2015-07-24,69.44000244140625,69.55999755859375,68.68000030517578,68.91000366210938,51.47140121459961,12413900,0.0,0.0
2015-07-27,68.1500015258789,68.22000122070312,67.56999969482422,68.01000213623047,50.79916000366211,16801600,0.0,0.0
2015-07-28,68.55000305175781,68.5999984741211,67.7699966430664,68.05000305175781,50.829036712646484,14932400,0.0,0.0
2015-07-29,68.31999969482422,69.0999984741211,68.16000366210938,68.94000244140625,51.493831634521484,13059200,0.0,0.0
2015-07-30,68.93000030517578,69.44999694824219,68.54000091552734,69.04000091552734,51.56850051879883,10197200,0.0,0.0
2015-07-31,69.01000213623047,69.04000091552734,68.4000015258789,68.52999877929688,51.18756866455078,11911800,0.0,0.0
2015-08-03,68.58999633789062,68.83999633789062,68.0,68.52999877929688,51.18756866455078,9980600,0.0,0.0
2015-08-04,68.47000122070312,68.94999694824219,68.30999755859375,68.45999908447266,51.13528823852539,10964000,0.0,0.0
2015-08-05,69.05000305175781,69.41999816894531,68.55999755859375,68.7300033569336,51.33696365356445,11302900,0.0,0.0
2015-08-06,68.75,68.94000244140625,68.0,68.25,50.97843551635742,10803400,0.0,0.0
2015-08-07,68.33000183105469,68.73999786376953,67.55000305175781,68.05000305175781,50.829036712646484,11453300,0.0,0.0
2015-08-10,68.22000122070312,69.01000213623047,68.22000122070312,68.88999938964844,51.45645523071289,12661400,0.0,0.0
2015-08-11,68.2300033569336,68.4000015258789,67.8499984741211,68.2300033569336,50.963497161865234,14800300,0.0,0.0
2015-08-12,67.41000366210938,67.55000305175781,66.06999969482422,67.23999786376953,50.224021911621094,21069000,0.0,0.0
2015-08-13,67.25,67.80000305175781,66.97000122070312,67.55000305175781,50.455570220947266,11930600,0.0,0.0
2015-08-14,67.41999816894531,67.91000366210938,67.4000015258789,67.88999938964844,50.709529876708984,11248800,0.0,0.0
2015-08-17,67.62000274658203,68.23999786376953,67.4000015258789,68.06999969482422,50.84398651123047,10326500,0.0,0.0
2015-08-18,67.9800033569336,68.36000061035156,67.83999633789062,68.20999908447266,50.94854736328125,10617500,0.0,0.0
2015-08-19,67.93000030517578,68.30999755859375,67.36000061035156,67.5999984741211,50.492919921875,15198200,0.0,0.0
2015-08-20,66.80999755859375,67.04000091552734,65.94000244140625,65.94000244140625,49.25300979614258,20972300,0.0,0.0
2015-08-21,65.08999633789062,65.44000244140625,63.56999969482422,63.599998474121094,47.505165100097656,28235500,0.0,0.0
2015-08-24,59.290000915527344,62.91999816894531,50.06999969482422,60.25,45.0029296875,36339100,0.0,0.0
2015-08-25,63.099998474121094,63.31999969482422,59.72999954223633,59.90999984741211,44.74897766113281,31772500,0.0,0.0
2015-08-26,61.79999923706055,62.97999954223633,60.54999923706055,62.90999984741211,46.989784240722656,33576800,0.0,0.0
2015-08-27,63.97999954223633,64.7300033569336,63.13999938964844,64.4800033569336,48.1624641418457,29045700,0.0,0.0
2015-08-28,64.29000091552734,64.45999908447266,63.599998474121094,64.12999725341797,47.90104293823242,16687300,0.0,0.0
2015-08-31,63.61000061035156,64.3499984741211,63.470001220703125,64.0999984741211,47.878623962402344,14223400,0.0,0.0
2015-09-01,62.849998474121094,62.849998474121094,60.9900016784668,61.45000076293945,45.899253845214844,23637300,0.0,0.0
2015-09-02,62.619998931884766,62.90999984741211,61.540000915527344,62.56999969482422,46.7358283996582,17757900,0.0,0.0
2015-09-03,62.880001068115234,63.65999984741211,62.45000076293945,62.68000030517578,46.817996978759766,17065400,0.0,0.0
2015-09-04,61.79999923706055,61.91999816894531,60.75,61.5,45.93661117553711,20189000,0.0,0.0
2015-09-08,62.77000045776367,63.20000076293945,62.33000183105469,63.15999984741211,47.1765022277832,13385100,0.0,0.0
2015-09-09,63.939998626708984,64.33999633789062,62.0,62.18000030517578,46.44452667236328,13889500,0.0,0.0
2015-09-10,61.86000061035156,63.0,61.45000076293945,62.65999984741211,46.80304718017578,15751100,0.0,0.0
2015-09-11,62.380001068115234,62.65999984741211,61.9900016784668,62.560001373291016,46.72835922241211,12766700,0.0,0.0
2015-09-14,62.63999938964844,62.689998626708984,62.119998931884766,62.380001068115234,46.59391403198242,10202800,0.0,0.0
2015-09-15,62.7599983215332,63.88999938964844,62.5099983215332,63.58000183105469,47.490230560302734,14023500,0.0,0.0
2015-09-16,63.88999938964844,64.29000091552734,63.209999084472656,64.13999938964844,47.908504486083984,12235900,0.0,0.0
2015-09-17,64.13999938964844,64.63999938964844,62.38999938964844,62.650001525878906,46.79558181762695,21249200,0.0,0.0
2015-09-18,61.83000183105469,61.83000183105469,60.779998779296875,60.939998626708984,45.51831817626953,31008000,0.0,0.0
2015-09-21,61.52000045776367,61.90999984741211,61.08000183105469,61.45000076293945,45.899253845214844,13136400,0.0,0.0
2015-09-22,60.599998474121094,61.09000015258789,60.41999816894531,60.90999984741211,45.495914459228516,14811900,0.0,0.0
2015-09-23,60.79999923706055,61.150001525878906,60.31999969482422,60.63999938964844,45.294246673583984,11712200,0.0,0.0
2015-09-24,60.0099983215332,60.380001068115234,59.459999084472656,60.220001220703125,44.980533599853516,17293400,0.0,0.0
2015-09-25,61.27000045776367,61.86000061035156,60.869998931884766,61.470001220703125,45.9141960144043,18384300,0.0,0.0
2015-09-28,60.91999816894531,61.0099983215332,59.689998626708984,59.97999954223633,44.8012580871582,17452200,0.0,0.0
2015-09-29,59.97999954223633,60.130001068115234,58.72999954223633,59.84000015258789,44.69669723510742,19334900,0.0,0.0
2015-09-30,60.70000076293945,61.0,60.11000061035156,60.970001220703125,45.54072189331055,18743800,0.0,0.0
2015-10-01,61.119998931884766,61.869998931884766,60.540000915527344,61.41999816894531,45.87684631347656,16863200,0.0,0.0
2015-10-02,59.59000015258789,60.86000061035156,58.529998779296875,60.810001373291016,45.74895477294922,20435100,0.44,0.0
2015-10-05,61.2400016784668,62.2400016784668,61.220001220703125,62.02000045776367,46.659278869628906,13471100,0.0,0.0
2015-10-06,62.11000061035156,62.36000061035156,61.619998931884766,62.04999923706055,46.681846618652344,12134800,0.0,0.0
2015-10-07,62.54999923706055,63.029998779296875,61.7599983215332,62.130001068115234,46.74201583862305,12773100,0.0,0.0
2015-10-08,61.849998474121094,62.25,61.43000030517578,62.130001068115234,46.74201583862305,13964600,0.0,0.0
2015-10-09,62.38999938964844,62.54999923706055,61.58000183105469,61.93000030517578,46.591552734375,12112000,0.0,0.0
2015-10-12,61.84000015258789,62.0099983215332,61.400001525878906,61.720001220703125,46.43357467651367,10857400,0.0,0.0
2015-10-13,61.38999938964844,62.15999984741211,61.310001373291016,61.54999923706055,46.305667877197266,15621900,0.0,0.0
2015-10-14,60.7599983215332,60.970001220703125,59.540000915527344,59.9900016784668,45.132041931152344,28989400,0.0,0.0
2015-10-15,60.470001220703125,61.959999084472656,60.099998474121094,61.88999938964844,46.56147384643555,18147900,0.0,0.0
2015-10-16,62.43000030517578,62.650001525878906,62.09000015258789,62.43000030517578,46.96772003173828,17456600,0.0,0.0
2015-10-19,62.0,62.77000045776367,61.90999984741211,62.220001220703125,46.80973815917969,14510400,0.0,0.0
2015-10-20,62.36000061035156,62.81999969482422,62.08000183105469,62.52000045776367,47.03543472290039,11545100,0.0,0.0
2015-10-21,62.880001068115234,62.959999084472656,62.04999923706055,62.060001373291016,46.689361572265625,12113400,0.0,0.0
2015-10-22,62.41999816894531,63.58000183105469,62.41999816894531,63.189998626708984,47.53948974609375,15295700,0.0,0.0
2015-10-23,63.630001068115234,64.19000244140625,63.5,63.869998931884766,48.05107116699219,16985200,0.0,0.0
2015-10-26,63.84000015258789,63.9900016784668,63.40999984741211,63.900001525878906,48.07364273071289,13880200,0.0,0.0
2015-10-27,63.529998779296875,63.86000061035156,63.310001373291016,63.63999938964844,47.878021240234375,8831900,0.0,0.0
2015-10-28,63.70000076293945,65.73999786376953,63.689998626708984,65.5,49.27736282348633,17962000,0.0,0.0
2015-10-29,65.26000213623047,65.83000183105469,64.87999725341797,65.20999908447266,49.05919647216797,12753700,0.0,0.0
2015-10-30,65.30000305175781,65.33999633789062,64.12999725341797,64.25,48.336952209472656,15731400,0.0,0.0
2015-11-02,64.44999694824219,65.75,64.38999938964844,65.54000091552734,49.30744934082031,15253300,0.0,0.0
2015-11-03,65.29000091552734,66.0999984741211,65.16999816894531,65.77999877929688,49.48801040649414,11519500,0.0,0.0
2015-11-04,66.01000213623047,66.1500015258789,65.62999725341797,65.8499984741211,49.54068374633789,11388400,0.0,0.0
2015-11-05,65.79000091552734,66.66999816894531,65.75,66.44000244140625,49.984554290771484,12715900,0.0,0.0
2015-11-06,68.37000274658203,69.02999877929688,68.0999984741211,68.45999908447266,51.50425338745117,23262700,0.0,0.0
2015-11-09,68.69999694824219,68.72000122070312,67.08000183105469,67.38999938964844,50.69926452636719,17143800,0.0,0.0
2015-11-10,67.19000244140625,67.8499984741211,66.93000030517578,67.68000030517578,50.91743087768555,13239700,0.0,0.0
2015-11-11,68.0999984741211,68.16999816894531,67.25,67.3499984741211,50.6691780090332,8513900,0.0,0.0
2015-11-12,66.86000061035156,66.9000015258789,65.94999694824219,66.0,49.65353012084961,13576900,0.0,0.0
2015-11-13,65.83999633789062,66.16999816894531,65.2300033569336,65.55999755859375,49.32249450683594,11837000,0.0,0.0
2015-11-16,65.45999908447266,66.58000183105469,65.16999816894531,66.51000213623047,50.03720474243164,11041100,0.0,0.0
2015-11-17,66.66999816894531,66.73999786376953,65.88999938964844,66.12999725341797,49.75132751464844,12354800,0.0,0.0
2015-11-18,66.4800033569336,67.55000305175781,66.37000274658203,67.44999694824219,50.74439239501953,12911400,0.0,0.0
2015-11-19,67.58000183105469,67.81999969482422,67.04000091552734,67.66000366210938,50.90240478515625,12839500,0.0,0.0
2015-11-20,67.98999786376953,68.11000061035156,67.37999725341797,67.54000091552734,50.81211471557617,11209600,0.0,0.0
2015-11-23,67.30999755859375,67.58000183105469,66.77999877929688,66.87999725341797,50.315582275390625,11339000,0.0,0.0
2015-11-24,66.16999816894531,67.13999938964844,66.04000091552734,66.77999877929688,50.240318298339844,10910000,0.0,0.0
2015-11-25,66.93000030517578,67.12000274658203,66.55000305175781,66.86000061035156,50.300540924072266,7772000,0.0,0.0
2015-11-27,67.0,67.33000183105469,66.63999938964844,67.16999816894531,50.53374099731445,4052500,0.0,0.0
2015-11-30,67.27999877929688,67.5199966430664,66.68000030517578,66.68000030517578,50.165103912353516,15147500,0.0,0.0
2015-12-01,67.33999633789062,67.83000183105469,66.98999786376953,67.61000061035156,50.86476516723633,12708800,0.0,0.0
2015-12-02,67.83000183105469,67.87999725341797,66.4800033569336,66.66000366210938,50.15007019042969,13440900,0.0,0.0
2015-12-03,66.83000183105469,67.02999877929688,65.58000183105469,65.80000305175781,49.50305938720703,14626900,0.0,0.0
2015-12-04,66.0999984741211,68.0,66.02999877929688,67.88999938964844,51.075416564941406,17786000,0.0,0.0
2015-12-07,67.66000366210938,67.75,66.4000015258789,67.0,50.40584945678711,11686000,0.0,0.0
2015-12-08,66.25,66.95999908447266,65.69999694824219,65.95999908447266,49.62343215942383,13084500,0.0,0.0
2015-12-09,65.61000061035156,66.58000183105469,65.04000091552734,65.45999908447266,49.24725341796875,16770200,0.0,0.0
2015-12-10,65.54000091552734,66.5,65.08000183105469,65.61000061035156,49.36011505126953,12839000,0.0,0.0
2015-12-11,64.80000305175781,65.16000366210938,63.5099983215332,64.06999969482422,48.2015266418457,17889300,0.0,0.0
2015-12-14,64.2300033569336,64.76000213623047,63.599998474121094,64.2699966430664,48.35200119018555,17638200,0.0,0.0
2015-12-15,65.06999969482422,66.6500015258789,65.06999969482422,66.0999984741211,49.7287483215332,18126600,0.0,0.0
2015-12-16,66.91000366210938,67.73999786376953,65.91000366210938,67.52999877929688,50.804588317871094,21720000,0.0,0.0
2015-12-17,67.9000015258789,68.0,66.08000183105469,66.27999877929688,49.86417007446289,18122100,0.0,0.0
2015-12-18,65.97000122070312,65.97000122070312,64.4000015258789,64.4000015258789,48.44980239868164,23819600,0.0,0.0
2015-12-21,65.0199966430664,65.55999755859375,64.83000183105469,65.54000091552734,49.30744934082031,18869300,0.0,0.0
2015-12-22,65.91999816894531,66.0,64.9800033569336,65.68000030517578,49.41278076171875,12149500,0.0,0.0
2015-12-23,66.12000274658203,66.8499984741211,66.05000305175781,66.7300033569336,50.20274353027344,12524500,0.0,0.0
2015-12-24,66.62000274658203,66.88999938964844,66.31999969482422,66.5999984741211,50.10491943359375,4468200,0.0,0.0
2015-12-28,66.29000091552734,66.44999694824219,65.70999908447266,66.37999725341797,49.93940734863281,6610600,0.0,0.0
2015-12-29,66.83999633789062,67.30000305175781,66.73999786376953,67.06999969482422,50.45853042602539,9820800,0.0,0.0
2015-12-30,67.04000091552734,67.05000305175781,66.44999694824219,66.58999633789062,50.09739303588867,7190700,0.0,0.0
2015-12-31,66.19000244140625,66.77999877929688,66.0,66.02999877929688,49.67608642578125,14654300,0.0,0.0
2016-01-04,63.95000076293945,64.05999755859375,63.0099983215332,63.619998931884766,48.18406295776367,25393200,0.44,0.0
2016-01-05,63.70000076293945,64.12999725341797,63.040000915527344,63.72999954223633,48.26738739013672,16566700,0.0,0.0
2016-01-06,62.720001220703125,63.130001068115234,62.34000015258789,62.810001373291016,47.57060623168945,22961500,0.0,0.0
2016-01-07,61.459999084472656,62.0,60.08000183105469,60.27000045776367,45.64686584472656,27630900,0.0,0.0
2016-01-08,61.130001068115234,61.27000045776367,58.849998474121094,58.91999816894531,44.624412536621094,22373300,0.0,0.0
2016-01-11,58.83000183105469,59.220001220703125,58.040000915527344,58.83000183105469,44.556251525878906,20925500,0.0,0.0
2016-01-12,59.45000076293945,59.560001373291016,58.099998474121094,58.959999084472656,44.65470886230469,22971600,0.0,0.0
2016-01-13,59.459999084472656,59.68000030517578,56.90999984741211,57.34000015258789,43.427764892578125,28808100,0.0,0.0
2016-01-14,58.15999984741211,59.380001068115234,57.290000915527344,58.20000076293945,44.0791015625,31296300,0.0,0.0
2016-01-15,56.45000076293945,57.56999969482422,56.220001220703125,57.040000915527344,43.2005500793457,38131700,0.0,0.0
2016-01-19,57.72999954223633,57.970001220703125,56.5099983215332,57.0099983215332,43.17782211303711,22818900,0.0,0.0
2016-01-20,55.630001068115234,56.18000030517578,54.65999984741211,55.5099983215332,42.04177474975586,34646100,0.0,0.0
2016-01-21,55.7400016784668,56.52000045776367,55.060001373291016,55.25,41.844871520996094,31301100,0.0,0.0
2016-01-22,56.439998626708984,57.15999984741211,56.29999923706055,56.95000076293945,43.132389068603516,22732200,0.0,0.0
2016-01-25,56.47999954223633,56.849998474121094,55.599998474121094,55.65999984741211,42.155372619628906,21114400,0.0,0.0
2016-01-26,55.849998474121094,57.150001525878906,55.810001373291016,57.08000183105469,43.23084259033203,17535700,0.0,0.0
2016-01-27,57.08000183105469,58.27000045776367,56.560001373291016,57.040000915527344,43.2005500793457,20560000,0.0,0.0
2016-01-28,57.52000045776367,57.970001220703125,56.630001068115234,57.279998779296875,43.38230895996094,15497900,0.0,0.0
2016-01-29,57.83000183105469,59.540000915527344,57.5099983215332,59.5,45.06370544433594,26992200,0.0,0.0
2016-02-01,59.15999984741211,59.650001525878906,58.439998626708984,58.86000061035156,44.5789680480957,16807900,0.0,0.0
2016-02-02,57.880001068115234,57.97999954223633,56.75,57.029998779296875,43.19297790527344,22448200,0.0,0.0
2016-02-03,57.369998931884766,57.79999923706055,55.02000045776367,57.40999984741211,43.48078918457031,31543200,0.0,0.0
2016-02-04,57.060001373291016,58.52000045776367,57.060001373291016,58.400001525878906,44.23058319091797,21651300,0.0,0.0
2016-02-05,58.58000183105469,59.13999938964844,57.41999816894531,57.75,43.73829650878906,22001300,0.0,0.0
2016-02-08,56.689998626708984,56.91999816894531,55.540000915527344,56.540000915527344,42.821876525878906,28267600,0.0,0.0
2016-02-09,55.290000915527344,56.689998626708984,55.130001068115234,56.20000076293945,42.564361572265625,26300000,0.0,0.0
2016-02-10,56.56999969482422,57.40999984741211,55.470001220703125,55.52000045776367,42.049354553222656,22389600,0.0,0.0
2016-02-11,53.900001525878906,53.90999984741211,52.5,53.06999969482422,40.19380187988281,44334700,0.0,0.0
2016-02-12,55.650001525878906,57.56999969482422,55.16999816894531,57.4900016784668,43.54137420654297,37011400,0.0,0.0
2016-02-16,58.22999954223633,58.599998474121094,57.63999938964844,58.349998474121094,44.19270324707031,23730700,0.0,0.0
2016-02-17,58.849998474121094,59.25,58.38999938964844,58.77000045776367,44.51080322265625,21580100,0.0,0.0
2016-02-18,58.84000015258789,58.86000061035156,57.25,57.810001373291016,43.78373718261719,17037800,0.0,0.0
2016-02-19,57.5,58.16999816894531,57.08000183105469,57.81999969482422,43.79129409790039,15658200,0.0,0.0
2016-02-22,58.5099983215332,58.880001068115234,58.41999816894531,58.56999969482422,44.359336853027344,14882800,0.0,0.0
2016-02-23,57.900001525878906,58.09000015258789,55.959999084472656,56.119998931884766,42.50376510620117,31772500,0.0,0.0
2016-02-24,55.20000076293945,56.209999084472656,54.33000183105469,56.13999938964844,42.51890563964844,25560100,0.0,0.0
2016-02-25,56.130001068115234,57.029998779296875,56.040000915527344,57.0099983215332,43.17782211303711,14473300,0.0,0.0
2016-02-26,57.63999938964844,58.11000061035156,57.13999938964844,57.540000915527344,43.57925033569336,20947500,0.0,0.0
2016-02-29,57.40999984741211,57.61000061035156,56.290000915527344,56.29999923706055,42.640106201171875,19554100,0.0,0.0
2016-03-01,56.7599983215332,59.20000076293945,56.66999816894531,59.20000076293945,44.836483001708984,23958100,0.0,0.0
2016-03-02,59.20000076293945,59.900001525878906,58.959999084472656,59.7599983215332,45.260616302490234,20943100,0.0,0.0
2016-03-03,59.58000183105469,59.959999084472656,59.099998474121094,59.959999084472656,45.412086486816406,15790600,0.0,0.0
2016-03-04,60.099998474121094,60.54999923706055,59.529998779296875,60.04999923706055,45.480247497558594,18459000,0.0,0.0
2016-03-07,59.540000915527344,60.04999923706055,59.31999969482422,59.939998626708984,45.39693069458008,12832400,0.0,0.0
2016-03-08,59.209999084472656,59.5,58.68000030517578,58.779998779296875,44.518394470214844,14132900,0.0,0.0
2016-03-09,59.150001525878906,59.540000915527344,58.68000030517578,59.119998931884766,44.775882720947266,13238800,0.0,0.0
2016-03-10,59.59000015258789,59.66999816894531,57.810001373291016,58.61000061035156,44.38962173461914,21139200,0.0,0.0
2016-03-11,59.38999938964844,59.5099983215332,58.650001525878906,59.34000015258789,44.94252014160156,21055000,0.0,0.0
2016-03-14,59.150001525878906,59.310001373291016,58.599998474121094,59.119998931884766,44.775882720947266,13436100,0.0,0.0
2016-03-15,58.540000915527344,59.209999084472656,58.43000030517578,59.20000076293945,44.836483001708984,10910500,0.0,0.0
2016-03-16,58.97999954223633,59.75,58.470001220703125,58.91999816894531,44.624412536621094,17423900,0.0,0.0
2016-03-17,58.77000045776367,59.130001068115234,57.9900016784668,58.75,44.495670318603516,19405700,0.0,0.0
2016-03-18,60.04999923706055,60.970001220703125,59.65999984741211,60.47999954223633,45.80591583251953,29570200,0.0,0.0
2016-03-21,60.220001220703125,60.81999969482422,59.959999084472656,60.459999084472656,45.79075622558594,12684400,0.0,0.0
2016-03-22,59.9900016784668,60.58000183105469,59.619998931884766,60.2400016784668,45.62413787841797,12042700,0.0,0.0
2016-03-23,60.34000015258789,60.5099983215332,59.86000061035156,59.939998626708984,45.39693069458008,11658700,0.0,0.0
2016-03-24,59.29999923706055,59.5099983215332,58.869998931884766,59.47999954223633,45.04854202270508,12921200,0.0,0.0
2016-03-28,59.529998779296875,59.75,59.18000030517578,59.400001525878906,44.98794937133789,11159700,0.0,0.0
2016-03-29,59.33000183105469,59.33000183105469,58.529998779296875,59.029998779296875,44.707733154296875,15933400,0.0,0.0
2016-03-30,59.459999084472656,60.22999954223633,59.380001068115234,59.709999084472656,45.22273254394531,13307100,0.0,0.0
2016-03-31,59.45000076293945,59.93000030517578,59.11000061035156,59.220001220703125,44.85162353515625,14904700,0.0,0.0
2016-04-01,59.02000045776367,60.060001373291016,58.560001373291016,59.869998931884766,45.34391784667969,15417500,0.0,0.0
2016-04-04,59.439998626708984,59.56999969482422,58.959999084472656,59.20000076293945,45.16843795776367,12305000,0.44,0.0
2016-04-05,58.59000015258789,58.83000183105469,58.209999084472656,58.36000061035156,44.52752685546875,12886600,0.0,0.0
2016-04-06,58.18000030517578,58.880001068115234,57.95000076293945,58.810001373291016,44.87088394165039,12167900,0.0,0.0
2016-04-07,58.2599983215332,58.43000030517578,57.06999969482422,57.31999969482422,43.73402786254883,19226800,0.0,0.0
2016-04-08,57.709999084472656,58.58000183105469,57.689998626708984,57.7400016784668,44.05448532104492,13547700,0.0,0.0
2016-04-11,57.90999984741211,58.880001068115234,57.90999984741211,58.20000076293945,44.40544891357422,17627800,0.0,0.0
2016-04-12,58.34000015258789,59.38999938964844,58.20000076293945,59.279998779296875,45.229469299316406,17779200,0.0,0.0
2016-04-13,60.47999954223633,62.15999984741211,60.380001068115234,61.790000915527344,47.144561767578125,37516800,0.0,0.0
2016-04-14,61.689998626708984,62.90999984741211,61.61000061035156,62.59000015258789,47.754940032958984,24249900,0.0,0.0
2016-04-15,62.880001068115234,62.900001525878906,61.45000076293945,61.869998931884766,47.20559310913086,19290700,0.0,0.0
2016-04-18,61.63999938964844,62.58000183105469,61.529998779296875,62.27000045776367,47.51079177856445,13813100,0.0,0.0
2016-04-19,62.54999923706055,63.47999954223633,62.54999923706055,63.31999969482422,48.311912536621094,19255600,0.0,0.0
2016-04-20,63.47999954223633,64.30999755859375,63.150001525878906,64.23999786376953,49.01385498046875,14594400,0.0,0.0
2016-04-21,64.26000213623047,64.66000366210938,63.34000015258789,63.599998474121094,48.525535583496094,15395800,0.0,0.0
2016-04-22,63.63999938964844,64.37999725341797,63.63999938964844,63.970001220703125,48.807857513427734,12444700,0.0,0.0
2016-04-25,63.599998474121094,63.95000076293945,63.150001525878906,63.599998474121094,48.525535583496094,10687200,0.0,0.0
2016-04-26,63.810001373291016,64.06999969482422,63.33000183105469,63.93000030517578,48.77732467651367,12048000,0.0,0.0
2016-04-27,63.86000061035156,64.63999938964844,63.599998474121094,64.11000061035156,48.91466522216797,15284100,0.0,0.0
2016-04-28,63.63999938964844,64.41999816894531,63.349998474121094,63.599998474121094,48.525535583496094,12852500,0.0,0.0
2016-04-29,63.09000015258789,63.61000061035156,62.70000076293945,63.20000076293945,48.22035217285156,16376400,0.0,0.0
2016-05-02,63.689998626708984,64.0,63.13999938964844,63.790000915527344,48.67050552368164,10247300,0.0,0.0
2016-05-03,62.900001525878906,62.90999984741211,61.79999923706055,62.560001373291016,47.73204803466797,19120300,0.0,0.0
2016-05-04,61.75,62.2599983215332,61.27000045776367,61.56999969482422,46.97669219970703,17030200,0.0,0.0
2016-05-05,61.599998474121094,62.0,61.060001373291016,61.2400016784668,46.72492218017578,14033900,0.0,0.0
2016-05-06,60.70000076293945,61.68000030517578,60.59000015258789,61.599998474121094,46.99958419799805,11057900,0.0,0.0
2016-05-09,61.369998931884766,61.88999938964844,61.04999923706055,61.209999084472656,46.702030181884766,11197100,0.0,0.0
2016-05-10,61.54999923706055,62.2599983215332,61.349998474121094,62.040000915527344,47.33530044555664,11897200,0.0,0.0
2016-05-11,61.970001220703125,62.599998474121094,61.810001373291016,61.810001373291016,47.159812927246094,11254000,0.0,0.0
2016-05-12,62.27000045776367,62.560001373291016,61.369998931884766,61.77000045776367,47.12930679321289,11071700,0.0,0.0
2016-05-13,61.70000076293945,62.400001525878906,61.02000045776367,61.20000076293945,46.69438552856445,15122300,0.0,0.0
2016-05-16,61.209999084472656,61.9900016784668,61.0,61.65999984741211,47.04536819458008,10951300,0.0,0.0
2016-05-17,61.43000030517578,62.15999984741211,61.150001525878906,61.65999984741211,47.04536819458008,12180900,0.0,0.0
2016-05-18,61.70000076293945,64.16999816894531,61.689998626708984,64.04000091552734,48.861263275146484,24007100,0.0,0.0
2016-05-19,63.529998779296875,64.22000122070312,62.900001525878906,63.38999938964844,48.365318298339844,16076200,0.0,0.0
2016-05-20,63.86000061035156,64.19000244140625,63.369998931884766,63.5099983215332,48.45686721801758,11862000,0.0,0.0
2016-05-23,63.45000076293945,63.869998931884766,63.15999984741211,63.459999084472656,48.418724060058594,9347500,0.0,0.0
2016-05-24,63.939998626708984,64.7699966430664,63.810001373291016,64.54000091552734,49.24275588989258,13839400,0.0,0.0
2016-05-25,64.94000244140625,66.19999694824219,64.91999816894531,65.5199966430664,49.99047088623047,18935200,0.0,0.0
2016-05-26,65.56999969482422,65.58000183105469,64.91000366210938,65.02999877929688,49.61662673950195,9428400,0.0,0.0
2016-05-27,65.20999908447266,65.45999908447266,65.05000305175781,65.43000030517578,49.92180633544922,10116000,0.0,0.0
2016-05-31,65.7300033569336,65.81999969482422,64.95999908447266,65.2699966430664,49.79972839355469,15139400,0.0,0.0
2016-06-01,64.76000213623047,65.91999816894531,64.26000213623047,65.69000244140625,50.120174407958984,14031000,0.0,0.0
2016-06-02,65.5199966430664,65.80999755859375,65.16000366210938,65.80999755859375,50.21173095703125,10637600,0.0,0.0
2016-06-03,64.25,64.86000061035156,63.54999923706055,64.63999938964844,49.31904220581055,20261700,0.0,0.0
2016-06-06,64.63999938964844,65.76000213623047,64.5999984741211,65.27999877929688,49.8073616027832,13193500,0.0,0.0
2016-06-07,65.44999694824219,65.73999786376953,65.04000091552734,65.05999755859375,49.63949203491211,9924100,0.0,0.0
2016-06-08,64.93000030517578,65.4800033569336,64.91999816894531,65.25,49.784461975097656,9428000,0.0,0.0
2016-06-09,64.79000091552734,64.9000015258789,64.2699966430664,64.75,49.402984619140625,10817800,0.0,0.0
2016-06-10,63.93000030517578,64.06999969482422,63.58000183105469,63.84000015258789,48.70866012573242,16678400,0.0,0.0
2016-06-13,63.47999954223633,64.33999633789062,63.2599983215332,63.27000045776367,48.273773193359375,14314900,0.0,0.0
2016-06-14,62.68000030517578,63.470001220703125,61.68000030517578,62.08000183105469,47.36581802368164,19509300,0.0,0.0
2016-06-15,62.40999984741211,62.97999954223633,61.90999984741211,61.970001220703125,47.281890869140625,16982100,0.0,0.0
2016-06-16,61.45000076293945,62.29999923706055,60.900001525878906,62.220001220703125,47.4726448059082,16791200,0.0,0.0
2016-06-17,62.29999923706055,62.709999084472656,61.93000030517578,62.279998779296875,47.51842498779297,15751500,0.0,0.0
2016-06-20,63.45000076293945,63.849998474121094,62.34000015258789,62.369998931884766,47.58708190917969,12213200,0.0,0.0
2016-06-21,62.72999954223633,63.0,62.13999938964844,62.95000076293945,48.029605865478516,11611600,0.0,0.0
2016-06-22,62.95000076293945,63.709999084472656,62.68000030517578,62.709999084472656,47.84650421142578,12643500,0.0,0.0
2016-06-23,63.70000076293945,64.1500015258789,63.529998779296875,64.05000305175781,48.86888885498047,16583600,0.0,0.0
2016-06-24,60.47999954223633,61.70000076293945,59.34000015258789,59.599998474121094,45.47362518310547,44108700,0.0,0.0
2016-06-27,58.709999084472656,58.75,57.04999923706055,57.61000061035156,43.95530319213867,37300700,0.0,0.0
2016-06-28,59.189998626708984,59.54999923706055,58.2599983215332,59.52000045776367,45.4125862121582,29088700,0.0,0.0
2016-06-29,60.36000061035156,61.209999084472656,60.0,61.20000076293945,46.69438552856445,21483000,0.0,0.0
2016-06-30,61.630001068115234,62.189998626708984,61.02000045776367,62.13999938964844,47.411590576171875,21343600,0.0,0.0
2016-07-01,61.65999984741211,62.0099983215332,61.15999984741211,61.2599983215332,47.104026794433594,14217800,0.48,0.0
2016-07-05,60.45000076293945,60.599998474121094,59.099998474121094,59.54999923706055,45.789180755615234,23357700,0.0,0.0
2016-07-06,59.0099983215332,60.290000915527344,58.7599983215332,60.189998626708984,46.28127670288086,20429800,0.0,0.0
2016-07-07,60.52000045776367,61.13999938964844,60.15999984741211,60.58000183105469,46.58116912841797,13771400,0.0,0.0
2016-07-08,61.33000183105469,62.16999816894531,61.33000183105469,61.83000183105469,47.54232406616211,16998800,0.0,0.0
2016-07-11,62.41999816894531,62.95000076293945,62.13999938964844,62.27000045776367,47.880645751953125,13151400,0.0,0.0
2016-07-12,63.029998779296875,63.560001373291016,62.88999938964844,63.20000076293945,48.595733642578125,16588100,0.0,0.0
2016-07-13,63.08000183105469,63.43000030517578,62.63999938964844,63.15999984741211,48.564964294433594,18526900,0.0,0.0
2016-07-14,64.73999786376953,64.9800033569336,64.05000305175781,64.12000274658203,49.30314636230469,28985900,0.0,0.0
2016-07-15,64.75,64.80000305175781,63.61000061035156,64.18000030517578,49.349273681640625,17607100,0.0,0.0
2016-07-18,64.12999725341797,64.4000015258789,63.900001525878906,63.959999084472656,49.180110931396484,10824400,0.0,0.0
2016-07-19,63.61000061035156,64.0999984741211,63.459999084472656,63.86000061035156,49.10321807861328,9737400,0.0,0.0
2016-07-20,64.11000061035156,64.2300033569336,63.709999084472656,63.93000030517578,49.15704345703125,10411100,0.0,0.0
2016-07-21,64.0,64.18000030517578,63.630001068115234,63.689998626708984,48.972496032714844,9808700,0.0,0.0
2016-07-22,63.900001525878906,64.08999633789062,63.599998474121094,64.04000091552734,49.24162673950195,8195700,0.0,0.0
2016-07-25,63.97999954223633,64.16999816894531,63.68000030517578,63.869998931884766,49.11090850830078,8168300,0.0,0.0
2016-07-26,63.97999954223633,64.26000213623047,63.709999084472656,64.12999725341797,49.31083297729492,8067800,0.0,0.0
2016-07-27,64.08000183105469,64.69000244140625,64.05999755859375,64.33000183105469,49.46461486816406,11806800,0.0,0.0
2016-07-28,64.0,64.19000244140625,63.720001220703125,64.0999984741211,49.28776168823242,10013400,0.0,0.0
2016-07-29,63.79999923706055,64.29000091552734,63.75,63.970001220703125,49.18779754638672,13210400,0.0,0.0
2016-08-01,64.1500015258789,64.30999755859375,63.61000061035156,63.79999923706055,49.05708694458008,11422600,0.0,0.0
2016-08-02,63.59000015258789,64.01000213623047,63.380001068115234,63.650001525878906,48.94175338745117,13550000,0.0,0.0
2016-08-03,63.689998626708984,64.66999816894531,63.650001525878906,64.66000366210938,49.718360900878906,13122300,0.0,0.0
2016-08-04,64.48999786376953,64.81999969482422,64.2699966430664,64.55999755859375,49.6414680480957,9873000,0.0,0.0
2016-08-05,65.13999938964844,66.37000274658203,65.06999969482422,66.30000305175781,50.979400634765625,20752700,0.0,0.0
2016-08-08,66.06999969482422,66.48999786376953,65.83999633789062,66.0999984741211,50.82560729980469,11359200,0.0,0.0
2016-08-09,66.18000030517578,66.27999877929688,65.69000244140625,65.87000274658203,50.64875411987305,10097000,0.0,0.0
2016-08-10,65.91999816894531,66.06999969482422,65.16000366210938,65.27999877929688,50.19508743286133,11556100,0.0,0.0
2016-08-11,65.2699966430664,65.69000244140625,65.0199966430664,65.45999908447266,50.333492279052734,9604500,0.0,0.0
2016-08-12,64.97000122070312,65.3499984741211,64.86000061035156,65.31999969482422,50.22584533691406,7685400,0.0,0.0
2016-08-15,65.55999755859375,65.83000183105469,65.45999908447266,65.72000122070312,50.53341293334961,8371600,0.0,0.0
2016-08-16,65.36000061035156,65.95999908447266,65.23999786376953,65.70999908447266,50.52572250366211,10128900,0.0,0.0
2016-08-17,65.80000305175781,65.9800033569336,65.54000091552734,65.88999938964844,50.66412353515625,11868100,0.0,0.0
2016-08-18,65.62000274658203,65.98999786376953,65.52999877929688,65.94999694824219,50.710262298583984,9313600,0.0,0.0
2016-08-19,65.72000122070312,65.91000366210938,65.22000122070312,65.86000061035156,50.64105987548828,9084900,0.0,0.0
2016-08-22,65.75,65.87999725341797,65.41000366210938,65.80000305175781,50.59491729736328,9055600,0.0,0.0
2016-08-23,66.06999969482422,66.33999633789062,65.76000213623047,65.7699966430664,50.57185363769531,8949600,0.0,0.0
2016-08-24,65.98999786376953,66.2300033569336,65.7699966430664,65.94999694824219,50.710262298583984,10167200,0.0,0.0
2016-08-25,65.91000366210938,66.13999938964844,65.79000091552734,66.06999969482422,50.80253982543945,9978700,0.0,0.0
2016-08-26,66.33000183105469,66.87999725341797,65.8499984741211,66.22000122070312,50.91786575317383,14038600,0.0,0.0
2016-08-29,66.48999786376953,67.0999984741211,66.45999908447266,66.94999694824219,51.47917938232422,14583100,0.0,0.0
2016-08-30,66.94999694824219,67.5999984741211,66.94999694824219,67.5,51.90209197998047,13791200,0.0,0.0
2016-08-31,67.45999908447266,67.7699966430664,66.86000061035156,67.5,51.90209197998047,14952300,0.0,0.0
2016-09-01,67.63999938964844,67.72000122070312,66.6500015258789,67.20999908447266,51.67909622192383,12226500,0.0,0.0
2016-09-02,67.4000015258789,67.58000183105469,66.9800033569336,67.48999786376953,51.89439392089844,13720700,0.0,0.0
2016-09-06,67.5,67.55000305175781,66.70999908447266,67.44000244140625,51.85595703125,16649400,0.0,0.0
2016-09-07,67.16000366210938,67.58999633789062,66.95999908447266,67.16000366210938,51.64065933227539,10070400,0.0,0.0
2016-09-08,67.22000122070312,67.68000030517578,67.0,67.25,51.709861755371094,12253000,0.0,0.0
2016-09-09,67.02999877929688,67.43000030517578,66.63999938964844,66.6500015258789,51.24850082397461,19686900,0.0,0.0
2016-09-12,66.13999938964844,67.30000305175781,65.76000213623047,67.05999755859375,51.56376266479492,16453000,0.0,0.0
2016-09-13,66.11000061035156,66.86000061035156,65.81999969482422,66.52999877929688,51.156246185302734,18876100,0.0,0.0
2016-09-14,66.2699966430664,67.25,66.20999908447266,66.4000015258789,51.056278228759766,12648600,0.0,0.0
2016-09-15,66.29000091552734,66.93000030517578,66.08999633789062,66.63999938964844,51.24081802368164,12531300,0.0,0.0
2016-09-16,66.08999633789062,66.26000213623047,65.44000244140625,65.81999969482422,50.61031723022461,25161500,0.0,0.0
2016-09-19,66.1500015258789,66.63999938964844,65.8499984741211,66.19000244140625,50.89479064941406,13466900,0.0,0.0
2016-09-20,66.75,66.8499984741211,66.23999786376953,66.45999908447266,51.1024055480957,10092200,0.0,0.0
2016-09-21,66.83999633789062,67.12999725341797,66.30999755859375,66.83999633789062,51.394596099853516,14116800,0.0,0.0
2016-09-22,66.98999786376953,67.41999816894531,66.83999633789062,67.38999938964844,51.81749725341797,12781700,0.0,0.0
2016-09-23,67.38999938964844,67.9000015258789,67.18000030517578,67.25,51.709861755371094,13967400,0.0,0.0
2016-09-26,66.5999984741211,66.80000305175781,65.54000091552734,65.77999877929688,50.579551696777344,16408100,0.0,0.0
2016-09-27,65.41000366210938,66.41000366210938,65.11000061035156,66.36000061035156,51.025516510009766,13711400,0.0,0.0
2016-09-28,66.58000183105469,66.7699966430664,65.98999786376953,66.70999908447266,51.294639587402344,11278000,0.0,0.0
2016-09-29,66.69999694824219,67.20999908447266,65.3499984741211,65.6500015258789,50.479591369628906,18727200,0.0,0.0
2016-09-30,66.08000183105469,67.05999755859375,66.08000183105469,66.58999633789062,51.2023811340332,21680100,0.0,0.0
2016-10-03,66.3499984741211,66.91999816894531,66.26000213623047,66.51000213623047,51.140865325927734,14901700,0.0,0.0
2016-10-04,66.20999908447266,67.18000030517578,66.0999984741211,66.5999984741211,51.582332611083984,17226900,0.48,0.0
2016-10-05,66.88999938964844,68.06999969482422,66.80000305175781,67.69000244140625,52.426536560058594,16280000,0.0,0.0
2016-10-06,67.7300033569336,67.97000122070312,67.05000305175781,67.87000274658203,52.56595230102539,17485000,0.0,0.0
2016-10-07,67.79000091552734,68.18000030517578,67.4000015258789,68.11000061035156,52.75184631347656,18497000,0.0,0.0
2016-10-10,68.33999633789062,69.05999755859375,68.2300033569336,68.63999938964844,53.162322998046875,13027500,0.0,0.0
2016-10-11,68.5,68.81999969482422,67.93000030517578,68.30999755859375,52.90674591064453,15657100,0.0,0.0
2016-10-12,68.26000213623047,68.58999633789062,68.05000305175781,68.12999725341797,52.767330169677734,11899800,0.0,0.0
2016-10-13,67.45999908447266,67.87000274658203,66.81999969482422,67.73999786376953,52.46526336669922,17890000,0.0,0.0
2016-10-14,68.80000305175781,69.02999877929688,67.30000305175781,67.5199966430664,52.29486846923828,24163800,0.0,0.0
2016-10-17,67.41999816894531,67.79000091552734,66.73999786376953,67.16999816894531,52.023799896240234,14963400,0.0,0.0
2016-10-18,67.8499984741211,68.20999908447266,67.54000091552734,67.69999694824219,52.43427658081055,11870300,0.0,0.0
2016-10-19,67.80999755859375,68.5,67.80999755859375,68.3499984741211,52.937705993652344,12705800,0.0,0.0
2016-10-20,68.08000183105469,68.68000030517578,67.94000244140625,68.26000213623047,52.86802291870117,14122000,0.0,0.0
2016-10-21,67.80999755859375,68.52999877929688,67.69999694824219,68.48999786376953,53.0461540222168,12175700,0.0,0.0
2016-10-24,68.97000122070312,69.05000305175781,68.5,68.87000274658203,53.3404655456543,10197100,0.0,0.0
2016-10-25,68.87999725341797,68.93000030517578,68.37999725341797,68.80000305175781,53.2862548828125,9945100,0.0,0.0
2016-10-26,68.37000274658203,69.25,68.37000274658203,69.12999725341797,53.54183578491211,9801300,0.0,0.0
2016-10-27,69.48999786376953,69.7699966430664,69.0999984741211,69.2300033569336,53.61928939819336,14210700,0.0,0.0
2016-10-28,69.52999877929688,69.55000305175781,68.47000122070312,69.11000061035156,53.52635192871094,12766500,0.0,0.0
2016-10-31,69.43000030517578,69.58000183105469,69.2300033569336,69.26000213623047,53.64253234863281,14336300,0.0,0.0
2016-11-01,69.4800033569336,69.77999877929688,68.33000183105469,68.97000122070312,53.41791534423828,15564500,0.0,0.0
2016-11-02,68.6500015258789,68.8499984741211,68.01000213623047,68.68000030517578,53.19331741333008,12449800,0.0,0.0
2016-11-03,68.86000061035156,69.19000244140625,68.22000122070312,68.37999725341797,52.960960388183594,10369700,0.0,0.0
2016-11-04,68.48999786376953,68.55999755859375,67.63999938964844,67.76000213623047,52.480777740478516,13571300,0.0,0.0
2016-11-07,69.08000183105469,69.97000122070312,69.0,69.87999725341797,54.12270736694336,16515100,0.0,0.0
2016-11-08,69.69999694824219,70.55000305175781,69.23999786376953,70.02999877929688,54.23887252807617,17531700,0.0,0.0
2016-11-09,71.45999908447266,74.1500015258789,71.31999969482422,73.25,56.73282241821289,50948400,0.0,0.0
2016-11-10,74.22000122070312,77.25,74.22000122070312,76.6500015258789,59.366127014160156,56192300,0.0,0.0
2016-11-11,76.30000305175781,76.72000122070312,75.7699966430664,76.69000244140625,59.39714431762695,27574300,0.0,0.0
2016-11-14,77.25,80.44000244140625,77.25,79.51000213623047,61.581260681152344,46130700,0.0,0.0
2016-11-15,78.37000274658203,79.41000366210938,77.77999877929688,79.36000061035156,61.46508026123047,28126300,0.0,0.0
2016-11-16,78.22000122070312,78.3499984741211,76.87999725341797,77.4000015258789,59.947017669677734,26054900,0.0,0.0
2016-11-17,77.93000030517578,78.45999908447266,77.5999984741211,78.0199966430664,60.427223205566406,19306700,0.0,0.0
2016-11-18,77.95999908447266,78.41999816894531,77.55000305175781,77.70999908447266,60.18712615966797,19770000,0.0,0.0
2016-11-21,78.0,78.16999816894531,77.29000091552734,78.05000305175781,60.450469970703125,11983500,0.0,0.0
2016-11-22,78.3499984741211,78.55999755859375,77.76000213623047,78.52999877929688,60.82220458984375,14410100,0.0,0.0
2016-11-23,78.87000274658203,79.23999786376953,77.88999938964844,78.86000061035156,61.07780456542969,13373700,0.0,0.0
2016-11-25,79.0999984741211,79.44999694824219,78.47000122070312,78.83000183105469,61.054588317871094,6185700,0.0,0.0
2016-11-28,78.18000030517578,78.87000274658203,78.0199966430664,78.31999969482422,60.659568786621094,13007200,0.0,0.0
2016-11-29,78.38999938964844,79.16000366210938,78.38999938964844,78.91999816894531,61.12429428100586,14144100,0.0,0.0
2016-11-30,79.91999816894531,80.52999877929688,79.69999694824219,80.16999816894531,62.092430114746094,25351900,0.0,0.0
2016-12-01,80.6500015258789,82.27999877929688,80.6500015258789,81.79000091552734,63.34714889526367,23823600,0.0,0.0
2016-12-02,81.80000305175781,81.83000183105469,80.9000015258789,81.5999984741211,63.19997024536133,16931500,0.0,0.0
2016-12-05,82.30000305175781,83.29000091552734,82.29000091552734,83.26000213623047,64.48564147949219,18529800,0.0,0.0
2016-12-06,83.5999984741211,83.80999755859375,82.43000030517578,83.69000244140625,64.81871795654297,16130000,0.0,0.0
2016-12-07,83.55000305175781,84.08999633789062,82.8499984741211,84.06999969482422,65.11302947998047,18996900,0.0,0.0
2016-12-08,84.2300033569336,85.5,83.94000244140625,85.12000274658203,65.92623138427734,20844900,0.0,0.0
2016-12-09,85.0199966430664,85.5,84.13999938964844,85.48999786376953,66.21280670166016,14567200,0.0,0.0
2016-12-12,85.36000061035156,85.79000091552734,84.29000091552734,84.7300033569336,65.6241683959961,14511300,0.0,0.0
2016-12-13,84.9800033569336,85.66999816894531,83.81999969482422,84.76000213623047,65.64741516113281,16669000,0.0,0.0
2016-12-14,83.87999725341797,86.12000274658203,83.76000213623047,84.7300033569336,65.6241683959961,22622600,0.0,0.0
2016-12-15,85.4000015258789,86.48999786376953,84.9000015258789,86.0,66.6078109741211,19438900,0.0,0.0
2016-12-16,86.29000091552734,86.29000091552734,84.88999938964844,84.94000244140625,65.78683471679688,23008500,0.0,0.0
2016-12-19,84.80000305175781,85.44000244140625,84.19000244140625,85.43000030517578,66.16635131835938,21685100,0.0,0.0
2016-12-20,85.79000091552734,86.54000091552734,85.55000305175781,86.52999877929688,67.01830291748047,14587300,0.0,0.0
2016-12-21,86.43000030517578,86.80999755859375,86.02999877929688,86.75,67.18869018554688,11400500,0.0,0.0
2016-12-22,86.44000244140625,87.16999816894531,86.20999908447266,86.88999938964844,67.29711151123047,13924200,0.0,0.0
2016-12-23,87.0,87.1500015258789,86.4000015258789,87.05000305175781,67.42105102539062,10759400,0.0,0.0
2016-12-27,87.05000305175781,87.16000366210938,86.75,87.12999725341797,67.48299407958984,6946400,0.0,0.0
2016-12-28,87.16000366210938,87.38999938964844,86.3499984741211,86.5,66.99505615234375,9455600,0.0,0.0
2016-12-29,86.58000183105469,86.66999816894531,85.04000091552734,85.88999938964844,66.52259063720703,14689000,0.0,0.0
2016-12-30,86.0999984741211,86.41999816894531,85.66000366210938,86.29000091552734,66.83241271972656,13617800,0.0,0.0
2017-01-03,87.33999633789062,87.76000213623047,85.9800033569336,87.2300033569336,67.56046295166016,20550700,0.0,0.0
2017-01-04,86.95999908447266,87.18000030517578,86.4000015258789,86.91000366210938,67.68506622314453,15266600,0.48,0.0
2017-01-05,86.80999755859375,87.11000061035156,85.26000213623047,86.11000061035156,67.06202697753906,14300800,0.0,0.0
2017-01-06,86.38999938964844,86.62000274658203,85.94000244140625,86.12000274658203,67.06982421875,12893300,0.0,0.0
2017-01-09,85.7300033569336,86.7699966430664,85.5199966430664,86.18000030517578,67.11652374267578,12806600,0.0,0.0
2017-01-10,86.06999969482422,86.9000015258789,85.72000122070312,86.43000030517578,67.31123352050781,13989000,0.0,0.0
2017-01-11,86.43000030517578,87.08000183105469,85.91000366210938,87.08000183105469,67.81744384765625,14713100,0.0,0.0
2017-01-12,86.76000213623047,87.2699966430664,86.0199966430664,86.23999786376953,67.16326904296875,21337400,0.0,0.0
2017-01-13,87.11000061035156,88.16999816894531,86.0999984741211,86.69999694824219,67.52151489257812,28296000,0.0,0.0
2017-01-17,84.93000030517578,85.22000122070312,83.27999877929688,83.55000305175781,65.06832122802734,30024600,0.0,0.0
2017-01-18,83.62999725341797,84.2300033569336,83.02999877929688,83.94000244140625,65.37203216552734,21270100,0.0,0.0
2017-01-19,84.05999755859375,84.66999816894531,83.12000274658203,83.30000305175781,64.87359619140625,16555600,0.0,0.0
2017-01-20,83.43000030517578,83.83000183105469,83.29000091552734,83.66999816894531,65.16180419921875,18436800,0.0,0.0
2017-01-23,83.30000305175781,84.0,83.20999908447266,83.70999908447266,65.19291687011719,12179200,0.0,0.0
2017-01-24,83.91999816894531,85.0,83.55999755859375,84.72000122070312,65.97948455810547,15175300,0.0,0.0
2017-01-25,85.83999633789062,86.16999816894531,85.16999816894531,86.02999877929688,66.99971008300781,17551000,0.0,0.0
2017-01-26,85.94999694824219,86.94999694824219,85.94999694824219,86.75,67.56045532226562,15962800,0.0,0.0
2017-01-27,86.66000366210938,86.9800033569336,86.2699966430664,86.93000030517578,67.70063781738281,12535400,0.0,0.0
2017-01-30,86.19000244140625,86.5,85.31999969482422,86.02999877929688,66.99971008300781,13661900,0.0,0.0
2017-01-31,85.5999984741211,86.1500015258789,84.08999633789062,84.62999725341797,65.909423828125,15655100,0.0,0.0
2017-02-01,85.54000091552734,86.0999984741211,84.68000030517578,84.94999694824219,66.15860748291016,15430900,0.0,0.0
2017-02-02,84.33999633789062,84.91000366210938,84.16000366210938,84.58999633789062,65.87825775146484,11081400,0.0,0.0
2017-02-03,86.19000244140625,87.30999755859375,85.87000274658203,87.18000030517578,67.89533996582031,17885200,0.0,0.0
2017-02-06,86.79000091552734,87.44999694824219,86.61000061035156,86.7699966430664,67.57601928710938,11828400,0.0,0.0
2017-02-07,87.13999938964844,87.4000015258789,86.4800033569336,86.72000122070312,67.53711700439453,9392800,0.0,0.0
2017-02-08,86.18000030517578,86.30999755859375,85.37000274658203,85.95999908447266,66.94519805908203,13970900,0.0,0.0
2017-02-09,85.95999908447266,87.33000183105469,85.95999908447266,87.19999694824219,67.9109115600586,13749100,0.0,0.0
2017-02-10,87.4800033569336,87.4800033569336,86.88999938964844,87.0,67.7551498413086,10992500,0.0,0.0
2017-02-13,87.44000244140625,88.73999786376953,87.43000030517578,88.1500015258789,68.65080261230469,18739100,0.0,0.0
2017-02-14,88.30000305175781,89.69999694824219,88.11000061035156,89.55999755859375,69.74885559082031,17932100,0.0,0.0
2017-02-15,90.08000183105469,90.87000274658203,89.3499984741211,90.58999633789062,70.55101013183594,17381800,0.0,0.0
2017-02-16,90.4000015258789,91.04000091552734,89.7699966430664,90.52999877929688,70.5042953491211,17672700,0.0,0.0
2017-02-17,89.81999969482422,90.47000122070312,89.69000244140625,90.2300033569336,70.27067565917969,15776600,0.0,0.0
2017-02-21,90.51000213623047,91.1500015258789,90.45999908447266,91.01000213623047,70.87810516357422,14068300,0.0,0.0
2017-02-22,90.5199966430664,91.30000305175781,90.41999816894531,91.05999755859375,70.91707611083984,11839000,0.0,0.0
2017-02-23,91.18000030517578,91.33999633789062,90.5199966430664,91.12999725341797,70.97157287597656,11067000,0.0,0.0
2017-02-24,90.18000030517578,90.54000091552734,89.7300033569336,90.33000183105469,70.3485336303711,15062300,0.0,0.0
2017-02-27,90.31999969482422,90.7300033569336,90.0199966430664,90.43000030517578,70.4264144897461,12361000,0.0,0.0
2017-02-28,89.8499984741211,90.81999969482422,89.58999633789062,90.62000274658203,70.57438659667969,15183500,0.0,0.0
2017-03-01,92.79000091552734,93.9800033569336,92.61000061035156,93.5999984741211,72.89520263671875,24451400,0.0,0.0
2017-03-02,93.87000274658203,93.91999816894531,92.02999877929688,92.13999938964844,71.7581558227539,16862500,0.0,0.0
2017-03-03,92.13999938964844,93.11000061035156,92.13999938964844,92.80000305175781,72.27216339111328,12817500,0.0,0.0
2017-03-06,92.25,92.31999969482422,91.0999984741211,91.91999816894531,71.58683776855469,15059200,0.0,0.0
2017-03-07,91.63999938964844,92.08999633789062,91.20999908447266,91.41000366210938,71.18965148925781,11156800,0.0,0.0
2017-03-08,92.68000030517578,92.8499984741211,91.0999984741211,91.20999908447266,71.03387451171875,17378400,0.0,0.0
2017-03-09,91.5999984741211,92.13999938964844,91.1500015258789,91.56999969482422,71.31424713134766,13726200,0.0,0.0
2017-03-10,91.94999694824219,92.0,90.52999877929688,91.27999877929688,71.0884017944336,13729900,0.0,0.0
2017-03-13,91.30999755859375,91.77999877929688,90.93000030517578,91.36000061035156,71.15069580078125,10004300,0.0,0.0
2017-03-14,91.0199966430664,91.6500015258789,90.7699966430664,91.51000213623047,71.26750946044922,10237700,0.0,0.0
2017-03-15,91.80000305175781,92.55000305175781,91.12999725341797,91.7300033569336,71.43885040283203,16601400,0.0,0.0
2017-03-16,92.02999877929688,92.80999755859375,91.56999969482422,91.63999938964844,71.36874389648438,14492000,0.0,0.0
2017-03-17,91.83000183105469,92.04000091552734,90.6500015258789,90.68000030517578,70.6211166381836,21734700,0.0,0.0
2017-03-20,90.2699966430664,91.16999816894531,89.79000091552734,90.02999877929688,70.1148910522461,14623600,0.0,0.0
2017-03-21,90.36000061035156,90.63999938964844,87.05999755859375,87.38999938964844,68.05888366699219,33089200,0.0,0.0
2017-03-22,86.88999938964844,88.06999969482422,86.01000213623047,87.52999877929688,68.16790771484375,21741000,0.0,0.0
2017-03-23,87.20999908447266,88.5,87.08999633789062,87.38999938964844,68.05888366699219,16090100,0.0,0.0
2017-03-24,87.79000091552734,88.08999633789062,86.7699966430664,87.29000091552734,67.98102569580078,16093200,0.0,0.0
2017-03-27,85.52999877929688,87.4000015258789,85.2300033569336,87.23999786376953,67.94206237792969,16689300,0.0,0.0
2017-03-28,87.0199966430664,89.0199966430664,86.9800033569336,88.5999984741211,69.001220703125,16264400,0.0,0.0
2017-03-29,88.5999984741211,88.81999969482422,88.08000183105469,88.2699966430664,68.74420928955078,10207600,0.0,0.0
2017-03-30,88.19999694824219,89.45999908447266,88.12000274658203,89.02999877929688,69.33610534667969,11631000,0.0,0.0
2017-03-31,88.70999908447266,88.73999786376953,87.75,87.83999633789062,68.40933990478516,16987600,0.0,0.0
2017-04-03,87.98999786376953,88.16999816894531,86.5999984741211,87.5199966430664,68.16012573242188,19831800,0.0,0.0
2017-04-04,86.88999938964844,87.66999816894531,86.72000122070312,87.30999755859375,68.38729095458984,14280800,0.5,0.0
2017-04-05,88.41999816894531,88.54000091552734,86.12999725341797,86.19000244140625,67.51001739501953,17635500,0.0,0.0
2017-04-06,85.9800033569336,86.91000366210938,85.25,86.4800033569336,67.73715209960938,14379600,0.0,0.0
2017-04-07,85.93000030517578,86.80999755859375,85.70999908447266,86.18000030517578,67.50220489501953,13097100,0.0,0.0
2017-04-10,86.08000183105469,86.69000244140625,85.4000015258789,85.87999725341797,67.26719665527344,15081600,0.0,0.0
2017-04-11,85.54000091552734,85.79000091552734,84.80000305175781,85.7300033569336,67.14971923828125,14690500,0.0,0.0
2017-04-12,85.93000030517578,85.94999694824219,85.02999877929688,85.4000015258789,66.89125061035156,14730600,0.0,0.0
2017-04-13,85.5,86.98999786376953,84.4000015258789,84.4000015258789,66.10795593261719,30529800,0.0,0.0
2017-04-17,84.44000244140625,86.08000183105469,84.37000274658203,85.86000061035156,67.25155639648438,19071700,0.0,0.0
2017-04-18,85.36000061035156,85.62999725341797,84.73999786376953,85.16000366210938,66.70323944091797,14127000,0.0,0.0
2017-04-19,85.5,85.91999816894531,84.36000061035156,84.45999908447266,66.15495300292969,17588500,0.0,0.0
2017-04-20,84.9800033569336,85.77999877929688,84.55000305175781,85.55000305175781,67.00870513916016,15635800,0.0,0.0
2017-04-21,85.5,85.68000030517578,84.51000213623047,84.5199966430664,66.20194244384766,19820600,0.0,0.0
2017-04-24,86.55000305175781,88.05000305175781,86.41999816894531,87.5,68.53607940673828,25468300,0.0,0.0
2017-04-25,88.55000305175781,89.12999725341797,88.26000213623047,88.26000213623047,69.1313705444336,18253800,0.0,0.0
2017-04-26,88.3499984741211,89.05000305175781,88.13999938964844,88.43000030517578,69.26453399658203,12832200,0.0,0.0
2017-04-27,88.37000274658203,88.37000274658203,87.01000213623047,87.61000061035156,68.62226104736328,13329000,0.0,0.0
2017-04-28,87.5999984741211,87.8499984741211,86.94999694824219,87.0,68.14446258544922,10755600,0.0,0.0
2017-05-01,87.36000061035156,87.73999786376953,86.55999755859375,87.05999755859375,68.19146728515625,15712300,0.0,0.0
2017-05-02,86.70999908447266,86.87999725341797,86.0199966430664,86.5,67.75282287597656,14414200,0.0,0.0
2017-05-03,86.05999755859375,87.0999984741211,86.0199966430664,87.0,68.14446258544922,11540500,0.0,0.0
2017-05-04,87.69000244140625,87.7300033569336,86.56999969482422,87.0999984741211,68.22276306152344,11540100,0.0,0.0
2017-05-05,87.25,87.33999633789062,86.41999816894531,87.0,68.14446258544922,9436000,0.0,0.0
2017-05-08,87.04000091552734,87.31999969482422,86.6500015258789,87.0999984741211,68.22276306152344,8162200,0.0,0.0
2017-05-09,87.26000213623047,87.83999633789062,86.5,86.75,67.94863891601562,10273900,0.0,0.0
2017-05-10,86.52999877929688,87.4800033569336,86.47000122070312,87.43000030517578,68.48126220703125,8334900,0.0,0.0
2017-05-11,87.08999633789062,87.4800033569336,86.3499984741211,87.16000366210938,68.269775390625,10907400,0.0,0.0
2017-05-12,86.68000030517578,87.05000305175781,86.33999633789062,86.91999816894531,68.081787109375,8738800,0.0,0.0
2017-05-15,87.0999984741211,87.48999786376953,86.86000061035156,87.33999633789062,68.41078186035156,8835600,0.0,0.0
2017-05-16,87.36000061035156,88.08999633789062,87.33999633789062,87.61000061035156,68.62226104736328,9795000,0.0,0.0
2017-05-17,87.61000061035156,87.61000061035156,83.97000122070312,84.2699966430664,66.00614929199219,24679700,0.0,0.0
2017-05-18,84.06999969482422,84.80000305175781,83.36000061035156,83.95999908447266,65.7633285522461,23350100,0.0,0.0
2017-05-19,84.20999908447266,85.33999633789062,84.1500015258789,84.77999877929688,66.40560913085938,13412900,0.0,0.0
2017-05-22,85.18000030517578,85.29000091552734,84.20999908447266,84.69999694824219,66.34294891357422,11636000,0.0,0.0
2017-05-23,84.75,86.06999969482422,84.51000213623047,85.76000213623047,67.17321014404297,11753000,0.0,0.0
2017-05-24,85.87999725341797,85.97000122070312,85.23999786376953,85.70999908447266,67.13404083251953,9833800,0.0,0.0
2017-05-25,85.98999786376953,86.08000183105469,85.08000183105469,85.3499984741211,66.8520736694336,12238500,0.0,0.0
2017-05-26,85.11000061035156,85.55999755859375,85.0199966430664,85.36000061035156,66.85989379882812,8113500,0.0,0.0
2017-05-30,85.12999725341797,85.1500015258789,83.77999877929688,83.9000015258789,65.71633911132812,12603200,0.0,0.0
2017-05-31,83.7300033569336,83.81999969482422,81.63999938964844,82.1500015258789,64.3455810546875,28327900,0.0,0.0
2017-06-01,82.45999908447266,83.08000183105469,81.6500015258789,83.05999755859375,65.05838012695312,17123500,0.0,0.0
2017-06-02,82.29000091552734,82.98999786376953,81.9800033569336,82.63999938964844,64.72937774658203,14998500,0.0,0.0
2017-06-05,82.63999938964844,83.51000213623047,82.58000183105469,82.79000091552734,64.84689331054688,9080200,0.0,0.0
2017-06-06,82.29000091552734,83.22000122070312,82.12999725341797,82.95999908447266,64.98004150390625,12196800,0.0,0.0
2017-06-07,83.30999755859375,84.11000061035156,83.0999984741211,83.91000366210938,65.72413635253906,13711100,0.0,0.0
2017-06-08,83.91000366210938,85.7300033569336,83.88999938964844,84.94999694824219,66.53874969482422,17951000,0.0,0.0
2017-06-09,85.51000213623047,87.05000305175781,85.38999938964844,86.95999908447266,68.1131362915039,19120200,0.0,0.0
2017-06-12,86.95999908447266,87.73999786376953,86.88999938964844,86.9800033569336,68.1287841796875,16053400,0.0,0.0
2017-06-13,87.55000305175781,87.8499984741211,86.9800033569336,87.2699966430664,68.35594177246094,12557200,0.0,0.0
2017-06-14,86.7699966430664,87.30999755859375,85.81999969482422,87.08999633789062,68.2149429321289,16175700,0.0,0.0
2017-06-15,86.25,87.08000183105469,86.23999786376953,86.56999969482422,67.80764770507812,12509700,0.0,0.0
2017-06-16,86.8499984741211,86.95999908447266,86.0199966430664,86.18000030517578,67.50220489501953,16936600,0.0,0.0
2017-06-19,86.97000122070312,88.2300033569336,86.8499984741211,88.06999969482422,68.98257446289062,15972300,0.0,0.0
2017-06-20,87.75,87.91999816894531,87.37000274658203,87.5199966430664,68.55175018310547,11197800,0.0,0.0
2017-06-21,87.4800033569336,87.55000305175781,86.76000213623047,87.12000274658203,68.23843383789062,10005900,0.0,0.0
2017-06-22,86.93000030517578,87.36000061035156,86.6500015258789,87.0199966430664,68.16012573242188,12180600,0.0,0.0
2017-06-23,87.66000366210938,88.0,86.61000061035156,86.86000061035156,68.0348129272461,18812000,0.0,0.0
2017-06-26,87.01000213623047,87.66999816894531,86.62000274658203,87.23999786376953,68.33242797851562,10082400,0.0,0.0
2017-06-27,87.70999908447266,88.94000244140625,87.5,88.05000305175781,68.9668960571289,15415200,0.0,0.0
2017-06-28,88.5999984741211,90.06999969482422,88.5999984741211,89.81999969482422,70.35326385498047,17466200,0.0,0.0
2017-06-29,92.33999633789062,92.6500015258789,90.30999755859375,91.1500015258789,71.39502716064453,27697800,0.0,0.0
2017-06-30,91.95999908447266,92.0,91.16000366210938,91.4000015258789,71.59085083007812,16892700,0.0,0.0
2017-07-03,91.55999755859375,93.4800033569336,91.41000366210938,92.75,73.04786682128906,13208100,0.5,0.0
2017-07-05,93.12000274658203,93.79000091552734,92.61000061035156,93.68000030517578,73.78032684326172,17535400,0.0,0.0
2017-07-06,93.54000091552734,94.51000213623047,92.87999725341797,93.37999725341797,73.54403686523438,16596100,0.0,0.0
2017-07-07,93.95999908447266,94.16999816894531,93.2300033569336,93.8499984741211,73.91419219970703,12817800,0.0,0.0
2017-07-10,93.5,93.68000030517578,93.08999633789062,93.19000244140625,73.39439392089844,13987200,0.0,0.0
2017-07-11,93.33000183105469,93.33000183105469,92.27999877929688,92.83000183105469,73.1108627319336,13262300,0.0,0.0
2017-07-12,92.61000061035156,92.83000183105469,92.06999969482422,92.51000213623047,72.85885620117188,13540100,0.0,0.0
2017-07-13,92.69000244140625,93.37999725341797,92.33999633789062,93.0999984741211,73.32353210449219,12820100,0.0,0.0
2017-07-14,90.80999755859375,92.61000061035156,90.58000183105469,92.25,72.6540756225586,22235200,0.0,0.0
2017-07-17,91.81999969482422,91.98999786376953,91.25,91.38999938964844,71.97676849365234,14374200,0.0,0.0
2017-07-18,90.44999694824219,91.58000183105469,90.31999969482422,91.06999969482422,71.7247314453125,14719400,0.0,0.0
2017-07-19,91.33999633789062,91.62000274658203,91.0,91.19999694824219,71.82713317871094,11651200,0.0,0.0
2017-07-20,91.1500015258789,91.72000122070312,90.9000015258789,91.19999694824219,71.82713317871094,11561700,0.0,0.0
2017-07-21,91.05999755859375,91.36000061035156,90.5199966430664,90.88999938964844,71.58296966552734,10971300,0.0,0.0
2017-07-24,90.95999908447266,91.54000091552734,90.91000366210938,91.27999877929688,71.89015197753906,10725100,0.0,0.0
2017-07-25,92.37000274658203,93.5199966430664,92.2699966430664,92.80000305175781,73.08723449707031,16447700,0.0,0.0
2017-07-26,93.0999984741211,93.19000244140625,91.68000030517578,91.93000030517578,72.40203094482422,11815500,0.0,0.0
2017-07-27,91.83000183105469,92.05999755859375,91.16000366210938,91.55000305175781,72.10279846191406,12332400,0.0,0.0
2017-07-28,91.44999694824219,91.75,90.91000366210938,91.27999877929688,71.89015197753906,9351900,0.0,0.0
2017-07-31,91.51000213623047,92.36000061035156,91.5,91.80000305175781,72.2996597290039,11520300,0.0,0.0
2017-08-01,92.48999786376953,93.13999938964844,92.27999877929688,93.02999877929688,73.26837158203125,12523700,0.0,0.0
2017-08-02,92.87000274658203,93.20999908447266,92.51000213623047,93.11000061035156,73.3313980102539,10165600,0.0,0.0
2017-08-03,92.69999694824219,93.12999725341797,92.23999786376953,92.5,72.85098266601562,11078800,0.0,0.0
2017-08-04,93.5,94.4000015258789,93.47000122070312,93.66000366210938,73.7645492553711,14324000,0.0,0.0
2017-08-07,93.88999938964844,94.19000244140625,93.70999908447266,94.0199966430664,74.048095703125,7978300,0.0,0.0
2017-08-08,93.94999694824219,95.22000122070312,93.5999984741211,93.68000030517578,73.78032684326172,13745400,0.0,0.0
2017-08-09,92.9800033569336,93.68000030517578,92.83000183105469,93.52999877929688,73.66217803955078,11214400,0.0,0.0
2017-08-10,92.9000015258789,93.06999969482422,92.06999969482422,92.19000244140625,72.6068115234375,13252300,0.0,0.0
2017-08-11,92.12999725341797,92.66999816894531,91.23999786376953,91.41999816894531,72.00039672851562,10679500,0.0,0.0
2017-08-14,92.37000274658203,92.9000015258789,92.33000183105469,92.48999786376953,72.84309387207031,10994800,0.0,0.0
2017-08-15,93.30999755859375,93.55999755859375,92.6500015258789,92.7300033569336,73.03211212158203,8812700,0.0,0.0
2017-08-16,93.04000091552734,93.2300033569336,91.87999725341797,92.08999633789062,72.52806091308594,11085400,0.0,0.0
2017-08-17,91.76000213623047,91.95999908447266,90.5,90.6500015258789,71.3939437866211,13837500,0.0,0.0
2017-08-18,90.30999755859375,91.54000091552734,90.19000244140625,90.73999786376953,71.46481323242188,13040700,0.0,0.0
2017-08-21,90.8499984741211,90.94000244140625,90.16000366210938,90.62999725341797,71.37818145751953,11502100,0.0,0.0
2017-08-22,91.06999969482422,91.70999908447266,91.0,91.55999755859375,72.11064147949219,9211800,0.0,0.0
2017-08-23,90.87000274658203,92.33999633789062,90.83999633789062,91.66999816894531,72.19728088378906,8811300,0.0,0.0
2017-08-24,91.93000030517578,92.12000274658203,91.41000366210938,91.5199966430664,72.07915496826172,8623200,0.0,0.0
2017-08-25,91.87999725341797,92.4800033569336,91.80000305175781,91.88999938964844,72.37054443359375,11794600,0.0,0.0
2017-08-28,92.16000366210938,92.19000244140625,91.12999725341797,91.5999984741211,72.14214324951172,7292900,0.0,0.0
2017-08-29,90.44999694824219,91.30999755859375,90.30999755859375,91.0999984741211,71.74837493896484,10886100,0.0,0.0
2017-08-30,91.25,91.87999725341797,91.19000244140625,91.30999755859375,71.91376495361328,9165300,0.0,0.0
2017-08-31,91.80999755859375,91.8499984741211,90.80000305175781,90.88999938964844,71.58296966552734,13217400,0.0,0.0
2017-09-01,91.25,92.36000061035156,90.94999694824219,91.69999694824219,72.22090148925781,9815800,0.0,0.0
2017-09-05,91.0199966430664,91.11000061035156,89.0199966430664,89.51000213623047,70.4961166381836,16897300,0.0,0.0
2017-09-06,90.0,90.5199966430664,89.63999938964844,90.11000061035156,70.9686508178711,11845700,0.0,0.0
2017-09-07,90.11000061035156,90.12999725341797,88.08000183105469,88.52999877929688,69.72428131103516,14592300,0.0,0.0
2017-09-08,88.30999755859375,89.41999816894531,88.23999786376953,88.41999816894531,69.63765716552734,14242200,0.0,0.0
2017-09-11,89.38999938964844,90.25,88.94999694824219,89.79000091552734,70.71665954589844,13219000,0.0,0.0
2017-09-12,90.16999816894531,91.25,90.0999984741211,90.88999938964844,71.58296966552734,14003800,0.0,0.0
2017-09-13,90.61000061035156,91.5,90.31999969482422,91.1500015258789,71.78775024414062,12485400,0.0,0.0
2017-09-14,91.19999694824219,91.52999877929688,90.73999786376953,90.97000122070312,71.64596557617188,10562800,0.0,0.0
2017-09-15,91.08000183105469,91.70999908447266,90.76000213623047,91.62000274658203,72.15792083740234,18171800,0.0,0.0
2017-09-18,91.93000030517578,93.13999938964844,91.8499984741211,92.91999816894531,73.18174743652344,11318700,0.0,0.0
2017-09-19,92.70999908447266,94.36000061035156,92.5199966430664,93.94000244140625,73.98506164550781,12626100,0.0,0.0
2017-09-20,94.0999984741211,95.29000091552734,93.70999908447266,94.5999984741211,74.50487518310547,15311600,0.0,0.0
2017-09-21,94.45999908447266,95.37000274658203,94.19000244140625,95.02999877929688,74.84354400634766,10851500,0.0,0.0
2017-09-22,94.69999694824219,94.9800033569336,94.43000030517578,94.83000183105469,74.68601989746094,8358300,0.0,0.0
2017-09-25,94.51000213623047,94.87999725341797,93.44999694824219,94.12000274658203,74.12686157226562,10463400,0.0,0.0
2017-09-26,93.77999877929688,94.02999877929688,93.33999633789062,93.69999694824219,73.79606628417969,9358100,0.0,0.0
2017-09-27,94.97000122070312,95.72000122070312,94.58000183105469,95.18000030517578,74.96168518066406,15090200,0.0,0.0
2017-09-28,95.58999633789062,95.87999725341797,94.91000366210938,95.37999725341797,75.11919403076172,10270400,0.0,0.0
2017-09-29,95.30000305175781,95.5199966430664,95.0199966430664,95.51000213623047,75.22158813476562,11438400,0.0,0.0
2017-10-02,95.7699966430664,96.87999725341797,95.45999908447266,96.83999633789062,76.26905822753906,13797200,0.0,0.0
2017-10-03,96.83000183105469,97.43000030517578,96.7699966430664,97.3499984741211,76.6707534790039,9633500,0.0,0.0
2017-10-04,97.30000305175781,97.44000244140625,96.27999877929688,96.36000061035156,75.89102172851562,12166600,0.0,0.0
2017-10-05,96.0,97.4000015258789,95.55000305175781,97.08999633789062,76.91293334960938,14236200,0.56,0.0
2017-10-06,97.55000305175781,97.63999938964844,96.47000122070312,96.91999816894531,76.77826690673828,10231900,0.0,0.0
2017-10-09,96.95999908447266,97.06999969482422,96.13999938964844,96.41000366210938,76.3742446899414,7765100,0.0,0.0
2017-10-10,96.45999908447266,97.18000030517578,96.23999786376953,97.12999725341797,76.94461822509766,10631500,0.0,0.0
2017-10-11,96.83000183105469,97.01000213623047,96.13999938964844,96.83999633789062,76.71487426757812,14283600,0.0,0.0
2017-10-12,97.30000305175781,97.5,95.62000274658203,95.98999786376953,76.04154205322266,18251600,0.0,0.0
2017-10-13,95.4800033569336,96.70999908447266,94.95999908447266,95.86000061035156,75.93854522705078,13190600,0.0,0.0
2017-10-16,96.33999633789062,97.94999694824219,96.33999633789062,97.83999633789062,77.50704193115234,12434000,0.0,0.0
2017-10-17,98.06999969482422,98.18000030517578,97.31999969482422,97.62000274658203,77.33279418945312,10335700,0.0,0.0
2017-10-18,98.1500015258789,98.55000305175781,97.62999725341797,97.98999786376953,77.62588500976562,10158600,0.0,0.0
2017-10-19,97.19000244140625,98.19999694824219,97.08999633789062,98.11000061035156,77.7209701538086,9133900,0.0,0.0
2017-10-20,99.27999877929688,99.88999938964844,98.7300033569336,99.51000213623047,78.83000946044922,15326600,0.0,0.0
2017-10-23,99.51000213623047,99.98999786376953,99.23999786376953,99.33999633789062,78.69532775878906,9238600,0.0,0.0
2017-10-24,99.87999725341797,101.19000244140625,99.76000213623047,100.91999816894531,79.94699096679688,13000800,0.0,0.0
2017-10-25,101.25,101.44999694824219,100.19000244140625,101.0199966430664,80.02619934082031,14632700,0.0,0.0
2017-10-26,101.3499984741211,102.41999816894531,101.31999969482422,101.73999786376953,80.59658813476562,13054400,0.0,0.0
2017-10-27,101.43000030517578,102.2300033569336,101.05000305175781,101.7699966430664,80.6203384399414,10400400,0.0,0.0
2017-10-30,101.12999725341797,101.93000030517578,100.87000274658203,101.41000366210938,80.33517456054688,8839500,0.0,0.0
2017-10-31,101.37000274658203,101.69999694824219,100.56999969482422,100.61000061035156,79.70143127441406,8690200,0.0,0.0
2017-11-01,101.0999984741211,101.69999694824219,100.7300033569336,100.91999816894531,79.94699096679688,8418200,0.0,0.0
2017-11-02,100.87000274658203,101.7699966430664,100.16000366210938,101.58999633789062,80.47773742675781,8731800,0.0,0.0
2017-11-03,101.0999984741211,101.52999877929688,100.7300033569336,101.41000366210938,80.33517456054688,7103500,0.0,0.0
2017-11-06,101.33999633789062,101.69000244140625,100.66000366210938,100.77999877929688,79.8360824584961,8121500,0.0,0.0
2017-11-07,100.55999755859375,100.75,98.25,98.75,78.22796630859375,18822600,0.0,0.0
2017-11-08,98.2699966430664,98.37000274658203,97.1500015258789,97.63999938964844,77.34861755371094,18524700,0.0,0.0
2017-11-09,97.12000274658203,98.22000122070312,96.80999755859375,97.62999725341797,77.34070587158203,13697800,0.0,0.0
2017-11-10,97.80999755859375,98.33999633789062,97.5,97.51000213623047,77.24564361572266,9314000,0.0,0.0
2017-11-13,96.69000244140625,98.05000305175781,96.62000274658203,97.86000061035156,77.52291870117188,9303100,0.0,0.0
2017-11-14,97.33999633789062,97.77999877929688,96.8499984741211,97.2699966430664,77.05552673339844,11043800,0.0,0.0
2017-11-15,96.38999938964844,98.73999786376953,95.94999694824219,98.19000244140625,77.78434753417969,15384100,0.0,0.0
2017-11-16,98.52999877929688,99.05999755859375,98.30999755859375,98.47000122070312,78.00616455078125,9808000,0.0,0.0
2017-11-17,97.81999969482422,98.41000366210938,97.56999969482422,98.13999938964844,77.74473571777344,9017900,0.0,0.0
2017-11-20,98.44999694824219,99.1500015258789,97.76000213623047,99.01000213623047,78.4339370727539,9483200,0.0,0.0
2017-11-21,99.5,99.55000305175781,98.91000366210938,98.93000030517578,78.37055206298828,13389400,0.0,0.0
2017-11-22,99.02999877929688,99.5199966430664,98.58999633789062,98.63999938964844,78.14082336425781,7342200,0.0,0.0
2017-11-24,98.83000183105469,98.9000015258789,98.26000213623047,98.31999969482422,77.8873062133789,3680000,0.0,0.0
2017-11-27,98.30999755859375,99.12999725341797,97.93000030517578,97.93000030517578,77.578369140625,13076200,0.0,0.0
2017-11-28,98.20999908447266,101.69999694824219,97.97000122070312,101.36000061035156,80.29554748535156,16773000,0.0,0.0
2017-11-29,102.41000366210938,104.22000122070312,101.95999908447266,103.7300033569336,82.17300415039062,21105500,0.0,0.0
2017-11-30,104.73999786376953,106.66000366210938,104.04000091552734,104.5199966430664,82.7988510131836,23945900,0.0,0.0
2017-12-01,104.9000015258789,105.31999969482422,102.19999694824219,104.79000091552734,83.01272583007812,19683500,0.0,0.0
2017-12-04,107.7300033569336,108.4000015258789,106.7699966430664,106.94999694824219,84.72383880615234,23576600,0.0,0.0
2017-12-05,105.58000183105469,107.41000366210938,104.12000274658203,105.72000122070312,83.74948120117188,17193900,0.0,0.0
2017-12-06,105.55000305175781,105.76000213623047,104.52999877929688,104.93000030517578,83.1236343383789,15476200,0.0,0.0
2017-12-07,103.94999694824219,105.19000244140625,103.7300033569336,104.62000274658203,82.87808227539062,13371800,0.0,0.0
2017-12-08,104.75,105.94000244140625,104.33999633789062,105.93000030517578,83.91583251953125,13506900,0.0,0.0
2017-12-11,105.72000122070312,106.05999755859375,105.30999755859375,105.62000274658203,83.67022705078125,10591200,0.0,0.0
2017-12-12,106.91000366210938,107.37000274658203,105.54000091552734,106.8499984741211,84.6446304321289,15508800,0.0,0.0
2017-12-13,106.69999694824219,107.11000061035156,105.4800033569336,105.51000213623047,83.5831069946289,15020300,0.0,0.0
2017-12-14,106.12000274658203,106.44999694824219,104.63999938964844,104.66000366210938,82.90977478027344,13034200,0.0,0.0
2017-12-15,105.79000091552734,106.5199966430664,105.19999694824219,106.13999938964844,84.0821762084961,29350600,0.0,0.0
2017-12-18,107.19000244140625,107.62999725341797,106.4800033569336,106.95999908447266,84.73176574707031,12713100,0.0,0.0
2017-12-19,107.3499984741211,107.48999786376953,106.44000244140625,106.51000213623047,84.37527465820312,12149900,0.0,0.0
2017-12-20,107.5999984741211,107.7300033569336,106.08999633789062,106.13999938964844,84.0821762084961,13091500,0.0,0.0
2017-12-21,106.58999633789062,108.06999969482422,106.55999755859375,107.83000183105469,85.42098236083984,12323700,0.0,0.0
2017-12-22,108.19999694824219,108.45999908447266,106.80999755859375,107.44999694824219,85.11993408203125,14573400,0.0,0.0
2017-12-26,107.19999694824219,107.98999786376953,106.4000015258789,107.0199966430664,84.779296875,7403700,0.0,0.0
2017-12-27,106.66999816894531,107.29000091552734,106.66999816894531,107.22000122070312,84.93773651123047,9496500,0.0,0.0
2017-12-28,107.4000015258789,107.83999633789062,107.16000366210938,107.79000091552734,85.3892822265625,7440600,0.0,0.0
2017-12-29,108.08999633789062,108.27999877929688,106.94000244140625,106.94000244140625,84.71593475341797,8925700,0.0,0.0
2018-01-02,107.62999725341797,108.0199966430664,106.80999755859375,107.94999694824219,85.51602172851562,13578800,0.0,0.0
2018-01-03,107.86000061035156,108.48999786376953,107.4800033569336,108.05999755859375,85.6031494140625,11901000,0.0,0.0
2018-01-04,108.36000061035156,110.02999877929688,108.19999694824219,109.04000091552734,86.82948303222656,12953700,0.56,0.0
2018-01-05,109.26000213623047,109.55000305175781,107.77999877929688,108.33999633789062,86.27207946777344,14155000,0.0,0.0
2018-01-08,108.1500015258789,108.68000030517578,107.69999694824219,108.5,86.39949798583984,12466500,0.0,0.0
2018-01-09,108.72000122070312,109.62999725341797,108.48999786376953,109.05000305175781,86.83747863769531,13292300,0.0,0.0
2018-01-10,109.47000122070312,110.69999694824219,109.38999938964844,110.25,87.79305267333984,15834500,0.0,0.0
2018-01-11,110.66999816894531,110.93000030517578,110.05000305175781,110.83999633789062,88.26283264160156,13676800,0.0,0.0
2018-01-12,111.6500015258789,112.8499984741211,110.83999633789062,112.66999816894531,89.72008514404297,18884200,0.0,0.0
2018-01-16,111.51000213623047,113.43000030517578,111.06999969482422,112.2699966430664,89.40155792236328,22703300,0.0,0.0
2018-01-17,111.88999938964844,113.30000305175781,111.30999755859375,112.98999786376953,89.97490692138672,14940300,0.0,0.0
2018-01-18,112.76000213623047,113.72000122070312,112.2699966430664,113.26000213623047,90.18992614746094,14572900,0.0,0.0
2018-01-19,113.94000244140625,114.33999633789062,112.80000305175781,113.01000213623047,89.99081420898438,18785500,0.0,0.0
2018-01-22,112.66000366210938,114.38999938964844,112.5,114.33000183105469,91.04198455810547,12475700,0.0,0.0
2018-01-23,113.66999816894531,114.63999938964844,113.3499984741211,114.20999908447266,90.9464111328125,12320800,0.0,0.0
2018-01-24,114.86000061035156,116.0,114.66000366210938,115.66999816894531,92.10901641845703,15904500,0.0,0.0
2018-01-25,116.04000091552734,116.16999816894531,115.08000183105469,115.69999694824219,92.13290405273438,13510000,0.0,0.0
2018-01-26,115.69999694824219,116.31999969482422,114.95999908447266,116.31999969482422,92.62661743164062,13883900,0.0,0.0
2018-01-29,116.0199966430664,117.3499984741211,116.0199966430664,116.19999694824219,92.53105163574219,11679900,0.0,0.0
2018-01-30,115.52999877929688,116.5999984741211,114.9800033569336,115.11000061035156,91.66310119628906,14279100,0.0,0.0
2018-01-31,115.6500015258789,116.66000366210938,115.16000366210938,115.66999816894531,92.10901641845703,13141400,0.0,0.0
2018-02-01,115.7699966430664,116.98999786376953,115.4800033569336,116.87000274658203,93.0645980834961,13800600,0.0,0.0
2018-02-02,116.48999786376953,116.91999816894531,114.08999633789062,114.27999877929688,91.00215148925781,16477300,0.0,0.0
2018-02-05,113.0,114.58999633789062,103.9800033569336,108.80000305175781,86.63835906982422,30097600,0.0,0.0
2018-02-06,106.8499984741211,112.4800033569336,106.61000061035156,112.11000061035156,89.2741470336914,33114800,0.0,0.0
2018-02-07,111.55000305175781,114.44999694824219,111.1500015258789,112.87000274658203,89.87934875488281,21878300,0.0,0.0
2018-02-08,113.11000061035156,113.11000061035156,107.83999633789062,107.87999725341797,85.90576934814453,27425800,0.0,0.0
2018-02-09,109.0999984741211,111.05000305175781,106.2300033569336,110.04000091552734,87.62576293945312,28188000,0.0,0.0
2018-02-12,111.16999816894531,112.7300033569336,110.06999969482422,111.73999786376953,88.97950744628906,18043300,0.0,0.0
2018-02-13,111.31999969482422,113.05000305175781,110.80000305175781,112.43000030517578,89.52896118164062,16358200,0.0,0.0
2018-02-14,112.62999725341797,115.2699966430664,112.52999877929688,115.02999877929688,91.59935760498047,15186900,0.0,0.0
2018-02-15,115.73999786376953,115.98999786376953,114.22000122070312,115.51000213623047,91.98159790039062,12130200,0.0,0.0
2018-02-16,114.55000305175781,116.06999969482422,114.5,114.68000030517578,91.32067108154297,13214300,0.0,0.0
2018-02-20,114.6500015258789,115.38999938964844,113.97000122070312,114.70999908447266,91.34457397460938,13461500,0.0,0.0
2018-02-21,115.0,117.44999694824219,114.66999816894531,115.19000244140625,91.72681427001953,14212500,0.0,0.0
2018-02-22,115.5,116.43000030517578,114.76000213623047,114.9800033569336,91.5595474243164,17070400,0.0,0.0
2018-02-23,115.30999755859375,117.38999938964844,115.30999755859375,117.30999755859375,93.41494750976562,12162500,0.0,0.0
2018-02-26,118.13999938964844,118.9000015258789,117.31999969482422,118.7699966430664,94.57756042480469,16511200,0.0,0.0
2018-02-27,118.91000366210938,119.33000183105469,117.3499984741211,117.36000061035156,93.45475769042969,17563300,0.0,0.0
2018-02-28,117.81999969482422,118.48999786376953,115.33999633789062,115.5,91.97364044189453,17735600,0.0,0.0
2018-03-01,115.4800033569336,116.63999938964844,112.6500015258789,113.43000030517578,90.32528686523438,18690000,0.0,0.0
2018-03-02,112.38999938964844,113.55999755859375,111.12000274658203,113.31999969482422,90.23770904541016,18353700,0.0,0.0
2018-03-05,112.05000305175781,115.93000030517578,111.88999938964844,115.05999755859375,91.62327575683594,13933000,0.0,0.0
2018-03-06,115.63999938964844,115.81999969482422,114.31999969482422,115.16000366210938,91.70291900634766,10674400,0.0,0.0
2018-03-07,113.75,115.0999984741211,113.11000061035156,114.7300033569336,91.3604965209961,13006500,0.0,0.0
2018-03-08,115.11000061035156,115.2300033569336,113.20999908447266,114.73999786376953,91.36842346191406,11173700,0.0,0.0
2018-03-09,116.55000305175781,118.08000183105469,115.66999816894531,118.04000091552734,93.99626159667969,15366600,0.0,0.0
2018-03-12,118.0,118.75,117.25,117.66000366210938,93.69366455078125,12339300,0.0,0.0
2018-03-13,118.19999694824219,118.47000122070312,115.83000183105469,116.25,92.57086944580078,13312300,0.0,0.0
2018-03-14,116.55999755859375,116.58999633789062,114.5999984741211,114.94999694824219,91.53565216064453,12905100,0.0,0.0
2018-03-15,115.87000274658203,116.0,114.83000183105469,115.23999786376953,91.76660919189453,8748000,0.0,0.0
2018-03-16,115.33999633789062,116.5999984741211,115.33999633789062,115.44000244140625,91.92586517333984,19888900,0.0,0.0
2018-03-19,115.0999984741211,115.44999694824219,113.30000305175781,114.52999877929688,91.20123291015625,13214900,0.0,0.0
2018-03-20,114.87000274658203,115.44999694824219,114.44999694824219,114.63999938964844,91.288818359375,9921200,0.0,0.0
2018-03-21,114.80999755859375,116.62999725341797,114.20999908447266,114.73999786376953,91.36842346191406,13633000,0.0,0.0
2018-03-22,113.19999694824219,113.5999984741211,109.54000091552734,109.94999694824219,87.55414581298828,22550400,0.0,0.0
2018-03-23,110.2699966430664,110.91999816894531,106.76000213623047,107.01000213623047,85.2129898071289,23081500,0.0,0.0
2018-03-26,109.19000244140625,111.16000366210938,108.6500015258789,110.30999755859375,87.8407974243164,20217500,0.0,0.0
2018-03-27,111.06999969482422,111.69000244140625,107.30000305175781,108.16999816894531,86.13670349121094,18039900,0.0,0.0
2018-03-28,108.27999877929688,109.16999816894531,106.6500015258789,108.0,86.00133514404297,19189300,0.0,0.0
2018-03-29,108.5,110.77999877929688,107.77999877929688,109.97000122070312,87.57001495361328,13274600,0.0,0.0
2018-04-02,109.95999908447266,110.7300033569336,106.08000183105469,107.8499984741211,85.88189697265625,18822500,0.0,0.0
2018-04-03,108.36000061035156,109.5,107.26000213623047,109.33000183105469,87.06041717529297,14050700,0.0,0.0
2018-04-04,107.0999984741211,111.20999908447266,107.0199966430664,110.98999786376953,88.38227081298828,15302600,0.0,0.0
2018-04-05,111.62999725341797,112.83000183105469,111.38999938964844,111.87999725341797,89.54280853271484,16627000,0.56,0.0
2018-04-06,110.55000305175781,111.55000305175781,107.81999969482422,109.08999633789062,87.309814453125,18906000,0.0,0.0
2018-04-09,110.01000213623047,112.9800033569336,109.88999938964844,110.4000015258789,88.35828399658203,15974300,0.0,0.0
2018-04-10,112.12999725341797,112.87000274658203,111.41999816894531,112.51000213623047,90.0469970703125,13951400,0.0,0.0
2018-04-11,111.66000366210938,111.80999755859375,110.5199966430664,110.62000274658203,88.53436279296875,14503300,0.0,0.0
2018-04-12,111.55999755859375,114.38999938964844,111.5,113.37000274658203,90.73532104492188,16435500,0.0,0.0
2018-04-13,115.0199966430664,115.1500015258789,109.05000305175781,110.30000305175781,88.27822875976562,39152800,0.0,0.0
2018-04-16,110.94000244140625,111.47000122070312,109.79000091552734,110.20999908447266,88.20621490478516,16580500,0.0,0.0
2018-04-17,111.37000274658203,111.91999816894531,109.98999786376953,110.20999908447266,88.20621490478516,15501400,0.0,0.0
2018-04-18,110.52999877929688,111.06999969482422,108.88999938964844,109.31999969482422,87.49390411376953,16081400,0.0,0.0
2018-04-19,109.52999877929688,111.87000274658203,109.5,111.72000122070312,89.41474914550781,17911000,0.0,0.0
2018-04-20,112.30000305175781,112.73999786376953,110.87999725341797,111.47000122070312,89.21464538574219,15584400,0.0,0.0
2018-04-23,111.56999969482422,111.94999694824219,110.62999725341797,110.93000030517578,88.78245544433594,11285800,0.0,0.0
2018-04-24,111.75,112.9000015258789,109.58999633789062,110.41000366210938,88.36629486083984,16453100,0.0,0.0
2018-04-25,110.2699966430664,110.52999877929688,108.5999984741211,109.98999786376953,88.03013610839844,13548200,0.0,0.0
2018-04-26,109.97000122070312,110.81999969482422,109.33999633789062,110.0999984741211,88.11817169189453,10299500,0.0,0.0
2018-04-27,109.55000305175781,110.16000366210938,109.12999725341797,109.4000015258789,87.55792236328125,9384000,0.0,0.0
2018-04-30,109.75,110.30000305175781,108.75,108.77999877929688,87.06171417236328,13744900,0.0,0.0
2018-05-01,108.44999694824219,108.97000122070312,107.54000091552734,108.77999877929688,87.06171417236328,10503400,0.0,0.0
2018-05-02,108.11000061035156,109.48999786376953,107.7300033569336,107.91999816894531,86.37340545654297,12162100,0.0,0.0
2018-05-03,107.58999633789062,107.7699966430664,105.18000030517578,107.23999786376953,85.82919311523438,15379100,0.0,0.0
2018-05-04,106.43000030517578,108.73999786376953,105.9800033569336,108.43000030517578,86.7816162109375,11967900,0.0,0.0
2018-05-07,108.76000213623047,109.68000030517578,108.36000061035156,109.37000274658203,87.533935546875,9356700,0.0,0.0
2018-05-08,109.52999877929688,111.33999633789062,109.27999877929688,110.98999786376953,88.83048248291016,12543200,0.0,0.0
2018-05-09,111.44000244140625,113.63999938964844,111.02999877929688,113.41000366210938,90.76732635498047,11368100,0.0,0.0
2018-05-10,113.19000244140625,114.44000244140625,112.75,114.29000091552734,91.47163391113281,9159700,0.0,0.0
2018-05-11,114.48999786376953,114.7300033569336,113.66999816894531,113.86000061035156,91.12747192382812,10253000,0.0,0.0
2018-05-14,114.11000061035156,114.69999694824219,113.73999786376953,113.9000015258789,91.15951538085938,8710700,0.0,0.0
2018-05-15,113.91000366210938,113.91000366210938,112.56999969482422,113.02999877929688,90.46318817138672,11536200,0.0,0.0
2018-05-16,112.88999938964844,113.69000244140625,112.62999725341797,113.33999633789062,90.71128845214844,7571100,0.0,0.0
2018-05-17,113.19999694824219,113.41000366210938,112.19999694824219,112.95999908447266,90.40717315673828,8617200,0.0,0.0
2018-05-18,112.75,112.80000305175781,110.83999633789062,111.12999725341797,88.9425277709961,11806300,0.0,0.0
2018-05-21,112.05000305175781,112.54000091552734,111.91999816894531,112.1500015258789,89.7588882446289,9441900,0.0,0.0
2018-05-22,112.3499984741211,114.29000091552734,112.29000091552734,113.01000213623047,90.44715881347656,11507600,0.0,0.0
2018-05-23,112.51000213623047,112.7699966430664,111.12000274658203,112.48999786376953,90.03099822998047,11453900,0.0,0.0
2018-05-24,112.13999938964844,112.1500015258789,110.12000274658203,111.2300033569336,89.02256774902344,14084800,0.0,0.0
2018-05-25,110.45999908447266,111.08000183105469,110.19999694824219,110.66000366210938,88.56637573242188,8283500,0.0,0.0
2018-05-29,109.18000030517578,109.19999694824219,104.95999908447266,105.93000030517578,84.7807388305664,30643800,0.0,0.0
2018-05-30,107.63999938964844,108.5999984741211,106.6500015258789,108.3499984741211,86.71756744384766,17490800,0.0,0.0
2018-05-31,107.94999694824219,108.19000244140625,106.41999816894531,107.01000213623047,85.64509582519531,19808200,0.0,0.0
2018-06-01,108.33999633789062,108.94000244140625,107.80000305175781,108.4000015258789,86.75757598876953,13594200,0.0,0.0
2018-06-04,108.98999786376953,109.26000213623047,108.2699966430664,108.44999694824219,86.79757690429688,9415400,0.0,0.0
2018-06-05,108.23999786376953,108.30999755859375,107.06999969482422,107.83999633789062,86.30937194824219,10415200,0.0,0.0
2018-06-06,108.66000366210938,110.73999786376953,108.4800033569336,110.36000061035156,88.32626342773438,15453600,0.0,0.0
2018-06-07,111.18000030517578,111.5,110.02999877929688,110.80000305175781,88.67840576171875,13444400,0.0,0.0
2018-06-08,110.62000274658203,111.13999938964844,110.05999755859375,111.11000061035156,88.92654418945312,10383200,0.0,0.0
2018-06-11,111.12000274658203,111.91000366210938,110.7699966430664,110.83000183105469,88.70242309570312,12642900,0.0,0.0
2018-06-12,111.13999938964844,111.52999877929688,109.5199966430664,110.19000244140625,88.19019317626953,15294100,0.0,0.0
2018-06-13,110.45999908447266,111.44999694824219,109.58000183105469,109.97000122070312,88.01410675048828,14979700,0.0,0.0
2018-06-14,110.27999877929688,110.36000061035156,107.77999877929688,108.02999877929688,86.4614486694336,20487300,0.0,0.0
2018-06-15,107.80000305175781,108.37999725341797,106.2699966430664,107.9000015258789,86.35740661621094,26028600,0.0,0.0
2018-06-18,107.26000213623047,108.4000015258789,106.69000244140625,108.18000030517578,86.58151245117188,9786800,0.0,0.0
2018-06-19,106.9000015258789,107.87999725341797,106.5999984741211,107.55000305175781,86.07728576660156,12707200,0.0,0.0
2018-06-20,108.18000030517578,108.63999938964844,107.44000244140625,107.54000091552734,86.06930541992188,8876900,0.0,0.0
2018-06-21,107.0999984741211,108.20999908447266,106.52999877929688,107.51000213623047,86.04525756835938,11048700,0.0,0.0
2018-06-22,108.16000366210938,108.37000274658203,105.51000213623047,105.75,84.63663482666016,19478900,0.0,0.0
2018-06-25,105.66000366210938,105.69999694824219,103.95999908447266,104.79000091552734,83.86833190917969,16907600,0.0,0.0
2018-06-26,104.70999908447266,105.20999908447266,103.11000061035156,104.86000061035156,83.92432403564453,17086800,0.0,0.0
2018-06-27,104.68000030517578,105.91999816894531,103.2300033569336,103.23999786376953,82.6278076171875,16276800,0.0,0.0
2018-06-28,103.68000030517578,105.45999908447266,103.51000213623047,104.93000030517578,83.98035430908203,14491300,0.0,0.0
2018-06-29,106.68000030517578,106.9000015258789,104.1500015258789,104.19999694824219,83.39613342285156,18972400,0.0,0.0
2018-07-02,103.72000122070312,105.08999633789062,103.37999725341797,105.08000183105469,84.10044860839844,11130000,0.0,0.0
2018-07-03,105.41000366210938,105.77999877929688,103.5199966430664,103.61000061035156,82.92391967773438,8311700,0.0,0.0
2018-07-05,104.12999725341797,104.37999725341797,103.52999877929688,103.72000122070312,83.46307373046875,10723400,0.56,0.0
2018-07-06,103.12000274658203,104.5,102.19999694824219,104.05999755859375,83.73666381835938,12173700,0.0,0.0
2018-07-09,104.70999908447266,107.45999908447266,104.70999908447266,107.27999877929688,86.32776641845703,13900800,0.0,0.0
2018-07-10,108.0199966430664,108.4000015258789,106.52999877929688,106.62000274658203,85.79669952392578,14575900,0.0,0.0
2018-07-11,106.30999755859375,107.05999755859375,106.20999908447266,106.38999938964844,85.61158752441406,10186500,0.0,0.0
2018-07-12,107.41999816894531,107.55999755859375,105.97000122070312,106.8499984741211,85.98175048828125,12456800,0.0,0.0
2018-07-13,107.30000305175781,107.80000305175781,105.13999938964844,106.36000061035156,85.58749389648438,21289100,0.0,0.0
2018-07-16,107.05000305175781,110.7699966430664,106.9800033569336,110.58000183105469,88.9832763671875,24662600,0.0,0.0
2018-07-17,110.69000244140625,110.93000030517578,109.75,110.5,88.91889953613281,14821900,0.0,0.0
2018-07-18,110.41999816894531,112.12000274658203,110.19999694824219,111.52999877929688,89.74774932861328,14244900,0.0,0.0
2018-07-19,111.05999755859375,111.08999633789062,109.7300033569336,109.88999938964844,88.42803192138672,16775300,0.0,0.0
2018-07-20,110.0,111.73999786376953,109.77999877929688,111.27999877929688,89.54655456542969,13578100,0.0,0.0
2018-07-23,111.05999755859375,114.23999786376953,110.93000030517578,113.3499984741211,91.2122802734375,18140000,0.0,0.0
2018-07-24,113.55000305175781,114.77999877929688,113.41999816894531,114.1500015258789,91.85604858398438,14000400,0.0,0.0
2018-07-25,113.87999725341797,115.5199966430664,113.37999725341797,115.18000030517578,92.68489074707031,13329100,0.0,0.0
2018-07-26,115.41999816894531,115.58999633789062,114.58000183105469,114.8499984741211,92.41932678222656,11897800,0.0,0.0
2018-07-27,115.18000030517578,116.30000305175781,114.80999755859375,116.02999877929688,93.3688735961914,12802700,0.0,0.0
2018-07-30,116.27999877929688,117.61000061035156,116.05999755859375,116.7300033569336,93.93217468261719,13411600,0.0,0.0
2018-07-31,117.08000183105469,117.08000183105469,114.81999969482422,114.94999694824219,92.4997787475586,15843800,0.0,0.0
2018-08-01,115.75,116.69000244140625,115.27999877929688,115.66000366210938,93.07115173339844,13531600,0.0,0.0
2018-08-02,114.56999969482422,116.25,114.33000183105469,116.1500015258789,93.46543884277344,11058100,0.0,0.0
2018-08-03,116.0,117.12999725341797,115.94000244140625,117.08999633789062,94.22186279296875,11016100,0.0,0.0
2018-08-06,116.79000091552734,117.52999877929688,116.18000030517578,117.12000274658203,94.2459945678711,9857400,0.0,0.0
2018-08-07,117.73999786376953,118.29000091552734,117.33000183105469,117.55000305175781,94.5920181274414,10562100,0.0,0.0
2018-08-08,117.33000183105469,118.2699966430664,117.27999877929688,117.79000091552734,94.78512573242188,8997100,0.0,0.0
2018-08-09,117.51000213623047,117.72000122070312,116.69999694824219,116.87999725341797,94.05286407470703,9694200,0.0,0.0
2018-08-10,115.5,115.94999694824219,114.68000030517578,115.7300033569336,93.12745666503906,12630600,0.0,0.0
2018-08-13,115.55999755859375,115.87999725341797,113.81999969482422,113.88999938964844,91.6468276977539,10336300,0.0,0.0
2018-08-14,114.2699966430664,115.04000091552734,113.6500015258789,114.6500015258789,92.2583999633789,10597600,0.0,0.0
2018-08-15,113.81999969482422,114.33000183105469,112.97000122070312,113.69999694824219,91.49396514892578,10152100,0.0,0.0
2018-08-16,114.3499984741211,115.30999755859375,114.30000305175781,114.7699966430664,92.35496520996094,10118600,0.0,0.0
2018-08-17,114.63999938964844,115.06999969482422,114.30000305175781,114.7699966430664,92.35496520996094,8505100,0.0,0.0
2018-08-20,114.58999633789062,115.05000305175781,114.11000061035156,114.62000274658203,92.23426818847656,8618700,0.0,0.0
2018-08-21,115.37000274658203,116.38999938964844,114.87999725341797,115.31999969482422,92.79753112792969,10976700,0.0,0.0
2018-08-22,115.30999755859375,115.41000366210938,114.77999877929688,114.97000122070312,92.51589965820312,8314700,0.0,0.0
2018-08-23,114.95999908447266,115.1500015258789,114.43000030517578,114.7300033569336,92.32276916503906,9265400,0.0,0.0
2018-08-24,114.9800033569336,115.22000122070312,114.44999694824219,114.68000030517578,92.28253173828125,8845700,0.0,0.0
2018-08-27,115.22000122070312,117.27999877929688,115.16999816894531,116.70999908447266,93.91608428955078,13768000,0.0,0.0
2018-08-28,117.0,117.02999877929688,115.97000122070312,116.13999938964844,93.45738983154297,8302600,0.0,0.0
2018-08-29,116.3499984741211,116.37000274658203,115.36000061035156,115.76000213623047,93.151611328125,7221700,0.0,0.0
2018-08-30,115.58999633789062,116.04000091552734,114.9800033569336,115.19000244140625,92.69293975830078,8991800,0.0,0.0
2018-08-31,114.83000183105469,114.83999633789062,113.81999969482422,114.58000183105469,92.20207214355469,13065700,0.0,0.0
2018-09-04,114.33999633789062,115.23999786376953,113.62999725341797,115.1500015258789,92.66075134277344,10174200,0.0,0.0
2018-09-05,115.0,115.69999694824219,114.25,114.58999633789062,92.21011352539062,11462400,0.0,0.0
2018-09-06,114.5,114.69999694824219,113.5,114.0999984741211,91.81581115722656,9877600,0.0,0.0
2018-09-07,114.5,114.7699966430664,113.62999725341797,114.31999969482422,91.99285888671875,10955600,0.0,0.0
2018-09-10,114.8499984741211,114.97000122070312,113.66000366210938,113.70999908447266,91.5019760131836,8276900,0.0,0.0
2018-09-11,113.54000091552734,114.58000183105469,113.18000030517578,114.43000030517578,92.08138275146484,9333800,0.0,0.0
2018-09-12,114.25,114.87999725341797,112.8499984741211,113.08000183105469,90.9950180053711,10800800,0.0,0.0
2018-09-13,113.37000274658203,114.12999725341797,112.66999816894531,113.5199966430664,91.34906768798828,12470800,0.0,0.0
2018-09-14,113.80999755859375,114.48999786376953,113.2300033569336,113.5,91.33301544189453,10337900,0.0,0.0
2018-09-17,113.79000091552734,114.43000030517578,113.30000305175781,113.83999633789062,91.60659790039062,9561300,0.0,0.0
2018-09-18,114.33000183105469,114.66000366210938,113.55999755859375,114.30000305175781,91.97676086425781,7944200,0.0,0.0
2018-09-19,114.44000244140625,118.05999755859375,114.44000244140625,117.62000274658203,94.6483383178711,16052800,0.0,0.0
2018-09-20,118.5,119.23999786376953,118.08000183105469,118.62999725341797,95.46107482910156,15590000,0.0,0.0
2018-09-21,119.12999725341797,119.2300033569336,117.73999786376953,117.8499984741211,94.83340454101562,24788200,0.0,0.0
2018-09-24,117.76000213623047,118.45999908447266,116.43000030517578,116.72000122070312,93.92413330078125,12492500,0.0,0.0
2018-09-25,117.04000091552734,117.97000122070312,116.31999969482422,116.38999938964844,93.65856170654297,9308300,0.0,0.0
2018-09-26,116.75,116.87000274658203,114.66000366210938,115.0199966430664,92.55613708496094,14023600,0.0,0.0
2018-09-27,115.41999816894531,115.76000213623047,114.16000366210938,114.5199966430664,92.15379333496094,13283000,0.0,0.0
2018-09-28,113.6500015258789,114.23999786376953,112.5199966430664,112.83999633789062,90.8019027709961,15815100,0.0,0.0
2018-10-01,113.37000274658203,114.61000061035156,113.04000091552734,113.5,91.33301544189453,10146300,0.0,0.0
2018-10-02,113.36000061035156,114.12000274658203,112.80999755859375,113.97000122070312,91.71121215820312,13753100,0.0,0.0
2018-10-03,114.94000244140625,115.66000366210938,114.4800033569336,115.04000091552734,92.5722427368164,17142000,0.0,0.0
2018-10-04,114.55000305175781,116.80999755859375,114.20999908447266,115.2699966430664,93.40686798095703,16357400,0.8,0.0
2018-10-05,115.83000183105469,116.0999984741211,114.0199966430664,114.62000274658203,92.88014221191406,13777600,0.0,0.0
2018-10-08,114.25,115.77999877929688,113.3499984741211,115.31999969482422,93.44737243652344,14370900,0.0,0.0
2018-10-09,114.66999816894531,115.02999877929688,113.66999816894531,114.5199966430664,92.79911804199219,14069500,0.0,0.0
2018-10-10,114.69999694824219,114.94999694824219,111.47000122070312,111.47000122070312,90.32760620117188,23086400,0.0,0.0
2018-10-11,110.97000122070312,111.47000122070312,107.37999725341797,108.12999725341797,87.6211166381836,33705600,0.0,0.0
2018-10-12,110.37000274658203,110.83000183105469,105.5999984741211,106.94999694824219,86.66490173339844,32075700,0.0,0.0
2018-10-15,107.19999694824219,108.8499984741211,106.31999969482422,106.33999633789062,86.17061614990234,18903200,0.0,0.0
2018-10-16,107.16000366210938,108.77999877929688,106.7300033569336,108.62000274658203,88.0181655883789,19302800,0.0,0.0
2018-10-17,108.37999725341797,110.80000305175781,108.2300033569336,109.83000183105469,88.99866485595703,18794500,0.0,0.0
2018-10-18,109.0199966430664,109.83999633789062,107.80999755859375,108.08999633789062,87.58868408203125,17582500,0.0,0.0
2018-10-19,107.6500015258789,109.22000122070312,107.2699966430664,107.91000366210938,87.44282531738281,15234500,0.0,0.0
2018-10-22,108.1500015258789,108.33999633789062,106.11000061035156,106.36000061035156,86.18684387207031,16199100,0.0,0.0
2018-10-23,104.19999694824219,106.16000366210938,103.69999694824219,105.25,85.28734588623047,21407500,0.0,0.0
2018-10-24,104.76000213623047,105.02999877929688,102.91000366210938,103.29000091552734,83.69908142089844,23168900,0.0,0.0
2018-10-25,104.18000030517578,105.9000015258789,103.72000122070312,104.86000061035156,84.97130584716797,17464700,0.0,0.0
2018-10-26,104.0,104.55999755859375,102.7300033569336,103.41999816894531,83.80443572998047,19174900,0.0,0.0
2018-10-29,104.45999908447266,106.62999725341797,103.69999694824219,104.8499984741211,84.96321105957031,18445200,0.0,0.0
2018-10-30,105.70999908447266,106.9800033569336,104.86000061035156,106.69999694824219,86.46232604980469,18019700,0.0,0.0
2018-10-31,108.08000183105469,110.4800033569336,107.79000091552734,109.0199966430664,88.34229278564453,20860000,0.0,0.0
2018-11-01,109.62000274658203,110.22000122070312,108.31999969482422,108.9800033569336,88.30990600585938,13065000,0.0,0.0
2018-11-02,109.9000015258789,110.80999755859375,107.48999786376953,108.37999725341797,87.82369232177734,19009200,0.0,0.0
2018-11-05,108.61000061035156,109.29000091552734,108.41999816894531,109.08999633789062,88.39900970458984,10276400,0.0,0.0
2018-11-06,108.66999816894531,109.66999816894531,107.76000213623047,109.5999984741211,88.81228637695312,10825000,0.0,0.0
2018-11-07,110.37000274658203,111.7300033569336,109.3499984741211,111.4800033569336,90.3357162475586,12679600,0.0,0.0
2018-11-08,111.01000213623047,112.93000030517578,111.0,112.37999725341797,91.06500244140625,11662500,0.0,0.0
2018-11-09,112.2300033569336,112.36000061035156,110.83000183105469,111.29000091552734,90.1817626953125,10432200,0.0,0.0
2018-11-12,111.41999816894531,111.94000244140625,108.5999984741211,108.94999694824219,88.28556060791016,13279700,0.0,0.0
2018-11-13,109.0999984741211,111.12000274658203,109.0999984741211,109.58999633789062,88.80418395996094,13746100,0.0,0.0
2018-11-14,110.2300033569336,110.70999908447266,105.9800033569336,107.33000183105469,86.97283172607422,18361400,0.0,0.0
2018-11-15,108.23999786376953,110.08000183105469,106.80999755859375,110.06999969482422,89.19315338134766,19100000,0.0,0.0
2018-11-16,109.44999694824219,110.76000213623047,108.55000305175781,109.98999786376953,89.1283187866211,13798600,0.0,0.0
2018-11-19,109.95999908447266,111.19999694824219,109.52999877929688,110.83000183105469,89.80899810791016,13987000,0.0,0.0
2018-11-20,109.77999877929688,110.48999786376953,107.9800033569336,108.44999694824219,87.88040924072266,18936200,0.0,0.0
2018-11-21,109.02999877929688,109.61000061035156,107.63999938964844,107.63999938964844,87.22402954101562,10619600,0.0,0.0
2018-11-23,106.73999786376953,107.38999938964844,106.05999755859375,106.6500015258789,86.42183685302734,6488400,0.0,0.0
2018-11-26,107.72000122070312,109.9800033569336,107.44999694824219,109.26000213623047,88.53678131103516,13948300,0.0,0.0
2018-11-27,108.76000213623047,110.02999877929688,108.62999725341797,109.72000122070312,88.90950775146484,9238200,0.0,0.0
2018-11-28,109.80000305175781,111.4000015258789,108.87000274658203,110.94000244140625,89.89813232421875,13977300,0.0,0.0
2018-11-29,110.2699966430664,110.80000305175781,109.63999938964844,110.05999755859375,89.18504333496094,11144300,0.0,0.0
2018-11-30,109.8499984741211,111.31999969482422,109.58000183105469,111.19000244140625,90.1007080078125,18652700,0.0,0.0
2018-12-03,112.37999725341797,112.88999938964844,111.73999786376953,112.23999786376953,90.95155334472656,16034500,0.0,0.0
2018-12-04,111.5999984741211,111.5999984741211,106.7300033569336,107.2300033569336,86.8918228149414,23555900,0.0,0.0
2018-12-06,105.01000213623047,105.36000061035156,102.87999725341797,105.19000244140625,85.23871612548828,27213900,0.0,0.0
2018-12-07,105.16000366210938,106.9800033569336,102.91000366210938,103.29000091552734,83.69908142089844,19248600,0.0,0.0
2018-12-10,102.87000274658203,103.48999786376953,99.27999877929688,101.36000061035156,82.13516235351562,23636400,0.0,0.0
2018-12-11,103.12999725341797,103.66000366210938,100.20999908447266,100.37000274658203,81.33293151855469,16860700,0.0,0.0
2018-12-12,101.66000366210938,102.9000015258789,100.05999755859375,101.0199966430664,81.85962677001953,22621500,0.0,0.0
2018-12-13,101.55000305175781,101.97000122070312,100.66999816894531,101.12000274658203,81.940673828125,17250900,0.0,0.0
2018-12-14,99.98999786376953,101.94000244140625,99.86000061035156,100.29000091552734,81.26812744140625,19879500,0.0,0.0
2018-12-17,99.7699966430664,100.55999755859375,98.44000244140625,99.01000213623047,80.23088836669922,25113500,0.0,0.0
2018-12-18,99.41999816894531,100.88999938964844,98.12000274658203,98.54000091552734,79.85005187988281,20837200,0.0,0.0
2018-12-19,98.41000366210938,100.58000183105469,96.5999984741211,97.29000091552734,78.83711242675781,28767900,0.0,0.0
2018-12-20,96.61000061035156,98.27999877929688,95.69000244140625,96.44999694824219,78.15643310546875,31825200,0.0,0.0
2018-12-21,96.68000030517578,98.43000030517578,93.69000244140625,94.16999816894531,76.30886840820312,41313900,0.0,0.0
2018-12-24,92.88999938964844,94.22000122070312,92.13999938964844,92.13999938964844,74.6639175415039,17009300,0.0,0.0
2018-12-26,92.69000244140625,95.95999908447266,91.11000061035156,95.95999908447266,77.7593765258789,22542900,0.0,0.0
2018-12-27,94.81999969482422,97.1500015258789,93.55000305175781,97.04000091552734,78.63452911376953,20304700,0.0,0.0
2018-12-28,97.94999694824219,98.31999969482422,96.44000244140625,96.83000183105469,78.46437072753906,17963300,0.0,0.0
2018-12-31,97.58999633789062,98.80999755859375,96.7699966430664,97.62000274658203,79.10450744628906,13237200,0.0,0.0
2019-01-02,95.94999694824219,99.77999877929688,95.94000244140625,99.30999755859375,80.47396850585938,15670900,0.0,0.0
2019-01-03,98.63999938964844,98.88999938964844,96.69000244140625,97.11000061035156,79.33029174804688,16286400,0.8,0.0
2019-01-04,99.11000061035156,100.93000030517578,98.27999877929688,100.69000244140625,82.25485229492188,16935200,0.0,0.0
2019-01-07,100.43000030517578,101.47000122070312,99.70999908447266,100.76000213623047,82.3120346069336,15430700,0.0,0.0
2019-01-08,101.62999725341797,101.81999969482422,99.55000305175781,100.56999969482422,82.15681457519531,13578800,0.0,0.0
2019-01-09,100.80999755859375,101.48999786376953,99.93000030517578,100.4000015258789,82.01792907714844,14230300,0.0,0.0
2019-01-10,100.0199966430664,100.7300033569336,99.2699966430664,100.38999938964844,82.00978088378906,14376100,0.0,0.0
2019-01-11,99.88999938964844,100.16999816894531,98.94999694824219,99.91000366210938,81.6176528930664,15439900,0.0,0.0
2019-01-14,98.87000274658203,101.36000061035156,98.66000366210938,100.94000244140625,82.45907592773438,21258500,0.0,0.0
2019-01-15,98.88999938964844,102.47000122070312,98.5999984741211,101.68000030517578,83.06358337402344,26504900,0.0,0.0
2019-01-16,102.25,103.44999694824219,101.80000305175781,102.5,83.73346710205078,18533000,0.0,0.0
2019-01-17,102.11000061035156,103.5,101.91999816894531,102.91999816894531,84.0765609741211,14247600,0.0,0.0
2019-01-18,103.7699966430664,104.9000015258789,102.83000183105469,104.58999633789062,85.44080352783203,16428700,0.0,0.0
2019-01-22,103.08000183105469,103.58999633789062,102.12999725341797,102.94000244140625,84.09290313720703,17083700,0.0,0.0
2019-01-23,103.44000244140625,103.69999694824219,101.97000122070312,102.68000030517578,83.8804931640625,12146700,0.0,0.0
2019-01-24,102.12999725341797,103.08999633789062,101.94000244140625,102.73999786376953,83.92949676513672,11296800,0.0,0.0
2019-01-25,103.51000213623047,104.30999755859375,102.73999786376953,103.38999938964844,84.46051025390625,14369400,0.0,0.0
2019-01-28,102.88999938964844,104.23999786376953,102.58999633789062,103.87999725341797,84.86080169677734,12283100,0.0,0.0
2019-01-29,103.87999725341797,105.11000061035156,103.7300033569336,104.16999816894531,85.09769439697266,9743300,0.0,0.0
2019-01-30,104.13999938964844,105.23999786376953,103.77999877929688,104.41000366210938,85.29375457763672,12526300,0.0,0.0
2019-01-31,103.41000366210938,103.80000305175781,102.7300033569336,103.5,84.55036926269531,17520600,0.0,0.0
2019-02-01,104.0,104.8499984741211,103.5199966430664,103.87999725341797,84.86080169677734,13000800,0.0,0.0
2019-02-04,103.79000091552734,104.25,103.01000213623047,104.25,85.16304779052734,9871500,0.0,0.0
2019-02-05,104.5199966430664,104.55000305175781,103.29000091552734,103.79000091552734,84.78729248046875,12763000,0.0,0.0
2019-02-06,103.70999908447266,104.62000274658203,103.47000122070312,103.73999786376953,84.74642944335938,8745000,0.0,0.0
2019-02-07,103.25,103.5,101.44000244140625,102.37999725341797,83.63542938232422,13177500,0.0,0.0
2019-02-08,102.08000183105469,102.33999633789062,100.05999755859375,101.36000061035156,82.80217742919922,12892600,0.0,0.0
2019-02-11,101.76000213623047,102.01000213623047,100.7699966430664,100.87999725341797,82.41004943847656,10978500,0.0,0.0
2019-02-12,101.94999694824219,102.91999816894531,101.88999938964844,102.5999984741211,83.81515502929688,12852300,0.0,0.0
2019-02-13,102.9000015258789,103.8499984741211,102.9000015258789,103.08999633789062,84.21541595458984,10754100,0.0,0.0
2019-02-14,102.47000122070312,103.0999984741211,101.3499984741211,102.41999816894531,83.66809844970703,11518500,0.0,0.0
2019-02-15,103.9000015258789,105.69999694824219,103.66000366210938,105.55000305175781,86.22505187988281,14716900,0.0,0.0
2019-02-19,104.91000366210938,105.37000274658203,103.80999755859375,105.18000030517578,85.92277526855469,12764900,0.0,0.0
2019-02-20,105.20999908447266,105.80000305175781,104.87999725341797,105.69000244140625,86.33941650390625,10030300,0.0,0.0
2019-02-21,105.44999694824219,105.98999786376953,104.95999908447266,105.47000122070312,86.15967559814453,8400100,0.0,0.0
2019-02-22,105.69999694824219,106.08999633789062,104.77999877929688,105.0,85.7757568359375,10647300,0.0,0.0
2019-02-25,105.75,107.2699966430664,105.69000244140625,106.0999984741211,86.67434692382812,11230700,0.0,0.0
2019-02-26,104.5,105.47000122070312,103.94000244140625,105.29000091552734,86.01263427734375,15465400,0.0,0.0
2019-02-27,105.18000030517578,105.37999725341797,104.51000213623047,105.16000366210938,85.90645599365234,9968800,0.0,0.0
2019-02-28,105.01000213623047,105.20999908447266,104.18000030517578,104.36000061035156,85.2529067993164,15156900,0.0,0.0
2019-03-01,105.0999984741211,105.91000366210938,104.19999694824219,104.43000030517578,85.31011962890625,13813300,0.0,0.0
2019-03-04,104.91999816894531,105.91999816894531,103.2699966430664,104.19000244140625,85.11405944824219,12466300,0.0,0.0
2019-03-05,104.12999725341797,104.55000305175781,103.26000213623047,104.11000061035156,85.04869842529297,10856600,0.0,0.0
2019-03-06,103.86000061035156,104.56999969482422,103.55000305175781,103.72000122070312,84.73008728027344,9070800,0.0,0.0
2019-03-07,103.25,103.47000122070312,102.16000366210938,102.97000122070312,84.11739349365234,12705700,0.0,0.0
2019-03-08,101.98999786376953,103.2300033569336,101.98999786376953,103.01000213623047,84.15009307861328,10582400,0.0,0.0
2019-03-11,103.9800033569336,104.55000305175781,103.66000366210938,104.3499984741211,85.24475860595703,9763200,0.0,0.0
2019-03-12,104.58999633789062,104.79000091552734,103.75,104.04000091552734,84.99152374267578,10219100,0.0,0.0
2019-03-13,104.19000244140625,104.9800033569336,103.94999694824219,104.38999938964844,85.27742767333984,13022200,0.0,0.0
2019-03-14,104.5,105.87000274658203,104.45999908447266,105.33999633789062,86.0534896850586,10926500,0.0,0.0
2019-03-15,105.41000366210938,106.80000305175781,105.2300033569336,106.55000305175781,87.04194641113281,24811700,0.0,0.0
2019-03-18,106.55000305175781,107.79000091552734,106.5,107.19000244140625,87.56476593017578,12935500,0.0,0.0
2019-03-19,108.19999694824219,108.4000015258789,106.55000305175781,106.80000305175781,87.2461929321289,12889300,0.0,0.0
2019-03-20,106.43000030517578,106.6500015258789,104.41000366210938,104.5199966430664,85.38362884521484,14920700,0.0,0.0
2019-03-21,103.48999786376953,103.48999786376953,102.27999877929688,102.87000274658203,84.03569793701172,19751000,0.0,0.0
2019-03-22,101.81999969482422,102.31999969482422,99.5199966430664,99.76000213623047,81.4951171875,31115200,0.0,0.0
2019-03-25,99.58999633789062,100.56999969482422,98.08999633789062,98.93000030517578,80.81707763671875,21032300,0.0,0.0
2019-03-26,99.81999969482422,100.4000015258789,98.81999969482422,99.91999816894531,81.62581634521484,15987100,0.0,0.0
2019-03-27,99.87999725341797,100.44999694824219,99.08000183105469,99.58000183105469,81.34806823730469,12753200,0.0,0.0
2019-03-28,100.0,100.80000305175781,99.73999786376953,100.70999908447266,82.27117919921875,12454100,0.0,0.0
2019-03-29,101.54000091552734,101.98999786376953,100.58999633789062,101.2300033569336,82.69599914550781,14523400,0.0,0.0
2019-04-01,102.1500015258789,104.68000030517578,102.12000274658203,104.63999938964844,85.48165130615234,17499300,0.0,0.0
2019-04-02,104.5999984741211,105.44000244140625,104.33000183105469,105.13999938964844,85.89009857177734,10295400,0.0,0.0
2019-04-03,105.80999755859375,106.36000061035156,104.79000091552734,105.3499984741211,86.06166076660156,11499200,0.0,0.0
2019-04-04,104.55000305175781,105.7300033569336,104.44999694824219,105.55999755859375,86.8930435180664,11952100,0.8,0.0
2019-04-05,105.80000305175781,106.11000061035156,104.98999786376953,105.30999755859375,86.6872787475586,9933700,0.0,0.0
2019-04-08,105.11000061035156,105.6500015258789,104.91000366210938,105.6500015258789,86.96712493896484,8056300,0.0,0.0
2019-04-09,105.08000183105469,105.19999694824219,104.25,104.87000274658203,86.32508087158203,9092200,0.0,0.0
2019-04-10,105.12999725341797,105.72000122070312,104.47000122070312,105.33999633789062,86.71194458007812,10882300,0.0,0.0
2019-04-11,105.70999908447266,106.7300033569336,105.55999755859375,106.2300033569336,87.44457244873047,11183800,0.0,0.0
2019-04-12,109.44000244140625,111.8499984741211,108.87999725341797,111.20999908447266,91.54393005371094,25834100,0.0,0.0
2019-04-15,110.91999816894531,111.0,109.12000274658203,109.94000244140625,90.49850463867188,15163800,0.0,0.0
2019-04-16,109.9000015258789,111.38999938964844,109.86000061035156,111.0999984741211,91.45338439941406,11583200,0.0,0.0
2019-04-17,111.69999694824219,114.66000366210938,111.01000213623047,114.30000305175781,94.08749389648438,17791900,0.0,0.0
2019-04-18,114.52999877929688,114.94999694824219,113.33000183105469,113.45999908447266,93.39604949951172,12501900,0.0,0.0
2019-04-22,112.83000183105469,113.93000030517578,112.66000366210938,113.5999984741211,93.51129913330078,7975900,0.0,0.0
2019-04-23,113.0,114.37000274658203,112.8499984741211,113.73999786376953,93.62652587890625,9193100,0.0,0.0
2019-04-24,113.26000213623047,114.1500015258789,112.80999755859375,113.55000305175781,93.47014617919922,9245700,0.0,0.0
2019-04-25,113.01000213623047,114.1500015258789,112.5,113.61000061035156,93.51951599121094,9311800,0.0,0.0
2019-04-26,113.94999694824219,114.58000183105469,113.5999984741211,114.47000122070312,94.2274398803711,7889300,0.0,0.0
2019-04-29,114.5999984741211,117.16000366210938,114.44999694824219,116.12000274658203,95.58564758300781,14242200,0.0,0.0
2019-04-30,116.43000030517578,116.72000122070312,115.26000213623047,116.05000305175781,95.52803039550781,11389100,0.0,0.0
2019-05-01,115.72000122070312,117.0,115.11000061035156,115.16000366210938,94.79542541503906,10412900,0.0,0.0
2019-05-02,115.16999816894531,115.77999877929688,114.58000183105469,115.41000366210938,95.00120544433594,8613300,0.0,0.0
2019-05-03,116.0,116.68000030517578,115.66999816894531,116.12000274658203,95.58564758300781,8185400,0.0,0.0
2019-05-06,114.18000030517578,115.47000122070312,113.72000122070312,115.08999633789062,94.73778533935547,9387000,0.0,0.0
2019-05-07,114.02999877929688,114.02999877929688,112.29000091552734,113.20999908447266,93.19023895263672,15017700,0.0,0.0
2019-05-08,112.66000366210938,113.66999816894531,112.45999908447266,112.61000061035156,92.69634246826172,9575800,0.0,0.0
2019-05-09,111.13999938964844,112.73999786376953,110.58000183105469,112.5199966430664,92.62224578857422,12205900,0.0,0.0
2019-05-10,111.75,112.83999633789062,110.54000091552734,112.51000213623047,92.61402130126953,13189000,0.0,0.0
2019-05-13,110.08000183105469,110.44999694824219,108.9800033569336,109.44999694824219,90.09514617919922,13783700,0.0,0.0
2019-05-14,109.55000305175781,111.72000122070312,109.5,110.31999969482422,90.81131744384766,10503600,0.0,0.0
2019-05-15,109.20999908447266,110.9000015258789,108.61000061035156,109.9000015258789,90.46556854248047,10142000,0.0,0.0
2019-05-16,110.62000274658203,112.16999816894531,110.58999633789062,111.30999755859375,91.62622833251953,9672700,0.0,0.0
2019-05-17,110.0,111.75,109.83000183105469,110.7699966430664,91.18171691894531,9570100,0.0,0.0
2019-05-20,110.58000183105469,111.80999755859375,110.37000274658203,111.3499984741211,91.65917205810547,8518200,0.0,0.0
2019-05-21,111.44000244140625,111.91999816894531,111.22000122070312,111.7300033569336,91.97196197509766,7967900,0.0,0.0
2019-05-22,111.4000015258789,111.79000091552734,110.75,110.81999969482422,91.222900390625,7918900,0.0,0.0
2019-05-23,109.63999938964844,109.79000091552734,107.5,108.63999938964844,89.42839813232422,14558000,0.0,0.0
2019-05-24,109.5199966430664,109.95999908447266,109.19000244140625,109.70999908447266,90.30916595458984,8537300,0.0,0.0
2019-05-28,109.19999694824219,109.83000183105469,108.44000244140625,108.5199966430664,89.3296127319336,11665500,0.0,0.0
2019-05-29,107.44999694824219,108.4000015258789,107.05999755859375,108.22000122070312,89.0826416015625,9966400,0.0,0.0
2019-05-30,108.6500015258789,109.18000030517578,106.54000091552734,107.05999755859375,88.12779235839844,10367800,0.0,0.0
2019-05-31,105.55999755859375,106.58999633789062,104.83999633789062,105.95999908447266,87.22232055664062,10952800,0.0,0.0
2019-06-03,105.80000305175781,106.86000061035156,105.30000305175781,106.45999908447266,87.63389587402344,11680700,0.0,0.0
2019-06-04,107.8499984741211,109.9000015258789,107.12999725341797,109.73999786376953,90.33386993408203,12858600,0.0,0.0
2019-06-05,109.86000061035156,110.37999725341797,108.63999938964844,110.12999725341797,90.65491485595703,8340500,0.0,0.0
2019-06-06,110.1500015258789,110.87000274658203,108.93000030517578,110.37000274658203,90.85247039794922,8726700,0.0,0.0
2019-06-07,109.69999694824219,110.0199966430664,108.95999908447266,109.16000366210938,89.8564453125,10618900,0.0,0.0
2019-06-10,110.75,111.20999908447266,110.22000122070312,110.33999633789062,90.82775115966797,11380600,0.0,0.0
2019-06-11,110.81999969482422,111.56999969482422,110.37000274658203,110.68000030517578,91.10763549804688,9847700,0.0,0.0
2019-06-12,110.69999694824219,110.9000015258789,108.88999938964844,109.2699966430664,89.94701385498047,9670500,0.0,0.0
2019-06-13,109.45999908447266,110.16000366210938,109.05000305175781,109.54000091552734,90.16925048828125,8406900,0.0,0.0
2019-06-14,109.56999969482422,110.30000305175781,108.62999725341797,109.81999969482422,90.39971923828125,9077400,0.0,0.0
2019-06-17,109.69999694824219,110.37000274658203,109.05999755859375,109.22000122070312,89.90583038330078,8128600,0.0,0.0
2019-06-18,109.01000213623047,111.41000366210938,108.9800033569336,110.70999908447266,91.1323471069336,11057300,0.0,0.0
2019-06-19,110.81999969482422,111.58999633789062,109.69999694824219,109.91000366210938,90.47381591796875,13126500,0.0,0.0
2019-06-20,110.87999725341797,111.08999633789062,109.02999877929688,110.19000244140625,90.70430755615234,13638000,0.0,0.0
2019-06-21,110.19000244140625,111.66999816894531,109.08999633789062,109.44000244140625,90.08692932128906,27089500,0.0,0.0
2019-06-24,109.27999877929688,109.7699966430664,108.54000091552734,108.66000366210938,89.44487762451172,13039600,0.0,0.0
2019-06-25,108.68000030517578,108.9800033569336,107.66999816894531,107.76000213623047,88.70399475097656,18660100,0.0,0.0
2019-06-26,108.30000305175781,109.30999755859375,108.16000366210938,108.4800033569336,89.29669189453125,10324600,0.0,0.0
2019-06-27,108.83999633789062,109.55000305175781,108.44000244140625,108.83999633789062,89.593017578125,10906600,0.0,0.0
2019-06-28,111.04000091552734,112.43000030517578,110.9000015258789,111.80000305175781,92.02959442138672,21634700,0.0,0.0
2019-07-01,113.2300033569336,114.5199966430664,113.08000183105469,113.68000030517578,93.5771484375,12724500,0.0,0.0
2019-07-02,113.51000213623047,114.19999694824219,113.22000122070312,113.80000305175781,93.67594146728516,10174900,0.0,0.0
2019-07-03,113.33999633789062,113.87000274658203,112.26000213623047,112.81999969482422,93.52668762207031,6849400,0.8,0.0
2019-07-05,113.51000213623047,114.2699966430664,112.91999816894531,113.48999786376953,94.08212280273438,7929400,0.0,0.0
2019-07-08,112.95999908447266,113.4800033569336,112.5,112.87000274658203,93.56814575195312,6917200,0.0,0.0
2019-07-09,112.27999877929688,113.48999786376953,112.1500015258789,113.3499984741211,93.96605682373047,8947300,0.0,0.0
2019-07-10,113.37000274658203,113.83000183105469,112.73999786376953,113.0199966430664,93.69251251220703,9242300,0.0,0.0
2019-07-11,113.37000274658203,114.36000061035156,113.12000274658203,114.0999984741211,94.58779907226562,11595200,0.0,0.0
2019-07-12,114.12999725341797,115.3499984741211,113.93000030517578,115.30000305175781,95.58258056640625,10783400,0.0,0.0
2019-07-15,115.54000091552734,115.56999969482422,113.52999877929688,113.9000015258789,94.4220199584961,12946600,0.0,0.0
2019-07-16,113.4800033569336,115.5,112.91999816894531,115.12000274658203,95.4333724975586,16945000,0.0,0.0
2019-07-17,114.43000030517578,114.94000244140625,113.7300033569336,113.98999786376953,94.4966049194336,13120900,0.0,0.0
2019-07-18,113.93000030517578,115.06999969482422,113.55000305175781,114.66999816894531,95.060302734375,9397200,0.0,0.0
2019-07-19,114.88999938964844,115.12000274658203,113.4000015258789,113.54000091552734,94.12357330322266,10402800,0.0,0.0
2019-07-22,112.91000366210938,114.44999694824219,112.7699966430664,114.2699966430664,94.72872161865234,9061100,0.0,0.0
2019-07-23,114.87999725341797,116.44999694824219,114.81999969482422,116.36000061035156,96.46131134033203,12752200,0.0,0.0
2019-07-24,115.58000183105469,116.87999725341797,115.5199966430664,116.83000183105469,96.8509521484375,10011000,0.0,0.0
2019-07-25,116.88999938964844,117.23999786376953,115.31999969482422,115.70999908447266,95.92247772216797,10138400,0.0,0.0
2019-07-26,115.7699966430664,116.51000213623047,115.52999877929688,116.22000122070312,96.34526824951172,12800400,0.0,0.0
2019-07-29,116.45999908447266,117.18000030517578,115.79000091552734,115.8499984741211,96.03853607177734,8500400,0.0,0.0
2019-07-30,115.19000244140625,116.08000183105469,114.76000213623047,115.58999633789062,95.82299041748047,7121100,0.0,0.0
2019-07-31,116.0999984741211,116.18000030517578,114.86000061035156,116.0,96.16289520263672,13648000,0.0,0.0
2019-08-01,115.33000183105469,116.80000305175781,112.5999984741211,112.94000244140625,93.62618255615234,15664500,0.0,0.0
2019-08-02,112.4000015258789,113.43000030517578,111.4000015258789,112.93000030517578,93.61786651611328,11025500,0.0,0.0
2019-08-05,110.79000091552734,110.9800033569336,108.2699966430664,109.56999969482422,90.83247375488281,15855300,0.0,0.0
2019-08-06,110.05000305175781,110.5,108.33999633789062,110.43000030517578,91.54541015625,10203500,0.0,0.0
2019-08-07,108.0,108.27999877929688,105.94000244140625,108.02999877929688,89.55584716796875,17320900,0.0,0.0
2019-08-08,109.05000305175781,110.08000183105469,108.72000122070312,109.86000061035156,91.0728759765625,10903300,0.0,0.0
2019-08-09,109.3499984741211,110.44999694824219,108.29000091552734,109.73999786376953,90.97340393066406,9980800,0.0,0.0
2019-08-12,108.44000244140625,108.51000213623047,107.20999908447266,107.68000030517578,89.26567840576172,9393700,0.0,0.0
2019-08-13,107.94999694824219,110.33000183105469,107.02999877929688,109.33999633789062,90.64181518554688,12124700,0.0,0.0
2019-08-14,106.30000305175781,106.91000366210938,104.44999694824219,104.80000305175781,86.8781967163086,19491800,0.0,0.0
2019-08-15,104.81999969482422,106.37999725341797,104.33999633789062,105.19999694824219,87.20977783203125,13365600,0.0,0.0
2019-08-16,106.37000274658203,107.9800033569336,105.87000274658203,107.72000122070312,89.29884338378906,11830600,0.0,0.0
2019-08-19,109.62999725341797,109.75,108.41999816894531,108.69000244140625,90.10297393798828,8265400,0.0,0.0
2019-08-20,107.8499984741211,108.44000244140625,107.23999786376953,107.30999755859375,88.95894622802734,8374000,0.0,0.0
2019-08-21,108.20999908447266,108.43000030517578,107.44999694824219,107.61000061035156,89.2076644897461,8189300,0.0,0.0
2019-08-22,108.37000274658203,109.2699966430664,107.93000030517578,108.72000122070312,90.1278305053711,9343400,0.0,0.0
2019-08-23,108.0,108.77999877929688,105.11000061035156,106.0199966430664,87.8895492553711,14762300,0.0,0.0
2019-08-26,106.62000274658203,106.98999786376953,106.01000213623047,106.87000274658203,88.59419250488281,8209500,0.0,0.0
2019-08-27,107.3499984741211,107.55999755859375,104.83999633789062,105.73999786376953,87.65744018554688,14331800,0.0,0.0
2019-08-28,105.08000183105469,107.20999908447266,105.04000091552734,106.80000305175781,88.53618621826172,10585500,0.0,0.0
2019-08-29,108.13999938964844,109.88999938964844,108.0199966430664,109.22000122070312,90.54232788085938,10002200,0.0,0.0
2019-08-30,109.83999633789062,110.55999755859375,109.47000122070312,109.86000061035156,91.0728759765625,10170300,0.0,0.0
2019-09-03,108.9800033569336,108.98999786376953,107.31999969482422,108.55999755859375,89.99520111083984,9868800,0.0,0.0
2019-09-04,109.44999694824219,110.22000122070312,108.55999755859375,109.87000274658203,91.0811767578125,6929200,0.0,0.0
2019-09-05,111.25,113.72000122070312,111.19999694824219,112.37000274658203,93.15364837646484,13224700,0.0,0.0
2019-09-06,112.66000366210938,112.9800033569336,111.95999908447266,112.61000061035156,93.35260772705078,7836600,0.0,0.0
2019-09-09,113.70999908447266,116.05999755859375,113.5999984741211,115.4000015258789,95.66548156738281,13985100,0.0,0.0
2019-09-10,116.30000305175781,117.2699966430664,115.7300033569336,116.87000274658203,96.88411712646484,14333100,0.0,0.0
2019-09-11,116.88999938964844,117.19999694824219,115.37999725341797,117.19000244140625,97.1493911743164,9919200,0.0,0.0
2019-09-12,116.55000305175781,118.47000122070312,115.91999816894531,117.91000366210938,97.74628448486328,12283500,0.0,0.0
2019-09-13,119.0,120.4000015258789,118.75,120.2300033569336,99.66950988769531,16257200,0.0,0.0
2019-09-16,118.9000015258789,119.87000274658203,118.37999725341797,119.16000366210938,98.7824935913086,11993900,0.0,0.0
2019-09-17,118.41999816894531,118.61000061035156,117.23999786376953,118.56999969482422,98.29340362548828,10735400,0.0,0.0
2019-09-18,118.31999969482422,120.08000183105469,117.75,119.76000213623047,99.2799072265625,10665600,0.0,0.0
2019-09-19,119.69999694824219,120.33999633789062,119.08999633789062,119.37999725341797,98.96488189697266,9382600,0.0,0.0
2019-09-20,119.73999786376953,120.33999633789062,118.87000274658203,118.9000015258789,98.56695556640625,21862800,0.0,0.0
2019-09-23,117.77999877929688,119.12000274658203,117.68000030517578,118.87999725341797,98.55036926269531,9135100,0.0,0.0
2019-09-24,118.75,119.26000213623047,117.04000091552734,117.33000183105469,97.26544952392578,11696500,0.0,0.0
2019-09-25,117.2699966430664,118.36000061035156,117.12000274658203,118.0,97.82085418701172,9389400,0.0,0.0
2019-09-26,117.87999725341797,118.05000305175781,116.94999694824219,117.02999877929688,97.01673889160156,9899200,0.0,0.0
2019-09-27,117.95999908447266,118.63999938964844,117.27999877929688,117.72000122070312,97.58875274658203,10207800,0.0,0.0
2019-09-30,118.36000061035156,118.7699966430664,117.22000122070312,117.69000244140625,97.5638656616211,9755000,0.0,0.0
2019-10-01,118.4000015258789,119.0,115.41000366210938,115.55000305175781,95.78982543945312,11250300,0.0,0.0
2019-10-02,114.80999755859375,114.9000015258789,112.93000030517578,113.25,93.8831558227539,12548700,0.0,0.0
2019-10-03,112.2699966430664,112.91000366210938,110.5199966430664,112.19000244140625,93.74948120117188,12735200,0.9,0.0
2019-10-04,112.33999633789062,114.94000244140625,112.2699966430664,114.62000274658203,95.78005981445312,9453100,0.0,0.0
2019-10-07,114.19000244140625,115.5,114.06999969482422,114.37000274658203,95.57112884521484,6771600,0.0,0.0
2019-10-08,113.05999755859375,113.05999755859375,111.66000366210938,111.81999969482422,93.44027709960938,10806300,0.0,0.0
2019-10-09,112.66999816894531,113.16000366210938,112.06999969482422,112.62999725341797,94.11713409423828,7273700,0.0,0.0
2019-10-10,113.13999938964844,115.4000015258789,113.0,114.20999908447266,95.43744659423828,10994100,0.0,0.0
2019-10-11,116.02999877929688,117.98999786376953,115.87000274658203,116.13999938964844,97.05020141601562,15076500,0.0,0.0
2019-10-14,115.8499984741211,116.87000274658203,115.66000366210938,116.44999694824219,97.30924224853516,8779000,0.0,0.0
2019-10-15,118.8499984741211,121.58999633789062,117.87000274658203,119.95999908447266,100.2423095703125,23379000,0.0,0.0
2019-10-16,119.95999908447266,120.62000274658203,119.37999725341797,119.68000030517578,100.00833892822266,11087700,0.0,0.0
2019-10-17,120.75,121.56999969482422,119.87999725341797,120.3499984741211,100.56822967529297,10818500,0.0,0.0
2019-10-18,120.0,121.0199966430664,119.86000061035156,120.55999755859375,100.74369812011719,10417400,0.0,0.0
2019-10-21,122.05000305175781,123.7699966430664,121.98999786376953,123.55000305175781,103.24224090576172,12714600,0.0,0.0
2019-10-22,123.44999694824219,125.0999984741211,123.12000274658203,124.79000091552734,104.27841186523438,12549100,0.0,0.0
2019-10-23,124.19999694824219,125.1500015258789,124.16999816894531,125.12000274658203,104.55419158935547,8828300,0.0,0.0
2019-10-24,125.29000091552734,125.66000366210938,124.06999969482422,125.02999877929688,104.47895812988281,8020500,0.0,0.0
2019-10-25,125.0,126.6500015258789,124.75,126.02999877929688,105.3145751953125,9055700,0.0,0.0
2019-10-28,126.56999969482422,127.20999908447266,126.4000015258789,126.51000213623047,105.71571350097656,9522200,0.0,0.0
2019-10-29,126.05999755859375,127.41999816894531,125.94000244140625,126.43000030517578,105.64883422851562,9797300,0.0,0.0
2019-10-30,126.05000305175781,126.26000213623047,124.91999816894531,125.7300033569336,105.06390380859375,8513700,0.0,0.0
2019-10-31,125.48999786376953,125.7300033569336,123.86000061035156,124.91999816894531,104.3870620727539,11589100,0.0,0.0
2019-11-01,126.19999694824219,127.98999786376953,126.0199966430664,127.80000305175781,106.79365539550781,11682600,0.0,0.0
2019-11-04,129.0800018310547,129.4199981689453,128.55999755859375,128.82000732421875,107.64600372314453,9159900,0.0,0.0
2019-11-05,129.38999938964844,130.3000030517578,128.83999633789062,129.10000610351562,107.8799819946289,13747600,0.0,0.0
2019-11-06,128.69000244140625,129.83999633789062,128.5800018310547,129.3000030517578,108.04712677001953,11231100,0.0,0.0
2019-11-07,130.42999267578125,131.2899932861328,129.9199981689453,130.0,108.63207244873047,13528900,0.0,0.0
2019-11-08,129.8800048828125,130.39999389648438,129.25,130.3800048828125,108.94960021972656,9293400,0.0,0.0
2019-11-11,129.60000610351562,130.10000610351562,129.35000610351562,129.9199981689453,108.56520080566406,8679000,0.0,0.0
2019-11-12,129.6300048828125,130.6199951171875,129.00999450683594,129.16000366210938,107.9301528930664,9099000,0.0,0.0
2019-11-13,128.1300048828125,128.82000732421875,127.41999816894531,128.47999572753906,107.36188507080078,8023300,0.0,0.0
2019-11-14,127.72000122070312,128.83999633789062,127.58999633789062,128.60000610351562,107.46216583251953,8483400,0.0,0.0
2019-11-15,129.22999572753906,129.52999877929688,128.39999389648438,129.52999877929688,108.23931884765625,10163600,0.0,0.0
2019-11-18,129.55999755859375,130.64999389648438,128.99000549316406,130.6199951171875,109.15013885498047,8749300,0.0,0.0
2019-11-19,130.99000549316406,131.25,130.17999267578125,130.5800018310547,109.11673736572266,8824500,0.0,0.0
2019-11-20,130.3000030517578,130.6199951171875,128.94000244140625,129.6300048828125,108.3228759765625,11782800,0.0,0.0
2019-11-21,130.0,130.72000122070312,129.38999938964844,129.92999267578125,108.57356262207031,7705500,0.0,0.0
2019-11-22,130.14999389648438,131.22000122070312,130.10000610351562,130.7899932861328,109.29219818115234,8167900,0.0,0.0
2019-11-25,131.25,132.07000732421875,130.8699951171875,131.49000549316406,109.87713623046875,10068500,0.0,0.0
2019-11-26,131.82000732421875,131.82000732421875,130.36000061035156,131.6699981689453,110.02755737304688,10490700,0.0,0.0
2019-11-27,132.2899932861328,132.42999267578125,131.64999389648438,132.05999755859375,110.35346221923828,6607900,0.0,0.0
2019-11-29,131.8699951171875,132.41000366210938,131.4499969482422,131.75999450683594,110.10276794433594,5712000,0.0,0.0
2019-12-02,132.30999755859375,132.74000549316406,131.35000610351562,131.47000122070312,109.86042785644531,8615600,0.0,0.0
2019-12-03,129.77000427246094,129.9600067138672,128.58999633789062,129.77999877929688,108.4482192993164,10361300,0.0,0.0
2019-12-04,130.3800048828125,132.47000122070312,129.99000549316406,132.33999633789062,110.58740997314453,10318200,0.0,0.0
2019-12-05,132.67999267578125,133.30999755859375,132.17999267578125,133.05999755859375,111.18907165527344,9587400,0.0,0.0
2019-12-06,134.69000244140625,135.77999877929688,134.64999389648438,135.0399932861328,112.84363555908203,10170600,0.0,0.0
2019-12-09,134.6300048828125,135.4600067138672,134.41000366210938,134.41000366210938,112.31719207763672,8498200,0.0,0.0
2019-12-10,133.25,134.77000427246094,132.8800048828125,134.5,112.39238739013672,7532900,0.0,0.0
2019-12-11,134.2899932861328,135.02000427246094,134.00999450683594,134.17999267578125,112.12500762939453,9011900,0.0,0.0
2019-12-12,134.49000549316406,138.47000122070312,134.2100067138672,138.02000427246094,115.33379364013672,13717400,0.0,0.0
2019-12-13,137.9499969482422,138.8300018310547,136.22000122070312,136.80999755859375,114.32271575927734,10592100,0.0,0.0
2019-12-16,138.3800048828125,138.83999633789062,137.32000732421875,137.33999633789062,114.76555633544922,11372000,0.0,0.0
2019-12-17,137.72999572753906,138.6699981689453,137.22999572753906,138.17999267578125,115.46748352050781,11546800,0.0,0.0
2019-12-18,138.14999389648438,139.02000427246094,137.72000122070312,138.0399932861328,115.35051727294922,10381500,0.0,0.0
2019-12-19,137.75999450683594,138.22000122070312,137.10000610351562,137.35000610351562,114.77394104003906,9350400,0.0,0.0
2019-12-20,138.02000427246094,138.8800048828125,136.89999389648438,137.24000549316406,114.6820297241211,29992600,0.0,0.0
2019-12-23,137.60000610351562,137.91000366210938,136.8800048828125,137.1999969482422,114.64860534667969,9738400,0.0,0.0
2019-12-24,137.3300018310547,137.6300048828125,137.05999755859375,137.5800018310547,114.96614837646484,3324300,0.0,0.0
2019-12-26,137.88999938964844,139.10000610351562,137.77999877929688,139.0399932861328,116.1861572265625,6770900,0.0,0.0
2019-12-27,139.3000030517578,139.77000427246094,138.6699981689453,139.13999938964844,116.26972961425781,7868200,0.0,0.0
2019-12-30,139.89999389648438,140.0800018310547,138.47000122070312,138.6300048828125,115.84356689453125,6963000,0.0,0.0
2019-12-31,138.50999450683594,139.47999572753906,138.2899932861328,139.39999389648438,116.4869613647461,7201600,0.0,0.0
2020-01-02,139.7899932861328,141.10000610351562,139.25999450683594,141.08999633789062,117.89920806884766,10803700,0.0,0.0
2020-01-03,137.5,139.22999572753906,137.0800018310547,138.33999633789062,116.34337615966797,10386800,0.9,0.0
2020-01-06,136.55999755859375,138.27000427246094,136.5,138.22999572753906,116.25084686279297,10259000,0.0,0.0
2020-01-07,137.27999877929688,137.86000061035156,135.82000732421875,135.8800048828125,114.27452850341797,10531300,0.0,0.0
2020-01-08,135.6999969482422,137.5800018310547,135.60000610351562,136.94000244140625,115.16595458984375,9695300,0.0,0.0
2020-01-09,138.0500030517578,138.22999572753906,137.0399932861328,137.44000244140625,115.58645629882812,9469000,0.0,0.0
2020-01-10,137.2100067138672,137.25,135.80999755859375,136.07000732421875,114.434326171875,10190900,0.0,0.0
2020-01-13,136.19000244140625,137.1999969482422,135.75999450683594,137.1999969482422,115.38463592529297,12355200,0.0,0.0
2020-01-14,137.94000244140625,140.75999450683594,137.69000244140625,138.8000030517578,116.7302017211914,24906000,0.0,0.0
2020-01-15,137.85000610351562,138.60000610351562,136.14999389648438,136.72000122070312,114.9809341430664,16293400,0.0,0.0
2020-01-16,137.4499969482422,137.89999389648438,136.83999633789062,137.25,115.42668151855469,10783800,0.0,0.0
2020-01-17,137.5399932861328,138.2899932861328,137.32000732421875,138.1999969482422,116.22562408447266,14697700,0.0,0.0
2020-01-21,137.19000244140625,138.07000732421875,136.69000244140625,136.83999633789062,115.08187103271484,8474200,0.0,0.0
2020-01-22,137.24000549316406,137.39999389648438,136.3800048828125,136.67999267578125,114.94730377197266,7549100,0.0,0.0
2020-01-23,135.7100067138672,136.74000549316406,134.72000122070312,136.5399932861328,114.82954406738281,9345700,0.0,0.0
2020-01-24,136.3699951171875,136.42999267578125,132.32000732421875,133.14999389648438,111.97856903076172,15166400,0.0,0.0
2020-01-27,130.27000427246094,132.94000244140625,129.7100067138672,132.02999877929688,111.03667449951172,12860500,0.0,0.0
2020-01-28,132.83999633789062,134.97000122070312,132.47999572753906,134.42999267578125,113.05506134033203,13062800,0.0,0.0
2020-01-29,134.80999755859375,135.5399932861328,133.69000244140625,134.22999572753906,112.8868637084961,9326000,0.0,0.0
2020-01-30,132.69000244140625,136.1300048828125,132.69000244140625,135.88999938964844,114.28295135498047,9048900,0.0,0.0
2020-01-31,134.49000549316406,134.8300018310547,131.47000122070312,132.36000061035156,111.31420135498047,12785200,0.0,0.0
2020-02-03,132.66000366210938,134.24000549316406,132.66000366210938,133.3699951171875,112.16361236572266,10021100,0.0,0.0
2020-02-04,135.5500030517578,136.60000610351562,135.0800018310547,135.2899932861328,113.7783203125,9157100,0.0,0.0
2020-02-05,136.57000732421875,137.72999572753906,136.00999450683594,137.58999633789062,115.71260070800781,10150700,0.0,0.0
2020-02-06,138.24000549316406,138.2899932861328,137.11000061035156,137.61000061035156,115.72941589355469,8992300,0.0,0.0
2020-02-07,136.72999572753906,137.6699981689453,136.3000030517578,137.1699981689453,115.359375,6379800,0.0,0.0
2020-02-10,136.9499969482422,137.85000610351562,136.75,137.74000549316406,115.8387680053711,5960700,0.0,0.0
2020-02-11,138.25999450683594,138.82000732421875,137.77999877929688,138.0,116.05741119384766,6578600,0.0,0.0
2020-02-12,138.60000610351562,139.2899932861328,137.8000030517578,138.0,116.05741119384766,7958000,0.0,0.0
2020-02-13,137.75,138.33999633789062,136.39999389648438,137.8800048828125,115.95651245117188,7447500,0.0,0.0
2020-02-14,137.83999633789062,138.19000244140625,136.94000244140625,137.4600067138672,115.60330963134766,6627600,0.0,0.0
2020-02-18,137.33999633789062,137.7100067138672,135.0500030517578,135.63999938964844,114.07266235351562,8996400,0.0,0.0
2020-02-19,136.91000366210938,138.38999938964844,136.33999633789062,137.49000549316406,115.62854766845703,7071200,0.0,0.0
2020-02-20,137.1699981689453,138.36000061035156,136.52999877929688,137.49000549316406,115.62854766845703,7422800,0.0,0.0
2020-02-21,136.5500030517578,136.9199981689453,134.9199981689453,135.80999755859375,114.21561431884766,9772800,0.0,0.0
2020-02-24,131.44000244140625,133.1999969482422,130.8000030517578,132.16000366210938,111.14602661132812,13618400,0.0,0.0
2020-02-25,131.0,132.22999572753906,125.58999633789062,126.26000213623047,106.18414306640625,20797200,0.0,0.0
2020-02-26,126.93000030517578,128.9499969482422,126.33999633789062,126.63999938964844,106.50369262695312,24825600,0.0,0.0
2020-02-27,122.91000366210938,125.62000274658203,121.30000305175781,121.37000274658203,102.07166290283203,23005500,0.0,0.0
2020-02-28,117.5199966430664,118.48999786376953,112.66000366210938,116.11000061035156,97.64801788330078,45931400,0.0,0.0
2020-03-02,116.62999725341797,121.58000183105469,114.45999908447266,121.5199966430664,102.19779205322266,27355400,0.0,0.0
2020-03-03,120.97000122070312,122.94999694824219,116.23999786376953,116.95999908447266,98.36287689208984,32547700,0.0,0.0
2020-03-04,118.33000183105469,120.19000244140625,114.69999694824219,119.8499984741211,100.79335021972656,25795900,0.0,0.0
2020-03-05,115.66999816894531,116.43000030517578,112.58000183105469,113.97000122070312,95.84830474853516,25025600,0.0,0.0
2020-03-06,106.26000213623047,110.31999969482422,105.0199966430664,108.08000183105469,90.89482879638672,38159400,0.0,0.0
2020-03-09,96.56999969482422,99.2300033569336,93.0,93.44000244140625,78.58264923095703,40352000,0.0,0.0
2020-03-10,99.0,101.27999877929688,94.58000183105469,100.69999694824219,84.68829345703125,31102700,0.0,0.0
2020-03-11,97.69999694824219,100.05000305175781,94.55000305175781,95.95999908447266,80.70195770263672,38127000,0.0,0.0
2020-03-12,89.58999633789062,96.95999908447266,86.31999969482422,88.05000305175781,74.04969024658203,49725200,0.0,0.0
2020-03-13,95.98999786376953,103.98999786376953,92.0,103.91000366210938,87.38787841796875,38543300,0.0,0.0
2020-03-16,85.19999694824219,93.9800033569336,84.55000305175781,88.36000061035156,74.31037902832031,38589700,0.0,0.0
2020-03-17,90.88999938964844,97.44000244140625,87.5,93.76000213623047,78.85174560546875,35239800,0.0,0.0
2020-03-18,87.66999816894531,90.79000091552734,80.36000061035156,83.88999938964844,70.55113220214844,41525600,0.0,0.0
2020-03-19,81.55999755859375,88.11000061035156,76.91000366210938,85.30000305175781,71.7369613647461,32175100,0.0,0.0
2020-03-20,86.30000305175781,89.45999908447266,82.4800033569336,83.5,70.22314453125,30150800,0.0,0.0
2020-03-23,82.68000030517578,83.75,78.08999633789062,79.02999877929688,66.46391296386719,32536600,0.0,0.0
2020-03-24,84.9000015258789,90.0999984741211,82.9000015258789,88.43000030517578,74.3692626953125,34363200,0.0,0.0
2020-03-25,89.23999786376953,95.1500015258789,84.54000091552734,91.7300033569336,77.1445541381836,38111700,0.0,0.0
2020-03-26,94.08000183105469,98.56999969482422,93.54000091552734,98.12000274658203,82.51849365234375,29826300,0.0,0.0
2020-03-27,93.19000244140625,94.83999633789062,90.55000305175781,91.12999725341797,76.63995361328125,30041500,0.0,0.0
2020-03-30,90.6500015258789,94.08999633789062,89.30000305175781,93.5,78.63311004638672,21656900,0.0,0.0
2020-03-31,92.05000305175781,94.16999816894531,89.33999633789062,90.02999877929688,75.71485137939453,23379300,0.0,0.0
2020-04-01,85.0999984741211,86.55999755859375,83.25,84.36000061035156,70.94641876220703,28029600,0.0,0.0
2020-04-02,83.51000213623047,87.91000366210938,82.95999908447266,87.51000213623047,73.5955581665039,24018000,0.0,0.0
2020-04-03,86.0,87.4800033569336,82.7699966430664,84.05000305175781,71.42022705078125,21199400,0.9,0.0
2020-04-06,88.98999786376953,90.98999786376953,87.69999694824219,89.45999908447266,76.01728820800781,26820800,0.0,0.0
2020-04-07,94.44999694824219,94.5,90.37999725341797,90.63999938964844,77.01996612548828,22563800,0.0,0.0
2020-04-08,92.0999984741211,94.86000061035156,90.55000305175781,94.30000305175781,80.1300048828125,22903300,0.0,0.0
2020-04-09,96.91999816894531,104.38999938964844,96.88999938964844,102.76000213623047,87.31876373291016,42055900,0.0,0.0
2020-04-13,103.11000061035156,103.11000061035156,97.30000305175781,98.19000244140625,83.43547058105469,26911900,0.0,0.0
2020-04-14,101.0199966430664,102.0,93.63999938964844,95.5,81.149658203125,46151300,0.0,0.0
2020-04-15,91.1500015258789,92.02999877929688,90.12999725341797,90.79000091552734,77.1474380493164,30118600,0.0,0.0
2020-04-16,90.2300033569336,90.56999969482422,87.05000305175781,87.33000183105469,74.20734405517578,32449600,0.0,0.0
2020-04-17,92.0,95.69999694824219,90.95999908447266,95.18000030517578,80.87776947021484,30191900,0.0,0.0
2020-04-20,92.47000122070312,94.70999908447266,90.45999908447266,91.70999908447266,77.9291763305664,23679400,0.0,0.0
2020-04-21,88.62000274658203,91.37999725341797,88.33000183105469,89.05000305175781,75.66889953613281,23035000,0.0,0.0
2020-04-22,90.69000244140625,91.87000274658203,89.18000030517578,89.33999633789062,75.91531372070312,16662400,0.0,0.0
2020-04-23,89.73999786376953,91.27999877929688,89.26000213623047,89.38999938964844,75.95780944824219,16638800,0.0,0.0
2020-04-24,90.63999938964844,91.0999984741211,88.48999786376953,90.70999908447266,77.0794677734375,15809200,0.0,0.0
2020-04-27,91.94000244140625,95.62999725341797,91.54000091552734,94.62000274658203,80.40192413330078,22870200,0.0,0.0
2020-04-28,97.80999755859375,98.36000061035156,95.02999877929688,95.29000091552734,80.97123718261719,20238900,0.0,0.0
2020-04-29,99.08000183105469,99.44999694824219,97.2699966430664,97.86000061035156,83.1550521850586,20462600,0.0,0.0
2020-04-30,95.5999984741211,96.83999633789062,94.55000305175781,95.76000213623047,81.37062072753906,19127600,0.0,0.0
2020-05-01,93.5,93.73999786376953,91.83999633789062,93.25,79.23779296875,18547700,0.0,0.0
2020-05-04,92.0199966430664,92.66999816894531,90.80000305175781,92.13999938964844,78.2945785522461,15725900,0.0,0.0
2020-05-05,93.6500015258789,94.20999908447266,91.9000015258789,92.0,78.17562866210938,18064100,0.0,0.0
2020-05-06,92.16000366210938,92.76000213623047,89.93000030517578,90.2699966430664,76.70556640625,20978000,0.0,0.0
2020-05-07,91.33999633789062,92.91000366210938,90.58000183105469,91.20999908447266,77.50433349609375,16771900,0.0,0.0
2020-05-08,92.80000305175781,94.08000183105469,92.11000061035156,92.69999694824219,78.77043914794922,20487800,0.0,0.0
2020-05-11,91.11000061035156,91.11000061035156,89.33000183105469,89.97000122070312,76.45063018798828,31907600,0.0,0.0
2020-05-12,90.1500015258789,90.79000091552734,86.9000015258789,87.02999877929688,73.95243835449219,27962900,0.0,0.0
2020-05-13,86.37999725341797,86.86000061035156,83.4000015258789,84.02999877929688,71.40323638916016,35451600,0.0,0.0
2020-05-14,82.72000122070312,88.11000061035156,82.4000015258789,87.5199966430664,74.36878967285156,35152500,0.0,0.0
2020-05-15,86.8499984741211,87.27999877929688,85.30000305175781,85.9000015258789,72.99222564697266,26099000,0.0,0.0
2020-05-18,88.69000244140625,91.1500015258789,87.87999725341797,90.44999694824219,76.8585205078125,30504400,0.0,0.0
2020-05-19,90.05000305175781,91.19999694824219,88.58999633789062,88.66999816894531,75.34597778320312,19597300,0.0,0.0
2020-05-20,90.70999908447266,92.38999938964844,90.37000274658203,91.33000183105469,77.60628509521484,20552400,0.0,0.0
2020-05-21,90.2699966430664,91.76000213623047,89.66999816894531,90.16999816894531,76.62060546875,14621400,0.0,0.0
2020-05-22,90.01000213623047,90.36000061035156,88.72000122070312,89.47000122070312,76.02577209472656,13557900,0.0,0.0
2020-05-26,92.88999938964844,97.5,92.61000061035156,95.81999969482422,81.42161560058594,41233900,0.0,0.0
2020-05-27,102.06999969482422,102.58000183105469,98.80000305175781,101.37000274658203,86.13761901855469,39402000,0.0,0.0
2020-05-28,102.94000244140625,102.94999694824219,99.4000015258789,99.86000061035156,84.85453796386719,24713900,0.0,0.0
2020-05-29,98.66000366210938,99.18000030517578,96.77999877929688,97.30999755859375,82.68772888183594,26526400,0.0,0.0
2020-06-01,97.75,99.51000213623047,97.37999725341797,98.5999984741211,83.78386688232422,15176800,0.0,0.0
2020-06-02,100.27999877929688,100.41999816894531,97.93000030517578,98.93000030517578,84.06427001953125,21195000,0.0,0.0
2020-06-03,101.58000183105469,104.91999816894531,101.05999755859375,104.2699966430664,88.60185241699219,25941100,0.0,0.0
2020-06-04,103.81999969482422,106.61000061035156,102.79000091552734,106.44000244140625,90.44576263427734,26784700,0.0,0.0
2020-06-05,114.93000030517578,115.7699966430664,109.52999877929688,111.2300033569336,94.5159912109375,42231000,0.0,0.0
2020-06-08,113.41000366210938,114.19000244140625,111.94000244140625,113.44999694824219,96.40241241455078,24881800,0.0,0.0
2020-06-09,110.6500015258789,111.62999725341797,109.01000213623047,110.54000091552734,93.92970275878906,17031100,0.0,0.0
2020-06-10,110.45999908447266,110.51000213623047,105.8499984741211,106.05999755859375,90.12289428710938,24913300,0.0,0.0
2020-06-11,100.02999877929688,101.58000183105469,96.54000091552734,97.20999908447266,82.60275268554688,36259200,0.0,0.0
2020-06-12,100.70999908447266,101.12999725341797,97.33000183105469,99.87000274658203,84.86302947998047,24856800,0.0,0.0
2020-06-15,96.41999816894531,101.43000030517578,95.87000274658203,101.25,86.0356674194336,22153600,0.0,0.0
2020-06-16,105.37000274658203,105.68000030517578,99.30999755859375,102.05999755859375,86.72393798828125,22193600,0.0,0.0
2020-06-17,102.52999877929688,102.54000091552734,99.20999908447266,99.4800033569336,84.53163146972656,15639800,0.0,0.0
2020-06-18,98.66999816894531,100.5199966430664,98.12999725341797,98.94000244140625,84.07278442382812,16591900,0.0,0.0
2020-06-19,100.52999877929688,100.5999984741211,96.7300033569336,97.80999755859375,83.11257934570312,40371200,0.0,0.0
2020-06-22,97.25,97.94999694824219,96.54000091552734,96.75,82.21185302734375,16216900,0.0,0.0
2020-06-23,98.97000122070312,99.97000122070312,97.8499984741211,97.93000030517578,83.21454620361328,15381400,0.0,0.0
2020-06-24,96.75,96.83999633789062,94.30999755859375,94.66000366210938,80.43592071533203,22919800,0.0,0.0
2020-06-25,94.3499984741211,98.20999908447266,94.26000213623047,97.95999908447266,83.24002075195312,25743600,0.0,0.0
2020-06-26,95.11000061035156,95.37000274658203,92.0,92.58999633789062,78.67695617675781,41896300,0.0,0.0
2020-06-29,93.4000015258789,94.48999786376953,92.18000030517578,93.0,79.02533721923828,18499700,0.0,0.0
2020-06-30,92.83000183105469,94.66000366210938,92.56999969482422,94.05999755859375,79.92605590820312,19137000,0.0,0.0
2020-07-01,94.88999938964844,95.70999908447266,93.02999877929688,93.26000213623047,79.24627685546875,18755700,0.0,0.0
2020-07-02,94.73999786376953,94.95999908447266,91.93000030517578,92.66000366210938,79.5036849975586,27845600,0.9,0.0
2020-07-06,94.43000030517578,95.19999694824219,93.4800033569336,95.0,81.51143646240234,18625300,0.0,0.0
2020-07-07,93.81999969482422,94.0999984741211,92.0,92.31999969482422,79.21196746826172,25757200,0.0,0.0
2020-07-08,92.29000091552734,93.33999633789062,91.80000305175781,93.30000305175781,80.05282592773438,18762200,0.0,0.0
2020-07-09,93.5199966430664,94.12000274658203,90.77999877929688,91.27999877929688,78.31961822509766,25600800,0.0,0.0
2020-07-10,92.0,96.83999633789062,91.87000274658203,96.2699966430664,82.60113525390625,28954200,0.0,0.0
2020-07-13,98.7300033569336,99.2699966430664,96.2300033569336,97.6500015258789,83.78520965576172,32079200,0.0,0.0
2020-07-14,98.37000274658203,99.94999694824219,96.63999938964844,98.20999908447266,84.26568603515625,42731700,0.0,0.0
2020-07-15,100.88999938964844,101.29000091552734,98.6500015258789,99.7300033569336,85.56985473632812,22508400,0.0,0.0
2020-07-16,98.77999877929688,101.22000122070312,98.55000305175781,100.01000213623047,85.81009674072266,16886900,0.0,0.0
2020-07-17,100.0,100.08000183105469,98.13999938964844,98.16000366210938,84.2227783203125,16137700,0.0,0.0
2020-07-20,97.43000030517578,98.38999938964844,97.26000213623047,97.30000305175781,83.48487854003906,14458100,0.0,0.0
2020-07-21,97.70999908447266,100.05000305175781,97.63999938964844,99.41000366210938,85.29530334472656,17798100,0.0,0.0
2020-07-22,99.6500015258789,100.12999725341797,97.52999877929688,98.69000244140625,84.67750549316406,14271200,0.0,0.0
2020-07-23,98.5,99.3499984741211,97.97000122070312,98.9800033569336,84.92634582519531,12870200,0.0,0.0
2020-07-24,99.5999984741211,99.80000305175781,97.94000244140625,98.27999877929688,84.32575225830078,12744200,0.0,0.0
2020-07-27,97.51000213623047,97.62999725341797,96.16999816894531,96.9000015258789,83.14167022705078,11959100,0.0,0.0
2020-07-28,96.5,97.88999938964844,96.5,97.31999969482422,83.50202941894531,11754300,0.0,0.0
2020-07-29,97.06999969482422,99.70999908447266,97.0,99.68000030517578,85.52696228027344,12743500,0.0,0.0
2020-07-30,97.54000091552734,97.73999786376953,96.05000305175781,97.0199966430664,83.24464416503906,14834800,0.0,0.0
2020-07-31,96.4800033569336,96.93000030517578,95.25,96.63999938964844,82.9185791015625,14535000,0.0,0.0
2020-08-03,97.0199966430664,97.56999969482422,95.8499984741211,96.0999984741211,82.45526885986328,12962800,0.0,0.0
2020-08-04,95.91000366210938,95.94999694824219,95.02999877929688,95.55000305175781,81.98335266113281,13366200,0.0,0.0
2020-08-05,95.87000274658203,98.47000122070312,95.72000122070312,97.20999908447266,83.40765380859375,15260900,0.0,0.0
2020-08-06,97.58000183105469,98.0999984741211,96.54000091552734,97.23999786376953,83.43341064453125,10482100,0.0,0.0
2020-08-07,96.93000030517578,99.48999786376953,96.55999755859375,99.37999725341797,85.26954650878906,14743700,0.0,0.0
2020-08-10,100.11000061035156,102.04000091552734,100.02999877929688,100.63999938964844,86.35063171386719,14989900,0.0,0.0
2020-08-11,103.86000061035156,106.16000366210938,103.51000213623047,103.81999969482422,89.0791244506836,31518600,0.0,0.0
2020-08-12,106.16000366210938,106.43000030517578,101.70999908447266,102.94000244140625,88.32408142089844,19240800,0.0,0.0
2020-08-13,102.0,103.36000061035156,101.63999938964844,102.37000274658203,87.83501434326172,13598600,0.0,0.0
2020-08-14,101.5,103.30999755859375,101.41999816894531,102.41000366210938,87.86933135986328,12134400,0.0,0.0
2020-08-17,101.5,102.0,99.52999877929688,99.70999908447266,85.55268096923828,14988000,0.0,0.0
2020-08-18,99.91000366210938,99.91000366210938,98.12000274658203,98.31999969482422,84.36003875732422,13246500,0.0,0.0
2020-08-19,98.91999816894531,100.58999633789062,98.33999633789062,98.55000305175781,84.55740356445312,13533000,0.0,0.0
2020-08-20,97.26000213623047,98.02999877929688,96.80000305175781,97.37000274658203,83.544921875,13672600,0.0,0.0
2020-08-21,97.2699966430664,98.56999969482422,96.94000244140625,97.31999969482422,83.50202941894531,12228300,0.0,0.0
2020-08-24,98.44999694824219,100.20999908447266,97.41999816894531,100.05999755859375,85.85298919677734,17898300,0.0,0.0
2020-08-25,101.2699966430664,101.9800033569336,99.80000305175781,100.5,86.23052215576172,13648900,0.0,0.0
2020-08-26,99.94000244140625,100.2699966430664,99.05000305175781,99.08999633789062,85.02071380615234,12052400,0.0,0.0
2020-08-27,99.0,102.6500015258789,99.0,102.3499984741211,87.8178482055664,22163900,0.0,0.0
2020-08-28,103.13999938964844,103.25,101.80999755859375,102.7699966430664,88.17820739746094,13756700,0.0,0.0
2020-08-31,102.12000274658203,102.18000030517578,100.0199966430664,100.19000244140625,85.96453857421875,14219400,0.0,0.0
2020-09-01,99.55000305175781,100.87000274658203,99.04000091552734,100.13999938964844,85.92163848876953,11595600,0.0,0.0
2020-09-02,99.94999694824219,101.94000244140625,99.55999755859375,101.6500015258789,87.21724700927734,14475700,0.0,0.0
2020-09-03,103.31999969482422,104.98999786376953,100.63999938964844,101.33000183105469,86.94269561767578,23281200,0.0,0.0
2020-09-04,104.05000305175781,105.20999908447266,101.37000274658203,103.5199966430664,88.82171630859375,26325500,0.0,0.0
2020-09-08,102.9800033569336,103.56999969482422,99.4800033569336,99.91999816894531,85.73287200927734,22108600,0.0,0.0
2020-09-09,100.80000305175781,101.69000244140625,99.55999755859375,100.87000274658203,86.54798889160156,13434000,0.0,0.0
2020-09-10,101.4000015258789,102.41999816894531,99.63999938964844,99.83000183105469,85.65564727783203,15922800,0.0,0.0
2020-09-11,99.97000122070312,101.36000061035156,99.58999633789062,101.06999969482422,86.71958923339844,13784300,0.0,0.0
2020-09-14,101.51000213623047,103.45999908447266,101.37000274658203,102.47000122070312,87.92080688476562,19017400,0.0,0.0
2020-09-15,102.7300033569336,102.8499984741211,99.13999938964844,99.27999877929688,85.18375396728516,23683000,0.0,0.0
2020-09-16,99.43000030517578,101.12999725341797,98.76000213623047,99.69999694824219,85.54411315917969,19270600,0.0,0.0
2020-09-17,98.69999694824219,99.33999633789062,97.70999908447266,98.55999755859375,84.56597900390625,18290100,0.0,0.0
2020-09-18,97.88999938964844,99.48999786376953,97.44000244140625,98.3499984741211,84.3857650756836,20121600,0.0,0.0
2020-09-21,95.19999694824219,96.05000305175781,93.81999969482422,95.30999755859375,81.7774429321289,28378800,0.0,0.0
2020-09-22,94.95999908447266,95.66000366210938,93.66999816894531,94.2699966430664,80.88509368896484,19257000,0.0,0.0
2020-09-23,94.77999877929688,95.3499984741211,92.66000366210938,92.73999786376953,79.57231903076172,19952700,0.0,0.0
2020-09-24,92.31999969482422,94.30000305175781,91.37999725341797,92.66000366210938,79.5036849975586,18366500,0.0,0.0
2020-09-25,92.05000305175781,93.72000122070312,91.87000274658203,93.47000122070312,80.19868469238281,13293100,0.0,0.0
2020-09-28,95.05999755859375,96.93000030517578,94.3499984741211,96.16000366210938,82.50675964355469,20894100,0.0,0.0
2020-09-29,96.02999877929688,96.02999877929688,94.33000183105469,95.3499984741211,81.81173706054688,12848200,0.0,0.0
2020-09-30,95.3499984741211,97.19999694824219,95.26000213623047,96.2699966430664,82.60113525390625,16400600,0.0,0.0
2020-10-01,97.12000274658203,97.7699966430664,96.02999877929688,96.97000122070312,83.20172882080078,15778700,0.0,0.0
2020-10-02,95.25,98.58999633789062,95.08999633789062,97.88999938964844,83.9910888671875,15149600,0.0,0.0
2020-10-05,98.31999969482422,99.25,97.52999877929688,99.04000091552734,85.7663803100586,13871900,0.9,0.0
2020-10-06,100.06999969482422,100.86000061035156,97.51000213623047,98.0199966430664,84.883056640625,19220400,0.0,0.0
2020-10-07,98.95999908447266,100.3499984741211,98.66999816894531,99.7300033569336,86.36388397216797,16358500,0.0,0.0
2020-10-08,100.51000213623047,101.91999816894531,99.9000015258789,101.77999877929688,88.13916015625,15659000,0.0,0.0
2020-10-09,102.0,102.11000061035156,100.11000061035156,101.19999694824219,87.63687133789062,13689100,0.0,0.0
2020-10-12,101.0999984741211,103.0,100.8499984741211,102.44000244140625,88.710693359375,16058000,0.0,0.0
2020-10-13,103.0,103.22000122070312,100.26000213623047,100.77999877929688,87.27315521240234,21697300,0.0,0.0
2020-10-14,101.02999877929688,101.93000030517578,100.0999984741211,100.22000122070312,86.78820037841797,15204100,0.0,0.0
2020-10-15,99.0999984741211,101.77999877929688,99.04000091552734,101.72000122070312,88.0871810913086,17171200,0.0,0.0
2020-10-16,101.41000366210938,102.33000183105469,100.72000122070312,101.51000213623047,87.90531921386719,13275000,0.0,0.0
2020-10-19,101.5999984741211,101.87000274658203,99.55999755859375,99.80000305175781,86.42452239990234,11725700,0.0,0.0
2020-10-20,100.30999755859375,101.7699966430664,100.12000274658203,100.37000274658203,86.91812896728516,11257100,0.0,0.0
2020-10-21,100.36000061035156,100.98999786376953,99.33000183105469,99.37000274658203,86.05216217041016,10730500,0.0,0.0
2020-10-22,99.31999969482422,103.23999786376953,99.30999755859375,102.87999725341797,89.09172821044922,14837200,0.0,0.0
2020-10-23,103.5,104.44999694824219,102.93000030517578,103.80999755859375,89.89704132080078,15087600,0.0,0.0
2020-10-26,102.6500015258789,102.69999694824219,100.25,101.23999786376953,87.6715087890625,12410700,0.0,0.0
2020-10-27,100.51000213623047,100.91999816894531,99.16000366210938,99.33000183105469,86.01747131347656,10391700,0.0,0.0
2020-10-28,97.5,98.30000305175781,96.06999969482422,96.54000091552734,83.60140991210938,16389500,0.0,0.0
2020-10-29,96.12000274658203,97.9800033569336,95.23999786376953,97.16999816894531,84.14698791503906,14208800,0.0,0.0
2020-10-30,97.91000366210938,98.41999816894531,96.2300033569336,98.04000091552734,84.90037536621094,15194500,0.0,0.0
2020-11-02,99.38999938964844,100.87999725341797,97.86000061035156,100.25,86.8141860961914,15011600,0.0,0.0
2020-11-03,103.0199966430664,104.73999786376953,102.69000244140625,103.41000366210938,89.55066680908203,17482600,0.0,0.0
2020-11-04,101.0,102.06999969482422,98.93000030517578,100.25,86.8141860961914,18886500,0.0,0.0
2020-11-05,101.05999755859375,105.0999984741211,101.0,104.3499984741211,90.36470031738281,17837400,0.0,0.0
2020-11-06,105.02999877929688,105.0999984741211,102.38999938964844,102.95999908447266,89.16099548339844,12552800,0.0,0.0
2020-11-09,113.16000366210938,118.9000015258789,110.3499984741211,116.9000015258789,101.23271942138672,47792400,0.0,0.0
2020-11-10,117.3499984741211,117.44999694824219,114.69000244140625,116.5199966430664,100.90363311767578,20539300,0.0,0.0
2020-11-11,116.88999938964844,116.95999908447266,113.95999908447266,114.77999877929688,99.39684295654297,14443400,0.0,0.0
2020-11-12,112.52999877929688,113.95999908447266,112.05999755859375,113.37000274658203,98.1758041381836,22063000,0.0,0.0
2020-11-13,114.69999694824219,114.86000061035156,113.56999969482422,114.08000183105469,98.79063415527344,11847900,0.0,0.0
2020-11-16,117.79000091552734,118.61000061035156,115.7300033569336,117.30000305175781,101.57909393310547,19858600,0.0,0.0
2020-11-17,115.38999938964844,116.44000244140625,114.58000183105469,116.11000061035156,100.54859924316406,14553200,0.0,0.0
2020-11-18,117.33999633789062,118.61000061035156,115.19999694824219,115.25,99.80384063720703,12571200,0.0,0.0
2020-11-19,114.18000030517578,115.81999969482422,113.55999755859375,115.55999755859375,100.07230377197266,10202500,0.0,0.0
2020-11-20,114.43000030517578,115.6500015258789,114.08999633789062,114.56999969482422,99.21497344970703,12718900,0.0,0.0
2020-11-23,116.05000305175781,118.16999816894531,115.56999969482422,117.87000274658203,102.07269287109375,13209200,0.0,0.0
2020-11-24,120.06999969482422,123.5,119.70999908447266,123.31999969482422,106.79228210449219,20121600,0.0,0.0
2020-11-25,121.37000274658203,122.37999725341797,120.47000122070312,122.02999877929688,105.67515563964844,11715600,0.0,0.0
2020-11-27,122.0,122.3499984741211,121.08000183105469,121.22000122070312,104.97373962402344,5983600,0.0,0.0
2020-11-30,120.0,120.72000122070312,117.7699966430664,117.87999725341797,102.08136749267578,14411800,0.0,0.0
2020-12-01,120.33999633789062,121.58000183105469,119.62999725341797,119.73999786376953,103.69208526611328,12668900,0.0,0.0
2020-12-02,119.69999694824219,122.30999755859375,119.2699966430664,122.04000091552734,105.68384552001953,10811300,0.0,0.0
2020-12-03,121.8499984741211,121.88999938964844,120.36000061035156,121.23999786376953,104.99102783203125,12904400,0.0,0.0
2020-12-04,122.4800033569336,123.29000091552734,121.69000244140625,122.33999633789062,105.94363403320312,13583700,0.0,0.0
2020-12-07,121.1500015258789,122.16999816894531,120.20999908447266,121.87999725341797,105.54527282714844,9724300,0.0,0.0
2020-12-08,121.04000091552734,122.33000183105469,120.76000213623047,122.0,105.64918518066406,9592100,0.0,0.0
2020-12-09,123.16999816894531,123.30000305175781,120.44000244140625,121.05000305175781,104.82652282714844,13073900,0.0,0.0
2020-12-10,119.98999786376953,120.77999877929688,119.55999755859375,120.2699966430664,104.15104675292969,13668400,0.0,0.0
2020-12-11,118.94000244140625,120.0199966430664,118.37000274658203,119.55999755859375,103.53620910644531,9981600,0.0,0.0
2020-12-14,121.33999633789062,121.41999816894531,118.11000061035156,118.30000305175781,102.44507598876953,12112400,0.0,0.0
2020-12-15,119.29000091552734,120.9000015258789,118.62000274658203,120.31999969482422,104.19435119628906,12590200,0.0,0.0
2020-12-16,120.30000305175781,121.08000183105469,119.86000061035156,120.66999816894531,104.4974365234375,11169400,0.0,0.0
2020-12-17,121.26000213623047,121.44999694824219,119.58000183105469,119.66999816894531,103.63145446777344,11618000,0.0,0.0
2020-12-18,119.13999938964844,119.87999725341797,118.2699966430664,119.08000183105469,103.12053680419922,28954800,0.0,0.0
2020-12-21,123.16999816894531,125.0,121.08999633789062,123.55000305175781,106.99146270751953,28323600,0.0,0.0
2020-12-22,123.38999938964844,123.5199966430664,121.61000061035156,121.66999816894531,105.36343383789062,11788200,0.0,0.0
2020-12-23,122.77999877929688,126.5199966430664,122.3499984741211,125.06999969482422,108.30774688720703,14973200,0.0,0.0
2020-12-24,125.08999633789062,125.55000305175781,123.56999969482422,124.5199966430664,107.83145141601562,4164900,0.0,0.0
2020-12-28,125.81999969482422,126.6500015258789,124.79000091552734,125.33999633789062,108.54155731201172,8072600,0.0,0.0
2020-12-29,126.19999694824219,126.27999877929688,124.88999938964844,125.01000213623047,108.25580596923828,8389200,0.0,0.0
2020-12-30,125.48999786376953,125.8499984741211,124.9000015258789,125.36000061035156,108.55887603759766,7398000,0.0,0.0
2020-12-31,125.08999633789062,127.33000183105469,124.81999969482422,127.06999969482422,110.03968048095703,8580200,0.0,0.0
2021-01-04,127.5,127.86000061035156,124.77999877929688,125.87000274658203,109.0005111694336,16819900,0.0,0.0
2021-01-05,124.98999786376953,126.30000305175781,123.7699966430664,125.6500015258789,109.59364318847656,13731200,0.9,0.0
2021-01-06,129.8800048828125,132.77000427246094,127.87999725341797,131.5500030517578,114.73968505859375,24909100,0.0,0.0
2021-01-07,135.69000244140625,138.19000244140625,134.9199981689453,135.8699951171875,118.50765991210938,21940400,0.0,0.0
2021-01-08,135.97000122070312,136.35000610351562,134.1199951171875,136.02000427246094,118.63850402832031,12035100,0.0,0.0
2021-01-11,134.5800018310547,138.1999969482422,134.11000061035156,138.0500030517578,120.40908813476562,15937900,0.0,0.0
2021-01-12,139.44000244140625,141.66000366210938,138.8300018310547,140.22000122070312,122.30178833007812,18033500,0.0,0.0
2021-01-13,138.58999633789062,140.7899932861328,138.10000610351562,140.35000610351562,122.41519165039062,14816800,0.0,0.0
2021-01-14,140.49000549316406,142.75,140.0,141.1699981689453,123.13041687011719,18565600,0.0,0.0
2021-01-15,137.42999267578125,141.64999389648438,137.00999450683594,138.63999938964844,120.92369079589844,27881000,0.0,0.0
2021-01-19,139.86000061035156,140.6999969482422,137.82000732421875,138.0399932861328,120.40036010742188,19843800,0.0,0.0
2021-01-20,137.82000732421875,138.1699981689453,135.44000244140625,135.97000122070312,118.5948715209961,16028800,0.0,0.0
2021-01-21,135.69000244140625,136.16000366210938,134.32000732421875,134.8300018310547,117.60055541992188,13411700,0.0,0.0
2021-01-22,132.69000244140625,134.39999389648438,132.1999969482422,133.7899932861328,116.69344329833984,12933200,0.0,0.0
2021-01-25,132.13999938964844,133.1699981689453,130.05999755859375,132.1199951171875,115.23685455322266,14212800,0.0,0.0
2021-01-26,132.75,133.1699981689453,131.33999633789062,131.5800018310547,114.76586151123047,11307800,0.0,0.0
2021-01-27,129.58999633789062,129.85000610351562,127.3499984741211,127.86000061035156,111.52120208740234,17603900,0.0,0.0
2021-01-28,129.89999389648438,132.1699981689453,128.99000549316406,130.11000061035156,113.48372650146484,13761800,0.0,0.0
2021-01-29,131.19000244140625,131.72000122070312,128.19000244140625,128.6699981689453,112.22771453857422,14808100,0.0,0.0
2021-02-01,129.39999389648438,130.07000732421875,128.47999572753906,129.6199951171875,113.05631256103516,11080700,0.0,0.0
2021-02-02,131.94000244140625,134.38999938964844,131.22000122070312,133.61000061035156,116.53644561767578,12253600,0.0,0.0
2021-02-03,133.64999389648438,135.75999450683594,133.50999450683594,135.13999938964844,117.87091827392578,10600800,0.0,0.0
2021-02-04,135.47000122070312,138.66000366210938,135.47000122070312,138.25,120.58354949951172,12419500,0.0,0.0
2021-02-05,139.38999938964844,139.49000549316406,137.3800048828125,137.97999572753906,120.3480224609375,10051300,0.0,0.0
2021-02-08,138.1999969482422,140.3000030517578,138.17999267578125,140.13999938964844,122.23200988769531,10136400,0.0,0.0
2021-02-09,139.42999267578125,139.97999572753906,138.5399932861328,139.5800018310547,121.74356842041016,8614800,0.0,0.0
2021-02-10,140.0,140.8699951171875,139.0399932861328,139.66000366210938,121.8133316040039,10323200,0.0,0.0
2021-02-11,139.66000366210938,140.5500030517578,138.22000122070312,139.27000427246094,121.47317504882812,9201000,0.0,0.0
2021-02-12,139.0500030517578,141.61000061035156,139.0,141.25,123.20015716552734,8324600,0.0,0.0
2021-02-16,143.5500030517578,145.32000732421875,142.39999389648438,144.64999389648438,126.16568756103516,12130600,0.0,0.0
2021-02-17,143.9499969482422,145.3800048828125,143.1199951171875,145.10000610351562,126.55818939208984,10810100,0.0,0.0
2021-02-18,144.0,145.7899932861328,143.39999389648438,145.58999633789062,126.98558044433594,10587800,0.0,0.0
2021-02-19,145.86000061035156,148.83999633789062,145.86000061035156,148.02000427246094,129.1050567626953,11969800,0.0,0.0
2021-02-22,146.8699951171875,150.19000244140625,146.7899932861328,149.41000366210938,130.3174285888672,11488400,0.0,0.0
2021-02-23,151.50999450683594,152.30999755859375,149.58999633789062,150.61000061035156,131.36404418945312,16234400,0.0,0.0
2021-02-24,150.11000061035156,153.75999450683594,150.11000061035156,153.25999450683594,133.67543029785156,15061400,0.0,0.0
2021-02-25,154.27000427246094,154.89999389648438,150.58999633789062,151.17999267578125,131.86122131347656,18127700,0.0,0.0
2021-02-26,150.3000030517578,150.8699951171875,146.50999450683594,147.1699981689453,128.36366271972656,19829200,0.0,0.0
2021-03-01,149.52000427246094,151.3800048828125,148.47999572753906,150.5,131.26812744140625,14845500,0.0,0.0
2021-03-02,150.0800018310547,151.77999877929688,149.83999633789062,150.00999450683594,130.8407745361328,14221700,0.0,0.0
2021-03-03,151.22999572753906,154.97999572753906,150.82000732421875,152.91000366210938,133.37014770507812,14324100,0.0,0.0
2021-03-04,152.61000061035156,154.3800048828125,148.6199951171875,150.55999755859375,131.32044982910156,20093900,0.0,0.0
2021-03-05,153.22000122070312,153.49000549316406,147.97000122070312,150.91000366210938,131.62579345703125,18465100,0.0,0.0
2021-03-08,152.47000122070312,155.4600067138672,150.75,152.91000366210938,133.37014770507812,17133300,0.0,0.0
2021-03-09,151.5,154.25,149.82000732421875,151.8300018310547,132.4281768798828,16238800,0.0,0.0
2021-03-10,151.91000366210938,156.16000366210938,151.50999450683594,155.1300048828125,135.30650329589844,14342200,0.0,0.0
2021-03-11,154.11000061035156,156.14999389648438,153.36000061035156,154.32000732421875,134.59999084472656,11771500,0.0,0.0
2021-03-12,156.86000061035156,157.6300048828125,155.07000732421875,156.14999389648438,136.19613647460938,12849500,0.0,0.0
2021-03-15,156.35000610351562,156.9199981689453,153.9600067138672,155.3699951171875,135.51583862304688,12101100,0.0,0.0
2021-03-16,154.08999633789062,154.60000610351562,152.19000244140625,153.50999450683594,133.8935089111328,12805600,0.0,0.0
2021-03-17,155.33999633789062,156.8800048828125,153.0500030517578,155.08999633789062,135.2716522216797,13952400,0.0,0.0
2021-03-18,157.60000610351562,161.69000244140625,157.11000061035156,157.64999389648438,137.50445556640625,21898500,0.0,0.0
2021-03-19,155.50999450683594,155.94000244140625,151.19000244140625,155.13999938964844,135.31521606445312,54418800,0.0,0.0
2021-03-22,152.8000030517578,153.97000122070312,150.61000061035156,150.97000122070312,131.67803955078125,19944800,0.0,0.0
2021-03-23,150.3300018310547,152.1199951171875,148.9600067138672,149.4600067138672,130.36105346679688,17076300,0.0,0.0
2021-03-24,150.0,153.17999267578125,149.86000061035156,150.6199951171875,131.37283325195312,13079800,0.0,0.0
2021-03-25,150.0,152.97000122070312,149.3300018310547,152.5500030517578,133.05615234375,15608300,0.0,0.0
2021-03-26,154.3000030517578,155.4499969482422,152.5500030517578,155.08999633789062,135.2716522216797,16754400,0.0,0.0
2021-03-29,152.1199951171875,153.72999572753906,151.0399932861328,152.67999267578125,133.1695556640625,17570300,0.0,0.0
2021-03-30,154.4600067138672,155.8699951171875,153.8800048828125,154.47999572753906,134.7395477294922,13184300,0.0,0.0
2021-03-31,153.27999877929688,154.49000549316406,152.1199951171875,152.22999572753906,132.7770538330078,16736700,0.0,0.0
2021-04-01,151.89999389648438,153.7899932861328,151.5500030517578,153.7100067138672,134.06793212890625,16561500,0.0,0.0
2021-04-05,154.39999389648438,154.94000244140625,152.60000610351562,153.6199951171875,134.77857971191406,13508000,0.9,0.0
2021-04-06,152.7899932861328,154.27999877929688,151.86000061035156,152.5399932861328,133.83102416992188,13071600,0.0,0.0
2021-04-07,153.10000610351562,155.22999572753906,152.64999389648438,154.92999267578125,135.92791748046875,16903500,0.0,0.0
2021-04-08,154.0,155.50999450683594,152.30999755859375,155.1199951171875,136.0946044921875,12335500,0.0,0.0
2021-04-09,155.80999755859375,157.0399932861328,154.97000122070312,156.27999877929688,137.1123809814453,12122400,0.0,0.0
2021-04-12,155.5800018310547,157.25,155.57000732421875,155.9499969482422,136.82284545898438,12273400,0.0,0.0
2021-04-13,154.75,155.1999969482422,152.42999267578125,154.08999633789062,135.19094848632812,16113600,0.0,0.0
2021-04-14,151.47000122070312,153.8300018310547,150.92999267578125,151.2100067138672,132.6641845703125,19939600,0.0,0.0
2021-04-15,151.25,152.1999969482422,149.32000732421875,152.1699981689453,133.50645446777344,17694100,0.0,0.0
2021-04-16,153.8699951171875,154.50999450683594,152.69000244140625,153.3000030517578,134.49783325195312,13773400,0.0,0.0
2021-04-19,153.4199981689453,153.8800048828125,152.22000122070312,152.64999389648438,133.92758178710938,11900200,0.0,0.0
2021-04-20,151.74000549316406,151.75,148.64999389648438,149.27000427246094,130.96212768554688,13716700,0.0,0.0
2021-04-21,147.7899932861328,150.61000061035156,146.7899932861328,150.5399932861328,132.07635498046875,12236700,0.0,0.0
2021-04-22,150.22999572753906,150.3000030517578,147.25999450683594,147.3699951171875,129.29515075683594,15256100,0.0,0.0
2021-04-23,147.17999267578125,151.1300048828125,146.69000244140625,150.19000244140625,131.769287109375,14041900,0.0,0.0
2021-04-26,150.77999877929688,152.4600067138672,150.3800048828125,150.55999755859375,132.09388732910156,10799100,0.0,0.0
2021-04-27,150.5,151.57000732421875,150.11000061035156,151.25,132.69924926757812,12821200,0.0,0.0
2021-04-28,152.42999267578125,152.88999938964844,151.39999389648438,152.22999572753906,133.55905151367188,8943700,0.0,0.0
2021-04-29,153.5399932861328,155.27999877929688,153.1999969482422,155.19000244140625,136.156005859375,12976900,0.0,0.0
2021-04-30,154.10000610351562,154.49000549316406,153.00999450683594,153.80999755859375,134.94528198242188,11705100,0.0,0.0
2021-05-03,154.85000610351562,155.47999572753906,153.1300048828125,153.36000061035156,134.5504913330078,11801100,0.0,0.0
2021-05-04,152.8699951171875,155.63999938964844,152.13999938964844,155.47999572753906,136.41049194335938,12977700,0.0,0.0
2021-05-05,156.0,158.27999877929688,154.6300048828125,157.52000427246094,138.20028686523438,10506700,0.0,0.0
2021-05-06,158.07000732421875,160.82000732421875,157.16000366210938,160.69000244140625,140.98147583007812,13542400,0.0,0.0
2021-05-07,157.22000122070312,161.5,157.02000427246094,161.24000549316406,141.46405029296875,14257800,0.0,0.0
2021-05-10,161.5,163.72999572753906,161.1199951171875,161.22000122070312,141.44644165039062,14014300,0.0,0.0
2021-05-11,161.0800018310547,162.38999938964844,158.0399932861328,158.5399932861328,139.09515380859375,15451700,0.0,0.0
2021-05-12,159.61000061035156,160.77999877929688,157.02999877929688,157.4499969482422,138.13885498046875,14381700,0.0,0.0
2021-05-13,158.17999267578125,162.4499969482422,157.67999267578125,161.5,141.69210815429688,15395000,0.0,0.0
2021-05-14,162.38999938964844,164.4499969482422,161.99000549316406,164.00999450683594,143.89425659179688,10584000,0.0,0.0
2021-05-17,163.3699951171875,164.85000610351562,163.02999877929688,164.6699981689453,144.4733123779297,9886800,0.0,0.0
2021-05-18,164.67999267578125,165.5,162.24000549316406,162.35000610351562,142.43788146972656,11098100,0.0,0.0
2021-05-19,161.0,161.17999267578125,158.63999938964844,161.11000061035156,141.34996032714844,13278900,0.0,0.0
2021-05-20,160.8300018310547,161.86000061035156,159.52000427246094,160.8300018310547,141.10430908203125,10426000,0.0,0.0
2021-05-21,161.33999633789062,163.22000122070312,160.94000244140625,162.66000366210938,142.7098388671875,10249000,0.0,0.0
2021-05-24,163.36000061035156,164.22999572753906,162.1199951171875,163.5399932861328,143.48193359375,9440300,0.0,0.0
2021-05-25,163.85000610351562,165.6999969482422,161.55999755859375,161.85000610351562,141.99920654296875,12609100,0.0,0.0
2021-05-26,163.57000732421875,163.74000549316406,161.30999755859375,161.8300018310547,141.98167419433594,13058300,0.0,0.0
2021-05-27,163.9499969482422,164.75,162.57000732421875,164.35000610351562,144.1925506591797,15707500,0.0,0.0
2021-05-28,164.67999267578125,164.94000244140625,163.25999450683594,164.24000549316406,144.09605407714844,10291300,0.0,0.0
2021-06-01,165.8699951171875,166.91000366210938,165.47999572753906,166.0500030517578,145.68406677246094,9445400,0.0,0.0
2021-06-02,167.25999450683594,167.44000244140625,165.52999877929688,166.05999755859375,145.69285583496094,10498600,0.0,0.0
2021-06-03,165.41000366210938,167.25,164.66000366210938,166.1699981689453,145.78932189941406,13354400,0.0,0.0
2021-06-04,166.2100067138672,166.6699981689453,165.02999877929688,166.44000244140625,146.0261993408203,8510800,0.0,0.0
2021-06-07,167.0,167.10000610351562,165.13999938964844,165.66000366210938,145.3419189453125,7267200,0.0,0.0
2021-06-08,164.49000549316406,165.75999450683594,163.16000366210938,165.0,144.76284790039062,10370700,0.0,0.0
2021-06-09,164.13999938964844,164.22000122070312,162.27999877929688,162.94000244140625,142.9555206298828,12377400,0.0,0.0
2021-06-10,164.36000061035156,165.24000549316406,160.30999755859375,160.39999389648438,140.72703552246094,12119400,0.0,0.0
2021-06-11,160.42999267578125,161.1999969482422,159.05999755859375,160.2899932861328,140.63052368164062,13683800,0.0,0.0
2021-06-14,160.14999389648438,160.3300018310547,156.66000366210938,157.57000732421875,138.24415588378906,19917900,0.0,0.0
2021-06-15,156.6999969482422,156.9199981689453,154.1300048828125,155.17999267578125,136.14723205566406,24485500,0.0,0.0
2021-06-16,154.72999572753906,157.6199951171875,153.11000061035156,156.27000427246094,137.10357666015625,25321200,0.0,0.0
2021-06-17,157.10000610351562,157.4600067138672,151.25,151.75999450683594,133.14671325683594,29722400,0.0,0.0
2021-06-18,149.3000030517578,149.6999969482422,147.55999755859375,147.9199981689453,129.7777099609375,43595700,0.0,0.0
2021-06-21,149.0800018310547,151.1999969482422,149.02000427246094,150.42999267578125,131.97987365722656,18664800,0.0,0.0
2021-06-22,150.60000610351562,150.97000122070312,148.66000366210938,150.2100067138672,131.786865234375,14251200,0.0,0.0
2021-06-23,150.1999969482422,152.0399932861328,150.08999633789062,151.1199951171875,132.58518981933594,12733300,0.0,0.0
2021-06-24,151.9199981689453,153.1199951171875,151.22000122070312,152.50999450683594,133.80474853515625,13733200,0.0,0.0
2021-06-25,152.58999633789062,154.5,151.6699981689453,154.0500030517578,135.15586853027344,15484900,0.0,0.0
2021-06-28,153.6999969482422,154.47999572753906,152.1199951171875,154.3300018310547,135.4015350341797,14125800,0.0,0.0
2021-06-29,155.0,156.30999755859375,153.61000061035156,154.13999938964844,135.23483276367188,14528700,0.0,0.0
2021-06-30,153.75,156.0800018310547,153.7100067138672,155.5399932861328,136.46310424804688,12531000,0.0,0.0
2021-07-01,156.25999450683594,157.13999938964844,155.4199981689453,157.0800018310547,137.8142547607422,10479400,0.0,0.0
2021-07-02,155.9499969482422,156.32000732421875,155.1199951171875,156.02999877929688,137.68185424804688,11424000,0.9,0.0
2021-07-06,155.77999877929688,155.77999877929688,152.35000610351562,153.41000366210938,135.3699493408203,15083400,0.0,0.0
2021-07-07,152.00999450683594,154.27999877929688,151.5500030517578,153.58999633789062,135.52879333496094,12271800,0.0,0.0
2021-07-08,151.61000061035156,152.52999877929688,150.0399932861328,150.94000244140625,133.19041442871094,17834600,0.0,0.0
2021-07-09,153.0500030517578,156.14999389648438,152.5800018310547,155.77000427246094,137.45245361328125,13694500,0.0,0.0
2021-07-12,154.35000610351562,159.16000366210938,153.94000244140625,158.0,139.42019653320312,19940400,0.0,0.0
2021-07-13,156.0500030517578,157.38999938964844,153.5,155.64999389648438,137.34654235839844,22671700,0.0,0.0
2021-07-14,155.9499969482422,157.27999877929688,152.9499969482422,155.1199951171875,136.87884521484375,14622800,0.0,0.0
2021-07-15,153.89999389648438,156.52999877929688,153.6999969482422,155.4600067138672,137.1788787841797,11539300,0.0,0.0
2021-07-16,155.9600067138672,156.27999877929688,151.02000427246094,151.91000366210938,134.04637145996094,14002700,0.0,0.0
2021-07-19,148.5500030517578,149.82000732421875,145.7100067138672,146.97000122070312,129.68724060058594,22172900,0.0,0.0
2021-07-20,146.52000427246094,151.1199951171875,146.3300018310547,149.7100067138672,132.1050567626953,15385200,0.0,0.0
2021-07-21,152.0500030517578,153.64999389648438,151.36000061035156,152.86000061035156,134.88462829589844,12356700,0.0,0.0
2021-07-22,152.8800048828125,153.44000244140625,149.97000122070312,150.92999267578125,133.1815948486328,9913300,0.0,0.0
2021-07-23,151.47999572753906,152.83999633789062,150.25,150.63999938964844,132.9257049560547,9666100,0.0,0.0
2021-07-26,150.19000244140625,151.9600067138672,150.1699981689453,151.64999389648438,133.81692504882812,8208000,0.0,0.0
2021-07-27,150.39999389648438,152.49000549316406,149.8000030517578,151.4499969482422,133.64044189453125,11218700,0.0,0.0
2021-07-28,152.2899932861328,152.77000427246094,150.8800048828125,151.6999969482422,133.8610382080078,9217300,0.0,0.0
2021-07-29,153.13999938964844,153.8699951171875,151.91000366210938,153.0,135.0081787109375,9063500,0.0,0.0
2021-07-30,152.5800018310547,153.6699981689453,151.1999969482422,151.77999877929688,133.9316864013672,9805200,0.0,0.0
2021-08-02,152.02999877929688,154.4499969482422,151.07000732421875,151.1699981689453,133.39332580566406,10203200,0.0,0.0
2021-08-03,151.9499969482422,153.32000732421875,149.52000427246094,152.88999938964844,134.91111755371094,10394800,0.0,0.0
2021-08-04,151.25,153.3699951171875,150.91000366210938,151.24000549316406,133.45513916015625,10155000,0.0,0.0
2021-08-05,152.27999877929688,153.69000244140625,152.00999450683594,153.14999389648438,135.1405487060547,9151500,0.0,0.0
2021-08-06,155.19000244140625,157.82000732421875,155.11000061035156,157.5,138.97900390625,13328800,0.0,0.0
2021-08-09,157.52000427246094,158.5500030517578,155.89999389648438,157.3300018310547,138.82899475097656,9516900,0.0,0.0
2021-08-10,156.74000549316406,159.97999572753906,156.30999755859375,159.25999450683594,140.5320281982422,8667000,0.0,0.0
2021-08-11,160.0,161.5,159.0800018310547,161.16000366210938,142.20864868164062,9156500,0.0,0.0
2021-08-12,161.8800048828125,162.3699951171875,160.5500030517578,161.7899932861328,142.76455688476562,8844200,0.0,0.0
2021-08-13,161.7899932861328,162.16000366210938,159.57000732421875,159.97999572753906,141.16734313964844,8980900,0.0,0.0
2021-08-16,158.94000244140625,159.02999877929688,156.77999877929688,158.92999267578125,140.24085998535156,8755800,0.0,0.0
2021-08-17,157.57000732421875,158.86000061035156,155.27000427246094,157.00999450683594,138.546630859375,9347200,0.0,0.0
2021-08-18,156.30999755859375,158.00999450683594,155.33999633789062,155.5800018310547,137.28482055664062,8065500,0.0,0.0
2021-08-19,153.16000366210938,155.55999755859375,153.00999450683594,154.27999877929688,136.1376495361328,9517700,0.0,0.0
2021-08-20,154.35000610351562,154.89999389648438,153.16000366210938,154.72000122070312,136.52590942382812,6974100,0.0,0.0
2021-08-23,155.3300018310547,157.08999633789062,155.24000549316406,156.6999969482422,138.27304077148438,7934600,0.0,0.0
2021-08-24,157.0,158.5500030517578,156.8699951171875,157.6699981689453,139.1290283203125,7670900,0.0,0.0
2021-08-25,158.50999450683594,161.77999877929688,157.8000030517578,160.9199981689453,141.99684143066406,11335000,0.0,0.0
2021-08-26,162.25999450683594,163.8300018310547,161.14999389648438,161.75,142.729248046875,11027500,0.0,0.0
2021-08-27,161.75,163.16000366210938,161.25999450683594,163.0500030517578,143.87637329101562,8780200,0.0,0.0
2021-08-30,163.2100067138672,163.49000549316406,159.8800048828125,160.44000244140625,141.5733184814453,7937600,0.0,0.0
2021-08-31,160.44000244140625,161.3699951171875,159.35000610351562,159.9499969482422,141.14089965820312,12340800,0.0,0.0
2021-09-01,160.22000122070312,160.75999450683594,158.97000122070312,159.72000122070312,140.93797302246094,8729900,0.0,0.0
2021-09-02,160.02000427246094,161.61000061035156,159.42999267578125,160.4600067138672,141.59092712402344,8813300,0.0,0.0
2021-09-03,160.38999938964844,160.88999938964844,159.14999389648438,159.49000549316406,140.7349853515625,7959700,0.0,0.0
2021-09-07,159.99000549316406,161.3800048828125,158.9600067138672,159.2100067138672,140.4879150390625,9285600,0.0,0.0
2021-09-08,158.88999938964844,159.5800018310547,158.0399932861328,158.5,139.86143493652344,7852700,0.0,0.0
2021-09-09,158.27000427246094,160.8300018310547,158.0800018310547,159.19000244140625,140.47024536132812,7904300,0.0,0.0
2021-09-10,160.55999755859375,160.72000122070312,157.22000122070312,157.36000061035156,138.85548400878906,8311600,0.0,0.0
2021-09-13,158.52999877929688,160.0500030517578,158.07000732421875,159.86000061035156,141.0614776611328,10052800,0.0,0.0
2021-09-14,160.4499969482422,161.33999633789062,156.25999450683594,157.07000732421875,138.59957885742188,11685600,0.0,0.0
2021-09-15,156.72000122070312,158.69000244140625,156.47000122070312,158.16000366210938,139.5614013671875,11691500,0.0,0.0
2021-09-16,159.41000366210938,160.85000610351562,157.22000122070312,158.08999633789062,139.49964904785156,10880900,0.0,0.0
2021-09-17,157.3800048828125,159.00999450683594,157.0,157.67999267578125,139.13783264160156,25581600,0.0,0.0
2021-09-20,153.88999938964844,154.55999755859375,150.49000549316406,152.9600067138672,134.97288513183594,15819900,0.0,0.0
2021-09-21,153.52999877929688,154.5500030517578,152.5800018310547,152.97999572753906,134.99050903320312,8999900,0.0,0.0
2021-09-22,155.1999969482422,157.25,155.10000610351562,155.91000366210938,137.57595825195312,11236200,0.0,0.0
2021-09-23,158.0,161.7100067138672,157.6699981689453,161.17999267578125,142.22625732421875,12336100,0.0,0.0
2021-09-24,161.44000244140625,163.58999633789062,160.82000732421875,163.0399932861328,143.86752319335938,10102400,0.0,0.0
2021-09-27,165.0,167.39999389648438,164.61000061035156,166.97999572753906,147.34420776367188,13220900,0.0,0.0
2021-09-28,167.6999969482422,169.3000030517578,165.66000366210938,166.0800018310547,146.55003356933594,13387900,0.0,0.0
2021-09-29,166.2100067138672,166.89999389648438,165.0399932861328,165.9499969482422,146.4353485107422,7777100,0.0,0.0
2021-09-30,166.9199981689453,166.99000549316406,162.7899932861328,163.69000244140625,144.4410858154297,13161200,0.0,0.0
2021-10-01,164.0,168.3000030517578,163.60000610351562,167.1300048828125,147.47659301757812,11285000,0.0,0.0
2021-10-04,166.97000122070312,170.44000244140625,165.72999572753906,166.9499969482422,147.31773376464844,14120000,0.0,0.0
2021-10-05,167.2100067138672,170.13999938964844,166.6699981689453,168.66000366210938,149.7234649658203,12292900,1.0,0.0
2021-10-06,167.99000549316406,169.10000610351562,166.0,169.02000427246094,150.0430450439453,8692600,0.0,0.0
2021-10-07,171.1999969482422,171.50999450683594,169.5399932861328,170.08999633789062,150.992919921875,10195400,0.0,0.0
2021-10-08,170.02000427246094,171.33999633789062,169.3000030517578,170.22000122070312,151.1083221435547,8190100,0.0,0.0
2021-10-11,170.8000030517578,171.2899932861328,166.4600067138672,166.63999938964844,147.9302978515625,12154700,0.0,0.0
2021-10-12,165.75,166.69000244140625,164.77000427246094,165.36000061035156,146.79396057128906,13032600,0.0,0.0
2021-10-13,164.07000732421875,165.41000366210938,160.60000610351562,161.0,142.9235076904297,22753500,0.0,0.0
2021-10-14,161.75,164.00999450683594,160.05999755859375,163.47000122070312,145.11618041992188,15176800,0.0,0.0
2021-10-15,165.35000610351562,167.1699981689453,164.13999938964844,166.61000061035156,147.9036407470703,14267400,0.0,0.0
2021-10-18,166.47999572753906,168.61000061035156,165.91000366210938,166.5500030517578,147.850341796875,12672900,0.0,0.0
2021-10-19,167.39999389648438,168.64999389648438,166.5800018310547,168.57000732421875,149.64356994628906,8053900,0.0,0.0
2021-10-20,168.3000030517578,170.8699951171875,167.4600067138672,170.83999633789062,151.65872192382812,8185600,0.0,0.0
2021-10-21,170.75999450683594,171.3300018310547,168.67999267578125,169.5,150.46917724609375,8415200,0.0,0.0
2021-10-22,170.02999877929688,172.08999633789062,169.6999969482422,171.77999877929688,152.49317932128906,8817900,0.0,0.0
2021-10-25,172.7100067138672,172.9600067138672,170.47999572753906,170.94000244140625,151.7474822998047,10159200,0.0,0.0
2021-10-26,171.0,172.49000549316406,170.5399932861328,171.39999389648438,152.1558074951172,8015100,0.0,0.0
2021-10-27,170.32000732421875,170.6999969482422,167.33999633789062,167.8300018310547,148.98666381835938,9847000,0.0,0.0
2021-10-28,168.3000030517578,170.50999450683594,167.9600067138672,170.36000061035156,151.23260498046875,7212900,0.0,0.0
2021-10-29,171.17999267578125,172.24000549316406,169.38999938964844,169.88999938964844,150.8153839111328,8140100,0.0,0.0
2021-11-01,172.0399932861328,172.3300018310547,169.00999450683594,169.8000030517578,150.73548889160156,7435500,0.0,0.0
2021-11-02,169.8000030517578,171.69000244140625,168.9199981689453,170.47000122070312,151.33023071289062,7173800,0.0,0.0
2021-11-03,170.1300048828125,171.1300048828125,169.14999389648438,170.52999877929688,151.383544921875,8402700,0.0,0.0
2021-11-04,170.0,170.1999969482422,166.49000549316406,168.2899932861328,149.39501953125,9574200,0.0,0.0
2021-11-05,168.89999389648438,170.08999633789062,167.41000366210938,168.0500030517578,149.18197631835938,7975600,0.0,0.0
2021-11-08,169.0500030517578,170.9199981689453,168.74000549316406,169.05999755859375,150.0785675048828,6413700,0.0,0.0
2021-11-09,167.35000610351562,168.47000122070312,166.60000610351562,167.77999877929688,148.9422607421875,7990300,0.0,0.0
2021-11-10,167.4499969482422,168.9499969482422,167.08999633789062,167.6199951171875,148.8002166748047,6999200,0.0,0.0
2021-11-11,167.52000427246094,168.67999267578125,166.89999389648438,167.61000061035156,148.79141235351562,5815300,0.0,0.0
2021-11-12,167.64999389648438,167.74000549316406,165.72000122070312,166.86000061035156,148.1255645751953,8113400,0.0,0.0
2021-11-15,167.2100067138672,167.7899932861328,166.0,166.55999755859375,147.8592529296875,6492500,0.0,0.0
2021-11-16,167.05999755859375,167.07000732421875,165.1199951171875,165.36000061035156,146.79396057128906,9706100,0.0,0.0
2021-11-17,165.2100067138672,165.55999755859375,163.38999938964844,164.47000122070312,146.00393676757812,9909600,0.0,0.0
2021-11-18,164.38999938964844,164.85000610351562,162.55999755859375,163.0500030517578,144.74334716796875,8122500,0.0,0.0
2021-11-19,161.3000030517578,162.11000061035156,159.4499969482422,160.9199981689453,142.85247802734375,12193600,0.0,0.0
2021-11-22,164.16000366210938,165.97999572753906,162.99000549316406,164.35000610351562,145.89739990234375,14549900,0.0,0.0
2021-11-23,165.5,168.55999755859375,165.3699951171875,168.27999877929688,149.38613891601562,12354400,0.0,0.0
2021-11-24,168.4600067138672,169.44000244140625,166.44000244140625,166.9600067138672,148.21435546875,9629800,0.0,0.0
2021-11-26,162.13999938964844,162.64999389648438,158.82000732421875,161.92999267578125,143.74908447265625,13619300,0.0,0.0
2021-11-29,163.30999755859375,164.77999877929688,159.82000732421875,161.22999572753906,143.12770080566406,12104400,0.0,0.0
2021-11-30,159.16000366210938,160.6300048828125,158.2899932861328,158.8300018310547,140.99716186523438,18922600,0.0,0.0
2021-12-01,161.0,163.27000427246094,157.8000030517578,157.88999938964844,140.1627197265625,12253400,0.0,0.0
2021-12-02,159.8300018310547,163.25,158.8000030517578,161.2100067138672,143.1099090576172,12969900,0.0,0.0
2021-12-03,161.5,161.8300018310547,157.19000244140625,158.2899932861328,140.5177764892578,12681800,0.0,0.0
2021-12-06,161.00999450683594,162.61000061035156,159.4600067138672,160.16000366210938,142.1778564453125,11186500,0.0,0.0
2021-12-07,161.8800048828125,163.38999938964844,161.16000366210938,162.57000732421875,144.31724548339844,9851600,0.0,0.0
2021-12-08,162.66000366210938,163.27000427246094,160.1699981689453,160.7100067138672,142.66604614257812,11705700,0.0,0.0
2021-12-09,159.64999389648438,160.92999267578125,158.64999389648438,160.4600067138672,142.44415283203125,11189600,0.0,0.0
2021-12-10,161.32000732421875,161.6999969482422,159.1300048828125,159.82000732421875,141.8759765625,10405400,0.0,0.0
2021-12-13,159.5,159.7899932861328,157.27999877929688,157.9199981689453,140.1893310546875,12069000,0.0,0.0
2021-12-14,157.4499969482422,160.88999938964844,157.3000030517578,159.1300048828125,141.26345825195312,12563600,0.0,0.0
2021-12-15,159.85000610351562,159.85000610351562,157.35000610351562,157.94000244140625,140.2071075439453,14014200,0.0,0.0
2021-12-16,160.38999938964844,161.82000732421875,158.6999969482422,160.41000366210938,142.39974975585938,19542800,0.0,0.0
2021-12-17,159.32000732421875,159.3800048828125,155.17999267578125,156.75999450683594,139.15956115722656,28082000,0.0,0.0
2021-12-20,154.50999450683594,154.6999969482422,151.83999633789062,153.94000244140625,136.65618896484375,15148000,0.0,0.0
2021-12-21,155.41000366210938,157.17999267578125,155.08999633789062,156.08999633789062,138.5647735595703,11291300,0.0,0.0
2021-12-22,155.75,157.05999755859375,155.24000549316406,156.6999969482422,139.1062774658203,7273000,0.0,0.0
2021-12-23,157.61000061035156,159.1199951171875,157.2100067138672,157.25999450683594,139.6033935546875,8055200,0.0,0.0
2021-12-27,157.60000610351562,158.1999969482422,156.33999633789062,158.16000366210938,140.4023895263672,6188100,0.0,0.0
2021-12-28,158.1999969482422,160.14999389648438,158.0800018310547,158.63999938964844,140.82850646972656,6342300,0.0,0.0
2021-12-29,158.85000610351562,159.6300048828125,158.14999389648438,158.55999755859375,140.7574462890625,6398900,0.0,0.0
2021-12-30,159.11000061035156,160.24000549316406,158.3699951171875,158.47999572753906,140.68643188476562,6948200,0.0,0.0
2021-12-31,158.4499969482422,159.2899932861328,157.9600067138672,158.35000610351562,140.57106018066406,5805900,0.0,0.0
2022-01-03,159.86000061035156,162.63999938964844,159.50999450683594,161.6999969482422,143.54490661621094,13120900,0.0,0.0
2022-01-04,164.30999755859375,168.5800018310547,164.22999572753906,167.8300018310547,148.98666381835938,20195800,0.0,0.0
2022-01-05,167.82000732421875,168.36000061035156,163.72999572753906,163.77999877929688,146.26287841796875,17539400,1.0,0.0
2022-01-06,166.91000366210938,167.3699951171875,163.8699951171875,165.52000427246094,147.81678771972656,14047500,0.0,0.0
2022-01-07,165.6699981689453,167.52999877929688,165.05999755859375,167.16000366210938,149.2813720703125,13913300,0.0,0.0
2022-01-10,169.07000732421875,169.30999755859375,165.52999877929688,167.32000732421875,149.4242706298828,12922500,0.0,0.0
2022-01-11,168.25999450683594,168.52000427246094,166.30999755859375,167.49000549316406,149.57608032226562,11854100,0.0,0.0
2022-01-12,168.4600067138672,169.58999633789062,167.17999267578125,168.44000244140625,150.42446899414062,12568000,0.0,0.0
2022-01-13,168.33999633789062,169.80999755859375,167.88999938964844,168.22999572753906,150.2369384765625,13623400,0.0,0.0
2022-01-14,160.75999450683594,161.02999877929688,156.89999389648438,157.88999938964844,141.00286865234375,40158400,0.0,0.0
2022-01-18,155.77999877929688,155.77999877929688,150.5399932861328,151.27000427246094,135.09092712402344,32324800,0.0,0.0
2022-01-19,151.57000732421875,152.22999572753906,148.5500030517578,148.92999267578125,133.0011749267578,22380000,0.0,0.0
2022-01-20,148.99000549316406,150.61000061035156,147.36000061035156,147.66000366210938,131.8669891357422,14860800,0.0,0.0
2022-01-21,147.5,147.50999450683594,144.27000427246094,145.0800018310547,129.56292724609375,20705400,0.0,0.0
2022-01-24,142.27999877929688,145.47999572753906,139.57000732421875,144.9499969482422,129.4468536376953,28471400,0.0,0.0
2022-01-25,143.64999389648438,146.85000610351562,140.7899932861328,146.52999877929688,130.85781860351562,18915900,0.0,0.0
2022-01-26,148.72000122070312,150.57000732421875,145.9600067138672,147.9199981689453,132.09918212890625,20709100,0.0,0.0
2022-01-27,149.4199981689453,150.3800048828125,144.1300048828125,145.30999755859375,129.76832580566406,17536800,0.0,0.0
2022-01-28,144.19000244140625,146.75999450683594,142.1699981689453,146.61000061035156,130.92930603027344,14117000,0.0,0.0
2022-01-31,145.63999938964844,148.7899932861328,144.6699981689453,148.60000610351562,132.7064666748047,13985700,0.0,0.0
2022-02-01,148.69000244140625,151.47000122070312,148.3000030517578,151.14999389648438,134.9837646484375,14584900,0.0,0.0
2022-02-02,150.5,150.94000244140625,148.07000732421875,149.94000244140625,133.90316772460938,12441100,0.0,0.0
2022-02-03,150.0,151.64999389648438,148.2899932861328,148.6999969482422,132.79576110839844,12474900,0.0,0.0
2022-02-04,149.10000610351562,153.5,148.77000427246094,152.55999755859375,136.24290466308594,16654400,0.0,0.0
2022-02-07,153.27000427246094,153.6199951171875,150.85000610351562,153.07000732421875,136.69837951660156,12572300,0.0,0.0
2022-02-08,155.0,158.47999572753906,154.8000030517578,155.9499969482422,139.2703399658203,20411400,0.0,0.0
2022-02-09,156.58999633789062,157.42999267578125,155.82000732421875,156.60000610351562,139.8507843017578,9131100,0.0,0.0
2022-02-10,156.66000366210938,159.02999877929688,155.22000122070312,155.9499969482422,139.2703399658203,16455600,0.0,0.0
2022-02-11,155.61000061035156,158.19000244140625,152.97000122070312,153.9199981689453,137.4574432373047,16830000,0.0,0.0
2022-02-14,152.72999572753906,153.67999267578125,150.32000732421875,152.49000549316406,136.180419921875,17026500,0.0,0.0
2022-02-15,154.50999450683594,155.94000244140625,153.85000610351562,154.72000122070312,138.17189025878906,9500000,0.0,0.0
2022-02-16,153.74000549316406,156.10000610351562,153.74000549316406,155.0,138.42193603515625,9076500,0.0,0.0
2022-02-17,153.0,153.72999572753906,150.6699981689453,151.42999267578125,135.23377990722656,11367500,0.0,0.0
2022-02-18,152.1300048828125,154.13999938964844,151.1300048828125,152.13999938964844,135.8678436279297,11733300,0.0,0.0
2022-02-22,150.60000610351562,153.24000549316406,150.41000366210938,151.8699951171875,135.626708984375,11333500,0.0,0.0
2022-02-23,153.1199951171875,153.3000030517578,147.97000122070312,148.69000244140625,132.78688049316406,11799000,0.0,0.0
2022-02-24,142.94000244140625,144.99000549316406,139.77999877929688,144.5500030517578,129.08963012695312,25655100,0.0,0.0
2022-02-25,145.25,150.1300048828125,144.91000366210938,147.97000122070312,132.14381408691406,18367700,0.0,0.0
2022-02-28,143.5500030517578,145.05999755859375,140.8800048828125,141.8000030517578,126.63377380371094,31315300,0.0,0.0
2022-03-01,140.0399932861328,140.47999572753906,133.5800018310547,136.4499969482422,121.85597229003906,36840400,0.0,0.0
2022-03-02,137.2899932861328,140.0399932861328,136.61000061035156,139.27999877929688,124.38326263427734,19405600,0.0,0.0
2022-03-03,139.83999633789062,140.97999572753906,137.05999755859375,138.2899932861328,123.4991683959961,16640800,0.0,0.0
2022-03-04,134.94000244140625,135.4199981689453,132.39999389648438,134.39999389648438,120.02521514892578,21016000,0.0,0.0
2022-03-07,132.1699981689453,132.69000244140625,128.9499969482422,129.2100067138672,115.39032745361328,27560100,0.0,0.0
2022-03-08,129.63999938964844,131.7899932861328,127.2699966430664,128.3000030517578,114.57765197753906,19207800,0.0,0.0
2022-03-09,132.89999389648438,135.24000549316406,132.44000244140625,133.44000244140625,119.16790771484375,17536200,0.0,0.0
2022-03-10,131.86000061035156,133.4499969482422,130.32000732421875,131.86000061035156,117.75688934326172,15604200,0.0,0.0
2022-03-11,132.49000549316406,134.0800018310547,128.4199981689453,128.88999938964844,115.10453796386719,20061800,0.0,0.0
2022-03-14,129.4600067138672,132.9199981689453,129.22999572753906,130.1699981689453,116.2476577758789,15786900,0.0,0.0
2022-03-15,131.8000030517578,133.5500030517578,131.1300048828125,132.47999572753906,118.31056213378906,15096600,0.0,0.0
2022-03-16,134.8699951171875,138.49000549316406,134.42999267578125,138.39999389648438,123.59739685058594,20354900,0.0,0.0
2022-03-17,136.86000061035156,140.19000244140625,135.9199981689453,140.14999389648438,125.16020965576172,17050500,0.0,0.0
2022-03-18,140.19000244140625,140.85000610351562,138.4600067138672,140.10000610351562,125.11559295654297,23656500,0.0,0.0
2022-03-21,140.35000610351562,140.75999450683594,138.72999572753906,139.64999389648438,124.71369171142578,12676100,0.0,0.0
2022-03-22,142.27000427246094,143.92999267578125,141.72000122070312,142.6199951171875,127.36602783203125,13548600,0.0,0.0
2022-03-23,140.97999572753906,141.58999633789062,139.1999969482422,139.77999877929688,124.82981872558594,12093200,0.0,0.0
2022-03-24,140.3000030517578,140.7100067138672,139.11000061035156,140.69000244140625,125.64248657226562,10017600,0.0,0.0
2022-03-25,141.08999633789062,143.17999267578125,140.8000030517578,141.9199981689453,126.74090576171875,8383500,0.0,0.0
2022-03-28,140.0,140.97000122070312,137.89999389648438,140.8699951171875,125.80323028564453,10818100,0.0,0.0
2022-03-29,143.35000610351562,143.60000610351562,140.24000549316406,141.17999267578125,126.08004760742188,11316500,0.0,0.0
2022-03-30,141.89999389648438,142.1199951171875,139.91000366210938,140.5399932861328,125.50851440429688,8771000,0.0,0.0
2022-03-31,139.8300018310547,140.35000610351562,136.25999450683594,136.32000732421875,121.7398681640625,17353900,0.0,0.0
2022-04-01,137.39999389648438,137.41000366210938,133.8000030517578,135.30999755859375,120.837890625,15721300,0.0,0.0
2022-04-04,134.1199951171875,136.94000244140625,132.88999938964844,135.91000366210938,121.37373352050781,17416400,0.0,0.0
2022-04-05,134.07000732421875,135.39999389648438,133.00999450683594,133.33999633789062,119.96123504638672,12110300,1.0,0.0
2022-04-06,131.5800018310547,132.55999755859375,130.9600067138672,131.49000549316406,118.29689025878906,12914700,0.0,0.0
2022-04-07,130.9499969482422,131.9199981689453,128.72999572753906,131.08999633789062,117.93701934814453,12994200,0.0,0.0
2022-04-08,131.6699981689453,133.89999389648438,131.49000549316406,133.49000549316406,120.09620666503906,13126900,0.0,0.0
2022-04-11,133.0,134.89999389648438,132.57000732421875,133.0,119.65536499023438,10466400,0.0,0.0
2022-04-12,132.13999938964844,134.5800018310547,130.6999969482422,131.5399932861328,118.34183502197266,12989900,0.0,0.0
2022-04-13,126.94000244140625,129.25,126.01000213623047,127.30000305175781,114.52728271484375,30838000,0.0,0.0
2022-04-14,126.5,128.3000030517578,125.0199966430664,126.12000274658203,113.46568298339844,18835200,0.0,0.0
2022-04-18,125.66999816894531,129.24000549316406,125.54000091552734,128.4600067138672,115.57090759277344,11834400,0.0,0.0
2022-04-19,128.4499969482422,131.32000732421875,128.22999572753906,131.1199951171875,117.9639892578125,15015400,0.0,0.0
2022-04-20,132.52000427246094,133.50999450683594,131.33999633789062,131.5800018310547,118.3778305053711,13430200,0.0,0.0
2022-04-21,132.22000122070312,132.80999755859375,129.9600067138672,130.55999755859375,117.4601821899414,12174200,0.0,0.0
2022-04-22,130.27999877929688,130.52000427246094,126.69000244140625,126.80999755859375,114.08644104003906,14318800,0.0,0.0
2022-04-25,126.01000213623047,127.12000274658203,123.11000061035156,126.7699966430664,114.05044555664062,17149000,0.0,0.0
2022-04-26,124.63999938964844,126.41000366210938,122.87000274658203,123.0199966430664,110.67670440673828,17209500,0.0,0.0
2022-04-27,122.33000183105469,123.55999755859375,121.22000122070312,121.41999816894531,109.23724365234375,17215200,0.0,0.0
2022-04-28,122.80999755859375,123.6500015258789,121.13999938964844,123.33999633789062,110.96460723876953,13015600,0.0,0.0
2022-04-29,123.05000305175781,123.61000061035156,118.9000015258789,119.36000061035156,107.38394165039062,14874800,0.0,0.0
2022-05-02,119.87999725341797,120.70999908447266,118.22000122070312,120.44999694824219,108.36457824707031,18545000,0.0,0.0
2022-05-03,121.52999877929688,124.16999816894531,120.77999877929688,123.02999877929688,110.68570709228516,15720900,0.0,0.0
2022-05-04,122.80000305175781,127.4000015258789,122.73999786376953,127.0999984741211,114.34734344482422,17128500,0.0,0.0
2022-05-05,125.25,126.0999984741211,122.16000366210938,123.91999816894531,111.48640441894531,15055400,0.0,0.0
2022-05-06,123.80000305175781,124.29000091552734,121.18000030517578,123.72000122070312,111.30648040771484,14417900,0.0,0.0
2022-05-09,122.11000061035156,123.33000183105469,120.5,121.86000061035156,109.63311767578125,14312300,0.0,0.0
2022-05-10,123.11000061035156,123.77999877929688,117.55999755859375,118.88999938964844,106.96111297607422,16382400,0.0,0.0
2022-05-11,119.30000305175781,122.88999938964844,117.94000244140625,118.13999938964844,106.28636169433594,14630300,0.0,0.0
2022-05-12,117.0,118.31999969482422,115.37000274658203,118.04000091552734,106.1963882446289,16318800,0.0,0.0
2022-05-13,119.41000366210938,120.25,117.95999908447266,119.08999633789062,107.14103698730469,10443200,0.0,0.0
2022-05-16,118.54000091552734,119.45999908447266,117.2300033569336,118.26000213623047,106.3943099975586,10269000,0.0,0.0
2022-05-17,121.04000091552734,122.97000122070312,120.80999755859375,122.18000030517578,109.9209976196289,11160200,0.0,0.0
2022-05-18,121.30000305175781,121.97000122070312,119.52999877929688,120.08999633789062,108.04069519042969,12664900,0.0,0.0
2022-05-19,118.19000244140625,119.6500015258789,117.62999725341797,118.30999755859375,106.43928527832031,12765800,0.0,0.0
2022-05-20,119.45999908447266,119.66999816894531,115.0199966430664,117.33999633789062,105.56661224365234,13150100,0.0,0.0
2022-05-23,120.45999908447266,126.56999969482422,120.44999694824219,124.5999984741211,112.09818267822266,24376700,0.0,0.0
2022-05-24,124.36000061035156,127.48999786376953,123.11000061035156,126.36000061035156,113.68158721923828,19324900,0.0,0.0
2022-05-25,126.27999877929688,127.86000061035156,125.16999816894531,127.23999786376953,114.47331237792969,12780400,0.0,0.0
2022-05-26,128.3699951171875,130.19000244140625,128.2100067138672,129.44000244140625,116.45256805419922,15990900,0.0,0.0
2022-05-27,130.16000366210938,131.27000427246094,129.13999938964844,131.27000427246094,118.09896087646484,11177800,0.0,0.0
2022-05-31,130.17999267578125,133.14999389648438,129.7100067138672,132.22999572753906,118.96263885498047,17015000,0.0,0.0
2022-06-01,132.8699951171875,132.8699951171875,128.6699981689453,129.91000366210938,116.87541198730469,10768000,0.0,0.0
2022-06-02,129.89999389648438,132.00999450683594,128.6699981689453,132.0,118.75569915771484,8374800,0.0,0.0
2022-06-03,131.2100067138672,131.77000427246094,129.99000549316406,130.16000366210938,117.1003189086914,8596000,0.0,0.0
2022-06-06,131.08999633789062,132.38999938964844,129.4600067138672,129.72999572753906,116.71345520019531,11323500,0.0,0.0
2022-06-07,128.8300018310547,130.32000732421875,128.6199951171875,130.07000732421875,117.01935577392578,6722200,0.0,0.0
2022-06-08,129.0,129.4499969482422,126.9000015258789,128.0,115.15702056884766,8422100,0.0,0.0
2022-06-09,127.37000274658203,128.10000610351562,125.2699966430664,125.30999755859375,112.7369384765625,13560100,0.0,0.0
2022-06-10,122.58999633789062,123.4000015258789,119.31999969482422,119.55000305175781,107.55487823486328,12945200,0.0,0.0
2022-06-13,116.86000061035156,117.94999694824219,115.05999755859375,115.98999786376953,104.35208129882812,16805600,0.0,0.0
2022-06-14,115.55000305175781,117.31999969482422,113.22000122070312,114.05999755859375,102.61572265625,13357900,0.0,0.0
2022-06-15,115.62000274658203,116.94999694824219,113.16999816894531,115.41000366210938,103.83027648925781,14083500,0.0,0.0
2022-06-16,113.86000061035156,114.26000213623047,111.87000274658203,113.43000030517578,102.04893493652344,16724900,0.0,0.0
2022-06-17,113.54000091552734,114.62999725341797,112.16000366210938,113.02999877929688,101.6890640258789,30919900,0.0,0.0
2022-06-21,115.87000274658203,117.02999877929688,115.04000091552734,115.83000183105469,104.2081298828125,11680500,0.0,0.0
2022-06-22,114.87999725341797,116.19999694824219,114.38999938964844,115.18000030517578,103.62335968017578,9842700,0.0,0.0
2022-06-23,115.01000213623047,115.18000030517578,111.4800033569336,113.91999816894531,102.48977661132812,11851500,0.0,0.0
2022-06-24,113.2300033569336,117.81999969482422,112.83000183105469,117.31999969482422,105.54862213134766,14841100,0.0,0.0
2022-06-27,118.05999755859375,118.5,115.63999938964844,116.37999725341797,104.70294189453125,11280500,0.0,0.0
2022-06-28,117.66999816894531,119.29000091552734,115.5999984741211,115.81999969482422,104.19912719726562,11590900,0.0,0.0
2022-06-29,116.0,116.81999969482422,114.7300033569336,115.30000305175781,103.7313003540039,9338400,0.0,0.0
2022-06-30,113.16999816894531,114.08000183105469,110.93000030517578,112.61000061035156,101.31119537353516,15172600,0.0,0.0
2022-07-01,112.6500015258789,114.41999816894531,111.16000366210938,114.05000305175781,102.60673522949219,10573600,0.0,0.0
2022-07-05,110.7699966430664,112.70999908447266,109.30000305175781,112.62000274658203,102.21643829345703,12514200,1.0,0.0
2022-07-06,111.7300033569336,112.98999786376953,110.79000091552734,111.88999938964844,101.55387878417969,10656200,0.0,0.0
2022-07-07,113.5,114.9000015258789,113.4000015258789,114.72000122070312,104.1224594116211,10347400,0.0,0.0
2022-07-08,115.16000366210938,115.6500015258789,113.61000061035156,114.36000061035156,103.79570007324219,8807800,0.0,0.0
2022-07-11,113.55000305175781,114.2300033569336,112.22000122070312,112.86000061035156,102.43428039550781,7939500,0.0,0.0
2022-07-12,112.58000183105469,115.18000030517578,112.26000213623047,112.97000122070312,102.53412628173828,11250900,0.0,0.0
2022-07-13,111.75,112.4800033569336,110.37999725341797,111.91000366210938,101.57203674316406,12979900,0.0,0.0
2022-07-14,107.98999786376953,108.2300033569336,106.05999755859375,108.0,98.02322387695312,26204800,0.0,0.0
2022-07-15,109.16000366210938,113.87999725341797,107.66999816894531,112.94999694824219,102.5159683227539,18863900,0.0,0.0
2022-07-18,114.7699966430664,115.83999633789062,111.29000091552734,111.79000091552734,101.46312713623047,13977900,0.0,0.0
2022-07-19,113.12999725341797,114.94000244140625,112.66999816894531,114.55999755859375,103.97722625732422,11862300,0.0,0.0
2022-07-20,114.0999984741211,114.73999786376953,113.4800033569336,114.54000091552734,103.95909118652344,11667500,0.0,0.0
2022-07-21,114.44000244140625,115.52999877929688,113.37000274658203,115.31999969482422,104.66702270507812,11595900,0.0,0.0
2022-07-22,115.23999786376953,116.25,113.66999816894531,114.76000213623047,104.15875244140625,7645500,0.0,0.0
2022-07-25,115.83999633789062,116.45999908447266,114.7699966430664,115.22000122070312,104.57626342773438,9394000,0.0,0.0
2022-07-26,114.58000183105469,115.58000183105469,113.02999877929688,113.41999816894531,102.94253540039062,10675100,0.0,0.0
2022-07-27,114.01000213623047,115.73999786376953,113.30000305175781,115.23999786376953,104.59440612792969,9337400,0.0,0.0
2022-07-28,115.25,115.9800033569336,113.52999877929688,114.80999755859375,104.20413970947266,10384800,0.0,0.0
2022-07-29,115.58999633789062,116.5,114.79000091552734,115.36000061035156,104.7033462524414,12944500,0.0,0.0
2022-08-01,114.5,115.11000061035156,113.06999969482422,114.20999908447266,103.65956115722656,14740400,0.0,0.0
2022-08-02,113.91999816894531,114.4000015258789,112.2699966430664,112.43000030517578,102.04398345947266,14942900,0.0,0.0
2022-08-03,113.44999694824219,114.0999984741211,111.70999908447266,113.61000061035156,103.11500549316406,14394500,0.0,0.0
2022-08-04,112.8499984741211,113.31999969482422,111.0199966430664,112.36000061035156,101.98046875,18033900,0.0,0.0
2022-08-05,112.52999877929688,116.19000244140625,112.05000305175781,115.76000213623047,105.0663833618164,14174600,0.0,0.0
2022-08-08,116.25,116.69999694824219,114.18000030517578,114.3499984741211,103.78662872314453,10332500,0.0,0.0
2022-08-09,114.75,115.98999786376953,114.37000274658203,115.37999725341797,104.72148895263672,10233800,0.0,0.0
2022-08-10,117.95999908447266,119.37000274658203,117.5,118.38999938964844,107.45342254638672,12847300,0.0,0.0
2022-08-11,119.9000015258789,121.19999694824219,119.30999755859375,120.13999938964844,109.04175567626953,11684900,0.0,0.0
2022-08-12,120.66999816894531,122.25,119.44000244140625,122.12999725341797,110.84793853759766,9906700,0.0,0.0
2022-08-15,121.13999938964844,122.72000122070312,120.5999984741211,122.45999908447266,111.1474609375,8456200,0.0,0.0
2022-08-16,122.29000091552734,124.23999786376953,121.87000274658203,123.62999725341797,112.2093734741211,9555000,0.0,0.0
2022-08-17,122.30000305175781,123.16000366210938,121.69000244140625,122.58999633789062,111.26544952392578,8149300,0.0,0.0
2022-08-18,122.23999786376953,122.47000122070312,120.55000305175781,121.63999938964844,110.40319061279297,9531800,0.0,0.0
2022-08-19,120.62000274658203,120.98999786376953,118.11000061035156,118.62999725341797,107.6712417602539,13464500,0.0,0.0
2022-08-22,116.75,117.16000366210938,115.5,116.66999816894531,105.89232635498047,8967600,0.0,0.0
2022-08-23,116.69000244140625,117.29000091552734,115.37999725341797,115.5199966430664,104.84855651855469,7607000,0.0,0.0
2022-08-24,115.29000091552734,116.41000366210938,114.44999694824219,115.80000305175781,105.10267639160156,9771300,0.0,0.0
2022-08-25,116.16000366210938,118.73999786376953,115.68000030517578,118.55000305175781,107.5986557006836,10758900,0.0,0.0
2022-08-26,119.45999908447266,119.98999786376953,114.5999984741211,114.66999816894531,104.07705688476562,11276200,0.0,0.0
2022-08-29,114.0,114.86000061035156,113.45999908447266,114.38999938964844,103.82294464111328,8117300,0.0,0.0
2022-08-30,115.0,115.58000183105469,113.36000061035156,114.41000366210938,103.8410873413086,10745400,0.0,0.0
2022-08-31,114.4800033569336,115.02999877929688,113.33999633789062,113.7300033569336,103.22391510009766,10738300,0.0,0.0
2022-09-01,113.29000091552734,114.62999725341797,111.91000366210938,114.51000213623047,103.93184661865234,9979800,0.0,0.0
2022-09-02,115.87000274658203,117.44999694824219,113.19000244140625,113.70999908447266,103.20574951171875,10666600,0.0,0.0
2022-09-06,114.33000183105469,114.75,112.06999969482422,113.73999786376953,103.23298645019531,9751900,0.0,0.0
2022-09-07,113.12999725341797,116.11000061035156,112.76000213623047,115.9000015258789,105.1934585571289,10647900,0.0,0.0
2022-09-08,115.27999877929688,118.79000091552734,114.62999725341797,118.5999984741211,107.64403533935547,11435000,0.0,0.0
2022-09-09,119.13999938964844,120.05000305175781,118.66999816894531,119.16999816894531,108.16136932373047,9299700,0.0,0.0
2022-09-12,120.62000274658203,121.55000305175781,119.79000091552734,120.58000183105469,109.44112396240234,8614600,0.0,0.0
2022-09-13,118.06999969482422,118.91999816894531,115.77999877929688,116.38999938964844,105.63819122314453,12904600,0.0,0.0
2022-09-14,116.69999694824219,117.83999633789062,114.87999725341797,116.12000274658203,105.39313507080078,9345700,0.0,0.0
2022-09-15,116.12000274658203,119.37999725341797,115.76000213623047,117.87000274658203,106.9814682006836,10821400,0.0,0.0
2022-09-16,117.38999938964844,117.4000015258789,115.37000274658203,117.08000183105469,106.26445007324219,14844100,0.0,0.0
2022-09-19,116.0,118.7300033569336,115.51000213623047,118.16000366210938,107.24467468261719,8201300,0.0,0.0
2022-09-20,117.41000366210938,117.69000244140625,114.63999938964844,115.83000183105469,105.12991333007812,9619000,0.0,0.0
2022-09-21,116.54000091552734,116.5999984741211,112.41999816894531,112.48999786376953,102.09845733642578,12606300,0.0,0.0
2022-09-22,113.37999725341797,113.5999984741211,111.06999969482422,111.20999908447266,100.93670654296875,11684500,0.0,0.0
2022-09-23,110.05000305175781,110.33999633789062,107.16000366210938,109.13999938964844,99.05792999267578,18138600,0.0,0.0
2022-09-26,108.0,109.61000061035156,106.05999755859375,106.79000091552734,96.92500305175781,15753600,0.0,0.0
2022-09-27,107.75,108.16999816894531,104.6500015258789,105.8499984741211,96.07184600830078,12793600,0.0,0.0
2022-09-28,105.94999694824219,108.7300033569336,105.63999938964844,107.98999786376953,98.01415252685547,12762600,0.0,0.0
2022-09-29,106.94999694824219,107.27999877929688,104.4000015258789,106.16000366210938,96.35320281982422,12713900,0.0,0.0
2022-09-30,106.05999755859375,107.62000274658203,104.4000015258789,104.5,94.8465576171875,15973400,0.0,0.0
2022-10-03,105.62000274658203,108.36000061035156,104.45999908447266,107.7300033569336,97.77818298339844,12248100,0.0,0.0
2022-10-04,110.61000061035156,112.98999786376953,109.86000061035156,112.7699966430664,102.35257720947266,16013600,0.0,0.0
2022-10-05,109.75,110.94999694824219,108.83000183105469,110.38999938964844,101.08888244628906,10943500,1.0,0.0
2022-10-06,109.45999908447266,110.19000244140625,107.94000244140625,108.13999938964844,99.02843475341797,11521400,0.0,0.0
2022-10-07,107.5199966430664,107.70999908447266,105.2699966430664,105.9800033569336,97.05045318603516,11681100,0.0,0.0
2022-10-10,106.7300033569336,107.30999755859375,104.5199966430664,104.98999786376953,96.14385223388672,8931700,0.0,0.0
2022-10-11,104.37000274658203,104.54000091552734,101.8499984741211,101.95999908447266,93.369140625,12739700,0.0,0.0
2022-10-12,101.80000305175781,104.7300033569336,101.27999877929688,103.61000061035156,94.88011932373047,13181000,0.0,0.0
2022-10-13,101.9800033569336,109.9000015258789,101.76000213623047,109.37000274658203,100.15482330322266,22398700,0.0,0.0
2022-10-14,111.95999908447266,115.23999786376953,110.72000122070312,111.19000244140625,101.82144927978516,33387100,0.0,0.0
2022-10-17,115.41000366210938,117.01000213623047,114.31999969482422,115.86000061035156,106.09798431396484,22276300,0.0,0.0
2022-10-18,119.66000366210938,120.13999938964844,116.95999908447266,118.83999633789062,108.82689666748047,21539700,0.0,0.0
2022-10-19,117.98999786376953,118.83000183105469,115.66999816894531,116.51000213623047,106.69322204589844,17072000,0.0,0.0
2022-10-20,117.16000366210938,118.70999908447266,115.6500015258789,116.12999725341797,106.34523010253906,12207400,0.0,0.0
2022-10-21,116.45999908447266,122.38999938964844,116.33000183105469,122.2300033569336,111.93125915527344,20593300,0.0,0.0
2022-10-24,122.06999969482422,123.0999984741211,121.33000183105469,122.37999725341797,112.06861877441406,12624200,0.0,0.0
2022-10-25,121.8499984741211,123.2699966430664,120.88999938964844,122.69999694824219,112.36165618896484,11289100,0.0,0.0
2022-10-26,123.0,125.19999694824219,122.87999725341797,124.11000061035156,113.6528549194336,11667000,0.0,0.0
2022-10-27,125.19999694824219,126.19999694824219,124.20999908447266,124.5999984741211,114.10157012939453,10727600,0.0,0.0
2022-10-28,125.29000091552734,126.27999877929688,124.05000305175781,126.08000183105469,115.45689392089844,11859500,0.0,0.0
2022-10-31,125.69999694824219,127.43000030517578,125.58999633789062,125.87999725341797,115.27372741699219,13295200,0.0,0.0
2022-11-01,126.87000274658203,128.27999877929688,126.33000183105469,128.14999389648438,117.35245513916016,13386900,0.0,0.0
2022-11-02,127.6500015258789,130.36000061035156,126.63999938964844,126.97000122070312,116.27188110351562,16546100,0.0,0.0
2022-11-03,126.30999755859375,128.17999267578125,125.91000366210938,127.19999694824219,116.48251342773438,12474400,0.0,0.0
2022-11-04,129.49000549316406,130.8300018310547,128.4600067138672,130.67999267578125,119.66929626464844,14953200,0.0,0.0
2022-11-07,131.0,132.2899932861328,130.47999572753906,131.3699951171875,120.30116271972656,12011200,0.0,0.0
2022-11-08,131.24000549316406,132.05999755859375,130.13999938964844,131.4499969482422,120.37442016601562,9884100,0.0,0.0
2022-11-09,131.32000732421875,131.42999267578125,129.22000122070312,129.74000549316406,118.80850219726562,9494000,0.0,0.0
2022-11-10,132.6300048828125,135.25,132.52999877929688,135.0800018310547,123.69853210449219,16351600,0.0,0.0
2022-11-11,135.19000244140625,136.1699981689453,133.77999877929688,135.3000030517578,123.9000244140625,10704700,0.0,0.0
2022-11-14,134.8000030517578,135.72999572753906,133.91000366210938,133.91000366210938,122.62713623046875,11085600,0.0,0.0
2022-11-15,134.67999267578125,135.7100067138672,131.60000610351562,132.94000244140625,121.73885345458984,14038300,0.0,0.0
2022-11-16,133.0,133.55999755859375,132.02999877929688,133.1199951171875,121.9037094116211,7893400,0.0,0.0
2022-11-17,132.0,132.88999938964844,131.27999877929688,132.5399932861328,121.37257385253906,8820200,0.0,0.0
2022-11-18,134.57000732421875,134.6699981689453,132.27999877929688,133.83999633789062,122.56301879882812,9468500,0.0,0.0
2022-11-21,133.74000549316406,134.55999755859375,132.75,133.0500030517578,121.839599609375,7800500,0.0,0.0
2022-11-22,134.0,135.27000427246094,133.69000244140625,135.0399932861328,123.66192626953125,9185700,0.0,0.0
2022-11-23,134.94000244140625,136.5,134.86000061035156,136.47999572753906,124.98060607910156,7316200,0.0,0.0
2022-11-25,136.47999572753906,137.13999938964844,136.05999755859375,136.74000549316406,125.21868133544922,3220500,0.0,0.0
2022-11-28,136.07000732421875,136.7100067138672,134.19000244140625,134.35000610351562,123.03007507324219,9906900,0.0,0.0
2022-11-29,134.66000366210938,136.63999938964844,134.41000366210938,136.55999755859375,125.0538558959961,7925300,0.0,0.0
2022-11-30,136.08999633789062,138.17999267578125,133.19000244140625,138.17999267578125,126.53733825683594,14761200,0.0,0.0
2022-12-01,138.17999267578125,138.66000366210938,135.42999267578125,136.24000549316406,124.76081848144531,8858500,0.0,0.0
2022-12-02,134.49000549316406,135.35000610351562,133.33999633789062,135.16000366210938,123.77183532714844,8931900,0.0,0.0
2022-12-05,134.24000549316406,134.57000732421875,130.60000610351562,131.3699951171875,120.30116271972656,10154500,0.0,0.0
2022-12-06,133.38999938964844,135.11000061035156,129.8699951171875,131.58999633789062,120.50260925292969,13966700,0.0,0.0
2022-12-07,131.30999755859375,133.0800018310547,130.3300018310547,131.5,120.42020416259766,11739400,0.0,0.0
2022-12-08,132.3300018310547,132.97999572753906,131.42999267578125,132.8800048828125,121.6839370727539,8907300,0.0,0.0
2022-12-09,132.1999969482422,133.75999450683594,132.0,132.16000366210938,121.02461242675781,7957800,0.0,0.0
2022-12-12,132.39999389648438,134.64999389648438,131.60000610351562,134.2100067138672,122.90187072753906,8841600,0.0,0.0
2022-12-13,136.88999938964844,137.08999633789062,133.0800018310547,134.0800018310547,122.78280639648438,10025400,0.0,0.0
2022-12-14,133.77999877929688,135.7100067138672,132.75999450683594,133.41000366210938,122.1692886352539,9966100,0.0,0.0
2022-12-15,131.14999389648438,132.0800018310547,129.0500030517578,130.10000610351562,119.1381607055664,12087800,0.0,0.0
2022-12-16,129.14999389648438,129.89999389648438,128.42999267578125,129.2899932861328,118.39640808105469,21133700,0.0,0.0
2022-12-19,129.64999389648438,131.3300018310547,129.08999633789062,130.05999755859375,119.10152435302734,9017200,0.0,0.0
2022-12-20,130.97000122070312,132.0500030517578,130.1999969482422,130.69000244140625,119.67845153808594,8549900,0.0,0.0
2022-12-21,132.17999267578125,132.97999572753906,131.77000427246094,132.16000366210938,121.02461242675781,8051700,0.0,0.0
2022-12-22,131.10000610351562,131.3000030517578,128.41000366210938,130.66000366210938,119.65098571777344,8648200,0.0,0.0
2022-12-23,130.5800018310547,131.44000244140625,129.63999938964844,131.27999877929688,120.21875,5091900,0.0,0.0
2022-12-27,131.57000732421875,132.22000122070312,130.5500030517578,131.74000549316406,120.63997650146484,5411000,0.0,0.0
2022-12-28,131.85000610351562,133.41000366210938,131.00999450683594,132.4600067138672,121.29931640625,8827700,0.0,0.0
2022-12-29,132.92999267578125,133.27000427246094,132.30999755859375,133.22000122070312,121.99527740478516,6585200,0.0,0.0
2022-12-30,132.80999755859375,134.3300018310547,132.44000244140625,134.10000610351562,122.80116271972656,9292500,0.0,0.0
2023-01-03,135.24000549316406,136.74000549316406,133.88999938964844,135.1199951171875,123.73518371582031,11054800,0.0,0.0
2023-01-04,135.99000549316406,137.67999267578125,135.57000732421875,136.3800048828125,124.88902282714844,11687600,0.0,0.0
2023-01-05,135.66000366210938,135.7100067138672,133.6999969482422,135.35000610351562,124.86135864257812,8381300,1.0,0.0
2023-01-06,136.1300048828125,138.3800048828125,134.49000549316406,137.94000244140625,127.25066375732422,10029100,0.0,0.0
2023-01-09,138.60000610351562,138.8800048828125,136.8800048828125,137.3699951171875,126.7248306274414,8482300,0.0,0.0
2023-01-10,137.7899932861328,138.72000122070312,137.30999755859375,138.60000610351562,127.85948181152344,9048700,0.0,0.0
2023-01-11,138.89999389648438,139.75,138.10000610351562,139.6300048828125,128.80966186523438,8703700,0.0,0.0
2023-01-12,140.0,140.86000061035156,139.22000122070312,139.49000549316406,128.68052673339844,11001700,0.0,0.0
2023-01-13,135.60000610351562,143.49000549316406,134.8000030517578,143.00999450683594,131.92776489257812,20200000,0.0,0.0
2023-01-17,141.1699981689453,141.5399932861328,139.22999572753906,140.8000030517578,129.8890380859375,14292900,0.0,0.0
2023-01-18,138.9199981689453,140.72999572753906,136.41000366210938,136.57000732421875,125.98680114746094,13392600,0.0,0.0
2023-01-19,135.32000732421875,135.89999389648438,133.58999633789062,134.75,124.30784606933594,13303400,0.0,0.0
2023-01-20,135.16000366210938,135.49000549316406,133.5500030517578,135.0800018310547,124.61224365234375,13092500,0.0,0.0
2023-01-23,135.1199951171875,137.9600067138672,134.82000732421875,137.27000427246094,126.632568359375,10487100,0.0,0.0
2023-01-24,136.4199981689453,140.2899932861328,135.0,138.4499969482422,127.72111511230469,6945000,0.0,0.0
2023-01-25,138.0500030517578,139.1199951171875,137.25,139.1199951171875,128.33920288085938,8967000,0.0,0.0
2023-01-26,139.4199981689453,140.05999755859375,138.36000061035156,139.97999572753906,129.13255310058594,7487600,0.0,0.0
2023-01-27,140.61000061035156,141.25999450683594,139.75,140.32000732421875,129.4462127685547,7489900,0.0,0.0
2023-01-30,139.22999572753906,140.08999633789062,138.91000366210938,139.1300048828125,128.34844970703125,6729300,0.0,0.0
2023-01-31,139.8800048828125,140.07000732421875,138.25,139.9600067138672,129.1140899658203,9188700,0.0,0.0
2023-02-01,138.2100067138672,140.8800048828125,138.1199951171875,139.58999633789062,128.7727813720703,8841800,0.0,0.0
2023-02-02,140.0,140.4600067138672,138.0,138.94000244140625,128.17315673828125,11822100,0.0,0.0
2023-02-03,138.17999267578125,142.3300018310547,138.1300048828125,141.08999633789062,130.1565704345703,11501200,0.0,0.0
2023-02-06,140.22999572753906,142.24000549316406,140.02999877929688,141.9199981689453,130.92225646972656,8406200,0.0,0.0
2023-02-07,141.3800048828125,144.33999633789062,141.17999267578125,143.64999389648438,132.5181427001953,10447900,0.0,0.0
2023-02-08,142.64999389648438,144.0399932861328,142.27999877929688,142.63999938964844,131.58639526367188,6958000,0.0,0.0
2023-02-09,143.1199951171875,143.33999633789062,139.8699951171875,140.4199981689453,129.53842163085938,6443100,0.0,0.0
2023-02-10,139.77999877929688,141.27999877929688,138.58999633789062,141.0399932861328,130.11041259765625,6582900,0.0,0.0
2023-02-13,141.3000030517578,142.72999572753906,140.74000549316406,142.57000732421875,131.52186584472656,7134600,0.0,0.0
2023-02-14,142.5,143.80999755859375,141.60000610351562,143.1999969482422,132.10301208496094,9249400,0.0,0.0
2023-02-15,141.61000061035156,143.88999938964844,141.3000030517578,143.8000030517578,132.65650939941406,6728300,0.0,0.0
2023-02-16,142.91000366210938,143.38999938964844,141.67999267578125,141.82000732421875,130.8300018310547,8165300,0.0,0.0
2023-02-17,140.97999572753906,142.8300018310547,140.07000732421875,142.24000549316406,131.21739196777344,7948800,0.0,0.0
2023-02-21,140.69000244140625,141.33999633789062,138.75,139.6300048828125,128.80966186523438,9996300,0.0,0.0
2023-02-22,138.9199981689453,139.42999267578125,137.44000244140625,138.55999755859375,127.82257080078125,11107500,0.0,0.0
2023-02-23,138.72999572753906,140.1699981689453,137.94000244140625,139.6699981689453,128.84658813476562,8068000,0.0,0.0
2023-02-24,139.11000061035156,141.36000061035156,138.92999267578125,140.92999267578125,130.00892639160156,9126900,0.0,0.0
2023-02-27,142.11000061035156,143.30999755859375,141.72000122070312,142.16000366210938,131.1436004638672,10014700,0.0,0.0
2023-02-28,142.94000244140625,143.75999450683594,141.89999389648438,143.35000610351562,132.2414093017578,11019800,0.0,0.0
2023-03-01,142.10000610351562,143.4600067138672,141.8000030517578,142.5500030517578,131.50338745117188,7139200,0.0,0.0
2023-03-02,142.24000549316406,142.42999267578125,139.5399932861328,141.07000732421875,130.1381072998047,11106800,0.0,0.0
2023-03-03,141.50999450683594,143.74000549316406,141.0800018310547,143.66000366210938,132.52740478515625,9513100,0.0,0.0
2023-03-06,143.44000244140625,144.0399932861328,142.66000366210938,142.82000732421875,131.75245666503906,9261300,0.0,0.0
2023-03-07,142.00999450683594,142.30999755859375,137.80999755859375,138.6199951171875,127.87792205810547,11747600,0.0,0.0
2023-03-08,138.0,138.58999633789062,136.88999938964844,137.8000030517578,127.12149810791016,10002500,0.0,0.0
2023-03-09,136.75999450683594,137.35000610351562,129.22000122070312,130.33999633789062,120.23959350585938,25888100,0.0,0.0
2023-03-10,128.9600067138672,135.25999450683594,127.81999969482422,133.64999389648438,123.29305267333984,37599700,0.0,0.0
2023-03-13,131.2100067138672,133.8800048828125,129.41000366210938,131.25,121.07908630371094,42901100,0.0,0.0
2023-03-14,135.27999877929688,135.52999877929688,131.2899932861328,134.6199951171875,124.18790435791016,29648100,0.0,0.0
2023-03-15,130.97999572753906,130.99000549316406,126.7300033569336,128.25999450683594,118.32077026367188,34280600,0.0,0.0
2023-03-16,128.00999450683594,131.9499969482422,126.0199966430664,130.75,120.61781311035156,24558500,0.0,0.0
2023-03-17,128.3800048828125,128.47999572753906,125.44999694824219,125.80999755859375,116.06062316894531,38396000,0.0,0.0
2023-03-20,126.98999786376953,129.47000122070312,126.01000213623047,127.13999938964844,117.28756713867188,22875500,0.0,0.0
2023-03-21,130.58999633789062,131.72999572753906,130.19000244140625,130.5500030517578,120.43331909179688,17807800,0.0,0.0
2023-03-22,130.55999755859375,130.66000366210938,127.08000183105469,127.18000030517578,117.32445526123047,17250200,0.0,0.0
2023-03-23,127.9000015258789,129.52999877929688,126.0199966430664,126.83999633789062,117.01081848144531,16677600,0.0,0.0
2023-03-24,125.62999725341797,125.68000030517578,123.11000061035156,124.91000366210938,115.23037719726562,22311100,0.0,0.0
2023-03-27,126.79000091552734,129.3800048828125,126.29000091552734,128.49000549316406,118.532958984375,18853900,0.0,0.0
2023-03-28,128.7100067138672,129.33999633789062,127.73999786376953,128.8800048828125,118.89271545410156,10820500,0.0,0.0
2023-03-29,130.10000610351562,130.22000122070312,127.7699966430664,129.13999938964844,119.13258361816406,14595300,0.0,0.0
2023-03-30,129.9499969482422,130.1199951171875,127.6500015258789,128.75,118.7728271484375,12134700,0.0,0.0
2023-03-31,129.66000366210938,130.33999633789062,128.85000610351562,130.30999755859375,120.21192169189453,13105200,0.0,0.0
2023-04-03,129.91000366210938,131.44000244140625,129.41000366210938,130.16000366210938,120.07353210449219,11775400,0.0,0.0
2023-04-04,130.5,130.58999633789062,127.41000366210938,128.4199981689453,118.46837615966797,11579900,0.0,0.0
2023-04-05,126.80000305175781,128.14999389648438,126.45999908447266,127.61000061035156,118.64501953125,9614700,1.0,0.0
2023-04-06,127.0,128.0800018310547,126.86000061035156,127.47000122070312,118.5148696899414,8760200,0.0,0.0
2023-04-10,126.54000091552734,128.22999572753906,126.22000122070312,127.88999938964844,118.90534973144531,9477300,0.0,0.0
2023-04-11,128.3000030517578,128.94000244140625,127.54000091552734,128.52000427246094,119.49110412597656,10516300,0.0,0.0
2023-04-12,129.17999267578125,130.42999267578125,128.05999755859375,128.5,119.47248840332031,11821000,0.0,0.0
2023-04-13,128.4600067138672,129.0399932861328,126.83000183105469,128.99000549316406,119.92809295654297,12450200,0.0,0.0
2023-04-14,135.14999389648438,139.1199951171875,134.89999389648438,138.72999572753906,128.9838104248047,43931300,0.0,0.0
2023-04-17,139.9499969482422,140.05999755859375,137.66000366210938,139.8300018310547,130.0065460205078,16050500,0.0,0.0
2023-04-18,140.27000427246094,141.77999877929688,139.02999877929688,141.39999389648438,131.4662322998047,13760100,0.0,0.0
2023-04-19,141.22999572753906,141.5,140.39999389648438,141.22000122070312,131.2988739013672,9158100,0.0,0.0
2023-04-20,139.91000366210938,141.42999267578125,139.83999633789062,140.80999755859375,130.91766357421875,10586200,0.0,0.0
2023-04-21,139.74000549316406,141.11000061035156,138.77999877929688,140.5399932861328,130.66665649414062,11842500,0.0,0.0
2023-04-24,140.4600067138672,141.10000610351562,140.0399932861328,140.72999572753906,130.84329223632812,7567500,0.0,0.0
2023-04-25,139.60000610351562,139.9600067138672,137.6300048828125,137.6699981689453,127.99826049804688,10629300,0.0,0.0
2023-04-26,137.6199951171875,137.80999755859375,134.0,135.22999572753906,125.72967529296875,14416100,0.0,0.0
2023-04-27,136.0,137.91000366210938,135.66000366210938,137.0500030517578,127.42183685302734,9041100,0.0,0.0
2023-04-28,136.55999755859375,138.32000732421875,135.6699981689453,138.24000549316406,128.52825927734375,9887300,0.0,0.0
2023-05-01,142.25999450683594,143.3699951171875,140.8300018310547,141.1999969482422,131.2802734375,20415800,0.0,0.0
2023-05-02,141.39999389648438,142.41000366210938,138.42999267578125,138.9199981689453,129.16046142578125,14113400,0.0,0.0
2023-05-03,138.44000244140625,138.6699981689453,135.75999450683594,135.97999572753906,126.427001953125,12930900,0.0,0.0
2023-05-04,134.9600067138672,135.72000122070312,131.80999755859375,134.1199951171875,124.69766235351562,17089200,0.0,0.0
2023-05-05,136.44000244140625,137.8800048828125,135.91000366210938,136.74000549316406,127.13361358642578,11261400,0.0,0.0
2023-05-08,137.49000549316406,137.97000122070312,136.47999572753906,137.07000732421875,127.4404296875,7484900,0.0,0.0
2023-05-09,135.92999267578125,136.9499969482422,135.2100067138672,136.41000366210938,126.8268051147461,7343600,0.0,0.0
2023-05-10,137.9499969482422,138.05999755859375,134.8699951171875,136.47999572753906,126.8918685913086,8133400,0.0,0.0
2023-05-11,135.0,136.80999755859375,134.89999389648438,136.0500030517578,126.49207305908203,7057300,0.0,0.0
2023-05-12,136.82000732421875,136.99000549316406,133.1300048828125,134.10000610351562,124.67909240722656,9988600,0.0,0.0
2023-05-15,134.27000427246094,135.6699981689453,133.9600067138672,135.22999572753906,125.72967529296875,7639500,0.0,0.0
2023-05-16,135.4600067138672,135.94000244140625,133.9600067138672,134.32000732421875,124.88362884521484,6477200,0.0,0.0
2023-05-17,135.89999389648438,138.58999633789062,135.4600067138672,138.4499969482422,128.72348022460938,12711500,0.0,0.0
2023-05-18,138.27000427246094,139.72999572753906,137.75999450683594,139.5,129.69972229003906,10999600,0.0,0.0
2023-05-19,139.7899932861328,140.49000549316406,138.1300048828125,139.17999267578125,129.40216064453125,13492200,0.0,0.0
2023-05-22,141.0,141.63999938964844,137.66000366210938,138.02999877929688,128.33299255371094,11402500,0.0,0.0
2023-05-23,137.5399932861328,139.02999877929688,136.4600067138672,136.58999633789062,126.99417114257812,9514900,0.0,0.0
2023-05-24,135.39999389648438,136.35000610351562,135.0800018310547,135.33999633789062,125.83196258544922,8578000,0.0,0.0
2023-05-25,134.82000732421875,136.27000427246094,134.5800018310547,135.6699981689453,126.1387710571289,8472500,0.0,0.0
2023-05-26,136.11000061035156,137.60000610351562,135.6300048828125,136.94000244140625,127.31956481933594,8579900,0.0,0.0
2023-05-30,136.8000030517578,137.72000122070312,136.02000427246094,137.4600067138672,127.80301666259766,7399900,0.0,0.0
2023-05-31,136.72999572753906,136.83999633789062,134.39999389648438,135.7100067138672,126.17599487304688,14219900,0.0,0.0
2023-06-01,136.52000427246094,138.22999572753906,135.4499969482422,137.5800018310547,127.91460418701172,12248100,0.0,0.0
2023-06-02,139.55999755859375,141.47999572753906,139.33999633789062,140.47000122070312,130.6015625,12922500,0.0,0.0
2023-06-05,140.11000061035156,140.11000061035156,138.1300048828125,139.08999633789062,129.31849670410156,8511900,0.0,0.0
2023-06-06,138.67999267578125,140.10000610351562,138.2100067138672,139.33999633789062,129.55096435546875,9329500,0.0,0.0
2023-06-07,139.5500030517578,141.27000427246094,138.8300018310547,140.69000244140625,130.80613708496094,9281400,0.0,0.0
2023-06-08,140.6699981689453,140.88999938964844,139.47999572753906,140.72999572753906,130.84329223632812,7368100,0.0,0.0
2023-06-09,140.35000610351562,141.8000030517578,140.2100067138672,141.00999450683594,131.10362243652344,7249100,0.0,0.0
2023-06-12,141.07000732421875,141.32000732421875,139.75999450683594,141.0,131.09434509277344,7596600,0.0,0.0
2023-06-13,140.47999572753906,142.8699951171875,140.13999938964844,142.02000427246094,132.0426788330078,7701600,0.0,0.0
2023-06-14,143.0,143.61000061035156,140.6999969482422,141.49000549316406,131.54994201660156,9068700,0.0,0.0
2023-06-15,140.58999633789062,143.39999389648438,140.02999877929688,143.08999633789062,133.03750610351562,9343100,0.0,0.0
2023-06-16,143.0500030517578,143.97000122070312,142.5,143.25999450683594,133.19557189941406,13813500,0.0,0.0
2023-06-20,142.61000061035156,143.0,141.0399932861328,142.52999877929688,132.51686096191406,8428600,0.0,0.0
2023-06-21,142.89999389648438,144.02000427246094,141.69000244140625,142.32000732421875,132.3216094970703,9926500,0.0,0.0
2023-06-22,142.30999755859375,142.60000610351562,138.9499969482422,139.5800018310547,129.77410888671875,10075200,0.0,0.0
2023-06-23,138.5399932861328,139.17999267578125,137.6199951171875,138.85000610351562,129.0953826904297,9919500,0.0,0.0
2023-06-26,138.8699951171875,140.00999450683594,137.69000244140625,139.19000244140625,129.41148376464844,8429700,0.0,0.0
2023-06-27,139.0,139.83999633789062,138.5399932861328,139.1999969482422,129.42079162597656,8154000,0.0,0.0
2023-06-28,139.16000366210938,139.2100067138672,137.9600067138672,138.58999633789062,128.85365295410156,7558600,0.0,0.0
2023-06-29,140.07000732421875,143.55999755859375,139.85000610351562,143.42999267578125,133.35362243652344,15423200,0.0,0.0
2023-06-30,144.60000610351562,146.0,143.66000366210938,145.44000244140625,135.22242736816406,14212800,0.0,0.0
2023-07-03,146.19000244140625,147.47999572753906,146.0,146.61000061035156,136.31019592285156,8021600,0.0,0.0
2023-07-05,144.94000244140625,145.42999267578125,144.36000061035156,144.63999938964844,135.4021453857422,8934900,1.0,0.0
2023-07-06,143.02000427246094,143.38999938964844,141.44000244140625,143.2100067138672,134.06349182128906,9709500,0.0,0.0
2023-07-07,143.91000366210938,145.83999633789062,143.0,144.33999633789062,135.121337890625,8981500,0.0,0.0
2023-07-10,144.5,145.99000549316406,144.5,145.14999389648438,135.87957763671875,9100100,0.0,0.0
2023-07-11,146.33999633789062,147.82000732421875,145.7100067138672,147.4199981689453,138.00460815429688,11260900,0.0,0.0
2023-07-12,147.4499969482422,149.8699951171875,147.0,148.14999389648438,138.68798828125,11323200,0.0,0.0
2023-07-13,148.6999969482422,149.3699951171875,147.75,148.8699951171875,139.36199951171875,11234900,0.0,0.0
2023-07-14,151.5500030517578,152.88999938964844,148.41000366210938,149.77000427246094,140.2045440673828,27028400,0.0,0.0
2023-07-17,150.35000610351562,153.75,150.35000610351562,153.3800048828125,143.58396911621094,17262400,0.0,0.0
2023-07-18,153.3800048828125,154.39999389648438,152.82000732421875,153.66000366210938,143.8461151123047,13491700,0.0,0.0
2023-07-19,152.75,155.2100067138672,152.22000122070312,154.25,144.39840698242188,12510000,0.0,0.0
2023-07-20,154.52999877929688,156.58999633789062,154.41000366210938,156.14999389648438,146.17706298828125,9935900,0.0,0.0
2023-07-21,155.8000030517578,156.13999938964844,154.69000244140625,154.9499969482422,145.05369567871094,10636400,0.0,0.0
2023-07-24,154.97000122070312,158.7899932861328,154.72999572753906,158.0,147.9088897705078,14381400,0.0,0.0
2023-07-25,157.3000030517578,157.72000122070312,155.9600067138672,156.82000732421875,146.8042449951172,9944700,0.0,0.0
2023-07-26,156.7100067138672,158.25,156.27999877929688,157.75999450683594,147.6842041015625,8728600,0.0,0.0
2023-07-27,157.77000427246094,158.77999877929688,155.5500030517578,156.02000427246094,146.05535888671875,10778400,0.0,0.0
2023-07-28,157.27999877929688,157.60000610351562,156.44000244140625,156.91000366210938,146.8885040283203,9103800,0.0,0.0
2023-07-31,157.17999267578125,159.3800048828125,157.14999389648438,157.9600067138672,147.87144470214844,8892700,0.0,0.0
2023-08-01,157.42999267578125,158.0,156.14999389648438,157.17999267578125,147.14126586914062,6853900,0.0,0.0
2023-08-02,155.55999755859375,155.69000244140625,153.94000244140625,155.39999389648438,145.4749298095703,8299400,0.0,0.0
2023-08-03,155.0,156.9199981689453,154.35000610351562,156.35000610351562,146.36428833007812,6084000,0.0,0.0
2023-08-04,156.39999389648438,157.8000030517578,155.6999969482422,156.02000427246094,146.05535888671875,6209400,0.0,0.0
2023-08-07,156.60000610351562,157.6999969482422,156.60000610351562,156.75999450683594,146.74807739257812,7251800,0.0,0.0
2023-08-08,154.32000732421875,155.97999572753906,152.58999633789062,155.8800048828125,145.92430114746094,8623400,0.0,0.0
2023-08-09,155.32000732421875,155.52000427246094,153.47000122070312,153.7899932861328,143.9677734375,6277800,0.0,0.0
2023-08-10,154.3800048828125,155.44000244140625,153.08999633789062,153.55999755859375,143.75244140625,5995100,0.0,0.0
2023-08-11,153.02999877929688,154.52000427246094,152.6300048828125,154.4499969482422,144.5856170654297,5180700,0.0,0.0
2023-08-14,153.61000061035156,154.9199981689453,152.9199981689453,154.77000427246094,144.8851776123047,5044300,0.0,0.0
2023-08-15,152.85000610351562,153.27000427246094,150.22999572753906,150.8300018310547,141.19683837890625,10300300,0.0,0.0
2023-08-16,150.60000610351562,150.9600067138672,149.67999267578125,150.19000244140625,140.59768676757812,6978200,0.0,0.0
2023-08-17,150.8800048828125,151.25999450683594,148.39999389648438,148.6300048828125,139.1373291015625,9953900,0.0,0.0
2023-08-18,147.64999389648438,149.5,147.44000244140625,148.97000122070312,139.4556121826172,8517500,0.0,0.0
2023-08-21,149.64999389648438,150.10000610351562,148.02000427246094,149.47999572753906,139.9330291748047,8327000,0.0,0.0
2023-08-22,149.25999450683594,149.63999938964844,145.85000610351562,146.3800048828125,137.0310516357422,9673300,0.0,0.0
2023-08-23,146.35000610351562,147.58999633789062,145.4600067138672,147.3699951171875,137.9578094482422,7858000,0.0,0.0
2023-08-24,147.5,149.41000366210938,146.99000549316406,147.22999572753906,137.8267364501953,6534000,0.0,0.0
2023-08-25,147.27999877929688,148.6199951171875,145.85000610351562,147.0500030517578,137.6582489013672,6695500,0.0,0.0
2023-08-28,147.57000732421875,148.61000061035156,147.1300048828125,147.55999755859375,138.13568115234375,5094100,0.0,0.0
2023-08-29,147.7100067138672,148.85000610351562,147.17999267578125,148.75999450683594,139.25901794433594,6337000,0.0,0.0
2023-08-30,148.6199951171875,149.14999389648438,147.19000244140625,148.16000366210938,138.69735717773438,6277300,0.0,0.0
2023-08-31,148.25999450683594,148.35000610351562,145.9600067138672,146.3300018310547,136.9842529296875,10933900,0.0,0.0
2023-09-01,146.08999633789062,148.0800018310547,145.6999969482422,146.82000732421875,137.4429473876953,7903500,0.0,0.0
2023-09-05,147.16000366210938,148.2100067138672,145.00999450683594,145.1999969482422,135.92637634277344,7854700,0.0,0.0
2023-09-06,144.6999969482422,145.5399932861328,144.11000061035156,144.9600067138672,135.7017364501953,8629200,0.0,0.0
2023-09-07,144.1300048828125,145.27000427246094,143.38999938964844,143.72000122070312,134.54090881347656,8373700,0.0,0.0
2023-09-08,143.3699951171875,144.1199951171875,142.64999389648438,143.8300018310547,134.64389038085938,7107900,0.0,0.0
2023-09-11,144.75,145.0500030517578,143.69000244140625,144.4600067138672,135.23365783691406,6854200,0.0,0.0
2023-09-12,144.5,147.32000732421875,144.0500030517578,146.33999633789062,136.9935760498047,8363200,0.0,0.0
2023-09-13,147.33999633789062,147.6999969482422,145.82000732421875,146.41000366210938,137.0591278076172,8325900,0.0,0.0
2023-09-14,147.83999633789062,149.89999389648438,147.52000427246094,149.25,139.71771240234375,10034900,0.0,0.0
2023-09-15,148.9199981689453,149.72999572753906,148.30999755859375,148.80999755859375,139.3058319091797,19863400,0.0,0.0
2023-09-18,148.16000366210938,149.13999938964844,147.75,149.1199951171875,139.59603881835938,6512400,0.0,0.0
2023-09-19,149.5,149.72000122070312,147.2100067138672,148.92999267578125,139.41818237304688,7943400,0.0,0.0
2023-09-20,149.64999389648438,150.25,148.13999938964844,148.3000030517578,138.8284149169922,7332000,0.0,0.0
2023-09-21,147.5800018310547,148.85000610351562,146.6300048828125,147.13999938964844,137.7424774169922,8052400,0.0,0.0
2023-09-22,147.2899932861328,147.50999450683594,145.19000244140625,145.72999572753906,136.4225311279297,7071700,0.0,0.0
2023-09-25,145.35000610351562,146.52000427246094,143.6999969482422,146.4499969482422,137.09657287597656,7044700,0.0,0.0
2023-09-26,144.60000610351562,145.83999633789062,144.22999572753906,144.92999267578125,135.67364501953125,7468400,0.0,0.0
2023-09-27,145.19000244140625,146.08999633789062,144.50999450683594,145.77999877929688,136.4693603515625,6717800,0.0,0.0
2023-09-28,146.27999877929688,148.8699951171875,146.00999450683594,147.58999633789062,138.1637725830078,8868100,0.0,0.0
2023-09-29,148.60000610351562,148.75999450683594,144.86000061035156,145.02000427246094,135.75791931152344,11917800,0.0,0.0
2023-10-02,144.8300018310547,145.6199951171875,142.6300048828125,143.77000427246094,134.5877685546875,9170600,0.0,0.0
2023-10-03,143.1999969482422,143.58999633789062,142.35000610351562,142.7100067138672,133.5954132080078,9431100,0.0,0.0
2023-10-04,143.19000244140625,143.47000122070312,141.92999267578125,143.35000610351562,134.19454956054688,8128700,0.0,0.0
2023-10-05,142.0399932861328,143.10000610351562,140.8300018310547,142.89999389648438,134.7603759765625,8576200,1.05,0.0
2023-10-06,142.91000366210938,145.8800048828125,142.13999938964844,145.10000610351562,136.8350830078125,10270600,0.0,0.0
2023-10-09,143.66000366210938,145.39999389648438,143.5,144.77000427246094,136.52386474609375,6964900,0.0,0.0
2023-10-10,145.4199981689453,146.77000427246094,145.27999877929688,145.64999389648438,137.35372924804688,11288800,0.0,0.0
2023-10-11,146.50999450683594,147.22999572753906,145.02000427246094,146.14999389648438,137.8252716064453,8698200,0.0,0.0
2023-10-12,146.3000030517578,146.9600067138672,145.1300048828125,145.80999755859375,137.50462341308594,10484400,0.0,0.0
2023-10-13,148.5,153.11000061035156,147.83999633789062,148.0,139.5698699951172,29427000,0.0,0.0
2023-10-16,149.4499969482422,149.52000427246094,146.72000122070312,147.85000610351562,139.42845153808594,12663500,0.0,0.0
2023-10-17,147.57000732421875,149.30999755859375,146.7899932861328,147.52999877929688,139.12664794921875,11482700,0.0,0.0
2023-10-18,146.58999633789062,147.47999572753906,145.3699951171875,145.91000366210938,137.59893798828125,9620300,0.0,0.0
2023-10-19,145.47999572753906,147.02000427246094,144.8800048828125,145.2899932861328,137.01425170898438,11143600,0.0,0.0
2023-10-20,144.57000732421875,145.13999938964844,142.1199951171875,142.9499969482422,134.8074951171875,13332900,0.0,0.0
2023-10-23,142.94000244140625,143.67999267578125,140.72999572753906,141.0,132.9686279296875,10133400,0.0,0.0
2023-10-24,141.19000244140625,141.72999572753906,140.36000061035156,141.1699981689453,133.12892150878906,8881400,0.0,0.0
2023-10-25,140.57000732421875,141.17999267578125,139.50999450683594,140.39999389648438,132.40277099609375,8242600,0.0,0.0
2023-10-26,139.75999450683594,141.6699981689453,139.42999267578125,140.75999450683594,132.7423095703125,9109400,0.0,0.0
2023-10-27,138.9499969482422,139.10000610351562,135.19000244140625,135.69000244140625,127.96107482910156,17434700,0.0,0.0
2023-10-30,136.44000244140625,138.0399932861328,136.0399932861328,137.4199981689453,129.592529296875,9855500,0.0,0.0
2023-10-31,137.7100067138672,139.24000549316406,137.47000122070312,139.05999755859375,131.1391143798828,9672500,0.0,0.0
2023-11-01,139.25,140.52999877929688,138.47000122070312,138.94000244140625,131.02593994140625,9432000,0.0,0.0
2023-11-02,140.08999633789062,141.47999572753906,139.22999572753906,141.4199981689453,133.3646697998047,10186200,0.0,0.0
2023-11-03,142.19000244140625,143.77000427246094,141.85000610351562,143.0,134.85470581054688,9538700,0.0,0.0
2023-11-06,143.1699981689453,144.19000244140625,142.7899932861328,144.0800018310547,135.8731689453125,7625100,0.0,0.0
2023-11-07,143.50999450683594,144.25999450683594,142.82000732421875,144.00999450683594,135.80715942382812,6297900,0.0,0.0
2023-11-08,144.11000061035156,144.83999633789062,143.6199951171875,144.72000122070312,136.47669982910156,7618200,0.0,0.0
2023-11-09,145.44000244140625,145.64999389648438,143.6999969482422,144.2899932861328,136.0712127685547,7992500,0.0,0.0
2023-11-10,144.94000244140625,146.47999572753906,144.0800018310547,146.42999267578125,138.0893096923828,7983300,0.0,0.0
2023-11-13,145.6999969482422,146.25,145.16000366210938,145.77999877929688,137.47634887695312,6676300,0.0,0.0
2023-11-14,146.67999267578125,149.25,146.52000427246094,148.44000244140625,139.9848175048828,9927700,0.0,0.0
2023-11-15,148.4600067138672,150.16000366210938,148.4600067138672,149.74000549316406,141.21080017089844,8365300,0.0,0.0
2023-11-16,150.08999633789062,151.52999877929688,150.08999633789062,151.4499969482422,142.8233642578125,8126200,0.0,0.0
2023-11-17,152.1999969482422,152.86000061035156,151.5399932861328,152.82000732421875,144.11534118652344,7812400,0.0,0.0
2023-11-20,152.0800018310547,153.75,151.9199981689453,153.2899932861328,144.5585479736328,7019000,0.0,0.0
2023-11-21,153.1999969482422,153.6300048828125,152.57000732421875,152.97000122070312,144.25680541992188,7083500,0.0,0.0
2023-11-22,153.41000366210938,153.8800048828125,152.89999389648438,153.3300018310547,144.5963134765625,5174500,0.0,0.0
2023-11-24,153.58999633789062,154.44000244140625,153.27999877929688,153.5399932861328,144.79434204101562,3496900,0.0,0.0
2023-11-27,153.42999267578125,153.52999877929688,152.7100067138672,153.19000244140625,144.46426391601562,6259100,0.0,0.0
2023-11-28,153.22000122070312,153.8699951171875,152.72000122070312,153.5399932861328,144.79434204101562,6582700,0.0,0.0
2023-11-29,154.1699981689453,155.6300048828125,154.0,154.32000732421875,145.5299072265625,9126100,0.0,0.0
2023-11-30,154.91000366210938,156.1300048828125,154.3800048828125,156.0800018310547,147.18963623046875,9869800,0.0,0.0
2023-12-01,155.82000732421875,157.86000061035156,155.82000732421875,156.83999633789062,147.90635681152344,8916000,0.0,0.0
2023-12-04,156.02000427246094,158.0500030517578,155.8800048828125,157.99000549316406,148.9908447265625,9607500,0.0,0.0
2023-12-05,157.25999450683594,158.5,156.97000122070312,157.97000122070312,148.9719696044922,9135600,0.0,0.0
2023-12-06,158.83999633789062,159.22000122070312,156.0,156.30999755859375,147.40655517578125,9366000,0.0,0.0
2023-12-07,156.69000244140625,157.30999755859375,156.14999389648438,156.7899932861328,147.85919189453125,8130900,0.0,0.0
2023-12-08,157.25999450683594,158.77999877929688,156.97999572753906,158.52000427246094,149.49066162109375,7369400,0.0,0.0
2023-12-11,158.52000427246094,159.3000030517578,158.14999389648438,159.10000610351562,150.03762817382812,8093900,0.0,0.0
2023-12-12,159.22999572753906,160.64999389648438,158.8800048828125,160.52000427246094,151.37673950195312,10223000,0.0,0.0
2023-12-13,160.52000427246094,162.02999877929688,159.77000427246094,161.05999755859375,151.885986328125,12379100,0.0,0.0
2023-12-14,161.8300018310547,164.83999633789062,161.7100067138672,163.99000549316406,154.6491241455078,13643000,0.0,0.0
2023-12-15,163.0800018310547,165.27999877929688,162.38999938964844,165.22999572753906,155.81846618652344,20309300,0.0,0.0
2023-12-18,165.9199981689453,167.1300048828125,165.6300048828125,166.22999572753906,156.76148986816406,8469600,0.0,0.0
2023-12-19,166.0,168.47000122070312,165.5500030517578,168.4499969482422,158.85504150390625,10345700,0.0,0.0
2023-12-20,167.99000549316406,169.41000366210938,166.4499969482422,166.5500030517578,157.06324768066406,10734700,0.0,0.0
2023-12-21,166.83999633789062,168.08999633789062,165.67999267578125,167.5,157.9591827392578,7601700,0.0,0.0
2023-12-22,167.5,168.22999572753906,167.22999572753906,167.39999389648438,157.8648681640625,6576300,0.0,0.0
2023-12-26,167.4600067138672,168.77000427246094,167.17999267578125,168.38999938964844,158.7984619140625,4683600,0.0,0.0
2023-12-27,167.83999633789062,169.47000122070312,167.5800018310547,169.39999389648438,159.7509307861328,6428600,0.0,0.0
2023-12-28,169.35000610351562,170.66000366210938,169.0,170.3000030517578,160.5996856689453,6320100,0.0,0.0
2023-12-29,170.0,170.69000244140625,169.6300048828125,170.10000610351562,160.41107177734375,6435100,0.0,0.0
2024-01-02,169.08999633789062,172.1699981689453,168.91000366210938,172.0800018310547,162.27828979492188,9977400,0.0,0.0
2024-01-03,171.86000061035156,172.0399932861328,170.3699951171875,171.3300018310547,161.5709991455078,9852300,0.0,0.0
2024-01-04,170.63999938964844,173.35000610351562,170.5399932861328,171.41000366210938,162.6432342529297,11972500,1.05,0.0
2024-01-05,171.47000122070312,173.3800048828125,171.47000122070312,172.27000427246094,163.45924377441406,10066000,0.0,0.0
2024-01-08,172.02000427246094,172.36000061035156,169.49000549316406,172.02000427246094,163.22201538085938,11229900,0.0,0.0
2024-01-09,171.6199951171875,171.7899932861328,170.10000610351562,170.66000366210938,161.93157958984375,9923600,0.0,0.0
2024-01-10,170.0,171.0800018310547,168.9499969482422,171.02000427246094,162.27316284179688,9670200,0.0,0.0
2024-01-11,170.3300018310547,170.36000061035156,168.63999938964844,170.3000030517578,161.58998107910156,11919500,0.0,0.0
2024-01-12,173.8000030517578,176.30999755859375,168.89999389648438,169.0500030517578,160.4039306640625,19436500,0.0,0.0
2024-01-16,164.8699951171875,168.08999633789062,164.3000030517578,167.99000549316406,159.39813232421875,17206400,0.0,0.0
2024-01-17,167.33999633789062,169.07000732421875,166.49000549316406,167.08999633789062,158.54415893554688,11107500,0.0,0.0
2024-01-18,167.1199951171875,167.52999877929688,165.24000549316406,167.4199981689453,158.85728454589844,9382300,0.0,0.0
2024-01-19,167.5500030517578,170.57000732421875,167.0800018310547,170.30999755859375,161.59945678710938,13115700,0.0,0.0
2024-01-22,170.4600067138672,171.97999572753906,169.7100067138672,170.11000061035156,161.4097137451172,12837500,0.0,0.0
2024-01-23,169.6699981689453,169.75,168.44000244140625,168.99000549316406,160.3470001220703,8360800,0.0,0.0
2024-01-24,169.36000061035156,171.00999450683594,168.86000061035156,170.5,161.77972412109375,9967100,0.0,0.0
2024-01-25,172.30999755859375,172.99000549316406,170.91000366210938,172.94000244140625,164.094970703125,8873500,0.0,0.0
2024-01-26,172.61000061035156,173.05999755859375,171.77999877929688,172.27999877929688,163.46871948242188,7443000,0.0,0.0
2024-01-29,172.24000549316406,172.83999633789062,171.3000030517578,172.72999572753906,163.8957061767578,6971200,0.0,0.0
2024-01-30,172.8300018310547,176.75999450683594,172.8300018310547,176.27000427246094,167.25465393066406,10822100,0.0,0.0
2024-01-31,176.1999969482422,178.3000030517578,174.33999633789062,174.36000061035156,165.44235229492188,11521800,0.0,0.0
2024-02-01,173.63999938964844,174.83999633789062,171.42999267578125,173.72999572753906,164.84454345703125,9354800,0.0,0.0
2024-02-02,173.3000030517578,175.82000732421875,173.25999450683594,174.72999572753906,165.79342651367188,8607600,0.0,0.0
2024-02-05,173.86000061035156,175.08999633789062,172.9199981689453,174.5,165.57516479492188,7820200,0.0,0.0
2024-02-06,174.61000061035156,175.8699951171875,173.75999450683594,175.10000610351562,166.14447021484375,6764800,0.0,0.0
2024-02-07,175.69000244140625,175.8699951171875,173.9600067138672,175.42999267578125,166.45761108398438,7225500,0.0,0.0
2024-02-08,175.0,175.30999755859375,173.57000732421875,174.8000030517578,165.8598175048828,6060300,0.0,0.0
2024-02-09,175.0,175.10000610351562,173.6699981689453,175.00999450683594,166.05908203125,6296700,0.0,0.0
2024-02-12,174.77999877929688,176.80999755859375,173.6999969482422,175.7899932861328,166.79920959472656,8539300,0.0,0.0
2024-02-13,175.32000732421875,176.22999572753906,172.6199951171875,174.25999450683594,165.34744262695312,8397600,0.0,0.0
2024-02-14,175.07000732421875,176.10000610351562,174.4199981689453,176.02999877929688,167.0269012451172,7056700,0.0,0.0
2024-02-15,176.14999389648438,180.2100067138672,176.14999389648438,179.8699951171875,170.67054748535156,8723400,0.0,0.0
2024-02-16,179.61000061035156,179.97999572753906,178.16000366210938,179.02999877929688,169.87350463867188,8152600,0.0,0.0
2024-02-20,179.19000244140625,180.4600067138672,178.41000366210938,179.72999572753906,170.5376739501953,9668000,0.0,0.0
2024-02-21,179.9499969482422,180.99000549316406,178.52000427246094,180.89999389648438,171.64784240722656,7024000,0.0,0.0
2024-02-22,181.82000732421875,183.4199981689453,181.24000549316406,183.07000732421875,173.7068634033203,9296500,0.0,0.0
2024-02-23,183.80999755859375,185.1999969482422,183.19000244140625,183.99000549316406,174.57981872558594,7105800,0.0,0.0
2024-02-26,183.75,184.4600067138672,182.47999572753906,183.36000061035156,173.98204040527344,7145400,0.0,0.0
2024-02-27,183.30999755859375,183.5399932861328,182.24000549316406,183.4499969482422,174.0674285888672,5717100,0.0,0.0
2024-02-28,183.42999267578125,185.1999969482422,182.9600067138672,184.3800048828125,174.94985961914062,6131600,0.0,0.0
2024-02-29,185.66000366210938,186.42999267578125,183.85000610351562,186.05999755859375,176.5439453125,9643000,0.0,0.0
2024-03-01,185.6999969482422,186.44000244140625,185.10000610351562,185.2899932861328,175.8133087158203,6311800,0.0,0.0
2024-03-04,184.7100067138672,187.58999633789062,184.27000427246094,186.67999267578125,177.13221740722656,7063600,0.0,0.0
2024-03-05,186.36000061035156,189.3000030517578,186.36000061035156,188.5500030517578,178.90658569335938,6617800,0.0,0.0
2024-03-06,189.25,190.07000732421875,187.6300048828125,189.52999877929688,179.8364715576172,7572900,0.0,0.0
2024-03-07,189.91000366210938,190.5,186.6300048828125,187.8699951171875,178.26136779785156,7618300,0.0,0.0
2024-03-08,188.44000244140625,190.4600067138672,187.9199981689453,188.22000122070312,178.59347534179688,6172200,0.0,0.0
2024-03-11,187.27999877929688,188.44000244140625,186.22000122070312,188.2899932861328,178.65989685058594,5762600,0.0,0.0
2024-03-12,188.9499969482422,190.16000366210938,187.91000366210938,189.83999633789062,180.13063049316406,5708400,0.0,0.0
2024-03-13,190.36000061035156,191.72999572753906,189.83999633789062,191.3800048828125,181.59185791015625,7795500,0.0,0.0
2024-03-14,191.02999877929688,191.6300048828125,187.10000610351562,187.97000122070312,178.35626220703125,10310900,0.0,0.0
2024-03-15,186.47999572753906,190.94000244140625,186.47999572753906,190.3000030517578,180.56707763671875,17214200,0.0,0.0
2024-03-18,190.6300048828125,192.6999969482422,189.88999938964844,192.66000366210938,182.806396484375,9013800,0.0,0.0
2024-03-19,192.7100067138672,193.92999267578125,192.3800048828125,193.7899932861328,183.87860107421875,8478700,0.0,0.0
2024-03-20,194.19000244140625,196.55999755859375,193.61000061035156,196.3300018310547,186.28868103027344,9367000,0.0,0.0
2024-03-21,196.52000427246094,199.42999267578125,196.3300018310547,199.05999755859375,188.87904357910156,11203800,0.0,0.0
2024-03-22,199.00999450683594,200.47999572753906,196.5399932861328,196.6199951171875,186.56385803222656,8108800,0.0,0.0
2024-03-25,196.60000610351562,196.94000244140625,194.36000061035156,194.82000732421875,184.8559112548828,8620000,0.0,0.0
2024-03-26,194.58999633789062,196.66000366210938,194.05999755859375,195.72999572753906,185.71937561035156,5961500,0.0,0.0
2024-03-27,196.5,199.60000610351562,196.3800048828125,199.52000427246094,189.31553649902344,8725800,0.0,0.0
2024-03-28,199.49000549316406,200.72000122070312,198.5399932861328,200.3000030517578,190.05563354492188,8628300,0.0,0.0
2024-04-01,199.99000549316406,200.94000244140625,198.57000732421875,198.94000244140625,188.76516723632812,7309000,0.0,0.0
2024-04-02,198.38999938964844,199.77999877929688,198.0800018310547,198.86000061035156,188.68931579589844,7014700,0.0,0.0
2024-04-03,199.0399932861328,199.55999755859375,197.6999969482422,198.3000030517578,188.15792846679688,9353400,0.0,0.0
2024-04-04,199.14999389648438,199.67999267578125,195.5500030517578,195.64999389648438,186.72633361816406,9243800,1.15,0.0
2024-04-05,196.16000366210938,198.1199951171875,195.11000061035156,197.4499969482422,188.4442596435547,6532300,0.0,0.0
2024-04-08,197.6199951171875,198.97999572753906,197.6199951171875,198.47999572753906,189.42726135253906,8001000,0.0,0.0
2024-04-09,198.07000732421875,198.8800048828125,194.91000366210938,197.14999389648438,188.15792846679688,7351500,0.0,0.0
2024-04-10,195.5500030517578,197.07000732421875,194.17999267578125,195.47000122070312,186.55453491210938,7681400,0.0,0.0
2024-04-11,196.0,196.57000732421875,193.24000549316406,195.42999267578125,186.51637268066406,10137700,0.0,0.0
2024-04-12,188.32000732421875,188.92999267578125,182.5399932861328,182.7899932861328,174.45289611816406,31532300,0.0,0.0
2024-04-15,184.5,187.4600067138672,182.1999969482422,182.88999938964844,174.54833984375,14766600,0.0,0.0
2024-04-16,182.89999389648438,183.16000366210938,179.64999389648438,180.8000030517578,172.55364990234375,16451800,0.0,0.0
2024-04-17,181.3699951171875,182.4199981689453,179.1999969482422,180.0800018310547,171.8665008544922,9017100,0.0,0.0
2024-04-18,181.10000610351562,183.36000061035156,179.97000122070312,181.25,172.983154296875,9557700,0.0,0.0
2024-04-19,182.39999389648438,185.8800048828125,181.41000366210938,185.8000030517578,177.32559204101562,13402300,0.0,0.0
2024-04-22,185.99000549316406,190.1300048828125,185.97999572753906,189.41000366210938,180.77093505859375,11529700,0.0,0.0
2024-04-23,191.1300048828125,192.22999572753906,190.52000427246094,192.13999938964844,183.37643432617188,9144400,0.0,0.0
2024-04-24,190.52999877929688,193.22999572753906,190.1699981689453,193.0800018310547,184.27357482910156,6964900,0.0,0.0
2024-04-25,192.25,193.94000244140625,191.17999267578125,193.3699951171875,184.55032348632812,9802300,0.0,0.0
2024-04-26,193.57000732421875,194.8699951171875,193.05999755859375,193.49000549316406,184.66485595703125,6413700,0.0,0.0
2024-04-29,193.47999572753906,194.25999450683594,192.42999267578125,193.27999877929688,184.46444702148438,5387800,0.0,0.0
2024-04-30,192.80999755859375,194.99000549316406,191.63999938964844,191.74000549316406,182.99468994140625,8153700,0.0,0.0
2024-05-01,192.27000427246094,194.4600067138672,190.7899932861328,191.86000061035156,183.1092071533203,7445300,0.0,0.0
2024-05-02,193.07000732421875,193.5,189.52000427246094,191.66000366210938,182.91831970214844,6501700,0.0,0.0
2024-05-03,192.0,192.52999877929688,188.4600067138672,190.50999450683594,181.82077026367188,8922800,0.0,0.0
2024-05-06,191.72999572753906,192.1999969482422,189.82000732421875,192.0,183.24281311035156,7911100,0.0,0.0
2024-05-07,191.6999969482422,192.92999267578125,191.64999389648438,191.75,183.0042266845703,7688800,0.0,0.0
2024-05-08,191.0,196.64999389648438,191.0,195.64999389648438,186.72633361816406,9227600,0.0,0.0
2024-05-09,195.1699981689453,197.58999633789062,195.10000610351562,197.5,188.491943359375,7977300,0.0,0.0
2024-05-10,198.5399932861328,199.33999633789062,198.27000427246094,198.77000427246094,189.7040557861328,7529800,0.0,0.0
2024-05-13,198.8000030517578,199.85000610351562,198.0399932861328,198.72999572753906,189.66586303710938,7049200,0.0,0.0
2024-05-14,199.0,201.5800018310547,198.16000366210938,201.50999450683594,192.3190460205078,8596200,0.0,0.0
2024-05-15,202.00999450683594,202.69000244140625,199.77000427246094,202.11000061035156,192.8916778564453,8370000,0.0,0.0
2024-05-16,202.22000122070312,204.47999572753906,201.99000549316406,202.47000122070312,193.23529052734375,8497900,0.0,0.0
2024-05-17,203.80999755859375,205.0500030517578,202.80999755859375,204.7899932861328,195.44944763183594,9260500,0.0,0.0
2024-05-20,204.38999938964844,205.8800048828125,195.39999389648438,195.5800018310547,186.6595458984375,17373300,0.0,0.0
2024-05-21,197.0,199.89999389648438,196.60000610351562,199.52000427246094,190.4198455810547,14420800,0.0,0.0
2024-05-22,199.0,200.94000244140625,197.69000244140625,198.30999755859375,189.26499938964844,9425300,0.0,0.0
2024-05-23,197.80999755859375,198.3000030517578,196.07000732421875,196.9199981689453,187.9384002685547,8069400,0.0,0.0
2024-05-24,197.75,200.75999450683594,197.55999755859375,200.7100067138672,191.5555877685547,7356200,0.0,0.0
2024-05-28,199.86000061035156,200.41000366210938,198.66000366210938,199.5,190.40074157714844,6910200,0.0,0.0
2024-05-29,198.0,198.99000549316406,196.88999938964844,198.11000061035156,189.07412719726562,6120000,0.0,0.0
2024-05-30,198.55999755859375,199.85000610351562,198.39999389648438,199.3300018310547,190.2384796142578,6829100,0.0,0.0
2024-05-31,199.3000030517578,203.3000030517578,198.35000610351562,202.6300048828125,193.3879852294922,14417900,0.0,0.0
2024-06-03,202.30999755859375,202.4199981689453,199.19000244140625,201.82000732421875,192.61492919921875,6444300,0.0,0.0
2024-06-04,200.16000366210938,201.97999572753906,198.27999877929688,199.16000366210938,190.0762481689453,6848300,0.0,0.0
2024-06-05,199.75999450683594,199.82000732421875,196.9199981689453,197.25999450683594,188.26290893554688,8351600,0.0,0.0
2024-06-06,197.25999450683594,198.02000427246094,195.3300018310547,196.91000366210938,187.9288787841797,7640300,0.0,0.0
2024-06-07,197.42999267578125,200.9199981689453,197.00999450683594,199.9499969482422,190.8302001953125,6964500,0.0,0.0
2024-06-10,199.24000549316406,200.83999633789062,198.44000244140625,199.61000061035156,190.50572204589844,6070800,0.0,0.0
2024-06-11,197.91000366210938,197.94000244140625,193.60000610351562,194.36000061035156,185.4951629638672,9235300,0.0,0.0
2024-06-12,196.0,196.72000122070312,191.30999755859375,191.52999877929688,182.79425048828125,12751300,0.0,0.0
2024-06-13,192.32000732421875,194.5800018310547,190.8800048828125,193.66000366210938,184.82708740234375,8587800,0.0,0.0
2024-06-14,191.4499969482422,194.86000061035156,191.4199981689453,193.77999877929688,184.94161987304688,6874000,0.0,0.0
2024-06-17,193.47999572753906,195.5800018310547,192.63999938964844,194.97999572753906,186.08689880371094,8725400,0.0,0.0
2024-06-18,194.60000610351562,197.9600067138672,194.1300048828125,197.0,188.01475524902344,9023000,0.0,0.0
2024-06-20,196.38999938964844,199.4499969482422,196.11000061035156,198.6699981689453,189.60858154296875,8731100,0.0,0.0
2024-06-21,196.7100067138672,197.1699981689453,194.22000122070312,196.3000030517578,187.34669494628906,20972100,0.0,0.0
2024-06-24,197.80999755859375,199.22999572753906,197.10000610351562,198.8800048828125,189.80902099609375,9785900,0.0,0.0
2024-06-25,198.08999633789062,200.07000732421875,197.74000549316406,198.07000732421875,189.03598022460938,6862500,0.0,0.0
2024-06-26,197.4499969482422,197.94000244140625,196.27999877929688,197.42999267578125,188.42514038085938,7758600,0.0,0.0
2024-06-27,197.44000244140625,199.86000061035156,196.89999389648438,199.1699981689453,190.08578491210938,7913500,0.0,0.0
2024-06-28,200.00999450683594,202.60000610351562,199.3000030517578,202.25999450683594,193.0348358154297,15307600,0.0,0.0
2024-07-01,202.83999633789062,207.08999633789062,202.66000366210938,205.4499969482422,196.07936096191406,10205800,0.0,0.0
2024-07-02,205.2899932861328,208.86000061035156,204.77000427246094,208.8300018310547,199.30520629882812,7802900,0.0,0.0
2024-07-03,209.5500030517578,210.3800048828125,207.64999389648438,208.69000244140625,199.17160034179688,5560900,0.0,0.0
2024-07-05,206.99000549316406,207.3699951171875,204.52000427246094,204.7899932861328,196.53245544433594,8093100,1.15,0.0
2024-07-08,205.0399932861328,206.89999389648438,203.97000122070312,205.1699981689453,196.89712524414062,8707000,0.0,0.0
2024-07-09,205.6300048828125,209.75999450683594,205.4499969482422,207.6300048828125,199.25794982910156,9058900,0.0,0.0
2024-07-10,206.13999938964844,207.97000122070312,205.5800018310547,207.8000030517578,199.4210968017578,8328500,0.0,0.0
2024-07-11,206.2100067138672,208.10000610351562,205.3800048828125,207.4499969482422,199.08523559570312,10658100,0.0,0.0
2024-07-12,204.0,207.4499969482422,202.10000610351562,204.94000244140625,196.6764373779297,15443400,0.0,0.0
2024-07-15,207.19000244140625,211.61000061035156,206.72000122070312,210.0500030517578,201.5803680419922,10719700,0.0,0.0
2024-07-16,210.0,213.74000549316406,208.0800018310547,213.6199951171875,205.00643920898438,11557000,0.0,0.0
2024-07-17,213.8000030517578,217.55999755859375,213.27000427246094,216.8699951171875,208.1253662109375,11572500,0.0,0.0
2024-07-18,215.6300048828125,216.63999938964844,209.24000549316406,209.97999572753906,201.51321411132812,12415100,0.0,0.0
2024-07-19,211.1999969482422,212.35000610351562,208.9199981689453,209.77999877929688,201.32125854492188,8095900,0.0,0.0
2024-07-22,210.4600067138672,212.1699981689453,209.7100067138672,210.27999877929688,201.80108642578125,7663200,0.0,0.0
2024-07-23,211.02000427246094,211.47999572753906,209.35000610351562,210.3300018310547,201.84910583496094,5557300,0.0,0.0
2024-07-24,209.5500030517578,212.02999877929688,208.07000732421875,208.58999633789062,200.17926025390625,7119000,0.0,0.0
2024-07-25,208.64999389648438,210.19000244140625,208.0500030517578,208.6699981689453,200.25601196289062,6403800,0.0,0.0
2024-07-26,209.24000549316406,213.16000366210938,208.6199951171875,212.24000549316406,203.6820831298828,8027800,0.0,0.0
2024-07-29,212.64999389648438,213.61000061035156,210.5500030517578,210.85000610351562,202.34811401367188,6533600,0.0,0.0
2024-07-30,213.22999572753906,215.7899932861328,212.9600067138672,215.19000244140625,206.5131378173828,8850700,0.0,0.0
2024-07-31,214.77999877929688,216.38999938964844,212.6699981689453,212.8000030517578,204.21949768066406,9071600,0.0,0.0
2024-08-01,213.1999969482422,213.8300018310547,206.3800048828125,207.9600067138672,199.5746612548828,10918600,0.0,0.0
2024-08-02,203.8800048828125,204.6699981689453,196.88999938964844,199.13999938964844,191.11026000976562,18041700,0.0,0.0
2024-08-05,194.0500030517578,196.1699981689453,190.89999389648438,194.89999389648438,187.04122924804688,13927000,0.0,0.0
2024-08-06,195.39999389648438,202.60000610351562,194.0,200.33999633789062,192.2619171142578,10605800,0.0,0.0
2024-08-07,203.50999450683594,205.75,200.1999969482422,200.39999389648438,192.31947326660156,9204400,0.0,0.0
2024-08-08,202.47000122070312,204.91000366210938,201.7899932861328,204.05999755859375,195.83189392089844,7761200,0.0,0.0
2024-08-09,203.47000122070312,206.47000122070312,202.89999389648438,205.8000030517578,197.50173950195312,5540200,0.0,0.0
2024-08-12,206.41000366210938,207.13999938964844,203.66000366210938,206.19000244140625,197.87600708007812,6936000,0.0,0.0
2024-08-13,207.72999572753906,208.08999633789062,205.39999389648438,207.94000244140625,199.5554656982422,6387800,0.0,0.0
2024-08-14,207.74000549316406,210.75999450683594,207.1199951171875,210.24000549316406,201.76272583007812,6999800,0.0,0.0
2024-08-15,213.0,213.88999938964844,211.10000610351562,211.5500030517578,203.01991271972656,7001000,0.0,0.0
2024-08-16,211.69000244140625,214.08999633789062,211.58999633789062,213.97000122070312,205.34231567382812,7931200,0.0,0.0
2024-08-19,214.0,215.52999877929688,213.82000732421875,215.4499969482422,206.76260375976562,6090800,0.0,0.0
2024-08-20,215.0,216.0,213.67999267578125,214.52000427246094,205.87010192871094,5640000,0.0,0.0
2024-08-21,214.42999267578125,215.0,212.83999633789062,214.60000610351562,205.94691467285156,5202300,0.0,0.0
2024-08-22,214.5800018310547,216.8000030517578,214.33999633789062,216.6300048828125,207.89505004882812,5247100,0.0,0.0
2024-08-23,217.60000610351562,219.19000244140625,216.5,218.30999755859375,209.50730895996094,7214000,0.0,0.0
2024-08-26,219.00999450683594,219.67999267578125,218.0500030517578,219.1699981689453,210.33265686035156,5105200,0.0,0.0
2024-08-27,219.50999450683594,220.4199981689453,219.19000244140625,220.17999267578125,211.30189514160156,5185200,0.0,0.0
2024-08-28,219.25,222.2100067138672,219.19000244140625,221.2899932861328,212.36715698242188,6506400,0.0,0.0
2024-08-29,222.14999389648438,222.97999572753906,218.94000244140625,222.2100067138672,213.25006103515625,6416100,0.0,0.0
2024-08-30,222.5,225.47999572753906,221.92999267578125,224.8000030517578,215.73562622070312,8574100,0.0,0.0
2024-09-03,222.3000030517578,224.10000610351562,219.24000549316406,220.3000030517578,211.41708374023438,8956100,0.0,0.0
2024-09-04,221.0399932861328,222.07000732421875,217.2100067138672,219.3300018310547,210.48617553710938,7389500,0.0,0.0
2024-09-05,220.14999389648438,220.8000030517578,216.02999877929688,217.6300048828125,208.85476684570312,8067900,0.0,0.0
2024-09-06,217.60000610351562,218.74000549316406,211.08999633789062,212.4600067138672,203.89321899414062,7777000,0.0,0.0
2024-09-09,215.19000244140625,218.14999389648438,214.17999267578125,216.80999755859375,208.0677947998047,8935100,0.0,0.0
2024-09-10,218.60000610351562,218.63999938964844,200.61000061035156,205.55999755859375,197.2714080810547,28406900,0.0,0.0
2024-09-11,205.25,207.6999969482422,201.8300018310547,207.22999572753906,198.8740692138672,13658700,0.0,0.0
2024-09-12,207.64999389648438,208.77999877929688,204.88999938964844,206.60000610351562,198.26947021484375,9054400,0.0,0.0
2024-09-13,206.86000061035156,207.85000610351562,203.02000427246094,204.32000732421875,196.08143615722656,10226700,0.0,0.0
2024-09-16,205.8300018310547,208.2100067138672,205.58999633789062,207.86000061035156,199.4786834716797,8634900,0.0,0.0
2024-09-17,207.72999572753906,209.92999267578125,207.66000366210938,209.25,200.81263732910156,7573300,0.0,0.0
2024-09-18,209.00999450683594,211.33999633789062,206.6999969482422,207.52999877929688,199.1619873046875,8259900,0.0,0.0
2024-09-19,209.77999877929688,211.91000366210938,207.33999633789062,210.47999572753906,201.99302673339844,11635200,0.0,0.0
2024-09-20,209.92999267578125,211.4199981689453,209.5,211.08999633789062,202.57843017578125,20885000,0.0,0.0
2024-09-23,211.0,211.8000030517578,209.99000549316406,211.44000244140625,202.91432189941406,7223500,0.0,0.0
2024-09-24,211.14999389648438,212.9499969482422,210.3699951171875,211.58999633789062,203.05825805664062,7323200,0.0,0.0
2024-09-25,211.67999267578125,212.24000549316406,208.61000061035156,210.19000244140625,201.71473693847656,8976500,0.0,0.0
2024-09-26,211.1300048828125,211.6999969482422,209.00999450683594,209.77999877929688,201.32125854492188,7807500,0.0,0.0
2024-09-27,210.64999389648438,212.44000244140625,209.3300018310547,210.5,202.0122528076172,7032500,0.0,0.0
2024-09-30,206.30999755859375,210.9600067138672,205.25999450683594,210.86000061035156,202.3577117919922,8663800,0.0,0.0
2024-10-01,208.89999389648438,209.08999633789062,206.19000244140625,207.0399932861328,198.69174194335938,8540100,0.0,0.0
2024-10-02,207.0800018310547,208.9499969482422,205.69000244140625,207.2899932861328,198.93165588378906,5810900,0.0,0.0
2024-10-03,206.1699981689453,206.49000549316406,204.33999633789062,205.22999572753906,196.95472717285156,7251300,0.0,0.0
2024-10-04,209.3000030517578,211.6699981689453,206.91000366210938,211.22000122070312,203.94537353515625,10211700,1.25,0.0
2024-10-07,211.02999877929688,213.3300018310547,209.69000244140625,210.92999267578125,203.6653594970703,6718900,0.0,0.0
2024-10-08,210.5800018310547,211.3300018310547,208.3800048828125,210.75,203.4915313720703,6021800,0.0,0.0
2024-10-09,209.6999969482422,214.24000549316406,209.3800048828125,213.4199981689453,206.06959533691406,7024000,0.0,0.0
2024-10-10,214.80999755859375,214.80999755859375,211.47000122070312,212.83999633789062,205.50958251953125,7927100,0.0,0.0
2024-10-11,215.6699981689453,224.6300048828125,215.16000366210938,222.2899932861328,214.63409423828125,18320700,0.0,0.0
2024-10-14,223.1999969482422,223.6999969482422,218.8800048828125,221.47999572753906,213.8520050048828,9048900,0.0,0.0
2024-10-15,223.66000366210938,225.4499969482422,221.82000732421875,222.38999938964844,214.73065185546875,9235800,0.0,0.0
2024-10-16,222.3300018310547,223.67999267578125,221.0399932861328,223.63999938964844,215.93760681152344,6382500,0.0,0.0
2024-10-17,224.27000427246094,225.85000610351562,223.30999755859375,224.4199981689453,216.6907501220703,6470200,0.0,0.0
2024-10-18,225.0,225.9199981689453,223.10000610351562,225.3699951171875,217.6080322265625,7000500,0.0,0.0
2024-10-21,225.22000122070312,225.6999969482422,222.89999389648438,223.0,215.3196563720703,5870000,0.0,0.0
2024-10-22,223.02000427246094,225.27999877929688,221.10000610351562,224.1199951171875,216.40106201171875,9586800,0.0,0.0
2024-10-23,223.66000366210938,224.8000030517578,222.52999877929688,223.41000366210938,215.7155303955078,6180500,0.0,0.0
2024-10-24,221.8300018310547,225.05999755859375,221.66000366210938,224.97999572753906,217.2314453125,6002200,0.0,0.0
2024-10-25,225.0,225.6199951171875,220.8800048828125,222.30999755859375,214.65342712402344,6369700,0.0,0.0
2024-10-28,223.35000610351562,225.63999938964844,222.9499969482422,225.5,217.73353576660156,6843000,0.0,0.0
2024-10-29,225.2100067138672,226.75,222.80999755859375,222.89999389648438,215.22308349609375,6580000,0.0,0.0
2024-10-30,222.5399932861328,226.30999755859375,221.5800018310547,224.41000366210938,216.68109130859375,7110900,0.0,0.0
2024-10-31,224.6999969482422,225.69000244140625,221.82000732421875,221.9199981689453,214.27685546875,7829900,0.0,0.0
2024-11-01,223.55999755859375,226.14999389648438,222.6999969482422,222.94000244140625,215.26171875,6923500,0.0,0.0
2024-11-04,222.64999389648438,223.75999450683594,219.1699981689453,219.77999877929688,212.21054077148438,8229600,0.0,0.0
2024-11-05,220.02999877929688,221.9600067138672,220.0,221.49000549316406,213.86166381835938,5600700,0.0,0.0
2024-11-06,235.0,248.0,234.77000427246094,247.05999755859375,238.55099487304688,23987800,0.0,0.0
2024-11-07,244.5,244.57000732421875,235.22000122070312,236.3800048828125,228.2388458251953,16451100,0.0,0.0
2024-11-08,239.33999633789062,239.33999633789062,235.77999877929688,236.97999572753906,228.81817626953125,9502100,0.0,0.0
2024-11-11,240.0,242.10000610351562,239.0,239.2899932861328,231.04859924316406,9017100,0.0,0.0
2024-11-12,240.5500030517578,241.4600067138672,238.75999450683594,239.55999755859375,231.30931091308594,6861000,0.0,0.0
2024-11-13,240.5800018310547,244.08999633789062,240.30999755859375,241.16000366210938,232.85421752929688,11472600,0.0,0.0
2024-11-14,242.4199981689453,244.2899932861328,241.0500030517578,241.8699951171875,233.53973388671875,10172200,0.0,0.0
2024-11-15,241.4600067138672,246.4199981689453,241.4600067138672,245.30999755859375,236.86126708984375,11518800,0.0,0.0
2024-11-18,247.75999450683594,247.92999267578125,242.67999267578125,245.02999877929688,236.59091186523438,9051400,0.0,0.0
2024-11-19,242.25,245.14999389648438,241.5500030517578,243.08999633789062,234.7177276611328,6792700,0.0,0.0
2024-11-20,244.39999389648438,244.61000061035156,238.63999938964844,240.77999877929688,232.48731994628906,9015300,0.0,0.0
2024-11-21,243.22999572753906,245.49000549316406,242.11000061035156,244.75999450683594,236.33021545410156,8783500,0.0,0.0
2024-11-22,243.61000061035156,249.14999389648438,243.02999877929688,248.5500030517578,239.98968505859375,7997300,0.0,0.0
2024-11-25,249.58999633789062,254.30999755859375,249.05999755859375,250.2899932861328,241.66973876953125,10295400,0.0,0.0
2024-11-26,250.49000549316406,251.0,248.33999633789062,249.97000122070312,241.3607635498047,6212100,0.0,0.0
2024-11-27,249.35000610351562,251.19000244140625,248.77000427246094,249.7899932861328,241.1869659423828,5472300,0.0,0.0
2024-11-29,249.86000061035156,251.77000427246094,249.4499969482422,249.72000122070312,241.119384765625,5494800,0.0,0.0
2024-12-02,249.5500030517578,250.25,245.02999877929688,246.25,237.76890563964844,8899700,0.0,0.0
2024-12-03,248.22999572753906,249.0399932861328,244.6300048828125,244.82000732421875,236.38815307617188,6657700,0.0,0.0
2024-12-04,244.6999969482422,245.35000610351562,242.22999572753906,243.39999389648438,235.01705932617188,7346300,0.0,0.0
2024-12-05,245.38999938964844,247.17999267578125,244.6199951171875,245.47999572753906,237.02542114257812,6572500,0.0,0.0
2024-12-06,245.6999969482422,247.74000549316406,244.83999633789062,247.36000061035156,238.84066772460938,5519700,0.0,0.0
2024-12-09,247.1300048828125,247.8699951171875,243.75999450683594,243.80999755859375,235.41294860839844,7076500,0.0,0.0
2024-12-10,243.88999938964844,247.9600067138672,242.22000122070312,242.86000061035156,234.4956512451172,9108300,0.0,0.0
2024-12-11,244.0,244.27000427246094,242.17999267578125,243.52999877929688,235.142578125,7884400,0.0,0.0
2024-12-12,243.0,244.10000610351562,241.0399932861328,241.52999877929688,233.21144104003906,6113800,0.0,0.0
2024-12-13,242.07000732421875,242.72000122070312,239.13999938964844,239.94000244140625,231.6762237548828,10392700,0.0,0.0
2024-12-16,240.61000061035156,240.6699981689453,237.52000427246094,239.5800018310547,231.32861328125,9032000,0.0,0.0
2024-12-17,238.64999389648438,239.02000427246094,236.6300048828125,238.36000061035156,230.15061950683594,8083600,0.0,0.0
2024-12-18,239.0,239.07000732421875,229.52999877929688,230.3699951171875,222.43580627441406,11322400,0.0,0.0
2024-12-19,232.27000427246094,236.36000061035156,232.27000427246094,232.9600067138672,224.9365997314453,11790800,0.0,0.0
2024-12-20,231.9199981689453,239.2100067138672,231.58999633789062,237.60000610351562,229.4168243408203,32348400,0.0,0.0
2024-12-23,236.07000732421875,238.6199951171875,234.8800048828125,238.38999938964844,230.1796112060547,8611500,0.0,0.0
2024-12-24,239.42999267578125,242.49000549316406,239.07000732421875,242.30999755859375,233.96458435058594,3729100,0.0,0.0
2024-12-26,241.42999267578125,243.25999450683594,240.7899932861328,243.13999938964844,234.76600646972656,4451800,0.0,0.0
2024-12-27,242.72000122070312,243.38999938964844,240.0399932861328,241.1699981689453,232.86387634277344,5730200,0.0,0.0
2024-12-30,238.77000427246094,240.83999633789062,237.11000061035156,239.32000732421875,231.07760620117188,5723800,0.0,0.0
2024-12-31,240.0500030517578,241.44000244140625,239.02999877929688,239.7100067138672,231.45416259765625,4871000,0.0,0.0
2025-01-02,240.9199981689453,243.27999877929688,239.4499969482422,240.0,231.73414611816406,9220900,0.0,0.0
2025-01-03,243.88999938964844,244.8800048828125,240.25999450683594,243.27999877929688,234.90118408203125,9491100,0.0,0.0
2025-01-06,243.6999969482422,245.69000244140625,240.5800018310547,240.85000610351562,233.75595092773438,9917800,1.25,0.0
2025-01-07,242.13999938964844,245.25999450683594,240.89999389648438,243.1699981689453,236.00759887695312,8753400,0.0,0.0
2025-01-08,242.75,244.25,240.5,243.1300048828125,235.9687957763672,8675300,0.0,0.0
2025-01-10,243.08999633789062,243.80999755859375,238.74000549316406,239.8699951171875,232.8048095703125,10256800,0.0,0.0
2025-01-13,239.6699981689453,244.5399932861328,239.0,244.2100067138672,237.01698303222656,10005300,0.0,0.0
2025-01-14,242.66000366210938,247.72000122070312,242.19000244140625,247.47000122070312,240.18093872070312,12407400,0.0,0.0
2025-01-15,250.39999389648438,253.6699981689453,243.67999267578125,252.35000610351562,244.91722106933594,18448500,0.0,0.0
2025-01-16,254.0,257.0400085449219,252.3300018310547,254.27000427246094,246.78067016601562,15292300,0.0,0.0
2025-01-17,254.13999938964844,260.6199951171875,252.13999938964844,259.1600036621094,251.52664184570312,17678100,0.0,0.0
2025-01-21,260.07000732421875,264.25,259.5,263.0299987792969,255.28262329101562,13712100,0.0,0.0
2025-01-22,262.8999938964844,263.3800048828125,260.25,262.8399963378906,255.09823608398438,9021900,0.0,0.0
2025-01-23,264.69000244140625,266.8599853515625,263.80999755859375,265.95001220703125,258.11663818359375,10749700,0.0,0.0
2025-01-24,263.69000244140625,267.1000061035156,263.010009765625,264.8399963378906,257.0393371582031,7666300,0.0,0.0
2025-01-27,264.1700134277344,265.9700012207031,262.260009765625,265.8500061035156,258.0196228027344,7522300,0.0,0.0
2025-01-28,265.8500061035156,267.3299865722656,264.8299865722656,267.1400146484375,259.2715759277344,7375400,0.0,0.0
2025-01-29,267.2099914550781,270.67999267578125,265.6099853515625,266.5799865722656,258.72808837890625,7684900,0.0,0.0
2025-01-30,268.6300048828125,269.70001220703125,266.6199951171875,268.2300109863281,260.3294677734375,8753500,0.0,0.0
2025-01-31,269.2300109863281,270.82000732421875,266.9599914550781,267.29998779296875,259.4268798828125,7193800,0.0,0.0
2025-02-03,261.8299865722656,268.1700134277344,261.70001220703125,266.80999755859375,258.9512939453125,8381400,0.0,0.0
2025-02-04,269.8399963378906,269.8399963378906,266.8299865722656,267.94000244140625,260.04803466796875,5626000,0.0,0.0
2025-02-05,268.9100036621094,270.6400146484375,268.3299865722656,270.42999267578125,262.4646301269531,5704400,0.0,0.0
2025-02-06,272.45001220703125,276.9800109863281,271.19000244140625,276.8999938964844,268.7441101074219,7264400,0.0,0.0
2025-02-07,277.2699890136719,278.54998779296875,274.7099914550781,275.79998779296875,267.67645263671875,6857900,0.0,0.0
2025-02-10,276.1499938964844,276.17999267578125,269.5899963378906,271.0400085449219,263.0567321777344,8627400,0.0,0.0
2025-02-11,270.260009765625,276.2200012207031,269.6600036621094,274.989990234375,266.890380859375,7196400,0.0,0.0
2025-02-12,274.0799865722656,276.45001220703125,273.25,275.45001220703125,267.3368225097656,6683900,0.0,0.0
2025-02-13,275.5,276.9700012207031,273.80999755859375,276.32000732421875,268.18121337890625,8398700,0.0,0.0
2025-02-14,277.3699951171875,279.2300109863281,276.45001220703125,276.5899963378906,268.4432678222656,5688600,0.0,0.0
2025-02-18,276.760009765625,279.9700012207031,276.0199890136719,279.95001220703125,271.70428466796875,7919800,0.0,0.0
2025-02-19,278.3800048828125,280.25,277.2200012207031,279.25,271.02490234375,7007200,0.0,0.0
2025-02-20,278.67999267578125,278.739990234375,265.739990234375,266.79998779296875,258.94158935546875,13846700,0.0,0.0
2025-02-21,268.32000732421875,269.20001220703125,262.8399963378906,264.239990234375,256.45697021484375,12835600,0.0,0.0
2025-02-24,265.489990234375,267.0,258.6099853515625,261.3399963378906,253.6424102783203,10372800,0.0,0.0
2025-02-25,262.2300109863281,263.0,253.35000610351562,257.3999938964844,249.81846618652344,9608400,0.0,0.0
2025-02-26,257.1600036621094,260.9100036621094,256.92999267578125,258.7900085449219,251.1675567626953,5943600,0.0,0.0
2025-02-27,260.17999267578125,263.6400146484375,257.8599853515625,259.04998779296875,251.4198455810547,8204400,0.0,0.0
2025-02-28,260.7300109863281,264.80999755859375,257.8900146484375,264.6499938964844,256.85491943359375,10467100,0.0,0.0
2025-03-03,264.0,266.32000732421875,257.82000732421875,260.6199951171875,252.9436492919922,9058300,0.0,0.0
2025-03-04,255.27999877929688,257.2300109863281,245.9499969482422,250.25,242.8790740966797,13465600,0.0,0.0
2025-03-05,251.25,253.0500030517578,247.8300018310547,251.52999877929688,244.12136840820312,7861400,0.0,0.0
2025-03-06,248.11000061035156,249.36000061035156,243.85000610351562,246.5399932861328,239.27833557128906,9983200,0.0,0.0
2025-03-07,245.22999572753906,246.72000122070312,239.4199981689453,242.27999877929688,235.14381408691406,20498700,0.0,0.0
2025-03-10,236.2100067138672,237.50999450683594,228.6999969482422,232.22000122070312,225.38014221191406,18887200,0.0,0.0
2025-03-11,231.75,233.32000732421875,226.69000244140625,229.13999938964844,222.39083862304688,18143000,0.0,0.0
2025-03-12,234.0,234.32000732421875,227.25999450683594,227.89999389648438,221.18736267089844,16054000,0.0,0.0
2025-03-13,229.3000030517578,229.5,224.22999572753906,225.19000244140625,218.55718994140625,16467900,0.0,0.0
2025-03-14,228.1199951171875,233.13999938964844,227.5800018310547,232.44000244140625,225.59365844726562,11962100,0.0,0.0
2025-03-17,231.17999267578125,235.6699981689453,230.4600067138672,233.92999267578125,227.03976440429688,9586000,0.0,0.0
2025-03-18,234.32000732421875,236.1699981689453,233.52000427246094,234.97000122070312,228.04913330078125,10344900,0.0,0.0
2025-03-19,235.74000549316406,242.3300018310547,234.88999938964844,239.11000061035156,232.0671844482422,10120600,0.0,0.0
2025-03-20,236.55999755859375,241.75999450683594,236.1999969482422,239.00999450683594,231.9701385498047,8328500,0.0,0.0
2025-03-21,237.80999755859375,242.3000030517578,236.5,241.6300048828125,234.51295471191406,19326900,0.0,0.0
2025-03-24,245.47999572753906,248.69000244140625,244.41000366210938,248.05999755859375,240.75357055664062,9422700,0.0,0.0
2025-03-25,249.30999755859375,251.82000732421875,247.6199951171875,251.1300048828125,243.73313903808594,9287700,0.0,0.0
2025-03-26,252.60000610351562,254.6699981689453,249.77999877929688,251.02999877929688,243.63607788085938,12779300,0.0,0.0
2025-03-27,249.52999877929688,250.63999938964844,247.17999267578125,248.1199951171875,240.81179809570312,8022500,0.0,0.0
2025-03-28,246.94000244140625,249.50999450683594,241.11000061035156,242.85000610351562,235.69703674316406,11978400,0.0,0.0
2025-03-31,239.41000366210938,245.86000061035156,237.36000061035156,245.3000030517578,238.07485961914062,13603000,0.0,0.0
2025-04-01,242.6199951171875,245.69000244140625,240.8800048828125,243.66000366210938,236.48318481445312,8054700,0.0,0.0
2025-04-02,241.60000610351562,247.25,241.4600067138672,245.82000732421875,238.57955932617188,7758800,0.0,0.0
2025-04-03,234.27000427246094,235.13999938964844,227.3000030517578,228.69000244140625,221.9541015625,17188500,0.0,0.0
2025-04-04,215.30999755859375,217.6999969482422,208.92999267578125,210.27999877929688,205.3434295654297,27170700,1.4,0.0
2025-04-07,205.77000427246094,222.0500030517578,202.16000366210938,214.44000244140625,209.40577697753906,22914400,0.0,0.0
2025-04-08,223.52000427246094,227.83999633789062,213.25,216.8699951171875,211.77870178222656,19485700,0.0,0.0
2025-04-09,212.5,237.47999572753906,211.0,234.33999633789062,228.83860778808594,24022400,0.0,0.0
2025-04-10,230.0,230.35000610351562,220.10000610351562,227.11000061035156,221.77833557128906,18896400,0.0,0.0
2025-04-11,226.30999755859375,238.5800018310547,225.0,236.1999969482422,230.65493774414062,20284500,0.0,0.0
2025-04-14,237.10000610351562,239.77999877929688,233.6300048828125,234.72000122070312,229.2096710205078,13017800,0.0,0.0
2025-04-15,236.10000610351562,238.64999389648438,232.82000732421875,233.1300048828125,227.65701293945312,10912900,0.0,0.0
2025-04-16,232.0,233.5800018310547,227.92999267578125,229.61000061035156,224.21963500976562,9322300,0.0,0.0
2025-04-17,230.8000030517578,234.33999633789062,230.5500030517578,231.9600067138672,226.5144805908203,9557900,0.0,0.0
2025-04-21,230.6300048828125,231.80999755859375,226.33999633789062,228.99000549316406,223.61419677734375,8716200,0.0,0.0
2025-04-22,231.97999572753906,235.99000549316406,231.3699951171875,235.58999633789062,230.05926513671875,10701400,0.0,0.0
2025-04-23,240.22000122070312,246.7899932861328,240.0,240.8800048828125,235.22506713867188,14126800,0.0,0.0
2025-04-24,239.74000549316406,245.47000122070312,237.5800018310547,244.63999938964844,238.8968048095703,9055200,0.0,0.0
2025-04-25,244.64999389648438,245.6199951171875,241.75,243.5500030517578,237.83238220214844,8588600,0.0,0.0
2025-04-28,244.55999755859375,246.83999633789062,240.83999633789062,243.22000122070312,237.51014709472656,7394300,0.0,0.0
2025-04-29,242.19000244140625,245.25,241.69000244140625,244.6199951171875,238.87725830078125,7216800,0.0,0.0
2025-04-30,241.2100067138672,245.22000122070312,238.42999267578125,244.6199951171875,238.87725830078125,12991700,0.0,0.0
2025-05-01,242.83999633789062,248.4499969482422,242.1699981689453,246.88999938964844,241.09397888183594,8689600,0.0,0.0
2025-05-02,251.25999450683594,253.6199951171875,249.4600067138672,252.50999450683594,246.58203125,7165000,0.0,0.0
2025-05-05,251.17999267578125,255.16000366210938,250.58999633789062,252.55999755859375,246.630859375,5450700,0.0,0.0
2025-05-06,250.0,252.64999389648438,249.0,249.25,243.39854431152344,6369900,0.0,0.0
2025-05-07,249.85000610351562,252.4499969482422,248.8300018310547,249.38999938964844,243.5352783203125,8724100,0.0,0.0
2025-05-08,251.57000732421875,255.8800048828125,251.5500030517578,253.47000122070312,247.5194854736328,8320100,0.0,0.0
2025-05-09,254.5,255.50999450683594,252.33999633789062,253.0800018310547,247.13865661621094,5087600,0.0,0.0
2025-05-12,262.8999938964844,263.6000061035156,258.70001220703125,260.04998779296875,253.94500732421875,9603900,0.0,0.0
2025-05-13,261.0299987792969,263.6700134277344,260.3900146484375,263.010009765625,256.8355407714844,8589000,0.0,0.0
2025-05-14,263.0,266.6400146484375,262.2900085449219,265.6400146484375,259.40380859375,8643100,0.0,0.0
2025-05-15,266.9700012207031,269.5199890136719,264.760009765625,267.489990234375,261.2103576660156,9214600,0.0,0.0
2025-05-16,267.5,268.4599914550781,264.7099914550781,267.55999755859375,261.2787170410156,8932900,0.0,0.0
2025-05-19,265.54998779296875,268.32000732421875,261.92999267578125,264.8800048828125,258.6616516113281,12145000,0.0,0.0
2025-05-20,262.5199890136719,266.6600036621094,262.29998779296875,265.67999267578125,259.4428405761719,8436300,0.0,0.0
2025-05-21,264.3500061035156,265.6499938964844,260.7300109863281,261.0400085449219,254.91177368164062,7464000,0.0,0.0
2025-05-22,259.44000244140625,262.29998779296875,258.8699951171875,260.6700134277344,254.5504608154297,6514100,0.0,0.0
2025-05-23,256.80999755859375,261.989990234375,256.0,260.7099914550781,254.58949279785156,6671800,0.0,0.0
2025-05-27,262.0400085449219,265.29998779296875,261.989990234375,265.2900085449219,259.0620422363281,7506600,0.0,0.0
2025-05-28,266.239990234375,266.7200012207031,262.8999938964844,263.489990234375,257.3042297363281,5535400,0.0,0.0
2025-05-29,264.79998779296875,265.4100036621094,262.5299987792969,264.3699951171875,258.1636047363281,5081200,0.0,0.0
2025-05-30,263.45001220703125,265.3299865722656,262.7300109863281,264.0,257.8022766113281,10977700,0.0,0.0
2025-06-02,263.0199890136719,265.0299987792969,261.8999938964844,264.6600036621094,258.4468078613281,6011200,0.0,0.0
2025-06-03,263.7300109863281,266.5799865722656,262.8800048828125,266.2699890136719,260.0190124511719,6998400,0.0,0.0
2025-06-04,265.9200134277344,267.1199951171875,264.17999267578125,264.2200012207031,258.0171203613281,5915700,0.0,0.0
2025-06-05,264.739990234375,264.739990234375,260.30999755859375,261.95001220703125,255.80043029785156,8173800,0.0,0.0
2025-06-06,264.3299865722656,266.6499938964844,264.260009765625,265.7300109863281,259.4916687011719,7738100,0.0,0.0
2025-06-09,266.0,267.8999938964844,263.3500061035156,266.739990234375,260.47796630859375,8285000,0.0,0.0
2025-06-10,265.8800048828125,268.8999938964844,265.8500061035156,268.6000061035156,262.2943420410156,7538100,0.0,0.0
2025-06-11,268.67999267578125,269.6199951171875,265.7900085449219,268.1499938964844,261.8548583984375,7434100,0.0,0.0
2025-06-12,266.8599853515625,268.2900085449219,265.1400146484375,268.239990234375,261.9427490234375,6618000,0.0,0.0
2025-06-13,265.0799865722656,267.0199890136719,262.7099914550781,264.95001220703125,258.7300109863281,7098300,0.0,0.0
2025-06-16,267.0,271.7300109863281,266.8500061035156,270.3599853515625,264.0129699707031,8566000,0.0,0.0
2025-06-17,268.1700134277344,270.5899963378906,267.79998779296875,269.5199890136719,263.1926574707031,6739300,0.0,0.0
2025-06-18,270.0,277.7200012207031,269.7200012207031,273.9599914550781,267.5284118652344,9586400,0.0,0.0
2025-06-20,275.57000732421875,277.29998779296875,273.80999755859375,275.0,268.5440368652344,13969700,0.0,0.0
2025-06-23,275.05999755859375,278.54998779296875,272.1099853515625,278.2699890136719,271.7372741699219,8094600,0.0,0.0
2025-06-24,280.2099914550781,282.7099914550781,279.510009765625,281.260009765625,274.6571350097656,9267900,0.0,0.0
2025-06-25,281.5,284.2799987792969,280.9100036621094,284.05999755859375,277.3913269042969,6826900,0.0,0.0
2025-06-26,284.70001220703125,289.4100036621094,284.4700012207031,288.75,281.97125244140625,8942100,0.0,0.0
2025-06-27,285.80999755859375,288.70001220703125,285.0400085449219,287.1099853515625,280.3697204589844,17868600,0.0,0.0
2025-06-30,290.3999938964844,292.6499938964844,288.9200134277344,289.9100036621094,283.1040344238281,12689200,0.0,0.0
2025-07-01,290.8900146484375,291.1300048828125,286.5899963378906,290.4100036621094,283.59228515625,9338300,0.0,0.0
2025-07-02,292.0400085449219,292.82000732421875,289.70001220703125,292.0,285.1449890136719,8158700,0.0,0.0
2025-07-03,292.1499938964844,296.3999938964844,291.2099914550781,296.0,290.4435729980469,6541600,1.4,0.0
2025-07-07,295.25,296.0400085449219,290.0799865722656,291.9700012207031,286.4892578125,8825700,0.0,0.0
2025-07-08,289.2699890136719,289.70001220703125,280.30999755859375,282.7799987792969,277.4717712402344,15440900,0.0,0.0
2025-07-09,287.17999267578125,287.20001220703125,282.4800109863281,283.1600036621094,277.84466552734375,11273800,0.0,0.0
2025-07-10,283.0,288.30999755859375,283.0,288.19000244140625,282.78021240234375,8410900,0.0,0.0
2025-07-11,285.5199890136719,287.3800048828125,283.6499938964844,286.8599853515625,281.4751281738281,7384700,0.0,0.0
2025-07-14,287.07000732421875,289.29998779296875,285.260009765625,288.70001220703125,283.2806396484375,9079900,0.0,0.0
2025-07-15,288.0,291.95001220703125,285.4800109863281,286.54998779296875,281.1709899902344,12526100,0.0,0.0
2025-07-16,288.3999938964844,290.7300109863281,283.010009765625,285.82000732421875,280.4547119140625,9979800,0.0,0.0
2025-07-17,283.44000244140625,290.29998779296875,283.44000244140625,289.8999938964844,284.4580993652344,8509500,0.0,0.0
2025-07-18,289.5199890136719,292.5,288.2300109863281,291.2699890136719,285.8023681640625,12217000,0.0,0.0
2025-07-21,291.0,294.17999267578125,290.5799865722656,290.9700012207031,285.50799560546875,7898100,0.0,0.0
2025-07-22,291.5,293.6300048828125,289.17999267578125,291.42999267578125,285.9593811035156,6717500,0.0,0.0
2025-07-23,292.8399963378906,296.989990234375,292.54998779296875,296.760009765625,291.1893615722656,7083500,0.0,0.0
2025-07-24,297.4200134277344,299.5899963378906,296.20001220703125,296.54998779296875,290.9832458496094,7001200,0.0,0.0
2025-07-25,296.70001220703125,298.8999938964844,295.9599914550781,298.6199951171875,293.014404296875,5918500,0.0,0.0
2025-07-28,297.6600036621094,299.42999267578125,296.82000732421875,298.2799987792969,292.6807861328125,5840400,0.0,0.0
2025-07-29,300.0,301.2900085449219,296.20001220703125,297.0400085449219,291.464111328125,7635700,0.0,0.0
2025-07-30,297.4200134277344,300.6099853515625,297.3800048828125,299.6300048828125,294.0054626464844,8061700,0.0,0.0
2025-07-31,299.1400146484375,300.9800109863281,295.5,296.239990234375,290.6790771484375,14749700,0.0,0.0
2025-08-01,290.3999938964844,291.79998779296875,284.239990234375,289.3699951171875,283.93804931640625,12007100,0.0,0.0
2025-08-04,290.260009765625,294.32000732421875,290.260009765625,294.260009765625,288.73626708984375,6649500,0.0,0.0
2025-08-05,294.69000244140625,295.7900085449219,287.239990234375,291.3699951171875,285.9005126953125,7182300,0.0,0.0
2025-08-06,292.29998779296875,293.2900085449219,290.1600036621094,291.3500061035156,285.8808898925781,6330200,0.0,0.0
2025-08-07,292.94000244140625,293.4599914550781,286.4100036621094,286.94000244140625,281.5536804199219,8057100,0.0,0.0
2025-08-08,288.9800109863281,291.2300109863281,284.7099914550781,288.760009765625,283.3394775390625,6634100,0.0,0.0
2025-08-11,289.3999938964844,291.32000732421875,288.7799987792969,289.55999755859375,284.1244812011719,5510100,0.0,0.0
2025-08-12,291.5,294.75,290.3399963378906,292.8500061035156,287.35272216796875,8570900,0.0,0.0
2025-08-13,293.95001220703125,294.54998779296875,287.1600036621094,290.5299987792969,285.0763244628906,8420400,0.0,0.0
2025-08-14,290.5799865722656,294.20001220703125,289.6400146484375,294.1600036621094,288.63812255859375,6322400,0.0,0.0
2025-08-15,294.8399963378906,295.5,289.82000732421875,290.489990234375,285.0370178222656,7340500,0.0,0.0
2025-08-18,290.0,291.8999938964844,288.4100036621094,291.5299987792969,286.0574951171875,5386900,0.0,0.0
2025-08-19,290.8299865722656,292.4800109863281,289.5299987792969,290.6600036621094,285.203857421875,6031500,0.0,0.0
2025-08-20,290.80999755859375,293.3299865722656,287.2699890136719,292.239990234375,286.7541809082031,7374200,0.0,0.0
2025-08-21,291.94000244140625,292.7699890136719,289.4700012207031,291.4700012207031,285.9986572265625,6624000,0.0,0.0
2025-08-22,293.20001220703125,297.1600036621094,290.1300048828125,296.239990234375,290.6790771484375,8552800,0.0,0.0
2025-08-25,296.239990234375,297.3500061035156,294.1400146484375,294.8999938964844,289.3642578125,5856300,0.0,0.0
2025-08-26,294.1600036621094,298.739990234375,293.5,298.57000732421875,292.9653625488281,6714700,0.0,0.0
2025-08-27,297.25,301.07000732421875,297.0400085449219,299.2799987792969,293.6620178222656,6056500,0.0,0.0
2025-08-28,300.0199890136719,301.239990234375,298.70001220703125,301.07000732421875,295.4184265136719,6410500,0.0,0.0
2025-08-29,302.0400085449219,302.95001220703125,299.7300109863281,301.4200134277344,295.7618408203125,6796400,0.0,0.0
2025-09-02,300.260009765625,300.4599914550781,294.5,299.70001220703125,294.07415771484375,7221900,0.0,0.0
2025-09-03,300.57000732421875,300.57000732421875,296.3800048828125,299.510009765625,293.88775634765625,6316900,0.0,0.0
2025-09-04,300.0,304.42999267578125,298.2799987792969,303.82000732421875,298.1168212890625,6605800,0.0,0.0
2025-09-05,303.6499938964844,305.1499938964844,294.30999755859375,294.3800048828125,288.8540344238281,9837700,0.0,0.0
2025-09-08,294.8900146484375,296.4599914550781,291.44000244140625,292.9100036621094,287.41162109375,8188500,0.0,0.0
2025-09-09,292.6000061035156,299.0,292.30999755859375,297.8500061035156,292.2588806152344,7848200,0.0,0.0
2025-09-10,296.70001220703125,301.5400085449219,295.3999938964844,300.5400085449219,294.8984069824219,7787300,0.0,0.0
2025-09-11,301.239990234375,305.7300109863281,300.7900085449219,305.55999755859375,299.8241271972656,7942500,0.0,0.0
2025-09-12,305.0,307.54998779296875,303.70001220703125,306.9100036621094,301.1488037109375,6846700,0.0,0.0
2025-09-15,307.1700134277344,309.95001220703125,307.1700134277344,308.8999938964844,303.1014404296875,7122000,0.0,0.0
2025-09-16,310.0,310.8999938964844,307.1300048828125,309.19000244140625,303.3860168457031,10525600,0.0,0.0
2025-09-17,310.3900146484375,312.9100036621094,308.7699890136719,311.75,305.8979187011719,8657800,0.0,0.0
2025-09-18,311.7900085449219,313.44000244140625,309.6099853515625,313.2300109863281,307.3501892089844,8050700,0.0,0.0
2025-09-19,313.6000061035156,315.79998779296875,309.1199951171875,314.7799987792969,308.8710632324219,23568600,0.0,0.0
2025-09-22,309.79998779296875,313.70001220703125,309.55999755859375,312.44000244140625,306.5749816894531,7520200,0.0,0.0
2025-09-23,311.82000732421875,316.30999755859375,310.5799865722656,312.739990234375,306.8693542480469,8584400,0.0,0.0
2025-09-24,314.04998779296875,316.5799865722656,311.6700134277344,313.4200134277344,307.53662109375,7310500,0.0,0.0
2025-09-25,314.1199951171875,315.6499938964844,311.79998779296875,313.45001220703125,307.5660400390625,7083200,0.0,0.0
2025-09-26,314.8999938964844,317.80999755859375,313.70001220703125,316.05999755859375,310.1270446777344,7258100,0.0,0.0
2025-09-29,317.05999755859375,318.010009765625,313.6600036621094,315.69000244140625,309.7640075683594,6462400,0.0,0.0
2025-09-30,316.25,317.4100036621094,310.1099853515625,315.42999267578125,309.50885009765625,11823300,0.0,0.0
2025-10-01,313.9700012207031,314.5899963378906,307.4100036621094,310.7099914550781,304.8774719238281,9235200,0.0,0.0
2025-10-02,310.0,310.55999755859375,306.1400146484375,307.54998779296875,301.7767639160156,7600000,0.0,0.0
2025-10-03,308.510009765625,311.6600036621094,308.2099914550781,310.0299987792969,304.210205078125,6029900,0.0,0.0
2025-10-06,310.17999267578125,311.75,305.1300048828125,309.17999267578125,304.8511047363281,7214500,1.5,0.0
2025-10-07,309.3500061035156,310.010009765625,304.70001220703125,307.69000244140625,303.38201904296875,8454200,0.0,0.0
2025-10-08,308.2099914550781,308.7799987792969,303.54998779296875,304.0299987792969,299.7732238769531,6489900,0.0,0.0
2025-10-09,305.04998779296875,308.0400085449219,303.3900146484375,305.5299987792969,301.252197265625,7060300,0.0,0.0
2025-10-10,305.6600036621094,310.4700012207031,300.80999755859375,300.8900146484375,296.6772155761719,8597400,0.0,0.0
2025-10-13,305.6000061035156,309.4599914550781,305.45001220703125,307.9700012207031,303.6580810546875,10788700,0.0,0.0
2025-10-14,305.8399963378906,307.0,294.2099914550781,302.0799865722656,297.85052490234375,16178800,0.0,0.0
2025-10-15,306.3900146484375,312.1199951171875,305.44000244140625,305.69000244140625,301.4100036621094,11354800,0.0,0.0
2025-10-16,305.3500061035156,308.67999267578125,297.07000732421875,298.5400085449219,294.3600769042969,10549400,0.0,0.0
2025-10-17,299.1600036621094,299.54998779296875,294.20001220703125,297.55999755859375,293.3938293457031,10153500,0.0,0.0
2025-10-20,298.5,303.69000244140625,298.1600036621094,302.3599853515625,298.1265869140625,6894900,0.0,0.0
2025-10-21,301.6600036621094,304.04998779296875,297.0,297.0899963378906,292.93035888671875,7372700,0.0,0.0
2025-10-22,297.7699890136719,298.05999755859375,290.5400085449219,294.1099853515625,289.99212646484375,8054100,0.0,0.0
2025-10-23,294.3800048828125,296.3699951171875,292.510009765625,294.5400085449219,290.4161071777344,5438800,0.0,0.0
2025-10-24,296.0799865722656,302.6000061035156,295.45001220703125,300.44000244140625,296.2334899902344,7228300,0.0,0.0
2025-10-27,302.1600036621094,304.5299987792969,301.010009765625,304.1499938964844,299.89154052734375,5642200,0.0,0.0
2025-10-28,304.8599853515625,307.9700012207031,303.1600036621094,305.3599853515625,301.0845947265625,6336000,0.0,0.0
2025-10-29,303.510009765625,308.25,303.010009765625,305.510009765625,301.2325134277344,7520300,0.0,0.0
2025-10-30,305.7900085449219,312.6099853515625,305.1000061035156,309.44000244140625,305.1075134277344,7514600,0.0,0.0
2025-10-31,308.5400085449219,312.8699951171875,307.25,311.1199951171875,306.76397705078125,7721300,0.0,0.0
2025-11-03,311.0,312.32000732421875,306.2099914550781,309.3500061035156,305.0187683105469,7770000,0.0,0.0
2025-11-04,306.7099914550781,312.2200012207031,305.1000061035156,309.25,304.920166015625,7085200,0.0,0.0
2025-11-05,309.6099853515625,313.1000061035156,305.6300048828125,311.67999267578125,307.31610107421875,6865200,0.0,0.0
2025-11-06,310.989990234375,314.8399963378906,310.260009765625,313.4200134277344,309.03179931640625,7206100,0.0,0.0
2025-11-07,311.8900146484375,314.42999267578125,307.6400146484375,314.2099914550781,309.8106689453125,7302300,0.0,0.0
2025-11-10,315.0,319.55999755859375,314.2099914550781,316.8900146484375,312.4532165527344,5794100,0.0,0.0
2025-11-11,317.5,319.04998779296875,315.2799987792969,315.6199951171875,311.2009582519531,5030200,0.0,0.0
2025-11-12,316.260009765625,322.25,316.2099914550781,320.4100036621094,315.9239196777344,10578300,0.0,0.0
2025-11-13,319.2300109863281,320.6300048828125,309.1000061035156,309.4800109863281,305.1469421386719,8973300,0.0,0.0
2025-11-14,307.510009765625,307.6400146484375,301.2300109863281,303.6099853515625,299.3591003417969,10327000,0.0,0.0
2025-11-17,304.0,305.5899963378906,297.6700134277344,300.3699951171875,296.1644592285156,8344000,0.0,0.0
2025-11-18,299.5,302.95001220703125,297.0199890136719,299.4100036621094,295.2178955078125,8077300,0.0,0.0
2025-11-19,299.739990234375,304.45001220703125,299.2699890136719,303.2699890136719,299.02386474609375,5546600,0.0,0.0
2025-11-20,306.3399963378906,309.9200134277344,298.1600036621094,298.3800048828125,294.20233154296875,7501600,0.0,0.0
2025-11-21,301.2900085449219,301.67999267578125,292.80999755859375,298.0199890136719,293.84735107421875,11766800,0.0,0.0
2025-11-24,298.239990234375,299.82000732421875,294.510009765625,298.0,293.8276672363281,10940200,0.0,0.0
2025-11-25,300.04998779296875,304.5,295.55999755859375,303.0,298.75762939453125,8877200,0.0,0.0
2025-11-26,305.0,308.5299987792969,303.20001220703125,307.6400146484375,303.33270263671875,7910900,0.0,0.0
2025-11-28,309.1000061035156,313.7200012207031,308.239990234375,313.0799865722656,308.696533203125,4322400,0.0,0.0
2025-12-01,312.95001220703125,314.0400085449219,308.5400085449219,308.9200134277344,304.59478759765625,7727300,0.0,0.0
2025-12-02,308.739990234375,310.4800109863281,307.0899963378906,307.8800048828125,303.5693359375,7249000,0.0,0.0
2025-12-03,307.20001220703125,312.3599853515625,306.79998779296875,312.1300048828125,307.75982666015625,8535300,0.0,0.0
2025-12-04,313.260009765625,318.489990234375,313.0,316.1000061035156,311.67425537109375,9627800,0.0,0.0
2025-12-05,315.6400146484375,318.4800109863281,314.67999267578125,315.0400085449219,310.62908935546875,6518900,0.0,0.0
2025-12-08,315.05999755859375,316.4700012207031,313.3500061035156,315.2099914550781,310.79669189453125,7417200,0.0,0.0
2025-12-09,314.95001220703125,318.79998779296875,300.0199890136719,300.510009765625,296.3025207519531,18049200,0.0,0.0
2025-12-10,300.5,311.19000244140625,298.4599914550781,310.1099853515625,305.7680969238281,18874100,0.0,0.0
2025-12-11,309.239990234375,318.0,309.239990234375,317.3800048828125,312.9363098144531,9721900,0.0,0.0
2025-12-12,319.67999267578125,320.2699890136719,316.6000061035156,318.5199890136719,314.0603332519531,8982900,0.0,0.0
2025-12-15,319.5899963378906,322.8800048828125,318.3900146484375,320.0199890136719,315.53936767578125,10864100,0.0,0.0
2025-12-16,319.0899963378906,319.5199890136719,314.3999938964844,315.54998779296875,311.13189697265625,8331300,0.0,0.0
2025-12-17,318.42999267578125,319.3699951171875,314.6600036621094,314.9800109863281,310.5699462890625,8718700,0.0,0.0
2025-12-18,316.0,317.70001220703125,312.2200012207031,313.0,308.6176452636719,11444900,0.0,0.0
2025-12-19,313.7900085449219,318.55999755859375,313.19000244140625,317.2099914550781,312.7686767578125,24494400,0.0,0.0
2025-12-22,317.510009765625,323.2300109863281,317.510009765625,323.0899963378906,318.56634521484375,8354600,0.0,0.0
2025-12-23,323.6099853515625,327.7799987792969,323.0899963378906,325.92999267578125,321.3666076660156,6668300,0.0,0.0
2025-12-24,326.239990234375,329.989990234375,325.5,329.1700134277344,324.5612487792969,4289300,0.0,0.0
2025-12-26,329.1099853515625,330.8599853515625,326.5400085449219,327.9100036621094,323.3188781738281,4158300,0.0,0.0
2025-12-29,327.0,327.7699890136719,323.5299987792969,323.75,319.2171325683594,8635300,0.0,0.0
2025-12-30,324.80999755859375,324.94000244140625,322.489990234375,323.4200134277344,318.8917541503906,7904300,0.0,0.0
2025-12-31,324.3399963378906,324.8800048828125,322.0400085449219,322.2200012207031,317.70855712890625,5048500,0.0,0.0
2026-01-02,322.5,325.7300109863281,320.739990234375,325.4800109863281,320.9229431152344,8054000,0.0,0.0
2026-01-05,325.5,337.25,325.19000244140625,334.0400085449219,329.3630676269531,10752600,0.0,0.0
2026-01-06,332.6199951171875,335.8699951171875,330.6499938964844,334.6099853515625,331.41326904296875,7660800,1.5,0.0
2026-01-07,331.1400146484375,332.1499938964844,324.6000061035156,326.989990234375,323.8660888671875,9815200,0.0,0.0
2026-01-08,326.3900146484375,331.3999938964844,325.6499938964844,329.7900085449219,326.63934326171875,11737100,0.0,0.0
2026-01-09,329.3399963378906,331.8999938964844,328.1700134277344,329.19000244140625,326.0450744628906,6738100,0.0,0.0
2026-01-12,321.8800048828125,326.0199890136719,321.2300109863281,324.489990234375,321.38995361328125,12805100,0.0,0.0
2026-01-13,324.29998779296875,326.8599853515625,310.57000732421875,310.8999938964844,307.9297790527344,19371200,0.0,0.0
2026-01-14,308.20001220703125,311.760009765625,306.1199951171875,307.8699951171875,304.9287414550781,25951500,0.0,0.0
2026-01-15,308.4700012207031,312.94000244140625,307.75,309.260009765625,306.30548095703125,14751400,0.0,0.0
2026-01-16,310.3500061035156,317.2099914550781,310.0,312.4700012207031,309.48480224609375,14652500,0.0,0.0
2026-01-20,306.2099914550781,311.1499938964844,301.8599853515625,302.739990234375,299.8477478027344,12900600,0.0,0.0
2026-01-21,303.42999267578125,305.3999938964844,301.1499938964844,302.0400085449219,299.15447998046875,10270100,0.0,0.0
2026-01-22,304.8599853515625,308.20001220703125,302.8999938964844,303.6300048828125,300.729248046875,10535800,0.0,0.0
2026-01-23,302.0,302.3699951171875,296.510009765625,297.7200012207031,294.8757019042969,11107900,0.0,0.0
2026-01-26,297.80999755859375,301.7799987792969,297.45001220703125,301.0400085449219,298.16400146484375,11752700,0.0,0.0
2026-01-27,301.3299865722656,301.9700012207031,298.1499938964844,300.30999755859375,297.44097900390625,11527400,0.0,0.0
2026-01-28,300.2699890136719,301.9200134277344,298.04998779296875,300.7699890136719,297.89654541015625,9556700,0.0,0.0
2026-01-29,302.3999938964844,306.8299865722656,302.2200012207031,306.4200134277344,303.49261474609375,11580000,0.0,0.0
2026-01-30,305.25,307.92999267578125,302.55999755859375,305.8900146484375,302.9676818847656,11953200,0.0,0.0
2026-02-02,304.4599914550781,309.29998779296875,301.3699951171875,308.1400146484375,305.1961975097656,9839400,0.0,0.0
2026-02-03,309.7300109863281,316.25,309.1000061035156,314.8500061035156,311.8420715332031,12688000,0.0,0.0
2026-02-04,314.4100036621094,319.30999755859375,314.4100036621094,317.2699890136719,314.2389221191406,9848800,0.0,0.0
2026-02-05,315.0,316.010009765625,305.5400085449219,310.1600036621094,307.1968688964844,9388000,0.0,0.0
2026-02-06,314.7099914550781,324.25,314.7099914550781,322.3999938964844,319.3199462890625,17797400,0.0,0.0
2026-02-09,321.3399963378906,326.3999938964844,320.1099853515625,322.1000061035156,319.0228271484375,11477500,0.0,0.0
2026-02-10,322.54998779296875,326.1300048828125,315.1199951171875,318.2799987792969,315.2392883300781,9902200,0.0,0.0
2026-02-11,323.239990234375,325.2799987792969,308.7300109863281,310.82000732421875,307.8505859375,8703500,0.0,0.0
2026-02-12,312.2799987792969,313.6199951171875,300.0199890136719,302.6400146484375,299.74871826171875,13443400,0.0,0.0
2026-02-13,298.5199890136719,304.2900085449219,296.5199890136719,302.54998779296875,299.6595458984375,9114500,0.0,0.0
2026-02-17,302.760009765625,308.239990234375,302.5,307.1300048828125,304.19580078125,8896800,0.0,0.0
2026-02-18,308.4599914550781,312.2799987792969,307.2200012207031,308.7799987792969,305.8300476074219,7209600,0.0,0.0
2026-02-19,307.1700134277344,309.17999267578125,305.1199951171875,308.04998779296875,305.1070251464844,6737700,0.0,0.0
2026-02-20,308.3999938964844,311.0,305.67999267578125,310.7900085449219,307.82086181640625,7792700,0.0,0.0
2026-02-23,308.79998779296875,311.0,295.1000061035156,297.6700134277344,294.82623291015625,12955400,0.0,0.0
2026-02-24,296.82000732421875,299.75,291.3800048828125,297.29998779296875,294.459716796875,13554100,0.0,0.0
2026-02-25,298.6400146484375,303.6600036621094,297.010009765625,303.29998779296875,300.4023742675781,8095500,0.0,0.0
2026-02-26,304.5799865722656,309.010009765625,303.6400146484375,306.1300048828125,303.20538330078125,7007800,0.0,0.0
2026-02-27,300.0,302.95001220703125,294.45001220703125,300.29998779296875,297.4310607910156,18620800,0.0,0.0
2026-03-02,294.80999755859375,299.9800109863281,293.2099914550781,297.55999755859375,294.7172546386719,8508900,0.0,0.0
2026-03-03,292.2900085449219,302.3900146484375,289.5,300.260009765625,297.3914489746094,10278200,0.0,0.0
2026-03-04,299.989990234375,301.0,295.82000732421875,299.3900146484375,296.52978515625,8055700,0.0,0.0
2026-03-05,297.9800109863281,301.239990234375,292.42999267578125,293.54998779296875,290.74554443359375,12732500,0.0,0.0
2026-03-06,286.3399963378906,289.989990234375,283.7099914550781,289.4800109863281,286.7144470214844,13496500,0.0,0.0
2026-03-09,285.5,291.1000061035156,280.45001220703125,289.9200134277344,287.1502685546875,12241100,0.0,0.0
2026-03-10,289.2900085449219,292.75,287.17999267578125,288.7300109863281,285.97161865234375,8344900,0.0,0.0
2026-03-11,288.80999755859375,290.4800109863281,284.8599853515625,287.5199890136719,284.7731628417969,10205000,0.0,0.0
2026-03-12,282.8299865722656,283.8800048828125,279.1000061035156,282.8900146484375,280.18743896484375,13760500,0.0,0.0
2026-03-13,284.6700134277344,287.19000244140625,282.95001220703125,283.44000244140625,280.7321472167969,9091200,0.0,0.0
2026-03-16,286.3399963378906,289.2699890136719,284.6099853515625,286.1600036621094,283.4261474609375,8149000,0.0,0.0
2026-03-17,289.0,291.760009765625,285.95001220703125,286.8900146484375,284.1492004394531,8961200,0.0,0.0
2026-03-18,286.8299865722656,289.4100036621094,285.1199951171875,287.739990234375,284.99102783203125,10057000,0.0,0.0
2026-03-19,286.8800048828125,289.510009765625,284.6199951171875,287.9700012207031,285.2188720703125,9846700,0.0,0.0
2026-03-20,288.0799865722656,290.7099914550781,285.2699890136719,286.55999755859375,283.82232666015625,22436500,0.0,0.0
2026-03-23,294.30999755859375,295.75,287.9700012207031,289.9100036621094,287.14031982421875,11470800,0.0,0.0
2026-03-24,286.1700134277344,295.4800109863281,285.3699951171875,292.3999938964844,289.6065368652344,11092300,0.0,0.0
2026-03-25,294.1499938964844,297.6400146484375,292.44000244140625,295.4200134277344,292.59771728515625,12188200,0.0,0.0
2026-03-26,292.5799865722656,294.989990234375,290.7300109863281,291.6600036621094,288.87359619140625,8669200,0.0,0.0
2026-03-27,289.1400146484375,290.1099853515625,281.75,282.8399963378906,280.13787841796875,9873300,0.0,0.0
2026-03-30,284.739990234375,287.25,282.3299865722656,283.7699890136719,281.0589904785156,11734400,0.0,0.0
2026-03-31,288.4700012207031,295.07000732421875,284.95001220703125,294.1600036621094,291.3497314453125,12956900,0.0,0.0
2026-04-01,295.3900146484375,298.7200012207031,292.9100036621094,295.3800048828125,292.5580749511719,11267200,0.0,0.0
2026-04-02,291.9100036621094,295.6199951171875,288.7200012207031,294.6000061035156,291.7855224609375,6669300,0.0,0.0
2026-04-06,294.05999755859375,296.8299865722656,293.20001220703125,295.45001220703125,294.125,7142600,1.5,0.0
2026-04-07,293.1400146484375,298.17999267578125,292.70001220703125,297.3999938964844,296.0662536621094,7849100,0.0,0.0
2026-04-08,307.9700012207031,311.260009765625,305.3299865722656,307.9700012207031,306.5888366699219,10590200,0.0,0.0
2026-04-09,306.95001220703125,311.260009765625,306.1099853515625,310.3299865722656,308.938232421875,6586600,0.0,0.0
2026-04-10,310.0,310.3500061035156,306.7200012207031,309.8699951171875,308.4803161621094,6069700,0.0,0.0
2026-04-13,307.4700012207031,313.739990234375,305.4599914550781,313.67999267578125,312.2732238769531,8318200,0.0,0.0
2026-04-14,309.82000732421875,314.32000732421875,308.8699951171875,311.1199951171875,309.7247009277344,11455500,0.0,0.0
2026-04-15,313.95001220703125,314.239990234375,304.260009765625,305.92999267578125,304.5579833984375,9885800,0.0,0.0
2026-04-16,305.3500061035156,309.95001220703125,305.20001220703125,309.95001220703125,308.5599670410156,8208600,0.0,0.0
2026-04-17,312.4700012207031,314.8999938964844,310.0899963378906,310.2900085449219,308.8984375,11082400,0.0,0.0
2026-04-20,310.8500061035156,317.1300048828125,310.3699951171875,316.989990234375,315.5683898925781,10772000,0.0,0.0
2026-04-21,317.489990234375,320.239990234375,312.75,313.0,311.5962829589844,7084300,0.0,0.0
2026-04-22,314.8500061035156,315.1499938964844,311.94000244140625,313.0199890136719,311.6161804199219,5545900,0.0,0.0
2026-04-23,313.5199890136719,314.989990234375,308.8900146484375,311.69000244140625,310.29217529296875,6969700,0.0,0.0
2026-04-24,311.1499938964844,311.1499938964844,307.8900146484375,308.2799987792969,306.8974609375,5215300,0.0,0.0
2026-04-27,306.8800048828125,312.5799865722656,306.8800048828125,311.6300048828125,310.232421875,7925300,0.0,0.0
2026-04-28,315.20001220703125,315.45001220703125,311.1700134277344,311.45001220703125,310.0532531738281,7398600,0.0,0.0
2026-04-29,310.57000732421875,312.04998779296875,307.2900085449219,309.25,307.86309814453125,8031800,0.0,0.0
2026-04-30,307.07000732421875,314.1000061035156,306.57000732421875,313.2300109863281,311.82525634765625,8865400,0.0,0.0
2026-05-01,313.95001220703125,316.0799865722656,311.8299865722656,312.4700012207031,311.06866455078125,6135400,0.0,0.0
2026-05-04,310.6199951171875,310.6499938964844,306.510009765625,307.6499938964844,306.270263671875,7338200,0.0,0.0
2026-05-05,307.7099914550781,310.9700012207031,306.79998779296875,309.3999938964844,308.0124206542969,6316800,0.0,0.0
2026-05-06,311.45001220703125,316.260009765625,311.3500061035156,314.8999938964844,313.4877624511719,8629500,0.0,0.0
2026-05-07,314.6499938964844,316.29998779296875,306.1400146484375,306.2699890136719,304.8964538574219,8359600,0.0,0.0
2026-05-08,308.25,308.989990234375,300.5,302.1000061035156,300.74517822265625,9464300,0.0,0.0
2026-05-11,302.1000061035156,303.19000244140625,298.8800048828125,300.0,298.6545715332031,9512000,0.0,0.0
2026-05-12,300.0199890136719,306.05999755859375,295.54998779296875,304.8800048828125,303.5126953125,9498200,0.0,0.0
2026-05-13,302.2699890136719,303.0,300.07000732421875,300.25,298.9034729003906,7709500,0.0,0.0
2026-05-14,302.25,303.75,298.80999755859375,299.9100036621094,298.56500244140625,7364300,0.0,0.0
2026-05-15,300.2099914550781,300.7900085449219,296.45001220703125,297.80999755859375,296.4743957519531,8699300,0.0,0.0
2026-05-18,298.0,301.260009765625,297.2200012207031,300.7300109863281,299.3813171386719,7546300,0.0,0.0
2026-05-19,301.0899963378906,301.7900085449219,295.260009765625,295.70001220703125,294.3738708496094,8066900,0.0,0.0
2026-05-20,296.70001220703125,302.92999267578125,293.6700134277344,301.9800109863281,300.625732421875,9327000,0.0,0.0
2026-05-21,301.2300109863281,303.9800109863281,300.2099914550781,303.0,301.6411437988281,7874400,0.0,0.0
2026-05-22,304.67999267578125,307.45001220703125,303.8399963378906,306.3800048828125,305.0059814453125,5973900,0.0,0.0
2026-05-26,308.489990234375,309.92999267578125,305.44000244140625,306.739990234375,305.3643493652344,7725400,0.0,0.0
2026-05-27,305.0,305.8999938964844,295.75,299.2799987792969,297.93780517578125,11779200,0.0,0.0
2026-05-28,297.57000732421875,301.07000732421875,295.75,296.7300109863281,295.3992614746094,9757700,0.0,0.0
2026-05-29,296.3999938964844,299.8800048828125,295.20001220703125,299.30999755859375,297.9676818847656,13969000,0.0,0.0
2026-06-01,297.69000244140625,299.54998779296875,295.2699890136719,296.5799865722656,295.2499084472656,7930000,0.0,0.0
2026-06-02,296.5,302.07000732421875,295.2699890136719,300.9599914550781,299.6102600097656,8296200,0.0,0.0
2026-06-03,299.9200134277344,301.9599914550781,296.55999755859375,300.8500061035156,299.50079345703125,7003900,0.0,0.0
2026-06-04,305.739990234375,312.9100036621094,304.44000244140625,310.8900146484375,309.4957580566406,10345200,0.0,0.0
2026-06-05,314.2900085449219,315.0,309.6000061035156,312.3699951171875,310.9691162109375,9118800,0.0,0.0
2026-06-08,313.25,316.29998779296875,310.7799987792969,311.1099853515625,309.7147521972656,6827000,0.0,0.0
2026-06-09,313.510009765625,316.4200134277344,309.010009765625,312.70001220703125,311.2976379394531,11594600,0.0,0.0
2026-06-10,312.55999755859375,314.75,309.0299987792969,309.1400146484375,307.75360107421875,7446200,0.0,0.0
2026-06-11,309.55999755859375,314.7200012207031,308.8800048828125,313.489990234375,312.0840759277344,9116600,0.0,0.0
2026-06-12,315.9700012207031,321.29998779296875,315.54998779296875,320.7200012207031,319.28167724609375,7426200,0.0,0.0
2026-06-15,323.9200134277344,325.9200134277344,318.8399963378906,319.3999938964844,317.96759033203125,7988900,0.0,0.0
2026-06-16,324.29998779296875,331.75,324.0199890136719,331.1400146484375,329.6549377441406,11094900,0.0,0.0
2026-06-17,332.17999267578125,337.7699890136719,331.5,333.4599914550781,331.9645080566406,12246400,0.0,0.0
2026-06-18,336.95001220703125,338.0899963378906,324.1600036621094,325.2200012207031,323.761474609375,20111000,0.0,0.0
2026-06-22,329.70001220703125,332.7699890136719,326.75,331.4800109863281,329.993408203125,10182500,0.0,0.0
2026-06-23,329.4700012207031,335.3699951171875,327.2099914550781,334.1400146484375,332.6414794921875,7582200,0.0,0.0
2026-06-24,333.07000732421875,334.5299987792969,329.7699890136719,333.45001220703125,331.95458984375,7907400,0.0,0.0
2026-06-25,334.9599914550781,343.45001220703125,334.760009765625,335.1199951171875,333.6170654296875,10043100,0.0,0.0
2026-06-26,336.0,336.3999938964844,327.5,329.04998779296875,327.57427978515625,17640900,0.0,0.0
2026-06-29,328.2799987792969,332.3900146484375,327.20001220703125,329.3900146484375,327.91278076171875,7981800,0.0,0.0
2026-06-30,328.8900146484375,330.44000244140625,326.67999267578125,327.3299865722656,325.86199951171875,8080100,0.0,0.0
2026-07-01,328.3699951171875,335.6400146484375,325.010009765625,334.07000732421875,332.5718078613281,15210200,0.0,0.0
2026-07-02,338.0199890136719,340.0,331.7699890136719,334.4700012207031,332.9700012207031,8413900,0.0,0.0
2026-07-06,335.0,339.7200012207031,334.1099853515625,337.7200012207031,337.7200012207031,8673500,1.5,0.0
2026-07-07,340.9800109863281,341.3999938964844,337.0899963378906,339.2200012207031,339.2200012207031,7115800,0.0,0.0
2026-07-08,336.5299987792969,336.5299987792969,330.1300048828125,330.6199951171875,330.6199951171875,18505200,0.0,0.0
2026-07-09,331.4599914550781,337.0,330.80999755859375,335.4700012207031,335.4700012207031,15570600,0.0,0.0
2026-07-10,337.4700012207031,338.5899963378906,335.7699890136719,336.4700012207031,336.4700012207031,6299000,0.0,0.0
2026-07-13,338.3399963378906,338.3500061035156,332.5,334.5299987792969,334.5299987792969,7120300,0.0,0.0
2026-07-14,327.0,344.7300109863281,325.75,342.8900146484375,342.8900146484375,14537900,0.0,0.0
2026-07-15,345.8500061035156,351.239990234375,344.04998779296875,346.9100036621094,346.9100036621094,10750000,0.0,0.0
2026-07-16,349.2799987792969,349.3399963378906,341.1099853515625,343.1499938964844,343.1499938964844,12432400,0.0,0.0
2026-07-17,339.0299987792969,346.1300048828125,335.04998779296875,341.1000061035156,341.1000061035156,9250900,0.0,0.0
2026-07-20,341.79998779296875,344.260009765625,337.3699951171875,338.8699951171875,338.8699951171875,7723300,0.0,0.0
2026-07-21,340.1199951171875,345.739990234375,337.29998779296875,345.2300109863281,345.2300109863281,6015300,0.0,0.0
2026-07-22,345.07000732421875,349.07000732421875,344.25,348.2099914550781,348.2099914550781,8040200,0.0,0.0
2026-07-23,346.5799865722656,349.9200134277344,345.4200134277344,349.8999938964844,349.8999938964844,10913000,0.0,0.0
2026-07-24,350.6400146484375,353.3699951171875,347.5,353.2099914550781,353.2099914550781,7520800,0.0,0.0
2026-07-27,357.8900146484375,359.04998779296875,352.5799865722656,356.20001220703125,356.20001220703125,7884900,0.0,0.0
2026-07-28,357.29998779296875,359.29998779296875,354.1499938964844,357.30999755859375,357.30999755859375,6533800,0.0,0.0
2026-07-29,356.5,357.3699951171875,343.7799987792969,344.7099914550781,344.7099914550781,8265300,0.0,0.0
2026-07-30,347.5400085449219,352.2799987792969,345.3699951171875,350.8500061035156,350.8500061035156,7606500,0.0,0.0
2026-07-31,353.29998779296875,354.4700012207031,349.70001220703125,351.7900085449219,351.7900085449219,6603400,0.0,0.0
2026-08-03,353.75,355.6199951171875,350.8399963378906,352.6400146484375,352.6400146484375,6436600,0.0,0.0
2026-08-04,355.0,363.0,353.8699951171875,357.5199890136719,357.5199890136719,8477200,0.0,0.0
2026-08-05,358.9700012207031,362.1700134277344,358.20001220703125,359.239990234375,359.239990234375,5269500,0.0,0.0
2026-08-06,362.80999755859375,362.80999755859375,354.95001220703125,356.29998779296875,356.29998779296875,5820100,0.0,0.0
2026-08-07,355.760009765625,358.8500061035156,353.3299865722656,357.5199890136719,357.5199890136719,4566200,0.0,0.0
2026-08-10,357.9599914550781,359.989990234375,356.5,359.7900085449219,359.7900085449219,5327500,0.0,0.0
2026-08-11,360.04998779296875,363.1199951171875,358.6000061035156,362.0400085449219,362.0400085449219,4576500,0.0,0.0
2026-08-12,362.9700012207031,366.0899963378906,361.29998779296875,365.17999267578125,365.17999267578125,4366800,0.0,0.0
2026-08-13,366.5,366.5,361.5199890136719,363.1099853515625,363.1099853515625,5102700,0.0,0.0
2026-08-14,363.0,365.8999938964844,361.45001220703125,362.8399963378906,362.8399963378906,5058600,0.0,0.0
2026-08-17,361.94000244140625,365.75,360.9599914550781,360.9599914550781,360.9599914550781,5282600,0.0,0.0
2026-08-18,362.3399963378906,363.57000732421875,359.2699890136719,363.25,363.25,5525100,0.0,0.0
2026-08-19,363.010009765625,363.04998779296875,355.6499938964844,357.260009765625,357.260009765625,6696200,0.0,0.0
2026-08-20,357.6000061035156,357.95001220703125,351.54998779296875,351.54998779296875,351.54998779296875,6799700,0.0,0.0
2026-08-21,354.07000732421875,356.8599853515625,350.3699951171875,351.5799865722656,351.5799865722656,8112100,0.0,0.0
2026-08-24,353.29998779296875,358.2799987792969,352.82000732421875,356.3900146484375,356.3900146484375,4394400,0.0,0.0
2026-08-25,357.0,357.3699951171875,353.07000732421875,356.69000244140625,356.69000244140625,4298000,0.0,0.0
2026-08-26,356.5,358.3500061035156,354.6000061035156,356.5,356.5,5796500,0.0,0.0
2026-08-27,354.67999267578125,357.57000732421875,352.2300109863281,354.2200012207031,354.2200012207031,5209900,0.0,0.0
2026-08-28,355.6700134277344,358.7300109863281,354.2200012207031,357.6199951171875,357.6199951171875,3914500,0.0,0.0
2026-08-31,355.8999938964844,357.7699890136719,354.7699890136719,356.0199890136719,356.0199890136719,7962900,0.0,0.0
2026-09-01,355.7300109863281,359.92999267578125,354.1199951171875,354.95001220703125,354.95001220703125,5079000,0.0,0.0
2026-09-02,357.54998779296875,361.4700012207031,353.7900085449219,356.2200012207031,356.2200012207031,5341400,0.0,0.0
2026-09-03,358.67999267578125,362.8500061035156,356.3900146484375,362.05999755859375,362.05999755859375,5414200,0.0,0.0
2026-09-04,361.0,362.8599853515625,355.20001220703125,358.6400146484375,358.6400146484375,4873500,0.0,0.0
2026-09-08,357.1000061035156,358.54998779296875,353.2300109863281,353.510009765625,353.510009765625,5631400,0.0,0.0
2026-09-09,352.0,356.3299865722656,348.69000244140625,354.7099914550781,354.7099914550781,6318200,0.0,0.0
2026-09-10,353.510009765625,354.2200012207031,351.1199951171875,353.55999755859375,353.55999755859375,4184200,0.0,0.0
2026-09-11,358.32000732421875,360.04998779296875,354.7900085449219,356.2300109863281,356.2300109863281,5354600,0.0,0.0
2026-09-14,354.2300109863281,355.2799987792969,347.54998779296875,350.1300048828125,350.1300048828125,9609900,0.0,0.0
2026-09-15,351.0,354.70001220703125,343.07000732421875,352.489990234375,352.489990234375,14026500,0.0,0.0
2026-09-16,353.3800048828125,355.6000061035156,344.69000244140625,348.9200134277344,348.9200134277344,8303400,0.0,0.0
2026-09-17,352.25,353.489990234375,345.2699890136719,349.30999755859375,349.30999755859375,6480100,0.0,0.0
2026-09-18,347.8900146484375,349.6700134277344,345.010009765625,349.6700134277344,349.6700134277344,18290400,0.0,0.0
